candidate_id,provider,image_url,source_record_id,source_detail_url,rights_field_name,rights_field_value,linkage_method,linkage_status,confidence,note
busan-A-00001,visitbusan,https://www.visitbusan.net/uploadImgs/files/cntnts/20191222164810529_ttiel,255,https://www.visitbusan.net/en/index.do?menuCd=DOM_000000201001001000&uc_seq=255&lang_cd=en,kogl_mark_on_page,,service_uc_seq_to_vbfull,manual_review,high,AttractionService:255→vbFull 매칭. source_detail_url 확인됨. 페이지 방문 후 공공누리 마크 확인 필요.
busan-A-00002,visitbusan,https://www.visitbusan.net/uploadImgs/files/cntnts/20191222171209005_ttiel,256,https://www.visitbusan.net/en/index.do?menuCd=DOM_000000201001001000&uc_seq=256&lang_cd=en,kogl_mark_on_page,,service_uc_seq_to_vbfull,manual_review,high,AttractionService:256→vbFull 매칭. source_detail_url 확인됨. 페이지 방문 후 공공누리 마크 확인 필요.
busan-A-00003,visitbusan,https://www.visitbusan.net/uploadImgs/files/cntnts/20191222175627506_ttiel,257,https://www.visitbusan.net/en/index.do?menuCd=DOM_000000201001001000&uc_seq=257&lang_cd=en,kogl_mark_on_page,,service_uc_seq_to_vbfull,manual_review,high,AttractionService:257→vbFull 매칭. source_detail_url 확인됨. 페이지 방문 후 공공누리 마크 확인 필요.
busan-A-00004,visitbusan,https://www.visitbusan.net/uploadImgs/files/cntnts/20191222180829962_ttiel,258,https://www.visitbusan.net/en/index.do?menuCd=DOM_000000201001001000&uc_seq=258&lang_cd=en,kogl_mark_on_page,,service_uc_seq_to_vbfull,manual_review,high,AttractionService:258→vbFull 매칭. source_detail_url 확인됨. 페이지 방문 후 공공누리 마크 확인 필요.
busan-A-00005,visitbusan,https://www.visitbusan.net/uploadImgs/files/cntnts/20191222181829937_ttiel,259,https://www.visitbusan.net/en/index.do?menuCd=DOM_000000201001001000&uc_seq=259&lang_cd=en,kogl_mark_on_page,,service_uc_seq_to_vbfull,manual_review,high,AttractionService:259→vbFull 매칭. source_detail_url 확인됨. 페이지 방문 후 공공누리 마크 확인 필요.
busan-A-00006,visitbusan,https://www.visitbusan.net/uploadImgs/files/cntnts/20191222185645736_ttiel,260,https://www.visitbusan.net/en/index.do?menuCd=DOM_000000201001001000&uc_seq=260&lang_cd=en,kogl_mark_on_page,,service_uc_seq_to_vbfull,manual_review,high,AttractionService:260→vbFull 매칭. source_detail_url 확인됨. 페이지 방문 후 공공누리 마크 확인 필요.
busan-A-00007,visitbusan,https://www.visitbusan.net/uploadImgs/files/cntnts/20191222190823385_ttiel,261,https://www.visitbusan.net/en/index.do?menuCd=DOM_000000201001001000&uc_seq=261&lang_cd=en,kogl_mark_on_page,,service_uc_seq_to_vbfull,manual_review,high,AttractionService:261→vbFull 매칭. source_detail_url 확인됨. 페이지 방문 후 공공누리 마크 확인 필요.
busan-A-00008,visitbusan,https://www.visitbusan.net/uploadImgs/files/cntnts/20191224093809621_ttiel,262,https://www.visitbusan.net/en/index.do?menuCd=DOM_000000201001001000&uc_seq=262&lang_cd=en,kogl_mark_on_page,,service_uc_seq_to_vbfull,manual_review,high,AttractionService:262→vbFull 매칭. source_detail_url 확인됨. 페이지 방문 후 공공누리 마크 확인 필요.
busan-A-00009,visitbusan,https://www.visitbusan.net/uploadImgs/files/cntnts/20191224171115847_ttiel,264,https://www.visitbusan.net/en/index.do?menuCd=DOM_000000201001001000&uc_seq=264&lang_cd=en,kogl_mark_on_page,,service_uc_seq_to_vbfull,manual_review,high,AttractionService:264→vbFull 매칭. source_detail_url 확인됨. 페이지 방문 후 공공누리 마크 확인 필요.
busan-A-00010,visitbusan,https://www.visitbusan.net/uploadImgs/files/cntnts/20191225143353231_ttiel,265,https://www.visitbusan.net/kr/index.do?menuCd=DOM_000000201001001000&uc_seq=265&lang_cd=ko,kogl_mark_on_page,,uc_seq_direct,manual_review,high,uc_seq=265 직접 보유. source_detail_url로 페이지 방문 후 공공누리 마크 여부 확인 필요.
busan-A-00011,visitbusan,https://www.visitbusan.net/uploadImgs/files/cntnts/20191225145805369_ttiel,266,https://www.visitbusan.net/kr/index.do?menuCd=DOM_000000201001001000&uc_seq=266&lang_cd=ko,kogl_mark_on_page,,uc_seq_direct,manual_review,high,uc_seq=266 직접 보유. source_detail_url로 페이지 방문 후 공공누리 마크 여부 확인 필요.
busan-A-00012,visitbusan,https://www.visitbusan.net/uploadImgs/files/cntnts/20191225150331107_ttiel,267,https://www.visitbusan.net/kr/index.do?menuCd=DOM_000000201001001000&uc_seq=267&lang_cd=ko,kogl_mark_on_page,,uc_seq_direct,manual_review,high,uc_seq=267 직접 보유. source_detail_url로 페이지 방문 후 공공누리 마크 여부 확인 필요.
busan-A-00013,visitbusan,https://www.visitbusan.net/uploadImgs/files/cntnts/20191225150936833_ttiel,268,https://www.visitbusan.net/en/index.do?menuCd=DOM_000000201001001000&uc_seq=268&lang_cd=en,kogl_mark_on_page,,service_uc_seq_to_vbfull,manual_review,high,AttractionService:268→vbFull 매칭. source_detail_url 확인됨. 페이지 방문 후 공공누리 마크 확인 필요.
busan-A-00014,visitbusan,https://www.visitbusan.net/uploadImgs/files/cntnts/20191225151358656_ttiel,269,https://www.visitbusan.net/kr/index.do?menuCd=DOM_000000201001001000&uc_seq=269&lang_cd=ko,kogl_mark_on_page,,uc_seq_direct,manual_review,high,uc_seq=269 직접 보유. source_detail_url로 페이지 방문 후 공공누리 마크 여부 확인 필요.
busan-A-00015,visitbusan,https://www.visitbusan.net/uploadImgs/files/cntnts/20191225151830289_ttiel,270,https://www.visitbusan.net/kr/index.do?menuCd=DOM_000000201001001000&uc_seq=270&lang_cd=ko,kogl_mark_on_page,,uc_seq_direct,manual_review,high,uc_seq=270 직접 보유. source_detail_url로 페이지 방문 후 공공누리 마크 여부 확인 필요.
busan-A-00016,visitbusan,https://www.visitbusan.net/uploadImgs/files/cntnts/20191225154726785_ttiel,272,https://www.visitbusan.net/en/index.do?menuCd=DOM_000000201001001000&uc_seq=272&lang_cd=en,kogl_mark_on_page,,service_uc_seq_to_vbfull,manual_review,high,AttractionService:272→vbFull 매칭. source_detail_url 확인됨. 페이지 방문 후 공공누리 마크 확인 필요.
busan-A-00017,visitbusan,https://www.visitbusan.net/uploadImgs/files/cntnts/20250929174908393_ttiel,273,https://www.visitbusan.net/en/index.do?menuCd=DOM_000000201001001000&uc_seq=273&lang_cd=en,kogl_mark_on_page,,service_uc_seq_to_vbfull,manual_review,high,AttractionService:273→vbFull 매칭. source_detail_url 확인됨. 페이지 방문 후 공공누리 마크 확인 필요.
busan-A-00018,visitbusan,https://www.visitbusan.net/uploadImgs/files/cntnts/20191225160959194_ttiel,274,https://www.visitbusan.net/en/index.do?menuCd=DOM_000000201001001000&uc_seq=274&lang_cd=en,kogl_mark_on_page,,service_uc_seq_to_vbfull,manual_review,high,AttractionService:274→vbFull 매칭. source_detail_url 확인됨. 페이지 방문 후 공공누리 마크 확인 필요.
busan-A-00019,visitbusan,https://www.visitbusan.net/uploadImgs/files/cntnts/20191225162953256_ttiel,275,https://www.visitbusan.net/en/index.do?menuCd=DOM_000000201001001000&uc_seq=275&lang_cd=en,kogl_mark_on_page,,service_uc_seq_to_vbfull,manual_review,high,AttractionService:275→vbFull 매칭. source_detail_url 확인됨. 페이지 방문 후 공공누리 마크 확인 필요.
busan-A-00020,visitbusan,https://www.visitbusan.net/uploadImgs/files/cntnts/20191225163741459_ttiel,276,https://www.visitbusan.net/en/index.do?menuCd=DOM_000000201001001000&uc_seq=276&lang_cd=en,kogl_mark_on_page,,service_uc_seq_to_vbfull,manual_review,high,AttractionService:276→vbFull 매칭. source_detail_url 확인됨. 페이지 방문 후 공공누리 마크 확인 필요.
busan-A-00021,visitbusan,https://www.visitbusan.net/uploadImgs/files/cntnts/20191225164342360_ttiel,277,https://www.visitbusan.net/en/index.do?menuCd=DOM_000000201001001000&uc_seq=277&lang_cd=en,kogl_mark_on_page,,service_uc_seq_to_vbfull,manual_review,high,AttractionService:277→vbFull 매칭. source_detail_url 확인됨. 페이지 방문 후 공공누리 마크 확인 필요.
busan-A-00022,visitbusan,https://www.visitbusan.net/uploadImgs/files/cntnts/20191225164921130_ttiel,278,https://www.visitbusan.net/en/index.do?menuCd=DOM_000000201001001000&uc_seq=278&lang_cd=en,kogl_mark_on_page,,service_uc_seq_to_vbfull,manual_review,high,AttractionService:278→vbFull 매칭. source_detail_url 확인됨. 페이지 방문 후 공공누리 마크 확인 필요.
busan-A-00023,visitbusan,https://www.visitbusan.net/uploadImgs/files/cntnts/20191225165635368_ttiel,279,https://www.visitbusan.net/en/index.do?menuCd=DOM_000000201001001000&uc_seq=279&lang_cd=en,kogl_mark_on_page,,service_uc_seq_to_vbfull,manual_review,high,AttractionService:279→vbFull 매칭. source_detail_url 확인됨. 페이지 방문 후 공공누리 마크 확인 필요.
busan-A-00024,visitbusan,https://www.visitbusan.net/uploadImgs/files/cntnts/20230630185239164_ttiel,280,https://www.visitbusan.net/en/index.do?menuCd=DOM_000000201001001000&uc_seq=280&lang_cd=en,kogl_mark_on_page,,service_uc_seq_to_vbfull,manual_review,high,AttractionService:280→vbFull 매칭. source_detail_url 확인됨. 페이지 방문 후 공공누리 마크 확인 필요.
busan-A-00025,visitbusan,https://www.visitbusan.net/uploadImgs/files/cntnts/20191225170855698_ttiel,281,https://www.visitbusan.net/en/index.do?menuCd=DOM_000000201001001000&uc_seq=281&lang_cd=en,kogl_mark_on_page,,service_uc_seq_to_vbfull,manual_review,high,AttractionService:281→vbFull 매칭. source_detail_url 확인됨. 페이지 방문 후 공공누리 마크 확인 필요.
busan-A-00026,visitbusan,https://www.visitbusan.net/uploadImgs/files/cntnts/20191225174730014_ttiel,285,https://www.visitbusan.net/en/index.do?menuCd=DOM_000000201001001000&uc_seq=285&lang_cd=en,kogl_mark_on_page,,service_uc_seq_to_vbfull,manual_review,high,AttractionService:285→vbFull 매칭. source_detail_url 확인됨. 페이지 방문 후 공공누리 마크 확인 필요.
busan-A-00027,visitbusan,https://www.visitbusan.net/uploadImgs/files/cntnts/20191225175459392_ttiel,286,https://www.visitbusan.net/en/index.do?menuCd=DOM_000000201001001000&uc_seq=286&lang_cd=en,kogl_mark_on_page,,service_uc_seq_to_vbfull,manual_review,high,AttractionService:286→vbFull 매칭. source_detail_url 확인됨. 페이지 방문 후 공공누리 마크 확인 필요.
busan-A-00028,visitbusan,https://www.visitbusan.net/uploadImgs/files/cntnts/20191225180243523_ttiel,287,https://www.visitbusan.net/en/index.do?menuCd=DOM_000000201001001000&uc_seq=287&lang_cd=en,kogl_mark_on_page,,service_uc_seq_to_vbfull,manual_review,high,AttractionService:287→vbFull 매칭. source_detail_url 확인됨. 페이지 방문 후 공공누리 마크 확인 필요.
busan-A-00029,visitbusan,https://www.visitbusan.net/uploadImgs/files/cntnts/20191226093554532_ttiel,288,https://www.visitbusan.net/en/index.do?menuCd=DOM_000000201001001000&uc_seq=288&lang_cd=en,kogl_mark_on_page,,service_uc_seq_to_vbfull,manual_review,high,AttractionService:288→vbFull 매칭. source_detail_url 확인됨. 페이지 방문 후 공공누리 마크 확인 필요.
busan-A-00030,visitbusan,https://www.visitbusan.net/uploadImgs/files/cntnts/20191226100545553_ttiel,289,https://www.visitbusan.net/en/index.do?menuCd=DOM_000000201001001000&uc_seq=289&lang_cd=en,kogl_mark_on_page,,service_uc_seq_to_vbfull,manual_review,high,AttractionService:289→vbFull 매칭. source_detail_url 확인됨. 페이지 방문 후 공공누리 마크 확인 필요.
busan-A-00031,visitbusan,https://www.visitbusan.net/uploadImgs/files/cntnts/20191226101451768_ttiel,290,https://www.visitbusan.net/en/index.do?menuCd=DOM_000000201001001000&uc_seq=290&lang_cd=en,kogl_mark_on_page,,service_uc_seq_to_vbfull,manual_review,high,AttractionService:290→vbFull 매칭. source_detail_url 확인됨. 페이지 방문 후 공공누리 마크 확인 필요.
busan-A-00032,visitbusan,https://www.visitbusan.net/uploadImgs/files/cntnts/20191226102157667_ttiel,291,https://www.visitbusan.net/en/index.do?menuCd=DOM_000000201001001000&uc_seq=291&lang_cd=en,kogl_mark_on_page,,service_uc_seq_to_vbfull,manual_review,high,AttractionService:291→vbFull 매칭. source_detail_url 확인됨. 페이지 방문 후 공공누리 마크 확인 필요.
busan-A-00033,visitbusan,https://www.visitbusan.net/uploadImgs/files/cntnts/20191226105751809_ttiel,295,https://www.visitbusan.net/en/index.do?menuCd=DOM_000000201001001000&uc_seq=295&lang_cd=en,kogl_mark_on_page,,service_uc_seq_to_vbfull,manual_review,high,AttractionService:295→vbFull 매칭. source_detail_url 확인됨. 페이지 방문 후 공공누리 마크 확인 필요.
busan-A-00034,visitbusan,https://www.visitbusan.net/uploadImgs/files/cntnts/20191226110347271_ttiel,296,https://www.visitbusan.net/en/index.do?menuCd=DOM_000000201001001000&uc_seq=296&lang_cd=en,kogl_mark_on_page,,service_uc_seq_to_vbfull,manual_review,high,AttractionService:296→vbFull 매칭. source_detail_url 확인됨. 페이지 방문 후 공공누리 마크 확인 필요.
busan-A-00035,visitbusan,https://www.visitbusan.net/uploadImgs/files/cntnts/20191226110901484_ttiel,297,https://www.visitbusan.net/en/index.do?menuCd=DOM_000000201001001000&uc_seq=297&lang_cd=en,kogl_mark_on_page,,service_uc_seq_to_vbfull,manual_review,high,AttractionService:297→vbFull 매칭. source_detail_url 확인됨. 페이지 방문 후 공공누리 마크 확인 필요.
busan-A-00036,visitbusan,https://www.visitbusan.net/uploadImgs/files/cntnts/20191226113720642_ttiel,298,https://www.visitbusan.net/en/index.do?menuCd=DOM_000000201001001000&uc_seq=298&lang_cd=en,kogl_mark_on_page,,service_uc_seq_to_vbfull,manual_review,high,AttractionService:298→vbFull 매칭. source_detail_url 확인됨. 페이지 방문 후 공공누리 마크 확인 필요.
busan-A-00037,visitbusan,https://www.visitbusan.net/uploadImgs/files/cntnts/20191226115628787_ttiel,299,https://www.visitbusan.net/en/index.do?menuCd=DOM_000000201001001000&uc_seq=299&lang_cd=en,kogl_mark_on_page,,service_uc_seq_to_vbfull,manual_review,high,AttractionService:299→vbFull 매칭. source_detail_url 확인됨. 페이지 방문 후 공공누리 마크 확인 필요.
busan-A-00038,visitbusan,https://www.visitbusan.net/uploadImgs/files/cntnts/20191226132135171_ttiel,301,https://www.visitbusan.net/en/index.do?menuCd=DOM_000000201001001000&uc_seq=301&lang_cd=en,kogl_mark_on_page,,service_uc_seq_to_vbfull,manual_review,high,AttractionService:301→vbFull 매칭. source_detail_url 확인됨. 페이지 방문 후 공공누리 마크 확인 필요.
busan-A-00039,visitbusan,https://www.visitbusan.net/uploadImgs/files/cntnts/20191226132812226_ttiel,302,https://www.visitbusan.net/en/index.do?menuCd=DOM_000000201001001000&uc_seq=302&lang_cd=en,kogl_mark_on_page,,service_uc_seq_to_vbfull,manual_review,high,AttractionService:302→vbFull 매칭. source_detail_url 확인됨. 페이지 방문 후 공공누리 마크 확인 필요.
busan-A-00040,visitbusan,https://www.visitbusan.net/uploadImgs/files/cntnts/20191226143325464_ttiel,304,https://www.visitbusan.net/kr/index.do?menuCd=DOM_000000201001001000&uc_seq=304&lang_cd=ko,kogl_mark_on_page,,uc_seq_direct,manual_review,high,uc_seq=304 직접 보유. source_detail_url로 페이지 방문 후 공공누리 마크 여부 확인 필요.
busan-A-00041,visitbusan,https://www.visitbusan.net/uploadImgs/files/cntnts/20191226152407686_ttiel,308,https://www.visitbusan.net/en/index.do?menuCd=DOM_000000201001001000&uc_seq=308&lang_cd=en,kogl_mark_on_page,,service_uc_seq_to_vbfull,manual_review,high,AttractionService:308→vbFull 매칭. source_detail_url 확인됨. 페이지 방문 후 공공누리 마크 확인 필요.
busan-A-00042,visitbusan,https://www.visitbusan.net/uploadImgs/files/cntnts/20191226182356876_ttiel,313,https://www.visitbusan.net/en/index.do?menuCd=DOM_000000201001001000&uc_seq=313&lang_cd=en,kogl_mark_on_page,,service_uc_seq_to_vbfull,manual_review,high,AttractionService:313→vbFull 매칭. source_detail_url 확인됨. 페이지 방문 후 공공누리 마크 확인 필요.
busan-A-00043,visitbusan,https://www.visitbusan.net/uploadImgs/files/cntnts/20191226183133502_ttiel,314,https://www.visitbusan.net/en/index.do?menuCd=DOM_000000201001001000&uc_seq=314&lang_cd=en,kogl_mark_on_page,,service_uc_seq_to_vbfull,manual_review,high,AttractionService:314→vbFull 매칭. source_detail_url 확인됨. 페이지 방문 후 공공누리 마크 확인 필요.
busan-A-00044,visitbusan,https://www.visitbusan.net/uploadImgs/files/cntnts/20191226184130120_ttiel,315,https://www.visitbusan.net/en/index.do?menuCd=DOM_000000201001001000&uc_seq=315&lang_cd=en,kogl_mark_on_page,,service_uc_seq_to_vbfull,manual_review,high,AttractionService:315→vbFull 매칭. source_detail_url 확인됨. 페이지 방문 후 공공누리 마크 확인 필요.
busan-A-00045,visitbusan,https://www.visitbusan.net/uploadImgs/files/cntnts/20230602100722403_ttiel,325,https://www.visitbusan.net/en/index.do?menuCd=DOM_000000201001001000&uc_seq=325&lang_cd=en,kogl_mark_on_page,,service_uc_seq_to_vbfull,manual_review,high,AttractionService:325→vbFull 매칭. source_detail_url 확인됨. 페이지 방문 후 공공누리 마크 확인 필요.
busan-A-00046,visitbusan,https://www.visitbusan.net/uploadImgs/files/cntnts/20191227112720050_ttiel,326,https://www.visitbusan.net/en/index.do?menuCd=DOM_000000201001001000&uc_seq=326&lang_cd=en,kogl_mark_on_page,,service_uc_seq_to_vbfull,manual_review,high,AttractionService:326→vbFull 매칭. source_detail_url 확인됨. 페이지 방문 후 공공누리 마크 확인 필요.
busan-A-00047,visitbusan,https://www.visitbusan.net/uploadImgs/files/cntnts/20191227160751479_ttiel,333,https://www.visitbusan.net/en/index.do?menuCd=DOM_000000201001001000&uc_seq=333&lang_cd=en,kogl_mark_on_page,,service_uc_seq_to_vbfull,manual_review,high,AttractionService:333→vbFull 매칭. source_detail_url 확인됨. 페이지 방문 후 공공누리 마크 확인 필요.
busan-A-00048,visitbusan,https://www.visitbusan.net/uploadImgs/files/cntnts/20191227161822663_ttiel,334,https://www.visitbusan.net/en/index.do?menuCd=DOM_000000201001001000&uc_seq=334&lang_cd=en,kogl_mark_on_page,,service_uc_seq_to_vbfull,manual_review,high,AttractionService:334→vbFull 매칭. source_detail_url 확인됨. 페이지 방문 후 공공누리 마크 확인 필요.
busan-A-00049,visitbusan,https://www.visitbusan.net/uploadImgs/files/cntnts/20191227163229549_ttiel,335,https://www.visitbusan.net/en/index.do?menuCd=DOM_000000201001001000&uc_seq=335&lang_cd=en,kogl_mark_on_page,,service_uc_seq_to_vbfull,manual_review,high,AttractionService:335→vbFull 매칭. source_detail_url 확인됨. 페이지 방문 후 공공누리 마크 확인 필요.
busan-A-00050,visitbusan,https://www.visitbusan.net/uploadImgs/files/cntnts/20230901132543063_ttiel,340,https://www.visitbusan.net/en/index.do?menuCd=DOM_000000201001001000&uc_seq=340&lang_cd=en,kogl_mark_on_page,,service_uc_seq_to_vbfull,manual_review,high,AttractionService:340→vbFull 매칭. source_detail_url 확인됨. 페이지 방문 후 공공누리 마크 확인 필요.
busan-A-00051,visitbusan,https://www.visitbusan.net/uploadImgs/files/cntnts/20191227175243198_ttiel,343,https://www.visitbusan.net/en/index.do?menuCd=DOM_000000201001001000&uc_seq=343&lang_cd=en,kogl_mark_on_page,,service_uc_seq_to_vbfull,manual_review,high,AttractionService:343→vbFull 매칭. source_detail_url 확인됨. 페이지 방문 후 공공누리 마크 확인 필요.
busan-A-00052,visitbusan,https://www.visitbusan.net/uploadImgs/files/cntnts/20191227180139517_ttiel,344,https://www.visitbusan.net/en/index.do?menuCd=DOM_000000201001001000&uc_seq=344&lang_cd=en,kogl_mark_on_page,,service_uc_seq_to_vbfull,manual_review,high,AttractionService:344→vbFull 매칭. source_detail_url 확인됨. 페이지 방문 후 공공누리 마크 확인 필요.
busan-A-00053,visitbusan,https://www.visitbusan.net/uploadImgs/files/cntnts/20191227181259877_ttiel,346,https://www.visitbusan.net/en/index.do?menuCd=DOM_000000201001001000&uc_seq=346&lang_cd=en,kogl_mark_on_page,,service_uc_seq_to_vbfull,manual_review,high,AttractionService:346→vbFull 매칭. source_detail_url 확인됨. 페이지 방문 후 공공누리 마크 확인 필요.
busan-A-00054,visitbusan,https://www.visitbusan.net/uploadImgs/files/cntnts/20191227184611977_ttiel,347,https://www.visitbusan.net/en/index.do?menuCd=DOM_000000201001001000&uc_seq=347&lang_cd=en,kogl_mark_on_page,,service_uc_seq_to_vbfull,manual_review,high,AttractionService:347→vbFull 매칭. source_detail_url 확인됨. 페이지 방문 후 공공누리 마크 확인 필요.
busan-A-00055,visitbusan,https://www.visitbusan.net/uploadImgs/files/cntnts/20191227190325222_ttiel,348,https://www.visitbusan.net/en/index.do?menuCd=DOM_000000201001001000&uc_seq=348&lang_cd=en,kogl_mark_on_page,,service_uc_seq_to_vbfull,manual_review,high,AttractionService:348→vbFull 매칭. source_detail_url 확인됨. 페이지 방문 후 공공누리 마크 확인 필요.
busan-A-00056,visitbusan,https://www.visitbusan.net/uploadImgs/files/cntnts/20191227194942971_ttiel,354,https://www.visitbusan.net/en/index.do?menuCd=DOM_000000201001001000&uc_seq=354&lang_cd=en,kogl_mark_on_page,,service_uc_seq_to_vbfull,manual_review,high,AttractionService:354→vbFull 매칭. source_detail_url 확인됨. 페이지 방문 후 공공누리 마크 확인 필요.
busan-A-00057,visitbusan,https://www.visitbusan.net/uploadImgs/files/cntnts/20191227202219554_ttiel,358,https://www.visitbusan.net/en/index.do?menuCd=DOM_000000201001001000&uc_seq=358&lang_cd=en,kogl_mark_on_page,,service_uc_seq_to_vbfull,manual_review,high,AttractionService:358→vbFull 매칭. source_detail_url 확인됨. 페이지 방문 후 공공누리 마크 확인 필요.
busan-A-00058,visitbusan,https://www.visitbusan.net/uploadImgs/files/cntnts/20191227202829011_ttiel,359,https://www.visitbusan.net/en/index.do?menuCd=DOM_000000201001001000&uc_seq=359&lang_cd=en,kogl_mark_on_page,,service_uc_seq_to_vbfull,manual_review,high,AttractionService:359→vbFull 매칭. source_detail_url 확인됨. 페이지 방문 후 공공누리 마크 확인 필요.
busan-A-00059,visitbusan,https://www.visitbusan.net/uploadImgs/files/cntnts/20191227203859552_ttiel,361,https://www.visitbusan.net/en/index.do?menuCd=DOM_000000201001001000&uc_seq=361&lang_cd=en,kogl_mark_on_page,,service_uc_seq_to_vbfull,manual_review,high,AttractionService:361→vbFull 매칭. source_detail_url 확인됨. 페이지 방문 후 공공누리 마크 확인 필요.
busan-A-00060,visitbusan,https://www.visitbusan.net/uploadImgs/files/cntnts/20191227204420832_ttiel,362,https://www.visitbusan.net/en/index.do?menuCd=DOM_000000201001001000&uc_seq=362&lang_cd=en,kogl_mark_on_page,,service_uc_seq_to_vbfull,manual_review,high,AttractionService:362→vbFull 매칭. source_detail_url 확인됨. 페이지 방문 후 공공누리 마크 확인 필요.
busan-A-00061,visitbusan,https://www.visitbusan.net/uploadImgs/files/cntnts/20191229141716592_ttiel,364,https://www.visitbusan.net/en/index.do?menuCd=DOM_000000201001001000&uc_seq=364&lang_cd=en,kogl_mark_on_page,,service_uc_seq_to_vbfull,manual_review,high,AttractionService:364→vbFull 매칭. source_detail_url 확인됨. 페이지 방문 후 공공누리 마크 확인 필요.
busan-A-00062,visitbusan,https://www.visitbusan.net/uploadImgs/files/cntnts/20191229142305006_ttiel,365,https://www.visitbusan.net/en/index.do?menuCd=DOM_000000201001001000&uc_seq=365&lang_cd=en,kogl_mark_on_page,,service_uc_seq_to_vbfull,manual_review,high,AttractionService:365→vbFull 매칭. source_detail_url 확인됨. 페이지 방문 후 공공누리 마크 확인 필요.
busan-A-00063,visitbusan,https://www.visitbusan.net/uploadImgs/files/cntnts/20191229143230630_ttiel,366,https://www.visitbusan.net/en/index.do?menuCd=DOM_000000201001001000&uc_seq=366&lang_cd=en,kogl_mark_on_page,,service_uc_seq_to_vbfull,manual_review,high,AttractionService:366→vbFull 매칭. source_detail_url 확인됨. 페이지 방문 후 공공누리 마크 확인 필요.
busan-A-00064,visitbusan,https://www.visitbusan.net/uploadImgs/files/cntnts/20191229144834500_ttiel,367,https://www.visitbusan.net/en/index.do?menuCd=DOM_000000201001001000&uc_seq=367&lang_cd=en,kogl_mark_on_page,,service_uc_seq_to_vbfull,manual_review,high,AttractionService:367→vbFull 매칭. source_detail_url 확인됨. 페이지 방문 후 공공누리 마크 확인 필요.
busan-A-00065,visitbusan,https://www.visitbusan.net/uploadImgs/files/cntnts/20191229145728609_ttiel,368,https://www.visitbusan.net/en/index.do?menuCd=DOM_000000201001001000&uc_seq=368&lang_cd=en,kogl_mark_on_page,,service_uc_seq_to_vbfull,manual_review,high,AttractionService:368→vbFull 매칭. source_detail_url 확인됨. 페이지 방문 후 공공누리 마크 확인 필요.
busan-A-00066,visitbusan,https://www.visitbusan.net/uploadImgs/files/cntnts/20191229150331682_ttiel,369,https://www.visitbusan.net/en/index.do?menuCd=DOM_000000201001001000&uc_seq=369&lang_cd=en,kogl_mark_on_page,,service_uc_seq_to_vbfull,manual_review,high,AttractionService:369→vbFull 매칭. source_detail_url 확인됨. 페이지 방문 후 공공누리 마크 확인 필요.
busan-A-00067,visitbusan,https://www.visitbusan.net/uploadImgs/files/cntnts/20191229150845004_ttiel,370,https://www.visitbusan.net/kr/index.do?menuCd=DOM_000000201001001000&uc_seq=370&lang_cd=ko,kogl_mark_on_page,,uc_seq_direct,manual_review,high,uc_seq=370 직접 보유. source_detail_url로 페이지 방문 후 공공누리 마크 여부 확인 필요.
busan-A-00068,visitbusan,https://www.visitbusan.net/uploadImgs/files/cntnts/20191229151710512_ttiel,371,https://www.visitbusan.net/en/index.do?menuCd=DOM_000000201001001000&uc_seq=371&lang_cd=en,kogl_mark_on_page,,service_uc_seq_to_vbfull,manual_review,high,AttractionService:371→vbFull 매칭. source_detail_url 확인됨. 페이지 방문 후 공공누리 마크 확인 필요.
busan-A-00069,visitbusan,https://www.visitbusan.net/uploadImgs/files/cntnts/20191229152254942_ttiel,372,https://www.visitbusan.net/en/index.do?menuCd=DOM_000000201001001000&uc_seq=372&lang_cd=en,kogl_mark_on_page,,service_uc_seq_to_vbfull,manual_review,high,AttractionService:372→vbFull 매칭. source_detail_url 확인됨. 페이지 방문 후 공공누리 마크 확인 필요.
busan-A-00070,visitbusan,https://www.visitbusan.net/uploadImgs/files/cntnts/20191229153530528_ttiel,373,https://www.visitbusan.net/en/index.do?menuCd=DOM_000000201001001000&uc_seq=373&lang_cd=en,kogl_mark_on_page,,service_uc_seq_to_vbfull,manual_review,high,AttractionService:373→vbFull 매칭. source_detail_url 확인됨. 페이지 방문 후 공공누리 마크 확인 필요.
busan-A-00071,visitbusan,https://www.visitbusan.net/uploadImgs/files/cntnts/20191229160529389_ttiel,377,https://www.visitbusan.net/en/index.do?menuCd=DOM_000000201001001000&uc_seq=377&lang_cd=en,kogl_mark_on_page,,service_uc_seq_to_vbfull,manual_review,high,AttractionService:377→vbFull 매칭. source_detail_url 확인됨. 페이지 방문 후 공공누리 마크 확인 필요.
busan-A-00072,visitbusan,https://www.visitbusan.net/uploadImgs/files/cntnts/20191230180640227_ttiel,396,https://www.visitbusan.net/en/index.do?menuCd=DOM_000000201001001000&uc_seq=396&lang_cd=en,kogl_mark_on_page,,service_uc_seq_to_vbfull,manual_review,high,AttractionService:396→vbFull 매칭. source_detail_url 확인됨. 페이지 방문 후 공공누리 마크 확인 필요.
busan-A-00073,visitbusan,https://www.visitbusan.net/uploadImgs/files/cntnts/20191230181126685_ttiel,397,https://www.visitbusan.net/en/index.do?menuCd=DOM_000000201001001000&uc_seq=397&lang_cd=en,kogl_mark_on_page,,service_uc_seq_to_vbfull,manual_review,high,AttractionService:397→vbFull 매칭. source_detail_url 확인됨. 페이지 방문 후 공공누리 마크 확인 필요.
busan-A-00074,visitbusan,https://www.visitbusan.net/uploadImgs/files/cntnts/20191230190101989_ttiel,402,https://www.visitbusan.net/en/index.do?menuCd=DOM_000000201001001000&uc_seq=402&lang_cd=en,kogl_mark_on_page,,service_uc_seq_to_vbfull,manual_review,high,AttractionService:402→vbFull 매칭. source_detail_url 확인됨. 페이지 방문 후 공공누리 마크 확인 필요.
busan-A-00075,visitbusan,https://www.visitbusan.net/uploadImgs/files/cntnts/20191230194923757_ttiel,409,https://www.visitbusan.net/en/index.do?menuCd=DOM_000000201001001000&uc_seq=409&lang_cd=en,kogl_mark_on_page,,service_uc_seq_to_vbfull,manual_review,high,AttractionService:409→vbFull 매칭. source_detail_url 확인됨. 페이지 방문 후 공공누리 마크 확인 필요.
busan-A-00076,visitbusan,https://www.visitbusan.net/uploadImgs/files/cntnts/20191230203235198_ttiel,415,https://www.visitbusan.net/en/index.do?menuCd=DOM_000000201001001000&uc_seq=415&lang_cd=en,kogl_mark_on_page,,service_uc_seq_to_vbfull,manual_review,high,AttractionService:415→vbFull 매칭. source_detail_url 확인됨. 페이지 방문 후 공공누리 마크 확인 필요.
busan-A-00077,visitbusan,https://www.visitbusan.net/uploadImgs/files/cntnts/20191230205059771_ttiel,418,https://www.visitbusan.net/en/index.do?menuCd=DOM_000000201001001000&uc_seq=418&lang_cd=en,kogl_mark_on_page,,service_uc_seq_to_vbfull,manual_review,high,AttractionService:418→vbFull 매칭. source_detail_url 확인됨. 페이지 방문 후 공공누리 마크 확인 필요.
busan-A-00078,visitbusan,https://www.visitbusan.net/uploadImgs/files/cntnts/20191230205640434_ttiel,419,https://www.visitbusan.net/en/index.do?menuCd=DOM_000000201001001000&uc_seq=419&lang_cd=en,kogl_mark_on_page,,service_uc_seq_to_vbfull,manual_review,high,AttractionService:419→vbFull 매칭. source_detail_url 확인됨. 페이지 방문 후 공공누리 마크 확인 필요.
busan-A-00079,visitbusan,https://www.visitbusan.net/uploadImgs/files/cntnts/20191230210019945_ttiel,420,https://www.visitbusan.net/en/index.do?menuCd=DOM_000000201001001000&uc_seq=420&lang_cd=en,kogl_mark_on_page,,service_uc_seq_to_vbfull,manual_review,high,AttractionService:420→vbFull 매칭. source_detail_url 확인됨. 페이지 방문 후 공공누리 마크 확인 필요.
busan-A-00080,visitbusan,https://www.visitbusan.net/uploadImgs/files/cntnts/20191230210358362_ttiel,421,https://www.visitbusan.net/en/index.do?menuCd=DOM_000000201001001000&uc_seq=421&lang_cd=en,kogl_mark_on_page,,service_uc_seq_to_vbfull,manual_review,high,AttractionService:421→vbFull 매칭. source_detail_url 확인됨. 페이지 방문 후 공공누리 마크 확인 필요.
busan-A-00081,visitbusan,https://www.visitbusan.net/uploadImgs/files/cntnts/20191231091948765_ttiel,425,https://www.visitbusan.net/en/index.do?menuCd=DOM_000000201001001000&uc_seq=425&lang_cd=en,kogl_mark_on_page,,service_uc_seq_to_vbfull,manual_review,high,AttractionService:425→vbFull 매칭. source_detail_url 확인됨. 페이지 방문 후 공공누리 마크 확인 필요.
busan-A-00082,visitbusan,https://www.visitbusan.net/uploadImgs/files/cntnts/20191231092729834_ttiel,426,https://www.visitbusan.net/en/index.do?menuCd=DOM_000000201001001000&uc_seq=426&lang_cd=en,kogl_mark_on_page,,service_uc_seq_to_vbfull,manual_review,high,AttractionService:426→vbFull 매칭. source_detail_url 확인됨. 페이지 방문 후 공공누리 마크 확인 필요.
busan-A-00083,visitbusan,https://www.visitbusan.net/uploadImgs/files/cntnts/20191231100856743_ttiel,430,https://www.visitbusan.net/en/index.do?menuCd=DOM_000000201001001000&uc_seq=430&lang_cd=en,kogl_mark_on_page,,service_uc_seq_to_vbfull,manual_review,high,AttractionService:430→vbFull 매칭. source_detail_url 확인됨. 페이지 방문 후 공공누리 마크 확인 필요.
busan-A-00084,visitbusan,https://www.visitbusan.net/uploadImgs/files/cntnts/20191231101745599_ttiel,432,https://www.visitbusan.net/en/index.do?menuCd=DOM_000000201001001000&uc_seq=432&lang_cd=en,kogl_mark_on_page,,service_uc_seq_to_vbfull,manual_review,high,AttractionService:432→vbFull 매칭. source_detail_url 확인됨. 페이지 방문 후 공공누리 마크 확인 필요.
busan-A-00085,visitbusan,https://www.visitbusan.net/uploadImgs/files/cntnts/20191231102223413_ttiel,433,https://www.visitbusan.net/en/index.do?menuCd=DOM_000000201001001000&uc_seq=433&lang_cd=en,kogl_mark_on_page,,service_uc_seq_to_vbfull,manual_review,high,AttractionService:433→vbFull 매칭. source_detail_url 확인됨. 페이지 방문 후 공공누리 마크 확인 필요.
busan-A-00086,visitbusan,https://www.visitbusan.net/uploadImgs/files/cntnts/20191231111302355_ttiel,439,https://www.visitbusan.net/en/index.do?menuCd=DOM_000000201001001000&uc_seq=439&lang_cd=en,kogl_mark_on_page,,service_uc_seq_to_vbfull,manual_review,high,AttractionService:439→vbFull 매칭. source_detail_url 확인됨. 페이지 방문 후 공공누리 마크 확인 필요.
busan-A-00087,visitbusan,https://www.visitbusan.net/uploadImgs/files/cntnts/20191231180337567_ttiel,444,https://www.visitbusan.net/en/index.do?menuCd=DOM_000000201001001000&uc_seq=444&lang_cd=en,kogl_mark_on_page,,service_uc_seq_to_vbfull,manual_review,high,AttractionService:444→vbFull 매칭. source_detail_url 확인됨. 페이지 방문 후 공공누리 마크 확인 필요.
busan-A-00088,visitbusan,https://www.visitbusan.net/uploadImgs/files/cntnts/20191231181104098_ttiel,445,https://www.visitbusan.net/en/index.do?menuCd=DOM_000000201001001000&uc_seq=445&lang_cd=en,kogl_mark_on_page,,service_uc_seq_to_vbfull,manual_review,high,AttractionService:445→vbFull 매칭. source_detail_url 확인됨. 페이지 방문 후 공공누리 마크 확인 필요.
busan-A-00089,visitbusan,https://www.visitbusan.net/uploadImgs/files/cntnts/20191231184354051_ttiel,450,https://www.visitbusan.net/en/index.do?menuCd=DOM_000000201001001000&uc_seq=450&lang_cd=en,kogl_mark_on_page,,service_uc_seq_to_vbfull,manual_review,high,AttractionService:450→vbFull 매칭. source_detail_url 확인됨. 페이지 방문 후 공공누리 마크 확인 필요.
busan-A-00090,visitbusan,https://www.visitbusan.net/uploadImgs/files/cntnts/20191231192024538_ttiel,456,https://www.visitbusan.net/en/index.do?menuCd=DOM_000000201001001000&uc_seq=456&lang_cd=en,kogl_mark_on_page,,service_uc_seq_to_vbfull,manual_review,high,AttractionService:456→vbFull 매칭. source_detail_url 확인됨. 페이지 방문 후 공공누리 마크 확인 필요.
busan-A-00091,visitbusan,https://www.visitbusan.net/uploadImgs/files/cntnts/20191231192531286_ttiel,457,https://www.visitbusan.net/en/index.do?menuCd=DOM_000000201001001000&uc_seq=457&lang_cd=en,kogl_mark_on_page,,service_uc_seq_to_vbfull,manual_review,high,AttractionService:457→vbFull 매칭. source_detail_url 확인됨. 페이지 방문 후 공공누리 마크 확인 필요.
busan-A-00092,visitbusan,https://www.visitbusan.net/uploadImgs/files/cntnts/20191231193124555_ttiel,458,https://www.visitbusan.net/en/index.do?menuCd=DOM_000000201001001000&uc_seq=458&lang_cd=en,kogl_mark_on_page,,service_uc_seq_to_vbfull,manual_review,high,AttractionService:458→vbFull 매칭. source_detail_url 확인됨. 페이지 방문 후 공공누리 마크 확인 필요.
busan-A-00093,visitbusan,https://www.visitbusan.net/uploadImgs/files/cntnts/20191231193736138_ttiel,459,https://www.visitbusan.net/en/index.do?menuCd=DOM_000000201001001000&uc_seq=459&lang_cd=en,kogl_mark_on_page,,service_uc_seq_to_vbfull,manual_review,high,AttractionService:459→vbFull 매칭. source_detail_url 확인됨. 페이지 방문 후 공공누리 마크 확인 필요.
busan-A-00094,visitbusan,https://www.visitbusan.net/uploadImgs/files/cntnts/20251201114557109_ttiel,463,https://www.visitbusan.net/en/index.do?menuCd=DOM_000000201001001000&uc_seq=463&lang_cd=en,kogl_mark_on_page,,service_uc_seq_to_vbfull,manual_review,high,AttractionService:463→vbFull 매칭. source_detail_url 확인됨. 페이지 방문 후 공공누리 마크 확인 필요.
busan-A-00095,visitbusan,https://www.visitbusan.net/uploadImgs/files/cntnts/20200101164518953_ttiel,483,https://www.visitbusan.net/en/index.do?menuCd=DOM_000000201001001000&uc_seq=483&lang_cd=en,kogl_mark_on_page,,service_uc_seq_to_vbfull,manual_review,high,AttractionService:483→vbFull 매칭. source_detail_url 확인됨. 페이지 방문 후 공공누리 마크 확인 필요.
busan-A-00096,visitbusan,https://www.visitbusan.net/uploadImgs/files/cntnts/20200102125306322_ttiel,501,https://www.visitbusan.net/en/index.do?menuCd=DOM_000000201001001000&uc_seq=501&lang_cd=en,kogl_mark_on_page,,service_uc_seq_to_vbfull,manual_review,high,AttractionService:501→vbFull 매칭. source_detail_url 확인됨. 페이지 방문 후 공공누리 마크 확인 필요.
busan-A-00097,visitbusan,https://www.visitbusan.net/uploadImgs/files/cntnts/20200102141456051_ttiel,508,https://www.visitbusan.net/en/index.do?menuCd=DOM_000000201001001000&uc_seq=508&lang_cd=en,kogl_mark_on_page,,service_uc_seq_to_vbfull,manual_review,high,AttractionService:508→vbFull 매칭. source_detail_url 확인됨. 페이지 방문 후 공공누리 마크 확인 필요.
busan-A-00098,visitbusan,https://www.visitbusan.net/uploadImgs/files/cntnts/20200102142920888_ttiel,511,https://www.visitbusan.net/en/index.do?menuCd=DOM_000000201001001000&uc_seq=511&lang_cd=en,kogl_mark_on_page,,service_uc_seq_to_vbfull,manual_review,high,AttractionService:511→vbFull 매칭. source_detail_url 확인됨. 페이지 방문 후 공공누리 마크 확인 필요.
busan-A-00099,visitbusan,https://www.visitbusan.net/uploadImgs/files/cntnts/20200110144727057_ttiel,527,https://www.visitbusan.net/en/index.do?menuCd=DOM_000000201001001000&uc_seq=527&lang_cd=en,kogl_mark_on_page,,service_uc_seq_to_vbfull,manual_review,high,AttractionService:527→vbFull 매칭. source_detail_url 확인됨. 페이지 방문 후 공공누리 마크 확인 필요.
busan-A-00100,visitbusan,https://www.visitbusan.net/uploadImgs/files/cntnts/20200206095452989_ttiel,550,https://www.visitbusan.net/kr/index.do?menuCd=DOM_000000201001001000&uc_seq=550&lang_cd=ko,kogl_mark_on_page,,uc_seq_direct,manual_review,high,uc_seq=550 직접 보유. source_detail_url로 페이지 방문 후 공공누리 마크 여부 확인 필요.
busan-A-00101,visitbusan,https://www.visitbusan.net/uploadImgs/files/cntnts/20200514115750295_ttiel,757,https://www.visitbusan.net/en/index.do?menuCd=DOM_000000201001001000&uc_seq=757&lang_cd=en,kogl_mark_on_page,,service_uc_seq_to_vbfull,manual_review,high,AttractionService:757→vbFull 매칭. source_detail_url 확인됨. 페이지 방문 후 공공누리 마크 확인 필요.
busan-A-00102,visitbusan,https://www.visitbusan.net/uploadImgs/files/cntnts/20200706141824447_ttiel,804,https://www.visitbusan.net/kr/index.do?menuCd=DOM_000000201001001000&uc_seq=804&lang_cd=ko,kogl_mark_on_page,,service_uc_seq_to_vbfull,manual_review,high,AttractionService:804→vbFull 매칭. source_detail_url 확인됨. 페이지 방문 후 공공누리 마크 확인 필요.
busan-A-00103,visitbusan,https://www.visitbusan.net/uploadImgs/files/cntnts/20200706134923010_ttiel,813,https://www.visitbusan.net/kr/index.do?menuCd=DOM_000000201001001000&uc_seq=813&lang_cd=ko,kogl_mark_on_page,,service_uc_seq_to_vbfull,manual_review,high,AttractionService:813→vbFull 매칭. source_detail_url 확인됨. 페이지 방문 후 공공누리 마크 확인 필요.
busan-A-00104,visitbusan,https://www.visitbusan.net/uploadImgs/files/cntnts/20200717114524295_ttiel,832,https://www.visitbusan.net/kr/index.do?menuCd=DOM_000000201001001000&uc_seq=832&lang_cd=ko,kogl_mark_on_page,,uc_seq_direct,manual_review,high,uc_seq=832 직접 보유. source_detail_url로 페이지 방문 후 공공누리 마크 여부 확인 필요.
busan-A-00106,visitbusan,https://www.visitbusan.net/uploadImgs/files/cntnts/20200722140028489_ttiel,838,https://www.visitbusan.net/en/index.do?menuCd=DOM_000000201001001000&uc_seq=838&lang_cd=en,kogl_mark_on_page,,service_uc_seq_to_vbfull,manual_review,high,AttractionService:838→vbFull 매칭. source_detail_url 확인됨. 페이지 방문 후 공공누리 마크 확인 필요.
busan-A-00107,visitbusan,https://www.visitbusan.net/uploadImgs/files/cntnts/20200729150013892_ttiel,848,https://www.visitbusan.net/kr/index.do?menuCd=DOM_000000201001001000&uc_seq=848&lang_cd=ko,kogl_mark_on_page,,uc_seq_direct,manual_review,high,uc_seq=848 직접 보유. source_detail_url로 페이지 방문 후 공공누리 마크 여부 확인 필요.
busan-A-00108,visitbusan,https://www.visitbusan.net/uploadImgs/files/cntnts/20200812172315522_ttiel,859,https://www.visitbusan.net/kr/index.do?menuCd=DOM_000000201001001000&uc_seq=859&lang_cd=ko,kogl_mark_on_page,,service_uc_seq_to_vbfull,manual_review,high,AttractionService:859→vbFull 매칭. source_detail_url 확인됨. 페이지 방문 후 공공누리 마크 확인 필요.
busan-A-00109,visitbusan,https://www.visitbusan.net/uploadImgs/files/cntnts/20200818133843206_ttiel,876,https://www.visitbusan.net/en/index.do?menuCd=DOM_000000201001001000&uc_seq=876&lang_cd=en,kogl_mark_on_page,,service_uc_seq_to_vbfull,manual_review,high,AttractionService:876→vbFull 매칭. source_detail_url 확인됨. 페이지 방문 후 공공누리 마크 확인 필요.
busan-A-00110,visitbusan,https://www.visitbusan.net/uploadImgs/files/cntnts/20201030154341972_ttiel,1014,https://www.visitbusan.net/kr/index.do?menuCd=DOM_000000201001001000&uc_seq=1014&lang_cd=ko,kogl_mark_on_page,,uc_seq_direct,manual_review,high,uc_seq=1014 직접 보유. source_detail_url로 페이지 방문 후 공공누리 마크 여부 확인 필요.
busan-A-00111,visitbusan,https://www.visitbusan.net/uploadImgs/files/cntnts/20201106141515814_ttiel,1016,https://www.visitbusan.net/kr/index.do?menuCd=DOM_000000201001001000&uc_seq=1016&lang_cd=ko,kogl_mark_on_page,,uc_seq_direct,manual_review,high,uc_seq=1016 직접 보유. source_detail_url로 페이지 방문 후 공공누리 마크 여부 확인 필요.
busan-A-00112,visitbusan,https://www.visitbusan.net/uploadImgs/files/cntnts/20201201103753100_ttiel,1024,https://www.visitbusan.net/kr/index.do?menuCd=DOM_000000201001001000&uc_seq=1024&lang_cd=ko,kogl_mark_on_page,,uc_seq_direct,manual_review,high,uc_seq=1024 직접 보유. source_detail_url로 페이지 방문 후 공공누리 마크 여부 확인 필요.
busan-A-00113,visitbusan,https://www.visitbusan.net/uploadImgs/files/cntnts/20201216170753435_ttiel,1031,https://www.visitbusan.net/en/index.do?menuCd=DOM_000000201001001000&uc_seq=1031&lang_cd=en,kogl_mark_on_page,,service_uc_seq_to_vbfull,manual_review,high,AttractionService:1031→vbFull 매칭. source_detail_url 확인됨. 페이지 방문 후 공공누리 마크 확인 필요.
busan-A-00114,visitbusan,https://www.visitbusan.net/uploadImgs/files/cntnts/20230202161355598_ttiel,1142,https://www.visitbusan.net/en/index.do?menuCd=DOM_000000201001001000&uc_seq=1142&lang_cd=en,kogl_mark_on_page,,service_uc_seq_to_vbfull,manual_review,high,AttractionService:1142→vbFull 매칭. source_detail_url 확인됨. 페이지 방문 후 공공누리 마크 확인 필요.
busan-A-00115,visitbusan,https://www.visitbusan.net/uploadImgs/files/cntnts/20211116151308755_ttiel,1179,https://www.visitbusan.net/en/index.do?menuCd=DOM_000000201001001000&uc_seq=1179&lang_cd=en,kogl_mark_on_page,,service_uc_seq_to_vbfull,manual_review,high,AttractionService:1179→vbFull 매칭. source_detail_url 확인됨. 페이지 방문 후 공공누리 마크 확인 필요.
busan-A-00116,visitbusan,https://www.visitbusan.net/uploadImgs/files/cntnts/20211123183743098_ttiel,1185,https://www.visitbusan.net/en/index.do?menuCd=DOM_000000201001001000&uc_seq=1185&lang_cd=en,kogl_mark_on_page,,service_uc_seq_to_vbfull,manual_review,high,AttractionService:1185→vbFull 매칭. source_detail_url 확인됨. 페이지 방문 후 공공누리 마크 확인 필요.
busan-A-00117,visitbusan,https://www.visitbusan.net/uploadImgs/files/cntnts/20220711140504179_ttiel,1305,https://www.visitbusan.net/kr/index.do?menuCd=DOM_000000201001001000&uc_seq=1305&lang_cd=ko,kogl_mark_on_page,,uc_seq_direct,manual_review,high,uc_seq=1305 직접 보유. source_detail_url로 페이지 방문 후 공공누리 마크 여부 확인 필요.
busan-A-00118,visitbusan,https://www.visitbusan.net/uploadImgs/files/cntnts/20220901105446739_ttiel,1310,https://www.visitbusan.net/kr/index.do?menuCd=DOM_000000201001001000&uc_seq=1310&lang_cd=ko,kogl_mark_on_page,,uc_seq_direct,manual_review,high,uc_seq=1310 직접 보유. source_detail_url로 페이지 방문 후 공공누리 마크 여부 확인 필요.
busan-A-00119,visitbusan,https://www.visitbusan.net/uploadImgs/files/cntnts/20220913120133333_ttiel,1322,https://www.visitbusan.net/en/index.do?menuCd=DOM_000000201001001000&uc_seq=1322&lang_cd=en,kogl_mark_on_page,,service_uc_seq_to_vbfull,manual_review,high,AttractionService:1322→vbFull 매칭. source_detail_url 확인됨. 페이지 방문 후 공공누리 마크 확인 필요.
busan-A-00120,visitbusan,https://www.visitbusan.net/uploadImgs/files/cntnts/20220921114402310_ttiel,1329,https://www.visitbusan.net/kr/index.do?menuCd=DOM_000000201001001000&uc_seq=1329&lang_cd=ko,kogl_mark_on_page,,uc_seq_direct,manual_review,high,uc_seq=1329 직접 보유. source_detail_url로 페이지 방문 후 공공누리 마크 여부 확인 필요.
busan-A-00121,visitbusan,https://www.visitbusan.net/uploadImgs/files/cntnts/20230508183214812_ttiel,1422,https://www.visitbusan.net/en/index.do?menuCd=DOM_000000201001001000&uc_seq=1422&lang_cd=en,kogl_mark_on_page,,service_uc_seq_to_vbfull,manual_review,high,AttractionService:1422→vbFull 매칭. source_detail_url 확인됨. 페이지 방문 후 공공누리 마크 확인 필요.
busan-A-00122,visitbusan,https://www.visitbusan.net/uploadImgs/files/cntnts/20230519190619574_ttiel,1434,https://www.visitbusan.net/en/index.do?menuCd=DOM_000000201001001000&uc_seq=1434&lang_cd=en,kogl_mark_on_page,,service_uc_seq_to_vbfull,manual_review,high,AttractionService:1434→vbFull 매칭. source_detail_url 확인됨. 페이지 방문 후 공공누리 마크 확인 필요.
busan-A-00123,visitbusan,https://www.visitbusan.net/uploadImgs/files/cntnts/20230525134753245_ttiel,1440,https://www.visitbusan.net/en/index.do?menuCd=DOM_000000201001001000&uc_seq=1440&lang_cd=en,kogl_mark_on_page,,service_uc_seq_to_vbfull,manual_review,high,AttractionService:1440→vbFull 매칭. source_detail_url 확인됨. 페이지 방문 후 공공누리 마크 확인 필요.
busan-A-00124,visitbusan,https://www.visitbusan.net/uploadImgs/files/cntnts/20230602095512309_ttiel,1444,https://www.visitbusan.net/en/index.do?menuCd=DOM_000000201001001000&uc_seq=1444&lang_cd=en,kogl_mark_on_page,,service_uc_seq_to_vbfull,manual_review,high,AttractionService:1444→vbFull 매칭. source_detail_url 확인됨. 페이지 방문 후 공공누리 마크 확인 필요.
busan-A-00125,visitbusan,https://www.visitbusan.net/uploadImgs/files/cntnts/20230531220739285_ttiel,1449,https://www.visitbusan.net/en/index.do?menuCd=DOM_000000201001001000&uc_seq=1449&lang_cd=en,kogl_mark_on_page,,service_uc_seq_to_vbfull,manual_review,high,AttractionService:1449→vbFull 매칭. source_detail_url 확인됨. 페이지 방문 후 공공누리 마크 확인 필요.
busan-A-00126,visitbusan,https://www.visitbusan.net/uploadImgs/files/cntnts/20230623172451559_ttiel,1653,https://www.visitbusan.net/kr/index.do?menuCd=DOM_000000201001001000&uc_seq=1653&lang_cd=ko,kogl_mark_on_page,,uc_seq_direct,manual_review,high,uc_seq=1653 직접 보유. source_detail_url로 페이지 방문 후 공공누리 마크 여부 확인 필요.
busan-A-00127,visitbusan,https://www.visitbusan.net/uploadImgs/files/cntnts/20230707174450394_ttiel,1671,https://www.visitbusan.net/kr/index.do?menuCd=DOM_000000201001001000&uc_seq=1671&lang_cd=ko,kogl_mark_on_page,,uc_seq_direct,manual_review,high,uc_seq=1671 직접 보유. source_detail_url로 페이지 방문 후 공공누리 마크 여부 확인 필요.
busan-A-00128,visitbusan,https://www.visitbusan.net/uploadImgs/files/cntnts/20230713153840580_ttiel,1673,https://www.visitbusan.net/kr/index.do?menuCd=DOM_000000201001001000&uc_seq=1673&lang_cd=ko,kogl_mark_on_page,,uc_seq_direct,manual_review,high,uc_seq=1673 직접 보유. source_detail_url로 페이지 방문 후 공공누리 마크 여부 확인 필요.
busan-A-00129,visitbusan,https://www.visitbusan.net/uploadImgs/files/cntnts/20230713150615959_ttiel,1674,https://www.visitbusan.net/kr/index.do?menuCd=DOM_000000201001001000&uc_seq=1674&lang_cd=ko,kogl_mark_on_page,,uc_seq_direct,manual_review,high,uc_seq=1674 직접 보유. source_detail_url로 페이지 방문 후 공공누리 마크 여부 확인 필요.
busan-A-00130,visitbusan,https://www.visitbusan.net/uploadImgs/files/cntnts/20230720175854890_ttiel,1676,https://www.visitbusan.net/kr/index.do?menuCd=DOM_000000201001001000&uc_seq=1676&lang_cd=ko,kogl_mark_on_page,,uc_seq_direct,manual_review,high,uc_seq=1676 직접 보유. source_detail_url로 페이지 방문 후 공공누리 마크 여부 확인 필요.
busan-A-00131,visitbusan,https://www.visitbusan.net/uploadImgs/files/cntnts/20230723172025932_ttiel,1677,https://www.visitbusan.net/kr/index.do?menuCd=DOM_000000201001001000&uc_seq=1677&lang_cd=ko,kogl_mark_on_page,,uc_seq_direct,manual_review,high,uc_seq=1677 직접 보유. source_detail_url로 페이지 방문 후 공공누리 마크 여부 확인 필요.
busan-A-00132,visitbusan,https://www.visitbusan.net/uploadImgs/files/cntnts/20230818114709553_ttiel,1696,https://www.visitbusan.net/kr/index.do?menuCd=DOM_000000201001001000&uc_seq=1696&lang_cd=ko,kogl_mark_on_page,,uc_seq_direct,manual_review,high,uc_seq=1696 직접 보유. source_detail_url로 페이지 방문 후 공공누리 마크 여부 확인 필요.
busan-A-00133,visitbusan,https://www.visitbusan.net/uploadImgs/files/cntnts/20230914182558311_ttiel,1709,https://www.visitbusan.net/kr/index.do?menuCd=DOM_000000201001001000&uc_seq=1709&lang_cd=ko,kogl_mark_on_page,,uc_seq_direct,manual_review,high,uc_seq=1709 직접 보유. source_detail_url로 페이지 방문 후 공공누리 마크 여부 확인 필요.
busan-A-00134,visitbusan,https://www.visitbusan.net/uploadImgs/files/cntnts/20230921171143286_ttiel,1718,https://www.visitbusan.net/kr/index.do?menuCd=DOM_000000201001001000&uc_seq=1718&lang_cd=ko,kogl_mark_on_page,,uc_seq_direct,manual_review,high,uc_seq=1718 직접 보유. source_detail_url로 페이지 방문 후 공공누리 마크 여부 확인 필요.
busan-A-00135,visitbusan,https://www.visitbusan.net/uploadImgs/files/cntnts/20231026100047318_ttiel,1731,https://www.visitbusan.net/kr/index.do?menuCd=DOM_000000201001001000&uc_seq=1731&lang_cd=ko,kogl_mark_on_page,,uc_seq_direct,manual_review,high,uc_seq=1731 직접 보유. source_detail_url로 페이지 방문 후 공공누리 마크 여부 확인 필요.
busan-A-00136,visitbusan,https://www.visitbusan.net/uploadImgs/files/cntnts/20240103105345242_ttiel,1772,https://www.visitbusan.net/en/index.do?menuCd=DOM_000000201001001000&uc_seq=1772&lang_cd=en,kogl_mark_on_page,,service_uc_seq_to_vbfull,manual_review,high,AttractionService:1772→vbFull 매칭. source_detail_url 확인됨. 페이지 방문 후 공공누리 마크 확인 필요.
busan-A-00137,visitbusan,https://www.visitbusan.net/uploadImgs/files/cntnts/20240207102023070_ttiel,1776,https://www.visitbusan.net/kr/index.do?menuCd=DOM_000000201001001000&uc_seq=1776&lang_cd=ko,kogl_mark_on_page,,uc_seq_direct,manual_review,high,uc_seq=1776 직접 보유. source_detail_url로 페이지 방문 후 공공누리 마크 여부 확인 필요.
busan-A-00138,visitbusan,https://www.visitbusan.net/uploadImgs/files/cntnts/20240201225043211_ttiel,1777,https://www.visitbusan.net/kr/index.do?menuCd=DOM_000000201001001000&uc_seq=1777&lang_cd=ko,kogl_mark_on_page,,uc_seq_direct,manual_review,high,uc_seq=1777 직접 보유. source_detail_url로 페이지 방문 후 공공누리 마크 여부 확인 필요.
busan-A-00139,visitbusan,https://www.visitbusan.net/uploadImgs/files/cntnts/20240321001620807_ttiel,1796,https://www.visitbusan.net/en/index.do?menuCd=DOM_000000201001001000&uc_seq=1796&lang_cd=en,kogl_mark_on_page,,service_uc_seq_to_vbfull,manual_review,high,AttractionService:1796→vbFull 매칭. source_detail_url 확인됨. 페이지 방문 후 공공누리 마크 확인 필요.
busan-A-00140,visitbusan,https://www.visitbusan.net/uploadImgs/files/cntnts/20240401133553180_ttiel,1798,https://www.visitbusan.net/kr/index.do?menuCd=DOM_000000201001001000&uc_seq=1798&lang_cd=ko,kogl_mark_on_page,,uc_seq_direct,manual_review,high,uc_seq=1798 직접 보유. source_detail_url로 페이지 방문 후 공공누리 마크 여부 확인 필요.
busan-A-00141,visitbusan,https://www.visitbusan.net/uploadImgs/files/cntnts/20240503180255101_ttiel,1857,https://www.visitbusan.net/en/index.do?menuCd=DOM_000000201001001000&uc_seq=1857&lang_cd=en,kogl_mark_on_page,,service_uc_seq_to_vbfull,manual_review,high,AttractionService:1857→vbFull 매칭. source_detail_url 확인됨. 페이지 방문 후 공공누리 마크 확인 필요.
busan-A-00142,visitbusan,https://www.visitbusan.net/uploadImgs/files/cntnts/20240528134839123_ttiel,1862,https://www.visitbusan.net/en/index.do?menuCd=DOM_000000201001001000&uc_seq=1862&lang_cd=en,kogl_mark_on_page,,service_uc_seq_to_vbfull,manual_review,high,AttractionService:1862→vbFull 매칭. source_detail_url 확인됨. 페이지 방문 후 공공누리 마크 확인 필요.
busan-A-00143,visitbusan,https://www.visitbusan.net/uploadImgs/files/cntnts/20240528140620645_ttiel,1866,https://www.visitbusan.net/en/index.do?menuCd=DOM_000000201001001000&uc_seq=1866&lang_cd=en,kogl_mark_on_page,,service_uc_seq_to_vbfull,manual_review,high,AttractionService:1866→vbFull 매칭. source_detail_url 확인됨. 페이지 방문 후 공공누리 마크 확인 필요.
busan-A-00144,visitbusan,https://www.visitbusan.net/uploadImgs/files/cntnts/20240528135430979_ttiel,1867,https://www.visitbusan.net/en/index.do?menuCd=DOM_000000201001001000&uc_seq=1867&lang_cd=en,kogl_mark_on_page,,service_uc_seq_to_vbfull,manual_review,high,AttractionService:1867→vbFull 매칭. source_detail_url 확인됨. 페이지 방문 후 공공누리 마크 확인 필요.
busan-A-00145,visitbusan,https://www.visitbusan.net/uploadImgs/files/cntnts/20240527143901347_ttiel,1868,https://www.visitbusan.net/en/index.do?menuCd=DOM_000000201001001000&uc_seq=1868&lang_cd=en,kogl_mark_on_page,,service_uc_seq_to_vbfull,manual_review,high,AttractionService:1868→vbFull 매칭. source_detail_url 확인됨. 페이지 방문 후 공공누리 마크 확인 필요.
busan-A-00146,visitbusan,https://www.visitbusan.net/uploadImgs/files/cntnts/20240605163754301_ttiel,1881,https://www.visitbusan.net/en/index.do?menuCd=DOM_000000201001001000&uc_seq=1881&lang_cd=en,kogl_mark_on_page,,service_uc_seq_to_vbfull,manual_review,high,AttractionService:1881→vbFull 매칭. source_detail_url 확인됨. 페이지 방문 후 공공누리 마크 확인 필요.
busan-A-00147,visitbusan,https://www.visitbusan.net/uploadImgs/files/cntnts/20240626113937766_ttiel,1890,https://www.visitbusan.net/en/index.do?menuCd=DOM_000000201001001000&uc_seq=1890&lang_cd=en,kogl_mark_on_page,,service_uc_seq_to_vbfull,manual_review,high,AttractionService:1890→vbFull 매칭. source_detail_url 확인됨. 페이지 방문 후 공공누리 마크 확인 필요.
busan-A-00148,visitbusan,https://www.visitbusan.net/uploadImgs/files/cntnts/20240703180805305_ttiel,1900,https://www.visitbusan.net/en/index.do?menuCd=DOM_000000201001001000&uc_seq=1900&lang_cd=en,kogl_mark_on_page,,service_uc_seq_to_vbfull,manual_review,high,AttractionService:1900→vbFull 매칭. source_detail_url 확인됨. 페이지 방문 후 공공누리 마크 확인 필요.
busan-A-00149,visitbusan,https://www.visitbusan.net/uploadImgs/files/cntnts/20240809155702729_ttiel,2013,https://www.visitbusan.net/en/index.do?menuCd=DOM_000000201001001000&uc_seq=2013&lang_cd=en,kogl_mark_on_page,,service_uc_seq_to_vbfull,manual_review,high,AttractionService:2013→vbFull 매칭. source_detail_url 확인됨. 페이지 방문 후 공공누리 마크 확인 필요.
busan-A-00150,visitbusan,https://www.visitbusan.net/uploadImgs/files/cntnts/20240809161549849_ttiel,2019,https://www.visitbusan.net/en/index.do?menuCd=DOM_000000201001001000&uc_seq=2019&lang_cd=en,kogl_mark_on_page,,service_uc_seq_to_vbfull,manual_review,high,AttractionService:2019→vbFull 매칭. source_detail_url 확인됨. 페이지 방문 후 공공누리 마크 확인 필요.
busan-A-00151,visitbusan,https://www.visitbusan.net/uploadImgs/files/cntnts/20240809163409331_ttiel,2024,https://www.visitbusan.net/en/index.do?menuCd=DOM_000000201001001000&uc_seq=2024&lang_cd=en,kogl_mark_on_page,,service_uc_seq_to_vbfull,manual_review,high,AttractionService:2024→vbFull 매칭. source_detail_url 확인됨. 페이지 방문 후 공공누리 마크 확인 필요.
busan-A-00152,visitbusan,https://www.visitbusan.net/uploadImgs/files/cntnts/20240809171647495_ttiel,2034,https://www.visitbusan.net/en/index.do?menuCd=DOM_000000201001001000&uc_seq=2034&lang_cd=en,kogl_mark_on_page,,service_uc_seq_to_vbfull,manual_review,high,AttractionService:2034→vbFull 매칭. source_detail_url 확인됨. 페이지 방문 후 공공누리 마크 확인 필요.
busan-A-00153,visitbusan,https://www.visitbusan.net/uploadImgs/files/cntnts/20240821134135301_ttiel,2065,https://www.visitbusan.net/en/index.do?menuCd=DOM_000000201001001000&uc_seq=2065&lang_cd=en,kogl_mark_on_page,,service_uc_seq_to_vbfull,manual_review,high,AttractionService:2065→vbFull 매칭. source_detail_url 확인됨. 페이지 방문 후 공공누리 마크 확인 필요.
busan-A-00154,visitbusan,https://www.visitbusan.net/uploadImgs/files/cntnts/20240826154634475_ttiel,2067,https://www.visitbusan.net/en/index.do?menuCd=DOM_000000201001001000&uc_seq=2067&lang_cd=en,kogl_mark_on_page,,service_uc_seq_to_vbfull,manual_review,high,AttractionService:2067→vbFull 매칭. source_detail_url 확인됨. 페이지 방문 후 공공누리 마크 확인 필요.
busan-A-00155,visitbusan,https://www.visitbusan.net/uploadImgs/files/cntnts/20240904145348246_ttiel,2077,https://www.visitbusan.net/en/index.do?menuCd=DOM_000000201001001000&uc_seq=2077&lang_cd=en,kogl_mark_on_page,,service_uc_seq_to_vbfull,manual_review,high,AttractionService:2077→vbFull 매칭. source_detail_url 확인됨. 페이지 방문 후 공공누리 마크 확인 필요.
busan-A-00156,visitbusan,https://www.visitbusan.net/uploadImgs/files/cntnts/20240911101725976_ttiel,2078,https://www.visitbusan.net/en/index.do?menuCd=DOM_000000201001001000&uc_seq=2078&lang_cd=en,kogl_mark_on_page,,service_uc_seq_to_vbfull,manual_review,high,AttractionService:2078→vbFull 매칭. source_detail_url 확인됨. 페이지 방문 후 공공누리 마크 확인 필요.
busan-A-00157,visitbusan,https://www.visitbusan.net/uploadImgs/files/cntnts/20240910171845448_ttiel,2079,https://www.visitbusan.net/en/index.do?menuCd=DOM_000000201001001000&uc_seq=2079&lang_cd=en,kogl_mark_on_page,,service_uc_seq_to_vbfull,manual_review,high,AttractionService:2079→vbFull 매칭. source_detail_url 확인됨. 페이지 방문 후 공공누리 마크 확인 필요.
busan-A-00158,visitbusan,https://www.visitbusan.net/uploadImgs/files/cntnts/20240911140423764_ttiel,2081,https://www.visitbusan.net/en/index.do?menuCd=DOM_000000201001001000&uc_seq=2081&lang_cd=en,kogl_mark_on_page,,service_uc_seq_to_vbfull,manual_review,high,AttractionService:2081→vbFull 매칭. source_detail_url 확인됨. 페이지 방문 후 공공누리 마크 확인 필요.
busan-A-00159,visitbusan,https://www.visitbusan.net/uploadImgs/files/cntnts/20240911173034092_ttiel,2082,https://www.visitbusan.net/en/index.do?menuCd=DOM_000000201001001000&uc_seq=2082&lang_cd=en,kogl_mark_on_page,,service_uc_seq_to_vbfull,manual_review,high,AttractionService:2082→vbFull 매칭. source_detail_url 확인됨. 페이지 방문 후 공공누리 마크 확인 필요.
busan-A-00160,visitbusan,https://www.visitbusan.net/uploadImgs/files/cntnts/20240911180908467_ttiel,2085,https://www.visitbusan.net/en/index.do?menuCd=DOM_000000201001001000&uc_seq=2085&lang_cd=en,kogl_mark_on_page,,service_uc_seq_to_vbfull,manual_review,high,AttractionService:2085→vbFull 매칭. source_detail_url 확인됨. 페이지 방문 후 공공누리 마크 확인 필요.
busan-A-00161,visitbusan,https://www.visitbusan.net/uploadImgs/files/cntnts/20240913175719812_ttiel,2086,https://www.visitbusan.net/en/index.do?menuCd=DOM_000000201001001000&uc_seq=2086&lang_cd=en,kogl_mark_on_page,,service_uc_seq_to_vbfull,manual_review,high,AttractionService:2086→vbFull 매칭. source_detail_url 확인됨. 페이지 방문 후 공공누리 마크 확인 필요.
busan-A-00162,visitbusan,https://www.visitbusan.net/uploadImgs/files/cntnts/20240920110953518_ttiel,2095,https://www.visitbusan.net/en/index.do?menuCd=DOM_000000201001001000&uc_seq=2095&lang_cd=en,kogl_mark_on_page,,service_uc_seq_to_vbfull,manual_review,high,AttractionService:2095→vbFull 매칭. source_detail_url 확인됨. 페이지 방문 후 공공누리 마크 확인 필요.
busan-A-00163,visitbusan,https://www.visitbusan.net/uploadImgs/files/cntnts/20240923115623200_ttiel,2102,https://www.visitbusan.net/en/index.do?menuCd=DOM_000000201001001000&uc_seq=2102&lang_cd=en,kogl_mark_on_page,,service_uc_seq_to_vbfull,manual_review,high,AttractionService:2102→vbFull 매칭. source_detail_url 확인됨. 페이지 방문 후 공공누리 마크 확인 필요.
busan-A-00164,visitbusan,https://www.visitbusan.net/uploadImgs/files/cntnts/20240923142217173_ttiel,2104,https://www.visitbusan.net/en/index.do?menuCd=DOM_000000201001001000&uc_seq=2104&lang_cd=en,kogl_mark_on_page,,service_uc_seq_to_vbfull,manual_review,high,AttractionService:2104→vbFull 매칭. source_detail_url 확인됨. 페이지 방문 후 공공누리 마크 확인 필요.
busan-A-00165,visitbusan,https://www.visitbusan.net/uploadImgs/files/cntnts/20240923144618796_ttiel,2105,https://www.visitbusan.net/en/index.do?menuCd=DOM_000000201001001000&uc_seq=2105&lang_cd=en,kogl_mark_on_page,,service_uc_seq_to_vbfull,manual_review,high,AttractionService:2105→vbFull 매칭. source_detail_url 확인됨. 페이지 방문 후 공공누리 마크 확인 필요.
busan-A-00166,visitbusan,https://www.visitbusan.net/uploadImgs/files/cntnts/20240923150247468_ttiel,2106,https://www.visitbusan.net/en/index.do?menuCd=DOM_000000201001001000&uc_seq=2106&lang_cd=en,kogl_mark_on_page,,service_uc_seq_to_vbfull,manual_review,high,AttractionService:2106→vbFull 매칭. source_detail_url 확인됨. 페이지 방문 후 공공누리 마크 확인 필요.
busan-A-00167,visitbusan,https://www.visitbusan.net/uploadImgs/files/cntnts/20240926181328093_ttiel,2119,https://www.visitbusan.net/en/index.do?menuCd=DOM_000000201001001000&uc_seq=2119&lang_cd=en,kogl_mark_on_page,,service_uc_seq_to_vbfull,manual_review,high,AttractionService:2119→vbFull 매칭. source_detail_url 확인됨. 페이지 방문 후 공공누리 마크 확인 필요.
busan-A-00168,visitbusan,https://www.visitbusan.net/uploadImgs/files/cntnts/20241002101127462_ttiel,2121,https://www.visitbusan.net/en/index.do?menuCd=DOM_000000201001001000&uc_seq=2121&lang_cd=en,kogl_mark_on_page,,service_uc_seq_to_vbfull,manual_review,high,AttractionService:2121→vbFull 매칭. source_detail_url 확인됨. 페이지 방문 후 공공누리 마크 확인 필요.
busan-A-00169,visitbusan,https://www.visitbusan.net/uploadImgs/files/cntnts/20241017115549245_ttiel,2133,https://www.visitbusan.net/en/index.do?menuCd=DOM_000000201001001000&uc_seq=2133&lang_cd=en,kogl_mark_on_page,,service_uc_seq_to_vbfull,manual_review,high,AttractionService:2133→vbFull 매칭. source_detail_url 확인됨. 페이지 방문 후 공공누리 마크 확인 필요.
busan-A-00170,visitbusan,https://www.visitbusan.net/uploadImgs/files/cntnts/20241024114149701_ttiel,2138,https://www.visitbusan.net/en/index.do?menuCd=DOM_000000201001001000&uc_seq=2138&lang_cd=en,kogl_mark_on_page,,service_uc_seq_to_vbfull,manual_review,high,AttractionService:2138→vbFull 매칭. source_detail_url 확인됨. 페이지 방문 후 공공누리 마크 확인 필요.
busan-A-00171,visitbusan,https://www.visitbusan.net/uploadImgs/files/cntnts/20241024131843096_ttiel,2139,https://www.visitbusan.net/en/index.do?menuCd=DOM_000000201001001000&uc_seq=2139&lang_cd=en,kogl_mark_on_page,,service_uc_seq_to_vbfull,manual_review,high,AttractionService:2139→vbFull 매칭. source_detail_url 확인됨. 페이지 방문 후 공공누리 마크 확인 필요.
busan-A-00172,visitbusan,https://www.visitbusan.net/uploadImgs/files/cntnts/20241024113331184_ttiel,2140,https://www.visitbusan.net/en/index.do?menuCd=DOM_000000201001001000&uc_seq=2140&lang_cd=en,kogl_mark_on_page,,service_uc_seq_to_vbfull,manual_review,high,AttractionService:2140→vbFull 매칭. source_detail_url 확인됨. 페이지 방문 후 공공누리 마크 확인 필요.
busan-A-00173,visitbusan,https://www.visitbusan.net/uploadImgs/files/cntnts/20241024144324691_ttiel,2143,https://www.visitbusan.net/kr/index.do?menuCd=DOM_000000201001001000&uc_seq=2143&lang_cd=ko,kogl_mark_on_page,,uc_seq_direct,manual_review,high,uc_seq=2143 직접 보유. source_detail_url로 페이지 방문 후 공공누리 마크 여부 확인 필요.
busan-A-00174,visitbusan,https://www.visitbusan.net/uploadImgs/files/cntnts/20241025105526827_ttiel,2145,https://www.visitbusan.net/en/index.do?menuCd=DOM_000000201001001000&uc_seq=2145&lang_cd=en,kogl_mark_on_page,,service_uc_seq_to_vbfull,manual_review,high,AttractionService:2145→vbFull 매칭. source_detail_url 확인됨. 페이지 방문 후 공공누리 마크 확인 필요.
busan-A-00175,visitbusan,https://www.visitbusan.net/uploadImgs/files/cntnts/20241029182913498_ttiel,2153,https://www.visitbusan.net/en/index.do?menuCd=DOM_000000201001001000&uc_seq=2153&lang_cd=en,kogl_mark_on_page,,service_uc_seq_to_vbfull,manual_review,high,AttractionService:2153→vbFull 매칭. source_detail_url 확인됨. 페이지 방문 후 공공누리 마크 확인 필요.
busan-A-00176,visitbusan,https://www.visitbusan.net/uploadImgs/files/cntnts/20241031151344958_ttiel,2155,https://www.visitbusan.net/en/index.do?menuCd=DOM_000000201001001000&uc_seq=2155&lang_cd=en,kogl_mark_on_page,,service_uc_seq_to_vbfull,manual_review,high,AttractionService:2155→vbFull 매칭. source_detail_url 확인됨. 페이지 방문 후 공공누리 마크 확인 필요.
busan-A-00177,visitbusan,https://www.visitbusan.net/uploadImgs/files/cntnts/20241031180127634_ttiel,2157,https://www.visitbusan.net/en/index.do?menuCd=DOM_000000201001001000&uc_seq=2157&lang_cd=en,kogl_mark_on_page,,service_uc_seq_to_vbfull,manual_review,high,AttractionService:2157→vbFull 매칭. source_detail_url 확인됨. 페이지 방문 후 공공누리 마크 확인 필요.
busan-A-00178,visitbusan,https://www.visitbusan.net/uploadImgs/files/cntnts/20241108142157400_ttiel,2166,https://www.visitbusan.net/en/index.do?menuCd=DOM_000000201001001000&uc_seq=2166&lang_cd=en,kogl_mark_on_page,,service_uc_seq_to_vbfull,manual_review,high,AttractionService:2166→vbFull 매칭. source_detail_url 확인됨. 페이지 방문 후 공공누리 마크 확인 필요.
busan-A-00179,visitbusan,https://www.visitbusan.net/uploadImgs/files/cntnts/20241107133504063_ttiel,2172,https://www.visitbusan.net/en/index.do?menuCd=DOM_000000201001001000&uc_seq=2172&lang_cd=en,kogl_mark_on_page,,service_uc_seq_to_vbfull,manual_review,high,AttractionService:2172→vbFull 매칭. source_detail_url 확인됨. 페이지 방문 후 공공누리 마크 확인 필요.
busan-A-00180,visitbusan,https://www.visitbusan.net/uploadImgs/files/cntnts/20241107142452622_ttiel,2173,https://www.visitbusan.net/en/index.do?menuCd=DOM_000000201001001000&uc_seq=2173&lang_cd=en,kogl_mark_on_page,,service_uc_seq_to_vbfull,manual_review,high,AttractionService:2173→vbFull 매칭. source_detail_url 확인됨. 페이지 방문 후 공공누리 마크 확인 필요.
busan-A-00181,visitbusan,https://www.visitbusan.net/uploadImgs/files/cntnts/20241112125514341_ttiel,2186,https://www.visitbusan.net/en/index.do?menuCd=DOM_000000201001001000&uc_seq=2186&lang_cd=en,kogl_mark_on_page,,service_uc_seq_to_vbfull,manual_review,high,AttractionService:2186→vbFull 매칭. source_detail_url 확인됨. 페이지 방문 후 공공누리 마크 확인 필요.
busan-A-00182,visitbusan,https://www.visitbusan.net/uploadImgs/files/cntnts/20241112141808956_ttiel,2187,https://www.visitbusan.net/en/index.do?menuCd=DOM_000000201001001000&uc_seq=2187&lang_cd=en,kogl_mark_on_page,,service_uc_seq_to_vbfull,manual_review,high,AttractionService:2187→vbFull 매칭. source_detail_url 확인됨. 페이지 방문 후 공공누리 마크 확인 필요.
busan-A-00183,visitbusan,https://www.visitbusan.net/uploadImgs/files/cntnts/20241112150316938_ttiel,2188,https://www.visitbusan.net/en/index.do?menuCd=DOM_000000201001001000&uc_seq=2188&lang_cd=en,kogl_mark_on_page,,service_uc_seq_to_vbfull,manual_review,high,AttractionService:2188→vbFull 매칭. source_detail_url 확인됨. 페이지 방문 후 공공누리 마크 확인 필요.
busan-A-00184,visitbusan,https://www.visitbusan.net/uploadImgs/files/cntnts/20241113145816999_ttiel,2189,https://www.visitbusan.net/en/index.do?menuCd=DOM_000000201001001000&uc_seq=2189&lang_cd=en,kogl_mark_on_page,,service_uc_seq_to_vbfull,manual_review,high,AttractionService:2189→vbFull 매칭. source_detail_url 확인됨. 페이지 방문 후 공공누리 마크 확인 필요.
busan-A-00185,visitbusan,https://www.visitbusan.net/uploadImgs/files/cntnts/20241126144851008_ttiel,2191,https://www.visitbusan.net/en/index.do?menuCd=DOM_000000201001001000&uc_seq=2191&lang_cd=en,kogl_mark_on_page,,service_uc_seq_to_vbfull,manual_review,high,AttractionService:2191→vbFull 매칭. source_detail_url 확인됨. 페이지 방문 후 공공누리 마크 확인 필요.
busan-A-00186,visitbusan,https://www.visitbusan.net/uploadImgs/files/cntnts/20241202143950023_ttiel,2200,https://www.visitbusan.net/en/index.do?menuCd=DOM_000000201001001000&uc_seq=2200&lang_cd=en,kogl_mark_on_page,,service_uc_seq_to_vbfull,manual_review,high,AttractionService:2200→vbFull 매칭. source_detail_url 확인됨. 페이지 방문 후 공공누리 마크 확인 필요.
busan-A-00187,visitbusan,https://www.visitbusan.net/uploadImgs/files/cntnts/20241202150020813_ttiel,2202,https://www.visitbusan.net/en/index.do?menuCd=DOM_000000201001001000&uc_seq=2202&lang_cd=en,kogl_mark_on_page,,service_uc_seq_to_vbfull,manual_review,high,AttractionService:2202→vbFull 매칭. source_detail_url 확인됨. 페이지 방문 후 공공누리 마크 확인 필요.
busan-A-00188,visitbusan,https://www.visitbusan.net/uploadImgs/files/cntnts/20241206140233984_ttiel,2204,https://www.visitbusan.net/en/index.do?menuCd=DOM_000000201001001000&uc_seq=2204&lang_cd=en,kogl_mark_on_page,,service_uc_seq_to_vbfull,manual_review,high,AttractionService:2204→vbFull 매칭. source_detail_url 확인됨. 페이지 방문 후 공공누리 마크 확인 필요.
busan-A-00189,visitbusan,https://www.visitbusan.net/uploadImgs/files/cntnts/20241206151830093_ttiel,2206,https://www.visitbusan.net/en/index.do?menuCd=DOM_000000201001001000&uc_seq=2206&lang_cd=en,kogl_mark_on_page,,service_uc_seq_to_vbfull,manual_review,high,AttractionService:2206→vbFull 매칭. source_detail_url 확인됨. 페이지 방문 후 공공누리 마크 확인 필요.
busan-A-00190,visitbusan,https://www.visitbusan.net/uploadImgs/files/cntnts/20241206181644634_ttiel,2210,https://www.visitbusan.net/en/index.do?menuCd=DOM_000000201001001000&uc_seq=2210&lang_cd=en,kogl_mark_on_page,,service_uc_seq_to_vbfull,manual_review,high,AttractionService:2210→vbFull 매칭. source_detail_url 확인됨. 페이지 방문 후 공공누리 마크 확인 필요.
busan-A-00191,visitbusan,https://www.visitbusan.net/uploadImgs/files/cntnts/20241219102705213_ttiel,2218,https://www.visitbusan.net/kr/index.do?menuCd=DOM_000000201001001000&uc_seq=2218&lang_cd=ko,kogl_mark_on_page,,uc_seq_direct,manual_review,high,uc_seq=2218 직접 보유. source_detail_url로 페이지 방문 후 공공누리 마크 여부 확인 필요.
busan-A-00192,visitbusan,https://www.visitbusan.net/uploadImgs/files/cntnts/20241224115942076_ttiel,2220,https://www.visitbusan.net/en/index.do?menuCd=DOM_000000201001001000&uc_seq=2220&lang_cd=en,kogl_mark_on_page,,service_uc_seq_to_vbfull,manual_review,high,AttractionService:2220→vbFull 매칭. source_detail_url 확인됨. 페이지 방문 후 공공누리 마크 확인 필요.
busan-A-00193,visitbusan,https://www.visitbusan.net/uploadImgs/files/cntnts/20250102170659652_ttiel,2229,https://www.visitbusan.net/en/index.do?menuCd=DOM_000000201001001000&uc_seq=2229&lang_cd=en,kogl_mark_on_page,,service_uc_seq_to_vbfull,manual_review,high,AttractionService:2229→vbFull 매칭. source_detail_url 확인됨. 페이지 방문 후 공공누리 마크 확인 필요.
busan-A-00194,visitbusan,https://www.visitbusan.net/uploadImgs/files/cntnts/20250110143214904_ttiel,2237,https://www.visitbusan.net/kr/index.do?menuCd=DOM_000000201001001000&uc_seq=2237&lang_cd=ko,kogl_mark_on_page,,uc_seq_direct,manual_review,high,uc_seq=2237 직접 보유. source_detail_url로 페이지 방문 후 공공누리 마크 여부 확인 필요.
busan-A-00195,visitbusan,https://www.visitbusan.net/uploadImgs/files/cntnts/20250110145605040_ttiel,2239,https://www.visitbusan.net/kr/index.do?menuCd=DOM_000000201001001000&uc_seq=2239&lang_cd=ko,kogl_mark_on_page,,uc_seq_direct,manual_review,high,uc_seq=2239 직접 보유. source_detail_url로 페이지 방문 후 공공누리 마크 여부 확인 필요.
busan-A-00196,visitbusan,https://www.visitbusan.net/uploadImgs/files/cntnts/20250110150900359_ttiel,2240,https://www.visitbusan.net/kr/index.do?menuCd=DOM_000000201001001000&uc_seq=2240&lang_cd=ko,kogl_mark_on_page,,uc_seq_direct,manual_review,high,uc_seq=2240 직접 보유. source_detail_url로 페이지 방문 후 공공누리 마크 여부 확인 필요.
busan-A-00197,visitbusan,https://www.visitbusan.net/uploadImgs/files/cntnts/20250207152914813_ttiel,2274,https://www.visitbusan.net/en/index.do?menuCd=DOM_000000201001001000&uc_seq=2274&lang_cd=en,kogl_mark_on_page,,service_uc_seq_to_vbfull,manual_review,high,AttractionService:2274→vbFull 매칭. source_detail_url 확인됨. 페이지 방문 후 공공누리 마크 확인 필요.
busan-A-00198,visitbusan,https://www.visitbusan.net/uploadImgs/files/cntnts/20250207155656641_ttiel,2275,https://www.visitbusan.net/en/index.do?menuCd=DOM_000000201001001000&uc_seq=2275&lang_cd=en,kogl_mark_on_page,,service_uc_seq_to_vbfull,manual_review,high,AttractionService:2275→vbFull 매칭. source_detail_url 확인됨. 페이지 방문 후 공공누리 마크 확인 필요.
busan-A-00199,visitbusan,https://www.visitbusan.net/uploadImgs/files/cntnts/20250212112901695_ttiel,2284,https://www.visitbusan.net/en/index.do?menuCd=DOM_000000201001001000&uc_seq=2284&lang_cd=en,kogl_mark_on_page,,service_uc_seq_to_vbfull,manual_review,high,AttractionService:2284→vbFull 매칭. source_detail_url 확인됨. 페이지 방문 후 공공누리 마크 확인 필요.
busan-A-00200,visitbusan,https://www.visitbusan.net/uploadImgs/files/cntnts/20250214183306081_ttiel,2288,https://www.visitbusan.net/en/index.do?menuCd=DOM_000000201001001000&uc_seq=2288&lang_cd=en,kogl_mark_on_page,,service_uc_seq_to_vbfull,manual_review,high,AttractionService:2288→vbFull 매칭. source_detail_url 확인됨. 페이지 방문 후 공공누리 마크 확인 필요.
busan-A-00201,visitbusan,https://www.visitbusan.net/uploadImgs/files/cntnts/20250306115823313_ttiel,2299,https://www.visitbusan.net/en/index.do?menuCd=DOM_000000201001001000&uc_seq=2299&lang_cd=en,kogl_mark_on_page,,service_uc_seq_to_vbfull,manual_review,high,AttractionService:2299→vbFull 매칭. source_detail_url 확인됨. 페이지 방문 후 공공누리 마크 확인 필요.
busan-A-00202,visitbusan,https://www.visitbusan.net/uploadImgs/files/cntnts/20250317141712864_ttiel,2314,https://www.visitbusan.net/en/index.do?menuCd=DOM_000000201001001000&uc_seq=2314&lang_cd=en,kogl_mark_on_page,,service_uc_seq_to_vbfull,manual_review,high,AttractionService:2314→vbFull 매칭. source_detail_url 확인됨. 페이지 방문 후 공공누리 마크 확인 필요.
busan-A-00203,visitbusan,https://www.visitbusan.net/uploadImgs/files/cntnts/20250620121122146_ttiel,2408,https://www.visitbusan.net/en/index.do?menuCd=DOM_000000201001001000&uc_seq=2408&lang_cd=en,kogl_mark_on_page,,service_uc_seq_to_vbfull,manual_review,high,AttractionService:2408→vbFull 매칭. source_detail_url 확인됨. 페이지 방문 후 공공누리 마크 확인 필요.
busan-A-00204,visitbusan,https://www.visitbusan.net/uploadImgs/files/cntnts/20250728122343276_ttiel,2491,https://www.visitbusan.net/kr/index.do?menuCd=DOM_000000201001001000&uc_seq=2491&lang_cd=ko,kogl_mark_on_page,,uc_seq_direct,manual_review,high,uc_seq=2491 직접 보유. source_detail_url로 페이지 방문 후 공공누리 마크 여부 확인 필요.
busan-A-00205,visitbusan,https://www.visitbusan.net/uploadImgs/files/cntnts/20250826175032196_ttiel,2551,https://www.visitbusan.net/en/index.do?menuCd=DOM_000000201001001000&uc_seq=2551&lang_cd=en,kogl_mark_on_page,,service_uc_seq_to_vbfull,manual_review,high,AttractionService:2551→vbFull 매칭. source_detail_url 확인됨. 페이지 방문 후 공공누리 마크 확인 필요.
busan-A-00206,visitbusan,https://www.visitbusan.net/uploadImgs/files/cntnts/20250926164016872_ttiel,2566,https://www.visitbusan.net/en/index.do?menuCd=DOM_000000201001001000&uc_seq=2566&lang_cd=en,kogl_mark_on_page,,service_uc_seq_to_vbfull,manual_review,high,AttractionService:2566→vbFull 매칭. source_detail_url 확인됨. 페이지 방문 후 공공누리 마크 확인 필요.
busan-A-00207,visitbusan,https://www.visitbusan.net/uploadImgs/files/cntnts/20251020162135473_ttiel,2587,https://www.visitbusan.net/en/index.do?menuCd=DOM_000000201001001000&uc_seq=2587&lang_cd=en,kogl_mark_on_page,,service_uc_seq_to_vbfull,manual_review,high,AttractionService:2587→vbFull 매칭. source_detail_url 확인됨. 페이지 방문 후 공공누리 마크 확인 필요.
busan-A-00208,visitbusan,https://www.visitbusan.net/uploadImgs/files/cntnts/20251020171326961_ttiel,2588,https://www.visitbusan.net/kr/index.do?menuCd=DOM_000000201001001000&uc_seq=2588&lang_cd=ko,kogl_mark_on_page,,service_uc_seq_to_vbfull,manual_review,high,AttractionService:2588→vbFull 매칭. source_detail_url 확인됨. 페이지 방문 후 공공누리 마크 확인 필요.
busan-A-00209,visitbusan,https://www.visitbusan.net/uploadImgs/files/cntnts/20251024154312500_ttiel,2594,https://www.visitbusan.net/en/index.do?menuCd=DOM_000000201001001000&uc_seq=2594&lang_cd=en,kogl_mark_on_page,,service_uc_seq_to_vbfull,manual_review,high,AttractionService:2594→vbFull 매칭. source_detail_url 확인됨. 페이지 방문 후 공공누리 마크 확인 필요.
busan-A-00210,visitbusan,https://www.visitbusan.net/uploadImgs/files/cntnts/20251029154155656_ttiel,2598,https://www.visitbusan.net/en/index.do?menuCd=DOM_000000201001001000&uc_seq=2598&lang_cd=en,kogl_mark_on_page,,service_uc_seq_to_vbfull,manual_review,high,AttractionService:2598→vbFull 매칭. source_detail_url 확인됨. 페이지 방문 후 공공누리 마크 확인 필요.
busan-A-00211,visitbusan,https://www.visitbusan.net/uploadImgs/files/cntnts/20251121173217035_ttiel,2612,https://www.visitbusan.net/en/index.do?menuCd=DOM_000000201001001000&uc_seq=2612&lang_cd=en,kogl_mark_on_page,,service_uc_seq_to_vbfull,manual_review,high,AttractionService:2612→vbFull 매칭. source_detail_url 확인됨. 페이지 방문 후 공공누리 마크 확인 필요.
busan-A-00212,visitbusan,https://www.visitbusan.net/uploadImgs/files/cntnts/20260311171309981_ttiel,2678,https://www.visitbusan.net/en/index.do?menuCd=DOM_000000201001001000&uc_seq=2678&lang_cd=en,kogl_mark_on_page,,service_uc_seq_to_vbfull,manual_review,high,AttractionService:2678→vbFull 매칭. source_detail_url 확인됨. 페이지 방문 후 공공누리 마크 확인 필요.
busan-A-00213,visitbusan,https://www.visitbusan.net/uploadImgs/files/cntnts/20260609143205137_ttiel,2753,https://www.visitbusan.net/kr/index.do?menuCd=DOM_000000201001001000&uc_seq=2753&lang_cd=ko,kogl_mark_on_page,,uc_seq_direct,manual_review,high,uc_seq=2753 직접 보유. source_detail_url로 페이지 방문 후 공공누리 마크 여부 확인 필요.
busan-E-00001,visitbusan,https://www.visitbusan.net/uploadImgs/files/cntnts/20191213191711585_ttiel,71,,kogl_mark_on_page,,image_url_to_raw_uc_seq,manual_review,medium,FestivalService:71 — vbFull 미매칭(food/festival 전용 API). 이미지 URL 역추적으로 UC_SEQ=71 확인. source_detail_url 수동 구성 후 공공누리 마크 확인 필요.
busan-E-00002,visitbusan,https://www.visitbusan.net/uploadImgs/files/cntnts/20191222160520749_ttiel,253,,kogl_mark_on_page,,image_url_to_raw_uc_seq,manual_review,medium,FestivalService:253 — vbFull 미매칭(food/festival 전용 API). 이미지 URL 역추적으로 UC_SEQ=253 확인. source_detail_url 수동 구성 후 공공누리 마크 확인 필요.
busan-E-00003,visitbusan,https://www.visitbusan.net/uploadImgs/files/cntnts/20191227114742493_ttiel,329,,kogl_mark_on_page,,image_url_to_raw_uc_seq,manual_review,medium,FestivalService:329 — vbFull 미매칭(food/festival 전용 API). 이미지 URL 역추적으로 UC_SEQ=329 확인. source_detail_url 수동 구성 후 공공누리 마크 확인 필요.
busan-E-00004,visitbusan,https://www.visitbusan.net/uploadImgs/files/cntnts/20191227115551778_ttiel,330,,kogl_mark_on_page,,image_url_to_raw_uc_seq,manual_review,medium,FestivalService:330 — vbFull 미매칭(food/festival 전용 API). 이미지 URL 역추적으로 UC_SEQ=330 확인. source_detail_url 수동 구성 후 공공누리 마크 확인 필요.
busan-E-00005,visitbusan,https://www.visitbusan.net/uploadImgs/files/cntnts/20191227120157384_ttiel,331,,kogl_mark_on_page,,image_url_to_raw_uc_seq,manual_review,medium,FestivalService:331 — vbFull 미매칭(food/festival 전용 API). 이미지 URL 역추적으로 UC_SEQ=331 확인. source_detail_url 수동 구성 후 공공누리 마크 확인 필요.
busan-E-00006,visitbusan,https://www.visitbusan.net/uploadImgs/files/cntnts/20241022165920388_ttiel,395,,kogl_mark_on_page,,image_url_to_raw_uc_seq,manual_review,medium,FestivalService:395 — vbFull 미매칭(food/festival 전용 API). 이미지 URL 역추적으로 UC_SEQ=395 확인. source_detail_url 수동 구성 후 공공누리 마크 확인 필요.
busan-E-00007,visitbusan,https://www.visitbusan.net/uploadImgs/files/cntnts/20230503134701548_ttiel,403,,kogl_mark_on_page,,image_url_to_raw_uc_seq,manual_review,medium,FestivalService:403 — vbFull 미매칭(food/festival 전용 API). 이미지 URL 역추적으로 UC_SEQ=403 확인. source_detail_url 수동 구성 후 공공누리 마크 확인 필요.
busan-E-00008,visitbusan,https://www.visitbusan.net/uploadImgs/files/cntnts/20250512112542346_ttiel,405,,kogl_mark_on_page,,image_url_to_raw_uc_seq,manual_review,medium,FestivalService:405 — vbFull 미매칭(food/festival 전용 API). 이미지 URL 역추적으로 UC_SEQ=405 확인. source_detail_url 수동 구성 후 공공누리 마크 확인 필요.
busan-E-00009,visitbusan,https://www.visitbusan.net/uploadImgs/files/cntnts/20260422164844354_ttiel,406,,kogl_mark_on_page,,image_url_to_raw_uc_seq,manual_review,medium,FestivalService:406 — vbFull 미매칭(food/festival 전용 API). 이미지 URL 역추적으로 UC_SEQ=406 확인. source_detail_url 수동 구성 후 공공누리 마크 확인 필요.
busan-E-00010,visitbusan,https://www.visitbusan.net/uploadImgs/files/cntnts/20191230193142955_ttiel,407,,kogl_mark_on_page,,image_url_to_raw_uc_seq,manual_review,medium,FestivalService:407 — vbFull 미매칭(food/festival 전용 API). 이미지 URL 역추적으로 UC_SEQ=407 확인. source_detail_url 수동 구성 후 공공누리 마크 확인 필요.
busan-E-00011,visitbusan,https://www.visitbusan.net/uploadImgs/files/cntnts/20191230200521249_ttiel,411,,kogl_mark_on_page,,image_url_to_raw_uc_seq,manual_review,medium,FestivalService:411 — vbFull 미매칭(food/festival 전용 API). 이미지 URL 역추적으로 UC_SEQ=411 확인. source_detail_url 수동 구성 후 공공누리 마크 확인 필요.
busan-E-00012,visitbusan,https://www.visitbusan.net/uploadImgs/files/cntnts/20191230202600804_ttiel,414,,kogl_mark_on_page,,image_url_to_raw_uc_seq,manual_review,medium,FestivalService:414 — vbFull 미매칭(food/festival 전용 API). 이미지 URL 역추적으로 UC_SEQ=414 확인. source_detail_url 수동 구성 후 공공누리 마크 확인 필요.
busan-E-00013,visitbusan,https://www.visitbusan.net/uploadImgs/files/cntnts/20231024143140221_ttiel,427,,kogl_mark_on_page,,image_url_to_raw_uc_seq,manual_review,medium,FestivalService:427 — vbFull 미매칭(food/festival 전용 API). 이미지 URL 역추적으로 UC_SEQ=427 확인. source_detail_url 수동 구성 후 공공누리 마크 확인 필요.
busan-E-00014,visitbusan,https://www.visitbusan.net/uploadImgs/files/cntnts/20221227165437336_ttiel,440,,kogl_mark_on_page,,image_url_to_raw_uc_seq,manual_review,medium,FestivalService:440 — vbFull 미매칭(food/festival 전용 API). 이미지 URL 역추적으로 UC_SEQ=440 확인. source_detail_url 수동 구성 후 공공누리 마크 확인 필요.
busan-E-00015,visitbusan,https://www.visitbusan.net/uploadImgs/files/cntnts/20191231114635471_ttiel,441,,kogl_mark_on_page,,image_url_to_raw_uc_seq,manual_review,medium,FestivalService:441 — vbFull 미매칭(food/festival 전용 API). 이미지 URL 역추적으로 UC_SEQ=441 확인. source_detail_url 수동 구성 후 공공누리 마크 확인 필요.
busan-E-00016,visitbusan,https://www.visitbusan.net/uploadImgs/files/cntnts/20191231174925322_ttiel,442,,kogl_mark_on_page,,image_url_to_raw_uc_seq,manual_review,medium,FestivalService:442 — vbFull 미매칭(food/festival 전용 API). 이미지 URL 역추적으로 UC_SEQ=442 확인. source_detail_url 수동 구성 후 공공누리 마크 확인 필요.
busan-E-00017,visitbusan,https://www.visitbusan.net/uploadImgs/files/cntnts/20191231175726016_ttiel,443,,kogl_mark_on_page,,image_url_to_raw_uc_seq,manual_review,medium,FestivalService:443 — vbFull 미매칭(food/festival 전용 API). 이미지 URL 역추적으로 UC_SEQ=443 확인. source_detail_url 수동 구성 후 공공누리 마크 확인 필요.
busan-E-00018,visitbusan,https://www.visitbusan.net/uploadImgs/files/cntnts/20221227174139947_ttiel,449,,kogl_mark_on_page,,image_url_to_raw_uc_seq,manual_review,medium,FestivalService:449 — vbFull 미매칭(food/festival 전용 API). 이미지 URL 역추적으로 UC_SEQ=449 확인. source_detail_url 수동 구성 후 공공누리 마크 확인 필요.
busan-E-00019,visitbusan,https://www.visitbusan.net/uploadImgs/files/cntnts/20230913151940386_ttiel,470,,kogl_mark_on_page,,image_url_to_raw_uc_seq,manual_review,medium,FestivalService:470 — vbFull 미매칭(food/festival 전용 API). 이미지 URL 역추적으로 UC_SEQ=470 확인. source_detail_url 수동 구성 후 공공누리 마크 확인 필요.
busan-E-00020,visitbusan,https://www.visitbusan.net/uploadImgs/files/cntnts/20200102115239175_ttiel,497,,kogl_mark_on_page,,image_url_to_raw_uc_seq,manual_review,medium,FestivalService:497 — vbFull 미매칭(food/festival 전용 API). 이미지 URL 역추적으로 UC_SEQ=497 확인. source_detail_url 수동 구성 후 공공누리 마크 확인 필요.
busan-E-00021,visitbusan,https://www.visitbusan.net/uploadImgs/files/cntnts/20200102120811862_ttiel,499,,kogl_mark_on_page,,image_url_to_raw_uc_seq,manual_review,medium,FestivalService:499 — vbFull 미매칭(food/festival 전용 API). 이미지 URL 역추적으로 UC_SEQ=499 확인. source_detail_url 수동 구성 후 공공누리 마크 확인 필요.
busan-E-00022,visitbusan,https://www.visitbusan.net/uploadImgs/files/cntnts/20200102124932671_ttiel,500,,kogl_mark_on_page,,image_url_to_raw_uc_seq,manual_review,medium,FestivalService:500 — vbFull 미매칭(food/festival 전용 API). 이미지 URL 역추적으로 UC_SEQ=500 확인. source_detail_url 수동 구성 후 공공누리 마크 확인 필요.
busan-E-00023,visitbusan,https://www.visitbusan.net/uploadImgs/files/cntnts/20200102125938297_ttiel,502,,kogl_mark_on_page,,image_url_to_raw_uc_seq,manual_review,medium,FestivalService:502 — vbFull 미매칭(food/festival 전용 API). 이미지 URL 역추적으로 UC_SEQ=502 확인. source_detail_url 수동 구성 후 공공누리 마크 확인 필요.
busan-E-00024,visitbusan,https://www.visitbusan.net/uploadImgs/files/cntnts/20200102133625014_ttiel,503,,kogl_mark_on_page,,image_url_to_raw_uc_seq,manual_review,medium,FestivalService:503 — vbFull 미매칭(food/festival 전용 API). 이미지 URL 역추적으로 UC_SEQ=503 확인. source_detail_url 수동 구성 후 공공누리 마크 확인 필요.
busan-E-00025,visitbusan,https://www.visitbusan.net/uploadImgs/files/cntnts/20200110115509318_ttiel,523,,kogl_mark_on_page,,image_url_to_raw_uc_seq,manual_review,medium,FestivalService:523 — vbFull 미매칭(food/festival 전용 API). 이미지 URL 역추적으로 UC_SEQ=523 확인. source_detail_url 수동 구성 후 공공누리 마크 확인 필요.
busan-E-00026,visitbusan,https://www.visitbusan.net/uploadImgs/files/cntnts/20200110131702589_ttiel,524,,kogl_mark_on_page,,image_url_to_raw_uc_seq,manual_review,medium,FestivalService:524 — vbFull 미매칭(food/festival 전용 API). 이미지 URL 역추적으로 UC_SEQ=524 확인. source_detail_url 수동 구성 후 공공누리 마크 확인 필요.
busan-E-00027,visitbusan,https://www.visitbusan.net/uploadImgs/files/cntnts/20200110160422867_ttiel,531,,kogl_mark_on_page,,image_url_to_raw_uc_seq,manual_review,medium,FestivalService:531 — vbFull 미매칭(food/festival 전용 API). 이미지 URL 역추적으로 UC_SEQ=531 확인. source_detail_url 수동 구성 후 공공누리 마크 확인 필요.
busan-E-00029,visitbusan,https://www.visitbusan.net/uploadImgs/files/cntnts/20230517141710433_ttiel,1432,,kogl_mark_on_page,,image_url_to_raw_uc_seq,manual_review,medium,FestivalService:1432 — vbFull 미매칭(food/festival 전용 API). 이미지 URL 역추적으로 UC_SEQ=1432 확인. source_detail_url 수동 구성 후 공공누리 마크 확인 필요.
busan-E-00030,visitbusan,https://www.visitbusan.net/uploadImgs/files/cntnts/20230821115632607_ttiel,1694,,kogl_mark_on_page,,image_url_to_raw_uc_seq,manual_review,medium,FestivalService:1694 — vbFull 미매칭(food/festival 전용 API). 이미지 URL 역추적으로 UC_SEQ=1694 확인. source_detail_url 수동 구성 후 공공누리 마크 확인 필요.
busan-E-00031,visitbusan,https://www.visitbusan.net/uploadImgs/files/cntnts/20230908145725673_ttiel,1698,,kogl_mark_on_page,,image_url_to_raw_uc_seq,manual_review,medium,FestivalService:1698 — vbFull 미매칭(food/festival 전용 API). 이미지 URL 역추적으로 UC_SEQ=1698 확인. source_detail_url 수동 구성 후 공공누리 마크 확인 필요.
busan-E-00033,visitbusan,https://www.visitbusan.net/uploadImgs/files/cntnts/20240416114016931_ttiel,1807,,kogl_mark_on_page,,image_url_to_raw_uc_seq,manual_review,medium,FestivalService:1807 — vbFull 미매칭(food/festival 전용 API). 이미지 URL 역추적으로 UC_SEQ=1807 확인. source_detail_url 수동 구성 후 공공누리 마크 확인 필요.
busan-E-00034,visitbusan,https://www.visitbusan.net/uploadImgs/files/cntnts/20240625105125182_ttiel,1897,,kogl_mark_on_page,,image_url_to_raw_uc_seq,manual_review,medium,FestivalService:1897 — vbFull 미매칭(food/festival 전용 API). 이미지 URL 역추적으로 UC_SEQ=1897 확인. source_detail_url 수동 구성 후 공공누리 마크 확인 필요.
busan-E-00035,visitbusan,https://www.visitbusan.net/uploadImgs/files/cntnts/20240801113323229_ttiel,1961,,kogl_mark_on_page,,image_url_to_raw_uc_seq,manual_review,medium,FestivalService:1961 — vbFull 미매칭(food/festival 전용 API). 이미지 URL 역추적으로 UC_SEQ=1961 확인. source_detail_url 수동 구성 후 공공누리 마크 확인 필요.
busan-E-00036,visitbusan,https://www.visitbusan.net/uploadImgs/files/cntnts/20241021182231021_ttiel,2136,,kogl_mark_on_page,,image_url_to_raw_uc_seq,manual_review,medium,FestivalService:2136 — vbFull 미매칭(food/festival 전용 API). 이미지 URL 역추적으로 UC_SEQ=2136 확인. source_detail_url 수동 구성 후 공공누리 마크 확인 필요.
busan-E-00037,visitbusan,https://www.visitbusan.net/uploadImgs/files/cntnts/20250430144313591_ttiel,2368,,kogl_mark_on_page,,image_url_to_raw_uc_seq,manual_review,medium,FestivalService:2368 — vbFull 미매칭(food/festival 전용 API). 이미지 URL 역추적으로 UC_SEQ=2368 확인. source_detail_url 수동 구성 후 공공누리 마크 확인 필요.
busan-E-00038,visitbusan,https://www.visitbusan.net/uploadImgs/files/cntnts/20250513184648656_ttiel,2373,,kogl_mark_on_page,,image_url_to_raw_uc_seq,manual_review,medium,FestivalService:2373 — vbFull 미매칭(food/festival 전용 API). 이미지 URL 역추적으로 UC_SEQ=2373 확인. source_detail_url 수동 구성 후 공공누리 마크 확인 필요.
busan-E-00039,visitbusan,https://www.visitbusan.net/uploadImgs/files/cntnts/20250520203304478_ttiel,2383,,kogl_mark_on_page,,image_url_to_raw_uc_seq,manual_review,medium,FestivalService:2383 — vbFull 미매칭(food/festival 전용 API). 이미지 URL 역추적으로 UC_SEQ=2383 확인. source_detail_url 수동 구성 후 공공누리 마크 확인 필요.
busan-E-00040,visitbusan,https://www.visitbusan.net/uploadImgs/files/cntnts/20260601150158169_ttiel,2730,,kogl_mark_on_page,,image_url_to_raw_uc_seq,manual_review,medium,FestivalService:2730 — vbFull 미매칭(food/festival 전용 API). 이미지 URL 역추적으로 UC_SEQ=2730 확인. source_detail_url 수동 구성 후 공공누리 마크 확인 필요.
busan-F-00001,visitbusan,https://www.visitbusan.net/uploadImgs/files/cntnts/20191209162810545_ttiel,70,https://www.visitbusan.net/kr/index.do?menuCd=DOM_000000201002001000&uc_seq=70&lang_cd=ko,kogl_mark_on_page,,uc_seq_direct,manual_review,high,uc_seq=70 직접 보유. source_detail_url로 페이지 방문 후 공공누리 마크 여부 확인 필요.
busan-F-00002,visitbusan,https://www.visitbusan.net/uploadImgs/files/cntnts/20250515120924874_ttiel,72,https://www.visitbusan.net/kr/index.do?menuCd=DOM_000000201002001000&uc_seq=72&lang_cd=ko,kogl_mark_on_page,,uc_seq_direct,manual_review,high,uc_seq=72 직접 보유. source_detail_url로 페이지 방문 후 공공누리 마크 여부 확인 필요.
busan-F-00003,visitbusan,https://www.visitbusan.net/uploadImgs/files/cntnts/20191217101816206_ttiel,77,https://www.visitbusan.net/kr/index.do?menuCd=DOM_000000201002001000&uc_seq=77&lang_cd=ko,kogl_mark_on_page,,uc_seq_direct,manual_review,high,uc_seq=77 직접 보유. source_detail_url로 페이지 방문 후 공공누리 마크 여부 확인 필요.
busan-F-00004,visitbusan,https://www.visitbusan.net/uploadImgs/files/cntnts/20240418142402873_ttiel,83,https://www.visitbusan.net/kr/index.do?menuCd=DOM_000000201002001000&uc_seq=83&lang_cd=ko,kogl_mark_on_page,,uc_seq_direct,manual_review,high,uc_seq=83 직접 보유. source_detail_url로 페이지 방문 후 공공누리 마크 여부 확인 필요.
busan-F-00005,visitbusan,https://www.visitbusan.net/uploadImgs/files/cntnts/20240417140858880_ttiel,87,https://www.visitbusan.net/kr/index.do?menuCd=DOM_000000201002001000&uc_seq=87&lang_cd=ko,kogl_mark_on_page,,uc_seq_direct,manual_review,high,uc_seq=87 직접 보유. source_detail_url로 페이지 방문 후 공공누리 마크 여부 확인 필요.
busan-F-00006,visitbusan,https://www.visitbusan.net/uploadImgs/files/cntnts/20240417143908074_ttiel,92,https://www.visitbusan.net/kr/index.do?menuCd=DOM_000000201002001000&uc_seq=92&lang_cd=ko,kogl_mark_on_page,,uc_seq_direct,manual_review,high,uc_seq=92 직접 보유. source_detail_url로 페이지 방문 후 공공누리 마크 여부 확인 필요.
busan-F-00007,visitbusan,https://www.visitbusan.net/uploadImgs/files/cntnts/20191217201857896_ttiel,94,https://www.visitbusan.net/kr/index.do?menuCd=DOM_000000201002001000&uc_seq=94&lang_cd=ko,kogl_mark_on_page,,uc_seq_direct,manual_review,high,uc_seq=94 직접 보유. source_detail_url로 페이지 방문 후 공공누리 마크 여부 확인 필요.
busan-F-00008,visitbusan,https://www.visitbusan.net/uploadImgs/files/cntnts/20240418134454110_ttiel,95,https://www.visitbusan.net/kr/index.do?menuCd=DOM_000000201002001000&uc_seq=95&lang_cd=ko,kogl_mark_on_page,,uc_seq_direct,manual_review,high,uc_seq=95 직접 보유. source_detail_url로 페이지 방문 후 공공누리 마크 여부 확인 필요.
busan-F-00009,visitbusan,https://www.visitbusan.net/uploadImgs/files/cntnts/20230605153300303_ttiel,102,https://www.visitbusan.net/kr/index.do?menuCd=DOM_000000201002001000&uc_seq=102&lang_cd=ko,kogl_mark_on_page,,uc_seq_direct,manual_review,high,uc_seq=102 직접 보유. source_detail_url로 페이지 방문 후 공공누리 마크 여부 확인 필요.
busan-F-00010,visitbusan,https://www.visitbusan.net/uploadImgs/files/cntnts/20240419092440105_ttiel,103,https://www.visitbusan.net/kr/index.do?menuCd=DOM_000000201002001000&uc_seq=103&lang_cd=ko,kogl_mark_on_page,,uc_seq_direct,manual_review,high,uc_seq=103 직접 보유. source_detail_url로 페이지 방문 후 공공누리 마크 여부 확인 필요.
busan-F-00011,visitbusan,https://www.visitbusan.net/uploadImgs/files/cntnts/20230525160402713_ttiel,107,https://www.visitbusan.net/kr/index.do?menuCd=DOM_000000201002001000&uc_seq=107&lang_cd=ko,kogl_mark_on_page,,uc_seq_direct,manual_review,high,uc_seq=107 직접 보유. source_detail_url로 페이지 방문 후 공공누리 마크 여부 확인 필요.
busan-F-00012,visitbusan,https://www.visitbusan.net/uploadImgs/files/cntnts/20240419094840707_ttiel,109,https://www.visitbusan.net/kr/index.do?menuCd=DOM_000000201002001000&uc_seq=109&lang_cd=ko,kogl_mark_on_page,,uc_seq_direct,manual_review,high,uc_seq=109 직접 보유. source_detail_url로 페이지 방문 후 공공누리 마크 여부 확인 필요.
busan-F-00013,visitbusan,https://www.visitbusan.net/uploadImgs/files/cntnts/20240419101804650_ttiel,112,https://www.visitbusan.net/kr/index.do?menuCd=DOM_000000201002001000&uc_seq=112&lang_cd=ko,kogl_mark_on_page,,uc_seq_direct,manual_review,high,uc_seq=112 직접 보유. source_detail_url로 페이지 방문 후 공공누리 마크 여부 확인 필요.
busan-F-00014,visitbusan,https://www.visitbusan.net/uploadImgs/files/cntnts/20240419100256721_ttiel,118,https://www.visitbusan.net/kr/index.do?menuCd=DOM_000000201002001000&uc_seq=118&lang_cd=ko,kogl_mark_on_page,,uc_seq_direct,manual_review,high,uc_seq=118 직접 보유. source_detail_url로 페이지 방문 후 공공누리 마크 여부 확인 필요.
busan-F-00015,visitbusan,https://www.visitbusan.net/uploadImgs/files/cntnts/20240419113018528_ttiel,124,https://www.visitbusan.net/kr/index.do?menuCd=DOM_000000201002001000&uc_seq=124&lang_cd=ko,kogl_mark_on_page,,uc_seq_direct,manual_review,high,uc_seq=124 직접 보유. source_detail_url로 페이지 방문 후 공공누리 마크 여부 확인 필요.
busan-F-00016,visitbusan,https://www.visitbusan.net/uploadImgs/files/cntnts/20250515123503040_ttiel,127,https://www.visitbusan.net/kr/index.do?menuCd=DOM_000000201002001000&uc_seq=127&lang_cd=ko,kogl_mark_on_page,,uc_seq_direct,manual_review,high,uc_seq=127 직접 보유. source_detail_url로 페이지 방문 후 공공누리 마크 여부 확인 필요.
busan-F-00017,visitbusan,https://www.visitbusan.net/uploadImgs/files/cntnts/20230608145054469_ttiel,130,https://www.visitbusan.net/kr/index.do?menuCd=DOM_000000201002001000&uc_seq=130&lang_cd=ko,kogl_mark_on_page,,uc_seq_direct,manual_review,high,uc_seq=130 직접 보유. source_detail_url로 페이지 방문 후 공공누리 마크 여부 확인 필요.
busan-F-00018,visitbusan,https://www.visitbusan.net/uploadImgs/files/cntnts/20230607170754019_ttiel,138,https://www.visitbusan.net/kr/index.do?menuCd=DOM_000000201002001000&uc_seq=138&lang_cd=ko,kogl_mark_on_page,,uc_seq_direct,manual_review,high,uc_seq=138 직접 보유. source_detail_url로 페이지 방문 후 공공누리 마크 여부 확인 필요.
busan-F-00019,visitbusan,https://www.visitbusan.net/uploadImgs/files/cntnts/20240419125908808_ttiel,141,https://www.visitbusan.net/kr/index.do?menuCd=DOM_000000201002001000&uc_seq=141&lang_cd=ko,kogl_mark_on_page,,uc_seq_direct,manual_review,high,uc_seq=141 직접 보유. source_detail_url로 페이지 방문 후 공공누리 마크 여부 확인 필요.
busan-F-00020,visitbusan,https://www.visitbusan.net/uploadImgs/files/cntnts/20240419130448560_ttiel,146,https://www.visitbusan.net/kr/index.do?menuCd=DOM_000000201002001000&uc_seq=146&lang_cd=ko,kogl_mark_on_page,,uc_seq_direct,manual_review,high,uc_seq=146 직접 보유. source_detail_url로 페이지 방문 후 공공누리 마크 여부 확인 필요.
busan-F-00021,visitbusan,https://www.visitbusan.net/uploadImgs/files/cntnts/20191219100305084_ttiel,152,https://www.visitbusan.net/kr/index.do?menuCd=DOM_000000201002001000&uc_seq=152&lang_cd=ko,kogl_mark_on_page,,uc_seq_direct,manual_review,high,uc_seq=152 직접 보유. source_detail_url로 페이지 방문 후 공공누리 마크 여부 확인 필요.
busan-F-00022,visitbusan,https://www.visitbusan.net/uploadImgs/files/cntnts/20240419134206865_ttiel,154,https://www.visitbusan.net/kr/index.do?menuCd=DOM_000000201002001000&uc_seq=154&lang_cd=ko,kogl_mark_on_page,,uc_seq_direct,manual_review,high,uc_seq=154 직접 보유. source_detail_url로 페이지 방문 후 공공누리 마크 여부 확인 필요.
busan-F-00023,visitbusan,https://www.visitbusan.net/uploadImgs/files/cntnts/20191219101750249_ttiel,156,https://www.visitbusan.net/kr/index.do?menuCd=DOM_000000201002001000&uc_seq=156&lang_cd=ko,kogl_mark_on_page,,uc_seq_direct,manual_review,high,uc_seq=156 직접 보유. source_detail_url로 페이지 방문 후 공공누리 마크 여부 확인 필요.
busan-F-00024,visitbusan,https://www.visitbusan.net/uploadImgs/files/cntnts/20230531123640913_ttiel,158,https://www.visitbusan.net/kr/index.do?menuCd=DOM_000000201002001000&uc_seq=158&lang_cd=ko,kogl_mark_on_page,,uc_seq_direct,manual_review,high,uc_seq=158 직접 보유. source_detail_url로 페이지 방문 후 공공누리 마크 여부 확인 필요.
busan-F-00025,visitbusan,https://www.visitbusan.net/uploadImgs/files/cntnts/20200818130348030_ttiel,163,https://www.visitbusan.net/kr/index.do?menuCd=DOM_000000201002001000&uc_seq=163&lang_cd=ko,kogl_mark_on_page,,uc_seq_direct,manual_review,high,uc_seq=163 직접 보유. source_detail_url로 페이지 방문 후 공공누리 마크 여부 확인 필요.
busan-F-00026,visitbusan,https://www.visitbusan.net/uploadImgs/files/cntnts/20230608100341246_ttiel,164,https://www.visitbusan.net/kr/index.do?menuCd=DOM_000000201002001000&uc_seq=164&lang_cd=ko,kogl_mark_on_page,,uc_seq_direct,manual_review,high,uc_seq=164 직접 보유. source_detail_url로 페이지 방문 후 공공누리 마크 여부 확인 필요.
busan-F-00027,visitbusan,https://www.visitbusan.net/uploadImgs/files/cntnts/20240419174000260_ttiel,166,https://www.visitbusan.net/kr/index.do?menuCd=DOM_000000201002001000&uc_seq=166&lang_cd=ko,kogl_mark_on_page,,uc_seq_direct,manual_review,high,uc_seq=166 직접 보유. source_detail_url로 페이지 방문 후 공공누리 마크 여부 확인 필요.
busan-F-00028,visitbusan,https://www.visitbusan.net/uploadImgs/files/cntnts/20230605170838962_ttiel,167,https://www.visitbusan.net/kr/index.do?menuCd=DOM_000000201002001000&uc_seq=167&lang_cd=ko,kogl_mark_on_page,,uc_seq_direct,manual_review,high,uc_seq=167 직접 보유. source_detail_url로 페이지 방문 후 공공누리 마크 여부 확인 필요.
busan-F-00029,visitbusan,https://www.visitbusan.net/uploadImgs/files/cntnts/20191219104936271_ttiel,169,https://www.visitbusan.net/kr/index.do?menuCd=DOM_000000201002001000&uc_seq=169&lang_cd=ko,kogl_mark_on_page,,uc_seq_direct,manual_review,high,uc_seq=169 직접 보유. source_detail_url로 페이지 방문 후 공공누리 마크 여부 확인 필요.
busan-F-00030,visitbusan,https://www.visitbusan.net/uploadImgs/files/cntnts/20240416143124508_ttiel,174,https://www.visitbusan.net/kr/index.do?menuCd=DOM_000000201002001000&uc_seq=174&lang_cd=ko,kogl_mark_on_page,,uc_seq_direct,manual_review,high,uc_seq=174 직접 보유. source_detail_url로 페이지 방문 후 공공누리 마크 여부 확인 필요.
busan-F-00031,visitbusan,https://www.visitbusan.net/uploadImgs/files/cntnts/20240417163511863_ttiel,177,https://www.visitbusan.net/kr/index.do?menuCd=DOM_000000201002001000&uc_seq=177&lang_cd=ko,kogl_mark_on_page,,uc_seq_direct,manual_review,high,uc_seq=177 직접 보유. source_detail_url로 페이지 방문 후 공공누리 마크 여부 확인 필요.
busan-F-00032,visitbusan,https://www.visitbusan.net/uploadImgs/files/cntnts/20240418090456625_ttiel,184,https://www.visitbusan.net/kr/index.do?menuCd=DOM_000000201002001000&uc_seq=184&lang_cd=ko,kogl_mark_on_page,,uc_seq_direct,manual_review,high,uc_seq=184 직접 보유. source_detail_url로 페이지 방문 후 공공누리 마크 여부 확인 필요.
busan-F-00033,visitbusan,https://www.visitbusan.net/uploadImgs/files/cntnts/20191219134018171_ttiel,190,https://www.visitbusan.net/kr/index.do?menuCd=DOM_000000201002001000&uc_seq=190&lang_cd=ko,kogl_mark_on_page,,uc_seq_direct,manual_review,high,uc_seq=190 직접 보유. source_detail_url로 페이지 방문 후 공공누리 마크 여부 확인 필요.
busan-F-00034,visitbusan,https://www.visitbusan.net/uploadImgs/files/cntnts/20240422090815838_ttiel,193,https://www.visitbusan.net/kr/index.do?menuCd=DOM_000000201002001000&uc_seq=193&lang_cd=ko,kogl_mark_on_page,,uc_seq_direct,manual_review,high,uc_seq=193 직접 보유. source_detail_url로 페이지 방문 후 공공누리 마크 여부 확인 필요.
busan-F-00035,visitbusan,https://www.visitbusan.net/uploadImgs/files/cntnts/20240417173744613_ttiel,198,https://www.visitbusan.net/kr/index.do?menuCd=DOM_000000201002001000&uc_seq=198&lang_cd=ko,kogl_mark_on_page,,uc_seq_direct,manual_review,high,uc_seq=198 직접 보유. source_detail_url로 페이지 방문 후 공공누리 마크 여부 확인 필요.
busan-F-00036,visitbusan,https://www.visitbusan.net/uploadImgs/files/cntnts/20240418090136482_ttiel,200,https://www.visitbusan.net/kr/index.do?menuCd=DOM_000000201002001000&uc_seq=200&lang_cd=ko,kogl_mark_on_page,,uc_seq_direct,manual_review,high,uc_seq=200 직접 보유. source_detail_url로 페이지 방문 후 공공누리 마크 여부 확인 필요.
busan-F-00037,visitbusan,https://www.visitbusan.net/uploadImgs/files/cntnts/20191219141936064_ttiel,201,https://www.visitbusan.net/kr/index.do?menuCd=DOM_000000201002001000&uc_seq=201&lang_cd=ko,kogl_mark_on_page,,uc_seq_direct,manual_review,high,uc_seq=201 직접 보유. source_detail_url로 페이지 방문 후 공공누리 마크 여부 확인 필요.
busan-F-00038,visitbusan,https://www.visitbusan.net/uploadImgs/files/cntnts/20200819165333332_ttiel,203,https://www.visitbusan.net/kr/index.do?menuCd=DOM_000000201002001000&uc_seq=203&lang_cd=ko,kogl_mark_on_page,,uc_seq_direct,manual_review,high,uc_seq=203 직접 보유. source_detail_url로 페이지 방문 후 공공누리 마크 여부 확인 필요.
busan-F-00039,visitbusan,https://www.visitbusan.net/uploadImgs/files/cntnts/20230607155733028_ttiel,204,https://www.visitbusan.net/kr/index.do?menuCd=DOM_000000201002001000&uc_seq=204&lang_cd=ko,kogl_mark_on_page,,uc_seq_direct,manual_review,high,uc_seq=204 직접 보유. source_detail_url로 페이지 방문 후 공공누리 마크 여부 확인 필요.
busan-F-00040,visitbusan,https://www.visitbusan.net/uploadImgs/files/cntnts/20240418103113463_ttiel,208,https://www.visitbusan.net/kr/index.do?menuCd=DOM_000000201002001000&uc_seq=208&lang_cd=ko,kogl_mark_on_page,,uc_seq_direct,manual_review,high,uc_seq=208 직접 보유. source_detail_url로 페이지 방문 후 공공누리 마크 여부 확인 필요.
busan-F-00041,visitbusan,https://www.visitbusan.net/uploadImgs/files/cntnts/20230608142501309_ttiel,212,https://www.visitbusan.net/kr/index.do?menuCd=DOM_000000201002001000&uc_seq=212&lang_cd=ko,kogl_mark_on_page,,uc_seq_direct,manual_review,high,uc_seq=212 직접 보유. source_detail_url로 페이지 방문 후 공공누리 마크 여부 확인 필요.
busan-F-00042,visitbusan,https://www.visitbusan.net/uploadImgs/files/cntnts/20230523145317638_ttiel,214,https://www.visitbusan.net/kr/index.do?menuCd=DOM_000000201002001000&uc_seq=214&lang_cd=ko,kogl_mark_on_page,,uc_seq_direct,manual_review,high,uc_seq=214 직접 보유. source_detail_url로 페이지 방문 후 공공누리 마크 여부 확인 필요.
busan-F-00043,visitbusan,https://www.visitbusan.net/uploadImgs/files/cntnts/20191219153031872_ttiel,215,https://www.visitbusan.net/kr/index.do?menuCd=DOM_000000201002001000&uc_seq=215&lang_cd=ko,kogl_mark_on_page,,uc_seq_direct,manual_review,high,uc_seq=215 직접 보유. source_detail_url로 페이지 방문 후 공공누리 마크 여부 확인 필요.
busan-F-00044,visitbusan,https://www.visitbusan.net/uploadImgs/files/cntnts/20240416153630841_ttiel,218,https://www.visitbusan.net/en/index.do?menuCd=DOM_000000201002001000&uc_seq=218&lang_cd=en,kogl_mark_on_page,,service_uc_seq_to_vbfull,manual_review,high,FoodService:218→vbFull 매칭. source_detail_url 확인됨. 페이지 방문 후 공공누리 마크 확인 필요.
busan-F-00045,visitbusan,https://www.visitbusan.net/uploadImgs/files/cntnts/20220513092736141_ttiel,234,https://www.visitbusan.net/kr/index.do?menuCd=DOM_000000201002001000&uc_seq=234&lang_cd=ko,kogl_mark_on_page,,uc_seq_direct,manual_review,high,uc_seq=234 직접 보유. source_detail_url로 페이지 방문 후 공공누리 마크 여부 확인 필요.
busan-F-00046,visitbusan,https://www.visitbusan.net/uploadImgs/files/cntnts/20240417092928274_ttiel,235,https://www.visitbusan.net/kr/index.do?menuCd=DOM_000000201002001000&uc_seq=235&lang_cd=ko,kogl_mark_on_page,,uc_seq_direct,manual_review,high,uc_seq=235 직접 보유. source_detail_url로 페이지 방문 후 공공누리 마크 여부 확인 필요.
busan-F-00047,visitbusan,https://www.visitbusan.net/uploadImgs/files/cntnts/20240417103325942_ttiel,239,https://www.visitbusan.net/kr/index.do?menuCd=DOM_000000201002001000&uc_seq=239&lang_cd=ko,kogl_mark_on_page,,uc_seq_direct,manual_review,high,uc_seq=239 직접 보유. source_detail_url로 페이지 방문 후 공공누리 마크 여부 확인 필요.
busan-F-00048,visitbusan,https://www.visitbusan.net/uploadImgs/files/cntnts/20191220111654951_ttiel,242,https://www.visitbusan.net/kr/index.do?menuCd=DOM_000000201002001000&uc_seq=242&lang_cd=ko,kogl_mark_on_page,,uc_seq_direct,manual_review,high,uc_seq=242 직접 보유. source_detail_url로 페이지 방문 후 공공누리 마크 여부 확인 필요.
busan-F-00049,visitbusan,https://www.visitbusan.net/uploadImgs/files/cntnts/20230601112526719_ttiel,245,https://www.visitbusan.net/kr/index.do?menuCd=DOM_000000201002001000&uc_seq=245&lang_cd=ko,kogl_mark_on_page,,uc_seq_direct,manual_review,high,uc_seq=245 직접 보유. source_detail_url로 페이지 방문 후 공공누리 마크 여부 확인 필요.
busan-F-00050,visitbusan,https://www.visitbusan.net/uploadImgs/files/cntnts/20240416171620563_ttiel,246,https://www.visitbusan.net/kr/index.do?menuCd=DOM_000000201002001000&uc_seq=246&lang_cd=ko,kogl_mark_on_page,,uc_seq_direct,manual_review,high,uc_seq=246 직접 보유. source_detail_url로 페이지 방문 후 공공누리 마크 여부 확인 필요.
busan-F-00051,visitbusan,https://www.visitbusan.net/uploadImgs/files/cntnts/20220512102852754_ttiel,252,https://www.visitbusan.net/kr/index.do?menuCd=DOM_000000201002001000&uc_seq=252&lang_cd=ko,kogl_mark_on_page,,uc_seq_direct,manual_review,high,uc_seq=252 직접 보유. source_detail_url로 페이지 방문 후 공공누리 마크 여부 확인 필요.
busan-F-00052,visitbusan,https://www.visitbusan.net/uploadImgs/files/cntnts/20230525155402064_ttiel,564,https://www.visitbusan.net/kr/index.do?menuCd=DOM_000000201002001000&uc_seq=564&lang_cd=ko,kogl_mark_on_page,,uc_seq_direct,manual_review,high,uc_seq=564 직접 보유. source_detail_url로 페이지 방문 후 공공누리 마크 여부 확인 필요.
busan-F-00053,visitbusan,https://www.visitbusan.net/uploadImgs/files/cntnts/20240416172624208_ttiel,566,https://www.visitbusan.net/kr/index.do?menuCd=DOM_000000201002001000&uc_seq=566&lang_cd=ko,kogl_mark_on_page,,uc_seq_direct,manual_review,high,uc_seq=566 직접 보유. source_detail_url로 페이지 방문 후 공공누리 마크 여부 확인 필요.
busan-F-00054,visitbusan,https://www.visitbusan.net/uploadImgs/files/cntnts/20240418143145988_ttiel,576,https://www.visitbusan.net/kr/index.do?menuCd=DOM_000000201002001000&uc_seq=576&lang_cd=ko,kogl_mark_on_page,,uc_seq_direct,manual_review,high,uc_seq=576 직접 보유. source_detail_url로 페이지 방문 후 공공누리 마크 여부 확인 필요.
busan-F-00055,visitbusan,https://www.visitbusan.net/uploadImgs/files/cntnts/20200818134302422_ttiel,577,https://www.visitbusan.net/kr/index.do?menuCd=DOM_000000201002001000&uc_seq=577&lang_cd=ko,kogl_mark_on_page,,uc_seq_direct,manual_review,high,uc_seq=577 직접 보유. source_detail_url로 페이지 방문 후 공공누리 마크 여부 확인 필요.
busan-F-00056,visitbusan,https://www.visitbusan.net/uploadImgs/files/cntnts/20240415163345618_ttiel,865,https://www.visitbusan.net/kr/index.do?menuCd=DOM_000000201002001000&uc_seq=865&lang_cd=ko,kogl_mark_on_page,,uc_seq_direct,manual_review,high,uc_seq=865 직접 보유. source_detail_url로 페이지 방문 후 공공누리 마크 여부 확인 필요.
busan-F-00057,visitbusan,https://www.visitbusan.net/uploadImgs/files/cntnts/20240415175213819_ttiel,872,https://www.visitbusan.net/kr/index.do?menuCd=DOM_000000201002001000&uc_seq=872&lang_cd=ko,kogl_mark_on_page,,uc_seq_direct,manual_review,high,uc_seq=872 직접 보유. source_detail_url로 페이지 방문 후 공공누리 마크 여부 확인 필요.
busan-F-00058,visitbusan,https://www.visitbusan.net/uploadImgs/files/cntnts/20200819144753937_ttiel,877,https://www.visitbusan.net/kr/index.do?menuCd=DOM_000000201002001000&uc_seq=877&lang_cd=ko,kogl_mark_on_page,,uc_seq_direct,manual_review,high,uc_seq=877 직접 보유. source_detail_url로 페이지 방문 후 공공누리 마크 여부 확인 필요.
busan-F-00059,visitbusan,https://www.visitbusan.net/uploadImgs/files/cntnts/20240416144911943_ttiel,884,https://www.visitbusan.net/kr/index.do?menuCd=DOM_000000201002001000&uc_seq=884&lang_cd=ko,kogl_mark_on_page,,uc_seq_direct,manual_review,high,uc_seq=884 직접 보유. source_detail_url로 페이지 방문 후 공공누리 마크 여부 확인 필요.
busan-F-00060,visitbusan,https://www.visitbusan.net/uploadImgs/files/cntnts/20200819150211450_ttiel,886,https://www.visitbusan.net/kr/index.do?menuCd=DOM_000000201002001000&uc_seq=886&lang_cd=ko,kogl_mark_on_page,,uc_seq_direct,manual_review,high,uc_seq=886 직접 보유. source_detail_url로 페이지 방문 후 공공누리 마크 여부 확인 필요.
busan-F-00061,visitbusan,https://www.visitbusan.net/uploadImgs/files/cntnts/20200820090928003_ttiel,887,https://www.visitbusan.net/kr/index.do?menuCd=DOM_000000201002001000&uc_seq=887&lang_cd=ko,kogl_mark_on_page,,uc_seq_direct,manual_review,high,uc_seq=887 직접 보유. source_detail_url로 페이지 방문 후 공공누리 마크 여부 확인 필요.
busan-F-00062,visitbusan,https://www.visitbusan.net/uploadImgs/files/cntnts/20230603134954264_ttiel,890,https://www.visitbusan.net/kr/index.do?menuCd=DOM_000000201002001000&uc_seq=890&lang_cd=ko,kogl_mark_on_page,,uc_seq_direct,manual_review,high,uc_seq=890 직접 보유. source_detail_url로 페이지 방문 후 공공누리 마크 여부 확인 필요.
busan-F-00063,visitbusan,https://www.visitbusan.net/uploadImgs/files/cntnts/20200818153601185_ttiel,893,https://www.visitbusan.net/kr/index.do?menuCd=DOM_000000201002001000&uc_seq=893&lang_cd=ko,kogl_mark_on_page,,uc_seq_direct,manual_review,high,uc_seq=893 직접 보유. source_detail_url로 페이지 방문 후 공공누리 마크 여부 확인 필요.
busan-F-00064,visitbusan,https://www.visitbusan.net/uploadImgs/files/cntnts/20250515155412591_ttiel,899,https://www.visitbusan.net/kr/index.do?menuCd=DOM_000000201002001000&uc_seq=899&lang_cd=ko,kogl_mark_on_page,,uc_seq_direct,manual_review,high,uc_seq=899 직접 보유. source_detail_url로 페이지 방문 후 공공누리 마크 여부 확인 필요.
busan-F-00065,visitbusan,https://www.visitbusan.net/uploadImgs/files/cntnts/20230607173727769_ttiel,904,https://www.visitbusan.net/kr/index.do?menuCd=DOM_000000201002001000&uc_seq=904&lang_cd=ko,kogl_mark_on_page,,uc_seq_direct,manual_review,high,uc_seq=904 직접 보유. source_detail_url로 페이지 방문 후 공공누리 마크 여부 확인 필요.
busan-F-00066,visitbusan,https://www.visitbusan.net/uploadImgs/files/cntnts/20230608114815119_ttiel,917,https://www.visitbusan.net/kr/index.do?menuCd=DOM_000000201002001000&uc_seq=917&lang_cd=ko,kogl_mark_on_page,,uc_seq_direct,manual_review,high,uc_seq=917 직접 보유. source_detail_url로 페이지 방문 후 공공누리 마크 여부 확인 필요.
busan-F-00067,visitbusan,https://www.visitbusan.net/uploadImgs/files/cntnts/20240418142653242_ttiel,920,https://www.visitbusan.net/kr/index.do?menuCd=DOM_000000201002001000&uc_seq=920&lang_cd=ko,kogl_mark_on_page,,uc_seq_direct,manual_review,high,uc_seq=920 직접 보유. source_detail_url로 페이지 방문 후 공공누리 마크 여부 확인 필요.
busan-F-00068,visitbusan,https://www.visitbusan.net/uploadImgs/files/cntnts/20240418140108273_ttiel,926,https://www.visitbusan.net/kr/index.do?menuCd=DOM_000000201002001000&uc_seq=926&lang_cd=ko,kogl_mark_on_page,,uc_seq_direct,manual_review,high,uc_seq=926 직접 보유. source_detail_url로 페이지 방문 후 공공누리 마크 여부 확인 필요.
busan-F-00069,visitbusan,https://www.visitbusan.net/uploadImgs/files/cntnts/20200819172514790_ttiel,928,https://www.visitbusan.net/kr/index.do?menuCd=DOM_000000201002001000&uc_seq=928&lang_cd=ko,kogl_mark_on_page,,uc_seq_direct,manual_review,high,uc_seq=928 직접 보유. source_detail_url로 페이지 방문 후 공공누리 마크 여부 확인 필요.
busan-F-00070,visitbusan,https://www.visitbusan.net/uploadImgs/files/cntnts/20200819103408604_ttiel,929,https://www.visitbusan.net/kr/index.do?menuCd=DOM_000000201002001000&uc_seq=929&lang_cd=ko,kogl_mark_on_page,,uc_seq_direct,manual_review,high,uc_seq=929 직접 보유. source_detail_url로 페이지 방문 후 공공누리 마크 여부 확인 필요.
busan-F-00071,visitbusan,https://www.visitbusan.net/uploadImgs/files/cntnts/20200819105118416_ttiel,933,https://www.visitbusan.net/kr/index.do?menuCd=DOM_000000201002001000&uc_seq=933&lang_cd=ko,kogl_mark_on_page,,uc_seq_direct,manual_review,high,uc_seq=933 직접 보유. source_detail_url로 페이지 방문 후 공공누리 마크 여부 확인 필요.
busan-F-00072,visitbusan,https://www.visitbusan.net/uploadImgs/files/cntnts/20200819110257649_ttiel,936,https://www.visitbusan.net/kr/index.do?menuCd=DOM_000000201002001000&uc_seq=936&lang_cd=ko,kogl_mark_on_page,,uc_seq_direct,manual_review,high,uc_seq=936 직접 보유. source_detail_url로 페이지 방문 후 공공누리 마크 여부 확인 필요.
busan-F-00073,visitbusan,https://www.visitbusan.net/uploadImgs/files/cntnts/20200819112147736_ttiel,942,https://www.visitbusan.net/kr/index.do?menuCd=DOM_000000201002001000&uc_seq=942&lang_cd=ko,kogl_mark_on_page,,uc_seq_direct,manual_review,high,uc_seq=942 직접 보유. source_detail_url로 페이지 방문 후 공공누리 마크 여부 확인 필요.
busan-F-00074,visitbusan,https://www.visitbusan.net/uploadImgs/files/cntnts/20240417155301384_ttiel,944,https://www.visitbusan.net/kr/index.do?menuCd=DOM_000000201002001000&uc_seq=944&lang_cd=ko,kogl_mark_on_page,,uc_seq_direct,manual_review,high,uc_seq=944 직접 보유. source_detail_url로 페이지 방문 후 공공누리 마크 여부 확인 필요.
busan-F-00075,visitbusan,https://www.visitbusan.net/uploadImgs/files/cntnts/20200820091146813_ttiel,949,https://www.visitbusan.net/kr/index.do?menuCd=DOM_000000201002001000&uc_seq=949&lang_cd=ko,kogl_mark_on_page,,uc_seq_direct,manual_review,high,uc_seq=949 직접 보유. source_detail_url로 페이지 방문 후 공공누리 마크 여부 확인 필요.
busan-F-00076,visitbusan,https://www.visitbusan.net/uploadImgs/files/cntnts/20240418102343022_ttiel,950,https://www.visitbusan.net/kr/index.do?menuCd=DOM_000000201002001000&uc_seq=950&lang_cd=ko,kogl_mark_on_page,,uc_seq_direct,manual_review,high,uc_seq=950 직접 보유. source_detail_url로 페이지 방문 후 공공누리 마크 여부 확인 필요.
busan-F-00077,visitbusan,https://www.visitbusan.net/uploadImgs/files/cntnts/20200819154140644_ttiel,953,https://www.visitbusan.net/kr/index.do?menuCd=DOM_000000201002001000&uc_seq=953&lang_cd=ko,kogl_mark_on_page,,uc_seq_direct,manual_review,high,uc_seq=953 직접 보유. source_detail_url로 페이지 방문 후 공공누리 마크 여부 확인 필요.
busan-F-00078,visitbusan,https://www.visitbusan.net/uploadImgs/files/cntnts/20200820091029413_ttiel,958,https://www.visitbusan.net/kr/index.do?menuCd=DOM_000000201002001000&uc_seq=958&lang_cd=ko,kogl_mark_on_page,,uc_seq_direct,manual_review,high,uc_seq=958 직접 보유. source_detail_url로 페이지 방문 후 공공누리 마크 여부 확인 필요.
busan-F-00079,visitbusan,https://www.visitbusan.net/uploadImgs/files/cntnts/20230531122205481_ttiel,959,https://www.visitbusan.net/kr/index.do?menuCd=DOM_000000201002001000&uc_seq=959&lang_cd=ko,kogl_mark_on_page,,uc_seq_direct,manual_review,high,uc_seq=959 직접 보유. source_detail_url로 페이지 방문 후 공공누리 마크 여부 확인 필요.
busan-F-00080,visitbusan,https://www.visitbusan.net/uploadImgs/files/cntnts/20200819132345743_ttiel,960,https://www.visitbusan.net/en/index.do?menuCd=DOM_000000201002001000&uc_seq=960&lang_cd=en,kogl_mark_on_page,,service_uc_seq_to_vbfull,manual_review,high,FoodService:960→vbFull 매칭. source_detail_url 확인됨. 페이지 방문 후 공공누리 마크 확인 필요.
busan-F-00081,visitbusan,https://www.visitbusan.net/uploadImgs/files/cntnts/20240417173451717_ttiel,961,https://www.visitbusan.net/kr/index.do?menuCd=DOM_000000201002001000&uc_seq=961&lang_cd=ko,kogl_mark_on_page,,uc_seq_direct,manual_review,high,uc_seq=961 직접 보유. source_detail_url로 페이지 방문 후 공공누리 마크 여부 확인 필요.
busan-F-00082,visitbusan,https://www.visitbusan.net/uploadImgs/files/cntnts/20200819133843312_ttiel,963,https://www.visitbusan.net/kr/index.do?menuCd=DOM_000000201002001000&uc_seq=963&lang_cd=ko,kogl_mark_on_page,,uc_seq_direct,manual_review,high,uc_seq=963 직접 보유. source_detail_url로 페이지 방문 후 공공누리 마크 여부 확인 필요.
busan-F-00083,visitbusan,https://www.visitbusan.net/uploadImgs/files/cntnts/20200819134238418_ttiel,964,https://www.visitbusan.net/kr/index.do?menuCd=DOM_000000201002001000&uc_seq=964&lang_cd=ko,kogl_mark_on_page,,uc_seq_direct,manual_review,high,uc_seq=964 직접 보유. source_detail_url로 페이지 방문 후 공공누리 마크 여부 확인 필요.
busan-F-00084,visitbusan,https://www.visitbusan.net/uploadImgs/files/cntnts/20240418091306849_ttiel,965,https://www.visitbusan.net/kr/index.do?menuCd=DOM_000000201002001000&uc_seq=965&lang_cd=ko,kogl_mark_on_page,,uc_seq_direct,manual_review,high,uc_seq=965 직접 보유. source_detail_url로 페이지 방문 후 공공누리 마크 여부 확인 필요.
busan-F-00085,visitbusan,https://www.visitbusan.net/uploadImgs/files/cntnts/20230607132213312_ttiel,966,https://www.visitbusan.net/kr/index.do?menuCd=DOM_000000201002001000&uc_seq=966&lang_cd=ko,kogl_mark_on_page,,uc_seq_direct,manual_review,high,uc_seq=966 직접 보유. source_detail_url로 페이지 방문 후 공공누리 마크 여부 확인 필요.
busan-F-00086,visitbusan,https://www.visitbusan.net/uploadImgs/files/cntnts/20200819143114772_ttiel,969,https://www.visitbusan.net/kr/index.do?menuCd=DOM_000000201002001000&uc_seq=969&lang_cd=ko,kogl_mark_on_page,,uc_seq_direct,manual_review,high,uc_seq=969 직접 보유. source_detail_url로 페이지 방문 후 공공누리 마크 여부 확인 필요.
busan-F-00087,visitbusan,https://www.visitbusan.net/uploadImgs/files/cntnts/20200819161305335_ttiel,974,https://www.visitbusan.net/kr/index.do?menuCd=DOM_000000201002001000&uc_seq=974&lang_cd=ko,kogl_mark_on_page,,uc_seq_direct,manual_review,high,uc_seq=974 직접 보유. source_detail_url로 페이지 방문 후 공공누리 마크 여부 확인 필요.
busan-F-00088,visitbusan,https://www.visitbusan.net/uploadImgs/files/cntnts/20210415134915004_ttiel,1065,https://www.visitbusan.net/kr/index.do?menuCd=DOM_000000201002001000&uc_seq=1065&lang_cd=ko,kogl_mark_on_page,,uc_seq_direct,manual_review,high,uc_seq=1065 직접 보유. source_detail_url로 페이지 방문 후 공공누리 마크 여부 확인 필요.
busan-F-00089,visitbusan,https://www.visitbusan.net/uploadImgs/files/cntnts/20250515142651174_ttiel,1092,https://www.visitbusan.net/kr/index.do?menuCd=DOM_000000201002001000&uc_seq=1092&lang_cd=ko,kogl_mark_on_page,,uc_seq_direct,manual_review,high,uc_seq=1092 직접 보유. source_detail_url로 페이지 방문 후 공공누리 마크 여부 확인 필요.
busan-F-00090,visitbusan,https://www.visitbusan.net/uploadImgs/files/cntnts/20230607165446819_ttiel,1094,https://www.visitbusan.net/kr/index.do?menuCd=DOM_000000201002001000&uc_seq=1094&lang_cd=ko,kogl_mark_on_page,,uc_seq_direct,manual_review,high,uc_seq=1094 직접 보유. source_detail_url로 페이지 방문 후 공공누리 마크 여부 확인 필요.
busan-F-00091,visitbusan,https://www.visitbusan.net/uploadImgs/files/cntnts/20210913100010495_ttiel,1099,https://www.visitbusan.net/kr/index.do?menuCd=DOM_000000201002001000&uc_seq=1099&lang_cd=ko,kogl_mark_on_page,,uc_seq_direct,manual_review,high,uc_seq=1099 직접 보유. source_detail_url로 페이지 방문 후 공공누리 마크 여부 확인 필요.
busan-F-00092,visitbusan,https://www.visitbusan.net/uploadImgs/files/cntnts/20230601215049360_ttiel,1100,https://www.visitbusan.net/kr/index.do?menuCd=DOM_000000201002001000&uc_seq=1100&lang_cd=ko,kogl_mark_on_page,,uc_seq_direct,manual_review,high,uc_seq=1100 직접 보유. source_detail_url로 페이지 방문 후 공공누리 마크 여부 확인 필요.
busan-F-00093,visitbusan,https://www.visitbusan.net/uploadImgs/files/cntnts/20210913104329974_ttiel,1104,https://www.visitbusan.net/kr/index.do?menuCd=DOM_000000201002001000&uc_seq=1104&lang_cd=ko,kogl_mark_on_page,,uc_seq_direct,manual_review,high,uc_seq=1104 직접 보유. source_detail_url로 페이지 방문 후 공공누리 마크 여부 확인 필요.
busan-F-00094,visitbusan,https://www.visitbusan.net/uploadImgs/files/cntnts/20210913110103549_ttiel,1106,https://www.visitbusan.net/kr/index.do?menuCd=DOM_000000201002001000&uc_seq=1106&lang_cd=ko,kogl_mark_on_page,,uc_seq_direct,manual_review,high,uc_seq=1106 직접 보유. source_detail_url로 페이지 방문 후 공공누리 마크 여부 확인 필요.
busan-F-00095,visitbusan,https://www.visitbusan.net/uploadImgs/files/cntnts/20210913110833421_ttiel,1107,https://www.visitbusan.net/kr/index.do?menuCd=DOM_000000201002001000&uc_seq=1107&lang_cd=ko,kogl_mark_on_page,,uc_seq_direct,manual_review,high,uc_seq=1107 직접 보유. source_detail_url로 페이지 방문 후 공공누리 마크 여부 확인 필요.
busan-F-00096,visitbusan,https://www.visitbusan.net/uploadImgs/files/cntnts/20210913111405621_ttiel,1108,https://www.visitbusan.net/kr/index.do?menuCd=DOM_000000201002001000&uc_seq=1108&lang_cd=ko,kogl_mark_on_page,,uc_seq_direct,manual_review,high,uc_seq=1108 직접 보유. source_detail_url로 페이지 방문 후 공공누리 마크 여부 확인 필요.
busan-F-00097,visitbusan,https://www.visitbusan.net/uploadImgs/files/cntnts/20210913112340644_ttiel,1110,https://www.visitbusan.net/kr/index.do?menuCd=DOM_000000201002001000&uc_seq=1110&lang_cd=ko,kogl_mark_on_page,,uc_seq_direct,manual_review,high,uc_seq=1110 직접 보유. source_detail_url로 페이지 방문 후 공공누리 마크 여부 확인 필요.
busan-F-00098,visitbusan,https://www.visitbusan.net/uploadImgs/files/cntnts/20250523160110075_ttiel,1111,https://www.visitbusan.net/kr/index.do?menuCd=DOM_000000201002001000&uc_seq=1111&lang_cd=ko,kogl_mark_on_page,,uc_seq_direct,manual_review,high,uc_seq=1111 직접 보유. source_detail_url로 페이지 방문 후 공공누리 마크 여부 확인 필요.
busan-F-00099,visitbusan,https://www.visitbusan.net/uploadImgs/files/cntnts/20210913114940489_ttiel,1117,https://www.visitbusan.net/kr/index.do?menuCd=DOM_000000201002001000&uc_seq=1117&lang_cd=ko,kogl_mark_on_page,,uc_seq_direct,manual_review,high,uc_seq=1117 직접 보유. source_detail_url로 페이지 방문 후 공공누리 마크 여부 확인 필요.
busan-F-00100,visitbusan,https://www.visitbusan.net/uploadImgs/files/cntnts/20240417165519984_ttiel,1118,https://www.visitbusan.net/kr/index.do?menuCd=DOM_000000201002001000&uc_seq=1118&lang_cd=ko,kogl_mark_on_page,,uc_seq_direct,manual_review,high,uc_seq=1118 직접 보유. source_detail_url로 페이지 방문 후 공공누리 마크 여부 확인 필요.
busan-F-00101,visitbusan,https://www.visitbusan.net/uploadImgs/files/cntnts/20210913133410983_ttiel,1121,https://www.visitbusan.net/kr/index.do?menuCd=DOM_000000201002001000&uc_seq=1121&lang_cd=ko,kogl_mark_on_page,,uc_seq_direct,manual_review,high,uc_seq=1121 직접 보유. source_detail_url로 페이지 방문 후 공공누리 마크 여부 확인 필요.
busan-F-00102,visitbusan,https://www.visitbusan.net/uploadImgs/files/cntnts/20210913141552746_ttiel,1132,https://www.visitbusan.net/kr/index.do?menuCd=DOM_000000201002001000&uc_seq=1132&lang_cd=ko,kogl_mark_on_page,,uc_seq_direct,manual_review,high,uc_seq=1132 직접 보유. source_detail_url로 페이지 방문 후 공공누리 마크 여부 확인 필요.
busan-F-00103,visitbusan,https://www.visitbusan.net/uploadImgs/files/cntnts/20240418141930357_ttiel,1133,https://www.visitbusan.net/en/index.do?menuCd=DOM_000000201002001000&uc_seq=1133&lang_cd=en,kogl_mark_on_page,,service_uc_seq_to_vbfull,manual_review,high,FoodService:1133→vbFull 매칭. source_detail_url 확인됨. 페이지 방문 후 공공누리 마크 확인 필요.
busan-F-00104,visitbusan,https://www.visitbusan.net/uploadImgs/files/cntnts/20210913152113856_ttiel,1135,https://www.visitbusan.net/kr/index.do?menuCd=DOM_000000201002001000&uc_seq=1135&lang_cd=ko,kogl_mark_on_page,,uc_seq_direct,manual_review,high,uc_seq=1135 직접 보유. source_detail_url로 페이지 방문 후 공공누리 마크 여부 확인 필요.
busan-F-00105,visitbusan,https://www.visitbusan.net/uploadImgs/files/cntnts/20210913152733413_ttiel,1136,https://www.visitbusan.net/kr/index.do?menuCd=DOM_000000201002001000&uc_seq=1136&lang_cd=ko,kogl_mark_on_page,,uc_seq_direct,manual_review,high,uc_seq=1136 직접 보유. source_detail_url로 페이지 방문 후 공공누리 마크 여부 확인 필요.
busan-F-00106,visitbusan,https://www.visitbusan.net/uploadImgs/files/cntnts/20240419110909568_ttiel,1137,https://www.visitbusan.net/en/index.do?menuCd=DOM_000000201002001000&uc_seq=1137&lang_cd=en,kogl_mark_on_page,,service_uc_seq_to_vbfull,manual_review,high,FoodService:1137→vbFull 매칭. source_detail_url 확인됨. 페이지 방문 후 공공누리 마크 확인 필요.
busan-F-00107,visitbusan,https://www.visitbusan.net/uploadImgs/files/cntnts/20210913153737388_ttiel,1138,https://www.visitbusan.net/kr/index.do?menuCd=DOM_000000201002001000&uc_seq=1138&lang_cd=ko,kogl_mark_on_page,,uc_seq_direct,manual_review,high,uc_seq=1138 직접 보유. source_detail_url로 페이지 방문 후 공공누리 마크 여부 확인 필요.
busan-F-00108,visitbusan,https://www.visitbusan.net/uploadImgs/files/cntnts/20220510145207922_ttiel,1219,https://www.visitbusan.net/kr/index.do?menuCd=DOM_000000201002001000&uc_seq=1219&lang_cd=ko,kogl_mark_on_page,,uc_seq_direct,manual_review,high,uc_seq=1219 직접 보유. source_detail_url로 페이지 방문 후 공공누리 마크 여부 확인 필요.
busan-F-00109,visitbusan,https://www.visitbusan.net/uploadImgs/files/cntnts/20220510161651267_ttiel,1221,https://www.visitbusan.net/kr/index.do?menuCd=DOM_000000201002001000&uc_seq=1221&lang_cd=ko,kogl_mark_on_page,,uc_seq_direct,manual_review,high,uc_seq=1221 직접 보유. source_detail_url로 페이지 방문 후 공공누리 마크 여부 확인 필요.
busan-F-00110,visitbusan,https://www.visitbusan.net/uploadImgs/files/cntnts/20220510170244967_ttiel,1222,https://www.visitbusan.net/kr/index.do?menuCd=DOM_000000201002001000&uc_seq=1222&lang_cd=ko,kogl_mark_on_page,,uc_seq_direct,manual_review,high,uc_seq=1222 직접 보유. source_detail_url로 페이지 방문 후 공공누리 마크 여부 확인 필요.
busan-F-00111,visitbusan,https://www.visitbusan.net/uploadImgs/files/cntnts/20220510173949671_ttiel,1223,https://www.visitbusan.net/kr/index.do?menuCd=DOM_000000201002001000&uc_seq=1223&lang_cd=ko,kogl_mark_on_page,,uc_seq_direct,manual_review,high,uc_seq=1223 직접 보유. source_detail_url로 페이지 방문 후 공공누리 마크 여부 확인 필요.
busan-F-00112,visitbusan,https://www.visitbusan.net/uploadImgs/files/cntnts/20220510180602206_ttiel,1225,https://www.visitbusan.net/kr/index.do?menuCd=DOM_000000201002001000&uc_seq=1225&lang_cd=ko,kogl_mark_on_page,,uc_seq_direct,manual_review,high,uc_seq=1225 직접 보유. source_detail_url로 페이지 방문 후 공공누리 마크 여부 확인 필요.
busan-F-00113,visitbusan,https://www.visitbusan.net/uploadImgs/files/cntnts/20220511104527053_ttiel,1226,https://www.visitbusan.net/kr/index.do?menuCd=DOM_000000201002001000&uc_seq=1226&lang_cd=ko,kogl_mark_on_page,,uc_seq_direct,manual_review,high,uc_seq=1226 직접 보유. source_detail_url로 페이지 방문 후 공공누리 마크 여부 확인 필요.
busan-F-00114,visitbusan,https://www.visitbusan.net/uploadImgs/files/cntnts/20230602160354975_ttiel,1227,https://www.visitbusan.net/kr/index.do?menuCd=DOM_000000201002001000&uc_seq=1227&lang_cd=ko,kogl_mark_on_page,,uc_seq_direct,manual_review,high,uc_seq=1227 직접 보유. source_detail_url로 페이지 방문 후 공공누리 마크 여부 확인 필요.
busan-F-00115,visitbusan,https://www.visitbusan.net/uploadImgs/files/cntnts/20220511111431528_ttiel,1228,https://www.visitbusan.net/kr/index.do?menuCd=DOM_000000201002001000&uc_seq=1228&lang_cd=ko,kogl_mark_on_page,,uc_seq_direct,manual_review,high,uc_seq=1228 직접 보유. source_detail_url로 페이지 방문 후 공공누리 마크 여부 확인 필요.
busan-F-00116,visitbusan,https://www.visitbusan.net/uploadImgs/files/cntnts/20240419095246698_ttiel,1229,https://www.visitbusan.net/kr/index.do?menuCd=DOM_000000201002001000&uc_seq=1229&lang_cd=ko,kogl_mark_on_page,,uc_seq_direct,manual_review,high,uc_seq=1229 직접 보유. source_detail_url로 페이지 방문 후 공공누리 마크 여부 확인 필요.
busan-F-00117,visitbusan,https://www.visitbusan.net/uploadImgs/files/cntnts/20220511113221248_ttiel,1230,https://www.visitbusan.net/kr/index.do?menuCd=DOM_000000201002001000&uc_seq=1230&lang_cd=ko,kogl_mark_on_page,,uc_seq_direct,manual_review,high,uc_seq=1230 직접 보유. source_detail_url로 페이지 방문 후 공공누리 마크 여부 확인 필요.
busan-F-00118,visitbusan,https://www.visitbusan.net/uploadImgs/files/cntnts/20220511113442878_ttiel,1231,https://www.visitbusan.net/kr/index.do?menuCd=DOM_000000201002001000&uc_seq=1231&lang_cd=ko,kogl_mark_on_page,,uc_seq_direct,manual_review,high,uc_seq=1231 직접 보유. source_detail_url로 페이지 방문 후 공공누리 마크 여부 확인 필요.
busan-F-00119,visitbusan,https://www.visitbusan.net/uploadImgs/files/cntnts/20220511115114884_ttiel,1232,https://www.visitbusan.net/kr/index.do?menuCd=DOM_000000201002001000&uc_seq=1232&lang_cd=ko,kogl_mark_on_page,,uc_seq_direct,manual_review,high,uc_seq=1232 직접 보유. source_detail_url로 페이지 방문 후 공공누리 마크 여부 확인 필요.
busan-F-00120,visitbusan,https://www.visitbusan.net/uploadImgs/files/cntnts/20220511131104127_ttiel,1236,https://www.visitbusan.net/kr/index.do?menuCd=DOM_000000201002001000&uc_seq=1236&lang_cd=ko,kogl_mark_on_page,,uc_seq_direct,manual_review,high,uc_seq=1236 직접 보유. source_detail_url로 페이지 방문 후 공공누리 마크 여부 확인 필요.
busan-F-00121,visitbusan,https://www.visitbusan.net/uploadImgs/files/cntnts/20240419104310358_ttiel,1237,https://www.visitbusan.net/kr/index.do?menuCd=DOM_000000201002001000&uc_seq=1237&lang_cd=ko,kogl_mark_on_page,,uc_seq_direct,manual_review,high,uc_seq=1237 직접 보유. source_detail_url로 페이지 방문 후 공공누리 마크 여부 확인 필요.
busan-F-00122,visitbusan,https://www.visitbusan.net/uploadImgs/files/cntnts/20220511132220417_ttiel,1238,https://www.visitbusan.net/kr/index.do?menuCd=DOM_000000201002001000&uc_seq=1238&lang_cd=ko,kogl_mark_on_page,,uc_seq_direct,manual_review,high,uc_seq=1238 직접 보유. source_detail_url로 페이지 방문 후 공공누리 마크 여부 확인 필요.
busan-F-00123,visitbusan,https://www.visitbusan.net/uploadImgs/files/cntnts/20230608133922872_ttiel,1239,https://www.visitbusan.net/kr/index.do?menuCd=DOM_000000201002001000&uc_seq=1239&lang_cd=ko,kogl_mark_on_page,,uc_seq_direct,manual_review,high,uc_seq=1239 직접 보유. source_detail_url로 페이지 방문 후 공공누리 마크 여부 확인 필요.
busan-F-00124,visitbusan,https://www.visitbusan.net/uploadImgs/files/cntnts/20220511133523476_ttiel,1241,https://www.visitbusan.net/kr/index.do?menuCd=DOM_000000201002001000&uc_seq=1241&lang_cd=ko,kogl_mark_on_page,,uc_seq_direct,manual_review,high,uc_seq=1241 직접 보유. source_detail_url로 페이지 방문 후 공공누리 마크 여부 확인 필요.
busan-F-00125,visitbusan,https://www.visitbusan.net/uploadImgs/files/cntnts/20220511134126759_ttiel,1242,https://www.visitbusan.net/kr/index.do?menuCd=DOM_000000201002001000&uc_seq=1242&lang_cd=ko,kogl_mark_on_page,,uc_seq_direct,manual_review,high,uc_seq=1242 직접 보유. source_detail_url로 페이지 방문 후 공공누리 마크 여부 확인 필요.
busan-F-00126,visitbusan,https://www.visitbusan.net/uploadImgs/files/cntnts/20220511135001245_ttiel,1243,https://www.visitbusan.net/kr/index.do?menuCd=DOM_000000201002001000&uc_seq=1243&lang_cd=ko,kogl_mark_on_page,,uc_seq_direct,manual_review,high,uc_seq=1243 직접 보유. source_detail_url로 페이지 방문 후 공공누리 마크 여부 확인 필요.
busan-F-00127,visitbusan,https://www.visitbusan.net/uploadImgs/files/cntnts/20220511135506636_ttiel,1244,https://www.visitbusan.net/kr/index.do?menuCd=DOM_000000201002001000&uc_seq=1244&lang_cd=ko,kogl_mark_on_page,,uc_seq_direct,manual_review,high,uc_seq=1244 직접 보유. source_detail_url로 페이지 방문 후 공공누리 마크 여부 확인 필요.
busan-F-00128,visitbusan,https://www.visitbusan.net/uploadImgs/files/cntnts/20220511140134038_ttiel,1245,https://www.visitbusan.net/kr/index.do?menuCd=DOM_000000201002001000&uc_seq=1245&lang_cd=ko,kogl_mark_on_page,,uc_seq_direct,manual_review,high,uc_seq=1245 직접 보유. source_detail_url로 페이지 방문 후 공공누리 마크 여부 확인 필요.
busan-F-00129,visitbusan,https://www.visitbusan.net/uploadImgs/files/cntnts/20220511140420748_ttiel,1246,https://www.visitbusan.net/kr/index.do?menuCd=DOM_000000201002001000&uc_seq=1246&lang_cd=ko,kogl_mark_on_page,,uc_seq_direct,manual_review,high,uc_seq=1246 직접 보유. source_detail_url로 페이지 방문 후 공공누리 마크 여부 확인 필요.
busan-F-00130,visitbusan,https://www.visitbusan.net/uploadImgs/files/cntnts/20220511141051338_ttiel,1247,https://www.visitbusan.net/kr/index.do?menuCd=DOM_000000201002001000&uc_seq=1247&lang_cd=ko,kogl_mark_on_page,,uc_seq_direct,manual_review,high,uc_seq=1247 직접 보유. source_detail_url로 페이지 방문 후 공공누리 마크 여부 확인 필요.
busan-F-00131,visitbusan,https://www.visitbusan.net/uploadImgs/files/cntnts/20220511141322616_ttiel,1248,https://www.visitbusan.net/en/index.do?menuCd=DOM_000000201002001000&uc_seq=1248&lang_cd=en,kogl_mark_on_page,,service_uc_seq_to_vbfull,manual_review,high,FoodService:1248→vbFull 매칭. source_detail_url 확인됨. 페이지 방문 후 공공누리 마크 확인 필요.
busan-F-00132,visitbusan,https://www.visitbusan.net/uploadImgs/files/cntnts/20220511141556325_ttiel,1249,https://www.visitbusan.net/kr/index.do?menuCd=DOM_000000201002001000&uc_seq=1249&lang_cd=ko,kogl_mark_on_page,,uc_seq_direct,manual_review,high,uc_seq=1249 직접 보유. source_detail_url로 페이지 방문 후 공공누리 마크 여부 확인 필요.
busan-F-00133,visitbusan,https://www.visitbusan.net/uploadImgs/files/cntnts/20240418142211660_ttiel,1250,https://www.visitbusan.net/kr/index.do?menuCd=DOM_000000201002001000&uc_seq=1250&lang_cd=ko,kogl_mark_on_page,,uc_seq_direct,manual_review,high,uc_seq=1250 직접 보유. source_detail_url로 페이지 방문 후 공공누리 마크 여부 확인 필요.
busan-F-00134,visitbusan,https://www.visitbusan.net/uploadImgs/files/cntnts/20220511142349184_ttiel,1251,https://www.visitbusan.net/kr/index.do?menuCd=DOM_000000201002001000&uc_seq=1251&lang_cd=ko,kogl_mark_on_page,,uc_seq_direct,manual_review,high,uc_seq=1251 직접 보유. source_detail_url로 페이지 방문 후 공공누리 마크 여부 확인 필요.
busan-F-00135,visitbusan,https://www.visitbusan.net/uploadImgs/files/cntnts/20240418141051840_ttiel,1252,https://www.visitbusan.net/kr/index.do?menuCd=DOM_000000201002001000&uc_seq=1252&lang_cd=ko,kogl_mark_on_page,,uc_seq_direct,manual_review,high,uc_seq=1252 직접 보유. source_detail_url로 페이지 방문 후 공공누리 마크 여부 확인 필요.
busan-F-00136,visitbusan,https://www.visitbusan.net/uploadImgs/files/cntnts/20220511153102499_ttiel,1255,https://www.visitbusan.net/kr/index.do?menuCd=DOM_000000201002001000&uc_seq=1255&lang_cd=ko,kogl_mark_on_page,,uc_seq_direct,manual_review,high,uc_seq=1255 직접 보유. source_detail_url로 페이지 방문 후 공공누리 마크 여부 확인 필요.
busan-F-00137,visitbusan,https://www.visitbusan.net/uploadImgs/files/cntnts/20220511154322467_ttiel,1256,https://www.visitbusan.net/kr/index.do?menuCd=DOM_000000201002001000&uc_seq=1256&lang_cd=ko,kogl_mark_on_page,,uc_seq_direct,manual_review,high,uc_seq=1256 직접 보유. source_detail_url로 페이지 방문 후 공공누리 마크 여부 확인 필요.
busan-F-00138,visitbusan,https://www.visitbusan.net/uploadImgs/files/cntnts/20220511160051644_ttiel,1257,https://www.visitbusan.net/kr/index.do?menuCd=DOM_000000201002001000&uc_seq=1257&lang_cd=ko,kogl_mark_on_page,,uc_seq_direct,manual_review,high,uc_seq=1257 직접 보유. source_detail_url로 페이지 방문 후 공공누리 마크 여부 확인 필요.
busan-F-00139,visitbusan,https://www.visitbusan.net/uploadImgs/files/cntnts/20220511163126270_ttiel,1260,https://www.visitbusan.net/kr/index.do?menuCd=DOM_000000201002001000&uc_seq=1260&lang_cd=ko,kogl_mark_on_page,,uc_seq_direct,manual_review,high,uc_seq=1260 직접 보유. source_detail_url로 페이지 방문 후 공공누리 마크 여부 확인 필요.
busan-F-00140,visitbusan,https://www.visitbusan.net/uploadImgs/files/cntnts/20240416173708292_ttiel,1262,https://www.visitbusan.net/en/index.do?menuCd=DOM_000000201002001000&uc_seq=1262&lang_cd=en,kogl_mark_on_page,,service_uc_seq_to_vbfull,manual_review,high,FoodService:1262→vbFull 매칭. source_detail_url 확인됨. 페이지 방문 후 공공누리 마크 확인 필요.
busan-F-00141,visitbusan,https://www.visitbusan.net/uploadImgs/files/cntnts/20220511173540705_ttiel,1264,https://www.visitbusan.net/kr/index.do?menuCd=DOM_000000201002001000&uc_seq=1264&lang_cd=ko,kogl_mark_on_page,,uc_seq_direct,manual_review,high,uc_seq=1264 직접 보유. source_detail_url로 페이지 방문 후 공공누리 마크 여부 확인 필요.
busan-F-00142,visitbusan,https://www.visitbusan.net/uploadImgs/files/cntnts/20240417100446762_ttiel,1265,https://www.visitbusan.net/kr/index.do?menuCd=DOM_000000201002001000&uc_seq=1265&lang_cd=ko,kogl_mark_on_page,,uc_seq_direct,manual_review,high,uc_seq=1265 직접 보유. source_detail_url로 페이지 방문 후 공공누리 마크 여부 확인 필요.
busan-F-00143,visitbusan,https://www.visitbusan.net/uploadImgs/files/cntnts/20220511175416697_ttiel,1266,https://www.visitbusan.net/kr/index.do?menuCd=DOM_000000201002001000&uc_seq=1266&lang_cd=ko,kogl_mark_on_page,,uc_seq_direct,manual_review,high,uc_seq=1266 직접 보유. source_detail_url로 페이지 방문 후 공공누리 마크 여부 확인 필요.
busan-F-00144,visitbusan,https://www.visitbusan.net/uploadImgs/files/cntnts/20220512093357835_ttiel,1268,https://www.visitbusan.net/kr/index.do?menuCd=DOM_000000201002001000&uc_seq=1268&lang_cd=ko,kogl_mark_on_page,,uc_seq_direct,manual_review,high,uc_seq=1268 직접 보유. source_detail_url로 페이지 방문 후 공공누리 마크 여부 확인 필요.
busan-F-00145,visitbusan,https://www.visitbusan.net/uploadImgs/files/cntnts/20220512094717830_ttiel,1269,https://www.visitbusan.net/kr/index.do?menuCd=DOM_000000201002001000&uc_seq=1269&lang_cd=ko,kogl_mark_on_page,,uc_seq_direct,manual_review,high,uc_seq=1269 직접 보유. source_detail_url로 페이지 방문 후 공공누리 마크 여부 확인 필요.
busan-F-00146,visitbusan,https://www.visitbusan.net/uploadImgs/files/cntnts/20230608101144664_ttiel,1270,https://www.visitbusan.net/kr/index.do?menuCd=DOM_000000201002001000&uc_seq=1270&lang_cd=ko,kogl_mark_on_page,,uc_seq_direct,manual_review,high,uc_seq=1270 직접 보유. source_detail_url로 페이지 방문 후 공공누리 마크 여부 확인 필요.
busan-F-00147,visitbusan,https://www.visitbusan.net/uploadImgs/files/cntnts/20250515170015997_ttiel,1271,https://www.visitbusan.net/kr/index.do?menuCd=DOM_000000201002001000&uc_seq=1271&lang_cd=ko,kogl_mark_on_page,,uc_seq_direct,manual_review,high,uc_seq=1271 직접 보유. source_detail_url로 페이지 방문 후 공공누리 마크 여부 확인 필요.
busan-F-00148,visitbusan,https://www.visitbusan.net/uploadImgs/files/cntnts/20220512104118922_ttiel,1272,https://www.visitbusan.net/kr/index.do?menuCd=DOM_000000201002001000&uc_seq=1272&lang_cd=ko,kogl_mark_on_page,,uc_seq_direct,manual_review,high,uc_seq=1272 직접 보유. source_detail_url로 페이지 방문 후 공공누리 마크 여부 확인 필요.
busan-F-00149,visitbusan,https://www.visitbusan.net/uploadImgs/files/cntnts/20220512105240390_ttiel,1273,https://www.visitbusan.net/kr/index.do?menuCd=DOM_000000201002001000&uc_seq=1273&lang_cd=ko,kogl_mark_on_page,,uc_seq_direct,manual_review,high,uc_seq=1273 직접 보유. source_detail_url로 페이지 방문 후 공공누리 마크 여부 확인 필요.
busan-F-00150,visitbusan,https://www.visitbusan.net/uploadImgs/files/cntnts/20230602134652545_ttiel,1275,https://www.visitbusan.net/kr/index.do?menuCd=DOM_000000201002001000&uc_seq=1275&lang_cd=ko,kogl_mark_on_page,,uc_seq_direct,manual_review,high,uc_seq=1275 직접 보유. source_detail_url로 페이지 방문 후 공공누리 마크 여부 확인 필요.
busan-F-00151,visitbusan,https://www.visitbusan.net/uploadImgs/files/cntnts/20220512113115093_ttiel,1276,https://www.visitbusan.net/kr/index.do?menuCd=DOM_000000201002001000&uc_seq=1276&lang_cd=ko,kogl_mark_on_page,,uc_seq_direct,manual_review,high,uc_seq=1276 직접 보유. source_detail_url로 페이지 방문 후 공공누리 마크 여부 확인 필요.
busan-F-00152,visitbusan,https://www.visitbusan.net/uploadImgs/files/cntnts/20220512114353372_ttiel,1277,https://www.visitbusan.net/kr/index.do?menuCd=DOM_000000201002001000&uc_seq=1277&lang_cd=ko,kogl_mark_on_page,,uc_seq_direct,manual_review,high,uc_seq=1277 직접 보유. source_detail_url로 페이지 방문 후 공공누리 마크 여부 확인 필요.
busan-F-00153,visitbusan,https://www.visitbusan.net/uploadImgs/files/cntnts/20240417154726545_ttiel,1278,https://www.visitbusan.net/kr/index.do?menuCd=DOM_000000201002001000&uc_seq=1278&lang_cd=ko,kogl_mark_on_page,,uc_seq_direct,manual_review,high,uc_seq=1278 직접 보유. source_detail_url로 페이지 방문 후 공공누리 마크 여부 확인 필요.
busan-F-00154,visitbusan,https://www.visitbusan.net/uploadImgs/files/cntnts/20220512131313725_ttiel,1279,https://www.visitbusan.net/kr/index.do?menuCd=DOM_000000201002001000&uc_seq=1279&lang_cd=ko,kogl_mark_on_page,,uc_seq_direct,manual_review,high,uc_seq=1279 직접 보유. source_detail_url로 페이지 방문 후 공공누리 마크 여부 확인 필요.
busan-F-00155,visitbusan,https://www.visitbusan.net/uploadImgs/files/cntnts/20220512143357001_ttiel,1281,https://www.visitbusan.net/kr/index.do?menuCd=DOM_000000201002001000&uc_seq=1281&lang_cd=ko,kogl_mark_on_page,,uc_seq_direct,manual_review,high,uc_seq=1281 직접 보유. source_detail_url로 페이지 방문 후 공공누리 마크 여부 확인 필요.
busan-F-00156,visitbusan,https://www.visitbusan.net/uploadImgs/files/cntnts/20220512145041261_ttiel,1282,https://www.visitbusan.net/kr/index.do?menuCd=DOM_000000201002001000&uc_seq=1282&lang_cd=ko,kogl_mark_on_page,,uc_seq_direct,manual_review,high,uc_seq=1282 직접 보유. source_detail_url로 페이지 방문 후 공공누리 마크 여부 확인 필요.
busan-F-00157,visitbusan,https://www.visitbusan.net/uploadImgs/files/cntnts/20220512155859812_ttiel,1284,https://www.visitbusan.net/kr/index.do?menuCd=DOM_000000201002001000&uc_seq=1284&lang_cd=ko,kogl_mark_on_page,,uc_seq_direct,manual_review,high,uc_seq=1284 직접 보유. source_detail_url로 페이지 방문 후 공공누리 마크 여부 확인 필요.
busan-F-00158,visitbusan,https://www.visitbusan.net/uploadImgs/files/cntnts/20220512164338161_ttiel,1286,https://www.visitbusan.net/kr/index.do?menuCd=DOM_000000201002001000&uc_seq=1286&lang_cd=ko,kogl_mark_on_page,,uc_seq_direct,manual_review,high,uc_seq=1286 직접 보유. source_detail_url로 페이지 방문 후 공공누리 마크 여부 확인 필요.
busan-F-00159,visitbusan,https://www.visitbusan.net/uploadImgs/files/cntnts/20220512165954952_ttiel,1287,https://www.visitbusan.net/kr/index.do?menuCd=DOM_000000201002001000&uc_seq=1287&lang_cd=ko,kogl_mark_on_page,,uc_seq_direct,manual_review,high,uc_seq=1287 직접 보유. source_detail_url로 페이지 방문 후 공공누리 마크 여부 확인 필요.
busan-F-00160,visitbusan,https://www.visitbusan.net/uploadImgs/files/cntnts/20220512175424144_ttiel,1289,https://www.visitbusan.net/kr/index.do?menuCd=DOM_000000201002001000&uc_seq=1289&lang_cd=ko,kogl_mark_on_page,,uc_seq_direct,manual_review,high,uc_seq=1289 직접 보유. source_detail_url로 페이지 방문 후 공공누리 마크 여부 확인 필요.
busan-F-00161,visitbusan,https://www.visitbusan.net/uploadImgs/files/cntnts/20230523140214260_ttiel,1436,https://www.visitbusan.net/kr/index.do?menuCd=DOM_000000201002001000&uc_seq=1436&lang_cd=ko,kogl_mark_on_page,,uc_seq_direct,manual_review,high,uc_seq=1436 직접 보유. source_detail_url로 페이지 방문 후 공공누리 마크 여부 확인 필요.
busan-F-00162,visitbusan,https://www.visitbusan.net/uploadImgs/files/cntnts/20240418144242123_ttiel,1437,https://www.visitbusan.net/kr/index.do?menuCd=DOM_000000201002001000&uc_seq=1437&lang_cd=ko,kogl_mark_on_page,,uc_seq_direct,manual_review,high,uc_seq=1437 직접 보유. source_detail_url로 페이지 방문 후 공공누리 마크 여부 확인 필요.
busan-F-00163,visitbusan,https://www.visitbusan.net/uploadImgs/files/cntnts/20230524163636778_ttiel,1438,https://www.visitbusan.net/kr/index.do?menuCd=DOM_000000201002001000&uc_seq=1438&lang_cd=ko,kogl_mark_on_page,,uc_seq_direct,manual_review,high,uc_seq=1438 직접 보유. source_detail_url로 페이지 방문 후 공공누리 마크 여부 확인 필요.
busan-F-00164,visitbusan,https://www.visitbusan.net/uploadImgs/files/cntnts/20230524164757051_ttiel,1439,https://www.visitbusan.net/kr/index.do?menuCd=DOM_000000201002001000&uc_seq=1439&lang_cd=ko,kogl_mark_on_page,,uc_seq_direct,manual_review,high,uc_seq=1439 직접 보유. source_detail_url로 페이지 방문 후 공공누리 마크 여부 확인 필요.
busan-F-00165,visitbusan,https://www.visitbusan.net/uploadImgs/files/cntnts/20230525150604270_ttiel,1441,https://www.visitbusan.net/kr/index.do?menuCd=DOM_000000201002001000&uc_seq=1441&lang_cd=ko,kogl_mark_on_page,,uc_seq_direct,manual_review,high,uc_seq=1441 직접 보유. source_detail_url로 페이지 방문 후 공공누리 마크 여부 확인 필요.
busan-F-00166,visitbusan,https://www.visitbusan.net/uploadImgs/files/cntnts/20250529162311917_ttiel,1445,https://www.visitbusan.net/kr/index.do?menuCd=DOM_000000201002001000&uc_seq=1445&lang_cd=ko,kogl_mark_on_page,,uc_seq_direct,manual_review,high,uc_seq=1445 직접 보유. source_detail_url로 페이지 방문 후 공공누리 마크 여부 확인 필요.
busan-F-00167,visitbusan,https://www.visitbusan.net/uploadImgs/files/cntnts/20230531124838775_ttiel,1446,https://www.visitbusan.net/kr/index.do?menuCd=DOM_000000201002001000&uc_seq=1446&lang_cd=ko,kogl_mark_on_page,,uc_seq_direct,manual_review,high,uc_seq=1446 직접 보유. source_detail_url로 페이지 방문 후 공공누리 마크 여부 확인 필요.
busan-F-00168,visitbusan,https://www.visitbusan.net/uploadImgs/files/cntnts/20230531125707807_ttiel,1447,https://www.visitbusan.net/kr/index.do?menuCd=DOM_000000201002001000&uc_seq=1447&lang_cd=ko,kogl_mark_on_page,,uc_seq_direct,manual_review,high,uc_seq=1447 직접 보유. source_detail_url로 페이지 방문 후 공공누리 마크 여부 확인 필요.
busan-F-00169,visitbusan,https://www.visitbusan.net/uploadImgs/files/cntnts/20240416143959104_ttiel,1448,https://www.visitbusan.net/kr/index.do?menuCd=DOM_000000201002001000&uc_seq=1448&lang_cd=ko,kogl_mark_on_page,,uc_seq_direct,manual_review,high,uc_seq=1448 직접 보유. source_detail_url로 페이지 방문 후 공공누리 마크 여부 확인 필요.
busan-F-00170,visitbusan,https://www.visitbusan.net/uploadImgs/files/cntnts/20240416173526207_ttiel,1450,https://www.visitbusan.net/kr/index.do?menuCd=DOM_000000201002001000&uc_seq=1450&lang_cd=ko,kogl_mark_on_page,,uc_seq_direct,manual_review,high,uc_seq=1450 직접 보유. source_detail_url로 페이지 방문 후 공공누리 마크 여부 확인 필요.
busan-F-00171,visitbusan,https://www.visitbusan.net/uploadImgs/files/cntnts/20240419111526831_ttiel,1451,https://www.visitbusan.net/kr/index.do?menuCd=DOM_000000201002001000&uc_seq=1451&lang_cd=ko,kogl_mark_on_page,,uc_seq_direct,manual_review,high,uc_seq=1451 직접 보유. source_detail_url로 페이지 방문 후 공공누리 마크 여부 확인 필요.
busan-F-00172,visitbusan,https://www.visitbusan.net/uploadImgs/files/cntnts/20240416104103550_ttiel,1452,https://www.visitbusan.net/kr/index.do?menuCd=DOM_000000201002001000&uc_seq=1452&lang_cd=ko,kogl_mark_on_page,,uc_seq_direct,manual_review,high,uc_seq=1452 직접 보유. source_detail_url로 페이지 방문 후 공공누리 마크 여부 확인 필요.
busan-F-00173,visitbusan,https://www.visitbusan.net/uploadImgs/files/cntnts/20230601144332074_ttiel,1453,https://www.visitbusan.net/kr/index.do?menuCd=DOM_000000201002001000&uc_seq=1453&lang_cd=ko,kogl_mark_on_page,,uc_seq_direct,manual_review,high,uc_seq=1453 직접 보유. source_detail_url로 페이지 방문 후 공공누리 마크 여부 확인 필요.
busan-F-00174,visitbusan,https://www.visitbusan.net/uploadImgs/files/cntnts/20230601145535123_ttiel,1454,https://www.visitbusan.net/kr/index.do?menuCd=DOM_000000201002001000&uc_seq=1454&lang_cd=ko,kogl_mark_on_page,,uc_seq_direct,manual_review,high,uc_seq=1454 직접 보유. source_detail_url로 페이지 방문 후 공공누리 마크 여부 확인 필요.
busan-F-00175,visitbusan,https://www.visitbusan.net/uploadImgs/files/cntnts/20230601150706501_ttiel,1455,https://www.visitbusan.net/kr/index.do?menuCd=DOM_000000201002001000&uc_seq=1455&lang_cd=ko,kogl_mark_on_page,,uc_seq_direct,manual_review,high,uc_seq=1455 직접 보유. source_detail_url로 페이지 방문 후 공공누리 마크 여부 확인 필요.
busan-F-00176,visitbusan,https://www.visitbusan.net/uploadImgs/files/cntnts/20240416143826363_ttiel,1456,https://www.visitbusan.net/kr/index.do?menuCd=DOM_000000201002001000&uc_seq=1456&lang_cd=ko,kogl_mark_on_page,,uc_seq_direct,manual_review,high,uc_seq=1456 직접 보유. source_detail_url로 페이지 방문 후 공공누리 마크 여부 확인 필요.
busan-F-00177,visitbusan,https://www.visitbusan.net/uploadImgs/files/cntnts/20240418144007166_ttiel,1457,https://www.visitbusan.net/kr/index.do?menuCd=DOM_000000201002001000&uc_seq=1457&lang_cd=ko,kogl_mark_on_page,,uc_seq_direct,manual_review,high,uc_seq=1457 직접 보유. source_detail_url로 페이지 방문 후 공공누리 마크 여부 확인 필요.
busan-F-00178,visitbusan,https://www.visitbusan.net/uploadImgs/files/cntnts/20230601155348503_ttiel,1458,https://www.visitbusan.net/kr/index.do?menuCd=DOM_000000201002001000&uc_seq=1458&lang_cd=ko,kogl_mark_on_page,,uc_seq_direct,manual_review,high,uc_seq=1458 직접 보유. source_detail_url로 페이지 방문 후 공공누리 마크 여부 확인 필요.
busan-F-00179,visitbusan,https://www.visitbusan.net/uploadImgs/files/cntnts/20230601183719085_ttiel,1459,https://www.visitbusan.net/kr/index.do?menuCd=DOM_000000201002001000&uc_seq=1459&lang_cd=ko,kogl_mark_on_page,,uc_seq_direct,manual_review,high,uc_seq=1459 직접 보유. source_detail_url로 페이지 방문 후 공공누리 마크 여부 확인 필요.
busan-F-00180,visitbusan,https://www.visitbusan.net/uploadImgs/files/cntnts/20240419175034497_ttiel,1460,https://www.visitbusan.net/kr/index.do?menuCd=DOM_000000201002001000&uc_seq=1460&lang_cd=ko,kogl_mark_on_page,,uc_seq_direct,manual_review,high,uc_seq=1460 직접 보유. source_detail_url로 페이지 방문 후 공공누리 마크 여부 확인 필요.
busan-F-00181,visitbusan,https://www.visitbusan.net/uploadImgs/files/cntnts/20230601205022576_ttiel,1461,https://www.visitbusan.net/kr/index.do?menuCd=DOM_000000201002001000&uc_seq=1461&lang_cd=ko,kogl_mark_on_page,,uc_seq_direct,manual_review,high,uc_seq=1461 직접 보유. source_detail_url로 페이지 방문 후 공공누리 마크 여부 확인 필요.
busan-F-00182,visitbusan,https://www.visitbusan.net/uploadImgs/files/cntnts/20230601205653276_ttiel,1462,https://www.visitbusan.net/kr/index.do?menuCd=DOM_000000201002001000&uc_seq=1462&lang_cd=ko,kogl_mark_on_page,,uc_seq_direct,manual_review,high,uc_seq=1462 직접 보유. source_detail_url로 페이지 방문 후 공공누리 마크 여부 확인 필요.
busan-F-00183,visitbusan,https://www.visitbusan.net/uploadImgs/files/cntnts/20230601210303799_ttiel,1463,https://www.visitbusan.net/kr/index.do?menuCd=DOM_000000201002001000&uc_seq=1463&lang_cd=ko,kogl_mark_on_page,,uc_seq_direct,manual_review,high,uc_seq=1463 직접 보유. source_detail_url로 페이지 방문 후 공공누리 마크 여부 확인 필요.
busan-F-00184,visitbusan,https://www.visitbusan.net/uploadImgs/files/cntnts/20230601210950063_ttiel,1464,https://www.visitbusan.net/kr/index.do?menuCd=DOM_000000201002001000&uc_seq=1464&lang_cd=ko,kogl_mark_on_page,,uc_seq_direct,manual_review,high,uc_seq=1464 직접 보유. source_detail_url로 페이지 방문 후 공공누리 마크 여부 확인 필요.
busan-F-00185,visitbusan,https://www.visitbusan.net/uploadImgs/files/cntnts/20230601211556571_ttiel,1465,https://www.visitbusan.net/kr/index.do?menuCd=DOM_000000201002001000&uc_seq=1465&lang_cd=ko,kogl_mark_on_page,,uc_seq_direct,manual_review,high,uc_seq=1465 직접 보유. source_detail_url로 페이지 방문 후 공공누리 마크 여부 확인 필요.
busan-F-00186,visitbusan,https://www.visitbusan.net/uploadImgs/files/cntnts/20230601212247424_ttiel,1466,https://www.visitbusan.net/kr/index.do?menuCd=DOM_000000201002001000&uc_seq=1466&lang_cd=ko,kogl_mark_on_page,,uc_seq_direct,manual_review,high,uc_seq=1466 직접 보유. source_detail_url로 페이지 방문 후 공공누리 마크 여부 확인 필요.
busan-F-00187,visitbusan,https://www.visitbusan.net/uploadImgs/files/cntnts/20240419095023870_ttiel,1467,https://www.visitbusan.net/kr/index.do?menuCd=DOM_000000201002001000&uc_seq=1467&lang_cd=ko,kogl_mark_on_page,,uc_seq_direct,manual_review,high,uc_seq=1467 직접 보유. source_detail_url로 페이지 방문 후 공공누리 마크 여부 확인 필요.
busan-F-00188,visitbusan,https://www.visitbusan.net/uploadImgs/files/cntnts/20240416103220485_ttiel,1474,https://www.visitbusan.net/kr/index.do?menuCd=DOM_000000201002001000&uc_seq=1474&lang_cd=ko,kogl_mark_on_page,,uc_seq_direct,manual_review,high,uc_seq=1474 직접 보유. source_detail_url로 페이지 방문 후 공공누리 마크 여부 확인 필요.
busan-F-00189,visitbusan,https://www.visitbusan.net/uploadImgs/files/cntnts/20230602135143501_ttiel,1475,https://www.visitbusan.net/kr/index.do?menuCd=DOM_000000201002001000&uc_seq=1475&lang_cd=ko,kogl_mark_on_page,,uc_seq_direct,manual_review,high,uc_seq=1475 직접 보유. source_detail_url로 페이지 방문 후 공공누리 마크 여부 확인 필요.
busan-F-00190,visitbusan,https://www.visitbusan.net/uploadImgs/files/cntnts/20230602135638172_ttiel,1476,https://www.visitbusan.net/kr/index.do?menuCd=DOM_000000201002001000&uc_seq=1476&lang_cd=ko,kogl_mark_on_page,,uc_seq_direct,manual_review,high,uc_seq=1476 직접 보유. source_detail_url로 페이지 방문 후 공공누리 마크 여부 확인 필요.
busan-F-00191,visitbusan,https://www.visitbusan.net/uploadImgs/files/cntnts/20240419173453394_ttiel,1477,https://www.visitbusan.net/kr/index.do?menuCd=DOM_000000201002001000&uc_seq=1477&lang_cd=ko,kogl_mark_on_page,,uc_seq_direct,manual_review,high,uc_seq=1477 직접 보유. source_detail_url로 페이지 방문 후 공공누리 마크 여부 확인 필요.
busan-F-00192,visitbusan,https://www.visitbusan.net/uploadImgs/files/cntnts/20240418125531238_ttiel,1478,https://www.visitbusan.net/kr/index.do?menuCd=DOM_000000201002001000&uc_seq=1478&lang_cd=ko,kogl_mark_on_page,,uc_seq_direct,manual_review,high,uc_seq=1478 직접 보유. source_detail_url로 페이지 방문 후 공공누리 마크 여부 확인 필요.
busan-F-00193,visitbusan,https://www.visitbusan.net/uploadImgs/files/cntnts/20230602141753998_ttiel,1479,https://www.visitbusan.net/kr/index.do?menuCd=DOM_000000201002001000&uc_seq=1479&lang_cd=ko,kogl_mark_on_page,,uc_seq_direct,manual_review,high,uc_seq=1479 직접 보유. source_detail_url로 페이지 방문 후 공공누리 마크 여부 확인 필요.
busan-F-00194,visitbusan,https://www.visitbusan.net/uploadImgs/files/cntnts/20230602142611057_ttiel,1480,https://www.visitbusan.net/kr/index.do?menuCd=DOM_000000201002001000&uc_seq=1480&lang_cd=ko,kogl_mark_on_page,,uc_seq_direct,manual_review,high,uc_seq=1480 직접 보유. source_detail_url로 페이지 방문 후 공공누리 마크 여부 확인 필요.
busan-F-00195,visitbusan,https://www.visitbusan.net/uploadImgs/files/cntnts/20240419153525824_ttiel,1481,https://www.visitbusan.net/kr/index.do?menuCd=DOM_000000201002001000&uc_seq=1481&lang_cd=ko,kogl_mark_on_page,,uc_seq_direct,manual_review,high,uc_seq=1481 직접 보유. source_detail_url로 페이지 방문 후 공공누리 마크 여부 확인 필요.
busan-F-00196,visitbusan,https://www.visitbusan.net/uploadImgs/files/cntnts/20230602143250533_ttiel,1482,https://www.visitbusan.net/kr/index.do?menuCd=DOM_000000201002001000&uc_seq=1482&lang_cd=ko,kogl_mark_on_page,,uc_seq_direct,manual_review,high,uc_seq=1482 직접 보유. source_detail_url로 페이지 방문 후 공공누리 마크 여부 확인 필요.
busan-F-00197,visitbusan,https://www.visitbusan.net/uploadImgs/files/cntnts/20240417164934040_ttiel,1483,https://www.visitbusan.net/kr/index.do?menuCd=DOM_000000201002001000&uc_seq=1483&lang_cd=ko,kogl_mark_on_page,,uc_seq_direct,manual_review,high,uc_seq=1483 직접 보유. source_detail_url로 페이지 방문 후 공공누리 마크 여부 확인 필요.
busan-F-00198,visitbusan,https://www.visitbusan.net/uploadImgs/files/cntnts/20250530161709953_ttiel,1484,https://www.visitbusan.net/kr/index.do?menuCd=DOM_000000201002001000&uc_seq=1484&lang_cd=ko,kogl_mark_on_page,,uc_seq_direct,manual_review,high,uc_seq=1484 직접 보유. source_detail_url로 페이지 방문 후 공공누리 마크 여부 확인 필요.
busan-F-00199,visitbusan,https://www.visitbusan.net/uploadImgs/files/cntnts/20230602145152107_ttiel,1485,https://www.visitbusan.net/kr/index.do?menuCd=DOM_000000201002001000&uc_seq=1485&lang_cd=ko,kogl_mark_on_page,,uc_seq_direct,manual_review,high,uc_seq=1485 직접 보유. source_detail_url로 페이지 방문 후 공공누리 마크 여부 확인 필요.
busan-F-00200,visitbusan,https://www.visitbusan.net/uploadImgs/files/cntnts/20230602145719327_ttiel,1486,https://www.visitbusan.net/kr/index.do?menuCd=DOM_000000201002001000&uc_seq=1486&lang_cd=ko,kogl_mark_on_page,,uc_seq_direct,manual_review,high,uc_seq=1486 직접 보유. source_detail_url로 페이지 방문 후 공공누리 마크 여부 확인 필요.
busan-F-00201,visitbusan,https://www.visitbusan.net/uploadImgs/files/cntnts/20230602145733245_ttiel,1487,https://www.visitbusan.net/kr/index.do?menuCd=DOM_000000201002001000&uc_seq=1487&lang_cd=ko,kogl_mark_on_page,,uc_seq_direct,manual_review,high,uc_seq=1487 직접 보유. source_detail_url로 페이지 방문 후 공공누리 마크 여부 확인 필요.
busan-F-00202,visitbusan,https://www.visitbusan.net/uploadImgs/files/cntnts/20230602150346849_ttiel,1488,https://www.visitbusan.net/kr/index.do?menuCd=DOM_000000201002001000&uc_seq=1488&lang_cd=ko,kogl_mark_on_page,,uc_seq_direct,manual_review,high,uc_seq=1488 직접 보유. source_detail_url로 페이지 방문 후 공공누리 마크 여부 확인 필요.
busan-F-00203,visitbusan,https://www.visitbusan.net/uploadImgs/files/cntnts/20240419105032027_ttiel,1489,https://www.visitbusan.net/en/index.do?menuCd=DOM_000000201002001000&uc_seq=1489&lang_cd=en,kogl_mark_on_page,,service_uc_seq_to_vbfull,manual_review,high,FoodService:1489→vbFull 매칭. source_detail_url 확인됨. 페이지 방문 후 공공누리 마크 확인 필요.
busan-F-00204,visitbusan,https://www.visitbusan.net/uploadImgs/files/cntnts/20231109183734515_ttiel,1490,https://www.visitbusan.net/kr/index.do?menuCd=DOM_000000201002001000&uc_seq=1490&lang_cd=ko,kogl_mark_on_page,,uc_seq_direct,manual_review,high,uc_seq=1490 직접 보유. source_detail_url로 페이지 방문 후 공공누리 마크 여부 확인 필요.
busan-F-00205,visitbusan,https://www.visitbusan.net/uploadImgs/files/cntnts/20230602153447605_ttiel,1491,https://www.visitbusan.net/kr/index.do?menuCd=DOM_000000201002001000&uc_seq=1491&lang_cd=ko,kogl_mark_on_page,,uc_seq_direct,manual_review,high,uc_seq=1491 직접 보유. source_detail_url로 페이지 방문 후 공공누리 마크 여부 확인 필요.
busan-F-00206,visitbusan,https://www.visitbusan.net/uploadImgs/files/cntnts/20240418094044725_ttiel,1492,https://www.visitbusan.net/kr/index.do?menuCd=DOM_000000201002001000&uc_seq=1492&lang_cd=ko,kogl_mark_on_page,,uc_seq_direct,manual_review,high,uc_seq=1492 직접 보유. source_detail_url로 페이지 방문 후 공공누리 마크 여부 확인 필요.
busan-F-00207,visitbusan,https://www.visitbusan.net/uploadImgs/files/cntnts/20230602175414282_ttiel,1493,https://www.visitbusan.net/kr/index.do?menuCd=DOM_000000201002001000&uc_seq=1493&lang_cd=ko,kogl_mark_on_page,,uc_seq_direct,manual_review,high,uc_seq=1493 직접 보유. source_detail_url로 페이지 방문 후 공공누리 마크 여부 확인 필요.
busan-F-00208,visitbusan,https://www.visitbusan.net/uploadImgs/files/cntnts/20230603140846612_ttiel,1494,https://www.visitbusan.net/kr/index.do?menuCd=DOM_000000201002001000&uc_seq=1494&lang_cd=ko,kogl_mark_on_page,,uc_seq_direct,manual_review,high,uc_seq=1494 직접 보유. source_detail_url로 페이지 방문 후 공공누리 마크 여부 확인 필요.
busan-F-00209,visitbusan,https://www.visitbusan.net/uploadImgs/files/cntnts/20230605092808009_ttiel,1495,https://www.visitbusan.net/kr/index.do?menuCd=DOM_000000201002001000&uc_seq=1495&lang_cd=ko,kogl_mark_on_page,,uc_seq_direct,manual_review,high,uc_seq=1495 직접 보유. source_detail_url로 페이지 방문 후 공공누리 마크 여부 확인 필요.
busan-F-00210,visitbusan,https://www.visitbusan.net/uploadImgs/files/cntnts/20240419133053912_ttiel,1496,https://www.visitbusan.net/kr/index.do?menuCd=DOM_000000201002001000&uc_seq=1496&lang_cd=ko,kogl_mark_on_page,,uc_seq_direct,manual_review,high,uc_seq=1496 직접 보유. source_detail_url로 페이지 방문 후 공공누리 마크 여부 확인 필요.
busan-F-00211,visitbusan,https://www.visitbusan.net/uploadImgs/files/cntnts/20230605094032446_ttiel,1497,https://www.visitbusan.net/kr/index.do?menuCd=DOM_000000201002001000&uc_seq=1497&lang_cd=ko,kogl_mark_on_page,,uc_seq_direct,manual_review,high,uc_seq=1497 직접 보유. source_detail_url로 페이지 방문 후 공공누리 마크 여부 확인 필요.
busan-F-00212,visitbusan,https://www.visitbusan.net/uploadImgs/files/cntnts/20230605094602155_ttiel,1498,https://www.visitbusan.net/kr/index.do?menuCd=DOM_000000201002001000&uc_seq=1498&lang_cd=ko,kogl_mark_on_page,,uc_seq_direct,manual_review,high,uc_seq=1498 직접 보유. source_detail_url로 페이지 방문 후 공공누리 마크 여부 확인 필요.
busan-F-00213,visitbusan,https://www.visitbusan.net/uploadImgs/files/cntnts/20230605100447110_ttiel,1499,https://www.visitbusan.net/en/index.do?menuCd=DOM_000000201002001000&uc_seq=1499&lang_cd=en,kogl_mark_on_page,,service_uc_seq_to_vbfull,manual_review,high,FoodService:1499→vbFull 매칭. source_detail_url 확인됨. 페이지 방문 후 공공누리 마크 확인 필요.
busan-F-00214,visitbusan,https://www.visitbusan.net/uploadImgs/files/cntnts/20240419170216133_ttiel,1500,https://www.visitbusan.net/kr/index.do?menuCd=DOM_000000201002001000&uc_seq=1500&lang_cd=ko,kogl_mark_on_page,,uc_seq_direct,manual_review,high,uc_seq=1500 직접 보유. source_detail_url로 페이지 방문 후 공공누리 마크 여부 확인 필요.
busan-F-00215,visitbusan,https://www.visitbusan.net/uploadImgs/files/cntnts/20230605101855650_ttiel,1501,https://www.visitbusan.net/kr/index.do?menuCd=DOM_000000201002001000&uc_seq=1501&lang_cd=ko,kogl_mark_on_page,,uc_seq_direct,manual_review,high,uc_seq=1501 직접 보유. source_detail_url로 페이지 방문 후 공공누리 마크 여부 확인 필요.
busan-F-00216,visitbusan,https://www.visitbusan.net/uploadImgs/files/cntnts/20240417143025804_ttiel,1502,https://www.visitbusan.net/kr/index.do?menuCd=DOM_000000201002001000&uc_seq=1502&lang_cd=ko,kogl_mark_on_page,,uc_seq_direct,manual_review,high,uc_seq=1502 직접 보유. source_detail_url로 페이지 방문 후 공공누리 마크 여부 확인 필요.
busan-F-00217,visitbusan,https://www.visitbusan.net/uploadImgs/files/cntnts/20240419113634712_ttiel,1503,https://www.visitbusan.net/kr/index.do?menuCd=DOM_000000201002001000&uc_seq=1503&lang_cd=ko,kogl_mark_on_page,,uc_seq_direct,manual_review,high,uc_seq=1503 직접 보유. source_detail_url로 페이지 방문 후 공공누리 마크 여부 확인 필요.
busan-F-00218,visitbusan,https://www.visitbusan.net/uploadImgs/files/cntnts/20230605105014796_ttiel,1504,https://www.visitbusan.net/kr/index.do?menuCd=DOM_000000201002001000&uc_seq=1504&lang_cd=ko,kogl_mark_on_page,,uc_seq_direct,manual_review,high,uc_seq=1504 직접 보유. source_detail_url로 페이지 방문 후 공공누리 마크 여부 확인 필요.
busan-F-00219,visitbusan,https://www.visitbusan.net/uploadImgs/files/cntnts/20230605114432846_ttiel,1505,https://www.visitbusan.net/kr/index.do?menuCd=DOM_000000201002001000&uc_seq=1505&lang_cd=ko,kogl_mark_on_page,,uc_seq_direct,manual_review,high,uc_seq=1505 직접 보유. source_detail_url로 페이지 방문 후 공공누리 마크 여부 확인 필요.
busan-F-00220,visitbusan,https://www.visitbusan.net/uploadImgs/files/cntnts/20240416105423031_ttiel,1506,https://www.visitbusan.net/kr/index.do?menuCd=DOM_000000201002001000&uc_seq=1506&lang_cd=ko,kogl_mark_on_page,,uc_seq_direct,manual_review,high,uc_seq=1506 직접 보유. source_detail_url로 페이지 방문 후 공공누리 마크 여부 확인 필요.
busan-F-00221,visitbusan,https://www.visitbusan.net/uploadImgs/files/cntnts/20240417141426032_ttiel,1507,https://www.visitbusan.net/kr/index.do?menuCd=DOM_000000201002001000&uc_seq=1507&lang_cd=ko,kogl_mark_on_page,,uc_seq_direct,manual_review,high,uc_seq=1507 직접 보유. source_detail_url로 페이지 방문 후 공공누리 마크 여부 확인 필요.
busan-F-00222,visitbusan,https://www.visitbusan.net/uploadImgs/files/cntnts/20230605160757154_ttiel,1508,https://www.visitbusan.net/en/index.do?menuCd=DOM_000000201002001000&uc_seq=1508&lang_cd=en,kogl_mark_on_page,,service_uc_seq_to_vbfull,manual_review,high,FoodService:1508→vbFull 매칭. source_detail_url 확인됨. 페이지 방문 후 공공누리 마크 확인 필요.
busan-F-00223,visitbusan,https://www.visitbusan.net/uploadImgs/files/cntnts/20230605162454973_ttiel,1509,https://www.visitbusan.net/kr/index.do?menuCd=DOM_000000201002001000&uc_seq=1509&lang_cd=ko,kogl_mark_on_page,,uc_seq_direct,manual_review,high,uc_seq=1509 직접 보유. source_detail_url로 페이지 방문 후 공공누리 마크 여부 확인 필요.
busan-F-00224,visitbusan,https://www.visitbusan.net/uploadImgs/files/cntnts/20230605163059829_ttiel,1510,https://www.visitbusan.net/kr/index.do?menuCd=DOM_000000201002001000&uc_seq=1510&lang_cd=ko,kogl_mark_on_page,,uc_seq_direct,manual_review,high,uc_seq=1510 직접 보유. source_detail_url로 페이지 방문 후 공공누리 마크 여부 확인 필요.
busan-F-00225,visitbusan,https://www.visitbusan.net/uploadImgs/files/cntnts/20230605171506269_ttiel,1511,https://www.visitbusan.net/kr/index.do?menuCd=DOM_000000201002001000&uc_seq=1511&lang_cd=ko,kogl_mark_on_page,,uc_seq_direct,manual_review,high,uc_seq=1511 직접 보유. source_detail_url로 페이지 방문 후 공공누리 마크 여부 확인 필요.
busan-F-00226,visitbusan,https://www.visitbusan.net/uploadImgs/files/cntnts/20240417171440711_ttiel,1512,https://www.visitbusan.net/kr/index.do?menuCd=DOM_000000201002001000&uc_seq=1512&lang_cd=ko,kogl_mark_on_page,,uc_seq_direct,manual_review,high,uc_seq=1512 직접 보유. source_detail_url로 페이지 방문 후 공공누리 마크 여부 확인 필요.
busan-F-00227,visitbusan,https://www.visitbusan.net/uploadImgs/files/cntnts/20230605175347129_ttiel,1513,https://www.visitbusan.net/kr/index.do?menuCd=DOM_000000201002001000&uc_seq=1513&lang_cd=ko,kogl_mark_on_page,,uc_seq_direct,manual_review,high,uc_seq=1513 직접 보유. source_detail_url로 페이지 방문 후 공공누리 마크 여부 확인 필요.
busan-F-00228,visitbusan,https://www.visitbusan.net/uploadImgs/files/cntnts/20230607101844356_ttiel,1515,https://www.visitbusan.net/kr/index.do?menuCd=DOM_000000201002001000&uc_seq=1515&lang_cd=ko,kogl_mark_on_page,,uc_seq_direct,manual_review,high,uc_seq=1515 직접 보유. source_detail_url로 페이지 방문 후 공공누리 마크 여부 확인 필요.
busan-F-00229,visitbusan,https://www.visitbusan.net/uploadImgs/files/cntnts/20240419095508857_ttiel,1516,https://www.visitbusan.net/en/index.do?menuCd=DOM_000000201002001000&uc_seq=1516&lang_cd=en,kogl_mark_on_page,,service_uc_seq_to_vbfull,manual_review,high,FoodService:1516→vbFull 매칭. source_detail_url 확인됨. 페이지 방문 후 공공누리 마크 확인 필요.
busan-F-00230,visitbusan,https://www.visitbusan.net/uploadImgs/files/cntnts/20230607104813073_ttiel,1517,https://www.visitbusan.net/kr/index.do?menuCd=DOM_000000201002001000&uc_seq=1517&lang_cd=ko,kogl_mark_on_page,,uc_seq_direct,manual_review,high,uc_seq=1517 직접 보유. source_detail_url로 페이지 방문 후 공공누리 마크 여부 확인 필요.
busan-F-00231,visitbusan,https://www.visitbusan.net/uploadImgs/files/cntnts/20240417163101609_ttiel,1518,https://www.visitbusan.net/kr/index.do?menuCd=DOM_000000201002001000&uc_seq=1518&lang_cd=ko,kogl_mark_on_page,,uc_seq_direct,manual_review,high,uc_seq=1518 직접 보유. source_detail_url로 페이지 방문 후 공공누리 마크 여부 확인 필요.
busan-F-00232,visitbusan,https://www.visitbusan.net/uploadImgs/files/cntnts/20240418131536518_ttiel,1519,https://www.visitbusan.net/kr/index.do?menuCd=DOM_000000201002001000&uc_seq=1519&lang_cd=ko,kogl_mark_on_page,,uc_seq_direct,manual_review,high,uc_seq=1519 직접 보유. source_detail_url로 페이지 방문 후 공공누리 마크 여부 확인 필요.
busan-F-00233,visitbusan,https://www.visitbusan.net/uploadImgs/files/cntnts/20240417095049087_ttiel,1520,https://www.visitbusan.net/kr/index.do?menuCd=DOM_000000201002001000&uc_seq=1520&lang_cd=ko,kogl_mark_on_page,,uc_seq_direct,manual_review,high,uc_seq=1520 직접 보유. source_detail_url로 페이지 방문 후 공공누리 마크 여부 확인 필요.
busan-F-00234,visitbusan,https://www.visitbusan.net/uploadImgs/files/cntnts/20230607115106313_ttiel,1521,https://www.visitbusan.net/kr/index.do?menuCd=DOM_000000201002001000&uc_seq=1521&lang_cd=ko,kogl_mark_on_page,,uc_seq_direct,manual_review,high,uc_seq=1521 직접 보유. source_detail_url로 페이지 방문 후 공공누리 마크 여부 확인 필요.
busan-F-00235,visitbusan,https://www.visitbusan.net/uploadImgs/files/cntnts/20240417104737417_ttiel,1522,https://www.visitbusan.net/kr/index.do?menuCd=DOM_000000201002001000&uc_seq=1522&lang_cd=ko,kogl_mark_on_page,,uc_seq_direct,manual_review,high,uc_seq=1522 직접 보유. source_detail_url로 페이지 방문 후 공공누리 마크 여부 확인 필요.
busan-F-00236,visitbusan,https://www.visitbusan.net/uploadImgs/files/cntnts/20240417160652816_ttiel,1523,https://www.visitbusan.net/en/index.do?menuCd=DOM_000000201002001000&uc_seq=1523&lang_cd=en,kogl_mark_on_page,,service_uc_seq_to_vbfull,manual_review,high,FoodService:1523→vbFull 매칭. source_detail_url 확인됨. 페이지 방문 후 공공누리 마크 확인 필요.
busan-F-00237,visitbusan,https://www.visitbusan.net/uploadImgs/files/cntnts/20240417172509146_ttiel,1524,https://www.visitbusan.net/kr/index.do?menuCd=DOM_000000201002001000&uc_seq=1524&lang_cd=ko,kogl_mark_on_page,,uc_seq_direct,manual_review,high,uc_seq=1524 직접 보유. source_detail_url로 페이지 방문 후 공공누리 마크 여부 확인 필요.
busan-F-00238,visitbusan,https://www.visitbusan.net/uploadImgs/files/cntnts/20230607150107037_ttiel,1525,https://www.visitbusan.net/kr/index.do?menuCd=DOM_000000201002001000&uc_seq=1525&lang_cd=ko,kogl_mark_on_page,,uc_seq_direct,manual_review,high,uc_seq=1525 직접 보유. source_detail_url로 페이지 방문 후 공공누리 마크 여부 확인 필요.
busan-F-00239,visitbusan,https://www.visitbusan.net/uploadImgs/files/cntnts/20230607152613580_ttiel,1526,https://www.visitbusan.net/kr/index.do?menuCd=DOM_000000201002001000&uc_seq=1526&lang_cd=ko,kogl_mark_on_page,,uc_seq_direct,manual_review,high,uc_seq=1526 직접 보유. source_detail_url로 페이지 방문 후 공공누리 마크 여부 확인 필요.
busan-F-00240,visitbusan,https://www.visitbusan.net/uploadImgs/files/cntnts/20230607153356051_ttiel,1527,https://www.visitbusan.net/kr/index.do?menuCd=DOM_000000201002001000&uc_seq=1527&lang_cd=ko,kogl_mark_on_page,,uc_seq_direct,manual_review,high,uc_seq=1527 직접 보유. source_detail_url로 페이지 방문 후 공공누리 마크 여부 확인 필요.
busan-F-00241,visitbusan,https://www.visitbusan.net/uploadImgs/files/cntnts/20230607154228087_ttiel,1528,https://www.visitbusan.net/kr/index.do?menuCd=DOM_000000201002001000&uc_seq=1528&lang_cd=ko,kogl_mark_on_page,,uc_seq_direct,manual_review,high,uc_seq=1528 직접 보유. source_detail_url로 페이지 방문 후 공공누리 마크 여부 확인 필요.
busan-F-00242,visitbusan,https://www.visitbusan.net/uploadImgs/files/cntnts/20230607170054185_ttiel,1529,https://www.visitbusan.net/kr/index.do?menuCd=DOM_000000201002001000&uc_seq=1529&lang_cd=ko,kogl_mark_on_page,,uc_seq_direct,manual_review,high,uc_seq=1529 직접 보유. source_detail_url로 페이지 방문 후 공공누리 마크 여부 확인 필요.
busan-F-00243,visitbusan,https://www.visitbusan.net/uploadImgs/files/cntnts/20240417105843962_ttiel,1530,https://www.visitbusan.net/kr/index.do?menuCd=DOM_000000201002001000&uc_seq=1530&lang_cd=ko,kogl_mark_on_page,,uc_seq_direct,manual_review,high,uc_seq=1530 직접 보유. source_detail_url로 페이지 방문 후 공공누리 마크 여부 확인 필요.
busan-F-00244,visitbusan,https://www.visitbusan.net/uploadImgs/files/cntnts/20240419113933249_ttiel,1531,https://www.visitbusan.net/kr/index.do?menuCd=DOM_000000201002001000&uc_seq=1531&lang_cd=ko,kogl_mark_on_page,,uc_seq_direct,manual_review,high,uc_seq=1531 직접 보유. source_detail_url로 페이지 방문 후 공공누리 마크 여부 확인 필요.
busan-F-00245,visitbusan,https://www.visitbusan.net/uploadImgs/files/cntnts/20240417133833912_ttiel,1533,https://www.visitbusan.net/kr/index.do?menuCd=DOM_000000201002001000&uc_seq=1533&lang_cd=ko,kogl_mark_on_page,,uc_seq_direct,manual_review,high,uc_seq=1533 직접 보유. source_detail_url로 페이지 방문 후 공공누리 마크 여부 확인 필요.
busan-F-00246,visitbusan,https://www.visitbusan.net/uploadImgs/files/cntnts/20240419153703944_ttiel,1534,https://www.visitbusan.net/kr/index.do?menuCd=DOM_000000201002001000&uc_seq=1534&lang_cd=ko,kogl_mark_on_page,,uc_seq_direct,manual_review,high,uc_seq=1534 직접 보유. source_detail_url로 페이지 방문 후 공공누리 마크 여부 확인 필요.
busan-F-00247,visitbusan,https://www.visitbusan.net/uploadImgs/files/cntnts/20230608140120811_ttiel,1535,https://www.visitbusan.net/kr/index.do?menuCd=DOM_000000201002001000&uc_seq=1535&lang_cd=ko,kogl_mark_on_page,,uc_seq_direct,manual_review,high,uc_seq=1535 직접 보유. source_detail_url로 페이지 방문 후 공공누리 마크 여부 확인 필요.
busan-F-00248,visitbusan,https://www.visitbusan.net/uploadImgs/files/cntnts/20240416171818172_ttiel,1536,https://www.visitbusan.net/kr/index.do?menuCd=DOM_000000201002001000&uc_seq=1536&lang_cd=ko,kogl_mark_on_page,,uc_seq_direct,manual_review,high,uc_seq=1536 직접 보유. source_detail_url로 페이지 방문 후 공공누리 마크 여부 확인 필요.
busan-F-00249,visitbusan,https://www.visitbusan.net/uploadImgs/files/cntnts/20230608144815779_ttiel,1537,https://www.visitbusan.net/kr/index.do?menuCd=DOM_000000201002001000&uc_seq=1537&lang_cd=ko,kogl_mark_on_page,,uc_seq_direct,manual_review,high,uc_seq=1537 직접 보유. source_detail_url로 페이지 방문 후 공공누리 마크 여부 확인 필요.
busan-F-00250,visitbusan,https://www.visitbusan.net/uploadImgs/files/cntnts/20230608150916484_ttiel,1538,https://www.visitbusan.net/kr/index.do?menuCd=DOM_000000201002001000&uc_seq=1538&lang_cd=ko,kogl_mark_on_page,,uc_seq_direct,manual_review,high,uc_seq=1538 직접 보유. source_detail_url로 페이지 방문 후 공공누리 마크 여부 확인 필요.
busan-F-00251,none,,,,,,,no_image,n/a,이미지 URL 없음
busan-F-00252,visitbusan,https://www.visitbusan.net/uploadImgs/files/cntnts/20230612125944822_ttiel,1540,,kogl_mark_on_page,,image_url_to_raw_uc_seq,manual_review,medium,FoodService:1540 — vbFull 미매칭(food/festival 전용 API). 이미지 URL 역추적으로 UC_SEQ=1540 확인. source_detail_url 수동 구성 후 공공누리 마크 확인 필요.
busan-F-00253,none,,,,,,,no_image,n/a,이미지 URL 없음
busan-F-00254,visitbusan,https://www.visitbusan.net/uploadImgs/files/cntnts/20230612130601401_ttiel,1542,,kogl_mark_on_page,,image_url_to_raw_uc_seq,manual_review,medium,FoodService:1542 — vbFull 미매칭(food/festival 전용 API). 이미지 URL 역추적으로 UC_SEQ=1542 확인. source_detail_url 수동 구성 후 공공누리 마크 확인 필요.
busan-F-00255,none,,,,,,,no_image,n/a,이미지 URL 없음
busan-F-00256,none,,,,,,,no_image,n/a,이미지 URL 없음
busan-F-00257,visitbusan,https://www.visitbusan.net/uploadImgs/files/cntnts/20230612131518983_ttiel,1545,,kogl_mark_on_page,,image_url_to_raw_uc_seq,manual_review,medium,FoodService:1545 — vbFull 미매칭(food/festival 전용 API). 이미지 URL 역추적으로 UC_SEQ=1545 확인. source_detail_url 수동 구성 후 공공누리 마크 확인 필요.
busan-F-00258,visitbusan,https://www.visitbusan.net/uploadImgs/files/cntnts/20230612133402186_ttiel,1546,,kogl_mark_on_page,,image_url_to_raw_uc_seq,manual_review,medium,FoodService:1546 — vbFull 미매칭(food/festival 전용 API). 이미지 URL 역추적으로 UC_SEQ=1546 확인. source_detail_url 수동 구성 후 공공누리 마크 확인 필요.
busan-F-00259,none,,,,,,,no_image,n/a,이미지 URL 없음
busan-F-00260,none,,,,,,,no_image,n/a,이미지 URL 없음
busan-F-00261,visitbusan,https://www.visitbusan.net/uploadImgs/files/cntnts/20230612134343289_ttiel,1549,,kogl_mark_on_page,,image_url_to_raw_uc_seq,manual_review,medium,FoodService:1549 — vbFull 미매칭(food/festival 전용 API). 이미지 URL 역추적으로 UC_SEQ=1549 확인. source_detail_url 수동 구성 후 공공누리 마크 확인 필요.
busan-F-00262,none,,,,,,,no_image,n/a,이미지 URL 없음
busan-F-00263,visitbusan,https://www.visitbusan.net/uploadImgs/files/cntnts/20230612135343874_ttiel,1551,,kogl_mark_on_page,,image_url_to_raw_uc_seq,manual_review,medium,FoodService:1551 — vbFull 미매칭(food/festival 전용 API). 이미지 URL 역추적으로 UC_SEQ=1551 확인. source_detail_url 수동 구성 후 공공누리 마크 확인 필요.
busan-F-00264,none,,,,,,,no_image,n/a,이미지 URL 없음
busan-F-00265,visitbusan,https://www.visitbusan.net/uploadImgs/files/cntnts/20230612140201584_ttiel,1553,,kogl_mark_on_page,,image_url_to_raw_uc_seq,manual_review,medium,FoodService:1553 — vbFull 미매칭(food/festival 전용 API). 이미지 URL 역추적으로 UC_SEQ=1553 확인. source_detail_url 수동 구성 후 공공누리 마크 확인 필요.
busan-F-00266,none,,,,,,,no_image,n/a,이미지 URL 없음
busan-F-00267,visitbusan,https://www.visitbusan.net/uploadImgs/files/cntnts/20230612142200836_ttiel,1555,,kogl_mark_on_page,,image_url_to_raw_uc_seq,manual_review,medium,FoodService:1555 — vbFull 미매칭(food/festival 전용 API). 이미지 URL 역추적으로 UC_SEQ=1555 확인. source_detail_url 수동 구성 후 공공누리 마크 확인 필요.
busan-F-00268,visitbusan,https://www.visitbusan.net/uploadImgs/files/cntnts/20230612142741318_ttiel,1556,,kogl_mark_on_page,,image_url_to_raw_uc_seq,manual_review,medium,FoodService:1556 — vbFull 미매칭(food/festival 전용 API). 이미지 URL 역추적으로 UC_SEQ=1556 확인. source_detail_url 수동 구성 후 공공누리 마크 확인 필요.
busan-F-00269,none,,,,,,,no_image,n/a,이미지 URL 없음
busan-F-00270,visitbusan,https://www.visitbusan.net/uploadImgs/files/cntnts/20230612143356750_ttiel,1558,,kogl_mark_on_page,,image_url_to_raw_uc_seq,manual_review,medium,FoodService:1558 — vbFull 미매칭(food/festival 전용 API). 이미지 URL 역추적으로 UC_SEQ=1558 확인. source_detail_url 수동 구성 후 공공누리 마크 확인 필요.
busan-F-00271,visitbusan,https://www.visitbusan.net/uploadImgs/files/cntnts/20230612143942704_ttiel,1559,,kogl_mark_on_page,,image_url_to_raw_uc_seq,manual_review,medium,FoodService:1559 — vbFull 미매칭(food/festival 전용 API). 이미지 URL 역추적으로 UC_SEQ=1559 확인. source_detail_url 수동 구성 후 공공누리 마크 확인 필요.
busan-F-00272,visitbusan,https://www.visitbusan.net/uploadImgs/files/cntnts/20240419165347836,1847,https://www.visitbusan.net/kr/index.do?menuCd=DOM_000000201002001000&uc_seq=1847&lang_cd=ko,kogl_mark_on_page,,uc_seq_direct,manual_review,high,uc_seq=1847 직접 보유. source_detail_url로 페이지 방문 후 공공누리 마크 여부 확인 필요.
busan-F-00273,none,,,,,,,no_image,n/a,이미지 URL 없음
busan-F-00274,visitbusan,https://www.visitbusan.net/uploadImgs/files/cntnts/20230612145045002_ttiel,1562,,kogl_mark_on_page,,image_url_to_raw_uc_seq,manual_review,medium,FoodService:1562 — vbFull 미매칭(food/festival 전용 API). 이미지 URL 역추적으로 UC_SEQ=1562 확인. source_detail_url 수동 구성 후 공공누리 마크 확인 필요.
busan-F-00275,none,,,,,,,no_image,n/a,이미지 URL 없음
busan-F-00276,visitbusan,https://www.visitbusan.net/uploadImgs/files/cntnts/20240418130407601,1835,https://www.visitbusan.net/kr/index.do?menuCd=DOM_000000201002001000&uc_seq=1835&lang_cd=ko,kogl_mark_on_page,,uc_seq_direct,manual_review,high,uc_seq=1835 직접 보유. source_detail_url로 페이지 방문 후 공공누리 마크 여부 확인 필요.
busan-F-00277,visitbusan,https://www.visitbusan.net/uploadImgs/files/cntnts/20230612150436417_ttiel,1565,,kogl_mark_on_page,,image_url_to_raw_uc_seq,manual_review,medium,FoodService:1565 — vbFull 미매칭(food/festival 전용 API). 이미지 URL 역추적으로 UC_SEQ=1565 확인. source_detail_url 수동 구성 후 공공누리 마크 확인 필요.
busan-F-00278,none,,,,,,,no_image,n/a,이미지 URL 없음
busan-F-00279,none,,,,,,,no_image,n/a,이미지 URL 없음
busan-F-00280,visitbusan,https://www.visitbusan.net/uploadImgs/files/cntnts/20230612151651185_ttiel,1568,,kogl_mark_on_page,,image_url_to_raw_uc_seq,manual_review,medium,FoodService:1568 — vbFull 미매칭(food/festival 전용 API). 이미지 URL 역추적으로 UC_SEQ=1568 확인. source_detail_url 수동 구성 후 공공누리 마크 확인 필요.
busan-F-00281,none,,,,,,,no_image,n/a,이미지 URL 없음
busan-F-00282,none,,,,,,,no_image,n/a,이미지 URL 없음
busan-F-00283,visitbusan,https://www.visitbusan.net/uploadImgs/files/cntnts/20230612152628930_ttiel,1571,,kogl_mark_on_page,,image_url_to_raw_uc_seq,manual_review,medium,FoodService:1571 — vbFull 미매칭(food/festival 전용 API). 이미지 URL 역추적으로 UC_SEQ=1571 확인. source_detail_url 수동 구성 후 공공누리 마크 확인 필요.
busan-F-00284,visitbusan,https://www.visitbusan.net/uploadImgs/files/cntnts/20230612153328501_ttiel,1572,,kogl_mark_on_page,,image_url_to_raw_uc_seq,manual_review,medium,FoodService:1572 — vbFull 미매칭(food/festival 전용 API). 이미지 URL 역추적으로 UC_SEQ=1572 확인. source_detail_url 수동 구성 후 공공누리 마크 확인 필요.
busan-F-00285,none,,,,,,,no_image,n/a,이미지 URL 없음
busan-F-00286,visitbusan,https://www.visitbusan.net/uploadImgs/files/cntnts/20230612153921763_ttiel,1574,,kogl_mark_on_page,,image_url_to_raw_uc_seq,manual_review,medium,FoodService:1574 — vbFull 미매칭(food/festival 전용 API). 이미지 URL 역추적으로 UC_SEQ=1574 확인. source_detail_url 수동 구성 후 공공누리 마크 확인 필요.
busan-F-00287,visitbusan,https://www.visitbusan.net/uploadImgs/files/cntnts/20230612154508334_ttiel,1575,,kogl_mark_on_page,,image_url_to_raw_uc_seq,manual_review,medium,FoodService:1575 — vbFull 미매칭(food/festival 전용 API). 이미지 URL 역추적으로 UC_SEQ=1575 확인. source_detail_url 수동 구성 후 공공누리 마크 확인 필요.
busan-F-00288,none,,,,,,,no_image,n/a,이미지 URL 없음
busan-F-00289,none,,,,,,,no_image,n/a,이미지 URL 없음
busan-F-00290,none,,,,,,,no_image,n/a,이미지 URL 없음
busan-F-00291,visitbusan,https://www.visitbusan.net/uploadImgs/files/cntnts/20230612155844697_ttiel,1579,,kogl_mark_on_page,,image_url_to_raw_uc_seq,manual_review,medium,FoodService:1579 — vbFull 미매칭(food/festival 전용 API). 이미지 URL 역추적으로 UC_SEQ=1579 확인. source_detail_url 수동 구성 후 공공누리 마크 확인 필요.
busan-F-00292,none,,,,,,,no_image,n/a,이미지 URL 없음
busan-F-00293,visitbusan,https://www.visitbusan.net/uploadImgs/files/cntnts/20230612160716657_ttiel,1581,,kogl_mark_on_page,,image_url_to_raw_uc_seq,manual_review,medium,FoodService:1581 — vbFull 미매칭(food/festival 전용 API). 이미지 URL 역추적으로 UC_SEQ=1581 확인. source_detail_url 수동 구성 후 공공누리 마크 확인 필요.
busan-F-00294,visitbusan,https://www.visitbusan.net/uploadImgs/files/cntnts/20230612161146972_ttiel,1582,,kogl_mark_on_page,,image_url_to_raw_uc_seq,manual_review,medium,FoodService:1582 — vbFull 미매칭(food/festival 전용 API). 이미지 URL 역추적으로 UC_SEQ=1582 확인. source_detail_url 수동 구성 후 공공누리 마크 확인 필요.
busan-F-00295,visitbusan,https://www.visitbusan.net/uploadImgs/files/cntnts/20230612161538543_ttiel,1583,,kogl_mark_on_page,,image_url_to_raw_uc_seq,manual_review,medium,FoodService:1583 — vbFull 미매칭(food/festival 전용 API). 이미지 URL 역추적으로 UC_SEQ=1583 확인. source_detail_url 수동 구성 후 공공누리 마크 확인 필요.
busan-F-00296,visitbusan,https://www.visitbusan.net/uploadImgs/files/cntnts/20230612162233926_ttiel,1584,,kogl_mark_on_page,,image_url_to_raw_uc_seq,manual_review,medium,FoodService:1584 — vbFull 미매칭(food/festival 전용 API). 이미지 URL 역추적으로 UC_SEQ=1584 확인. source_detail_url 수동 구성 후 공공누리 마크 확인 필요.
busan-F-00297,none,,,,,,,no_image,n/a,이미지 URL 없음
busan-F-00298,visitbusan,https://www.visitbusan.net/uploadImgs/files/cntnts/20230612163040120_ttiel,1586,,kogl_mark_on_page,,image_url_to_raw_uc_seq,manual_review,medium,FoodService:1586 — vbFull 미매칭(food/festival 전용 API). 이미지 URL 역추적으로 UC_SEQ=1586 확인. source_detail_url 수동 구성 후 공공누리 마크 확인 필요.
busan-F-00299,visitbusan,https://www.visitbusan.net/uploadImgs/files/cntnts/20230612163348599_ttiel,1842,https://www.visitbusan.net/kr/index.do?menuCd=DOM_000000201002001000&uc_seq=1842&lang_cd=ko,kogl_mark_on_page,,uc_seq_direct,manual_review,high,uc_seq=1842 직접 보유. source_detail_url로 페이지 방문 후 공공누리 마크 여부 확인 필요.
busan-F-00300,visitbusan,https://www.visitbusan.net/uploadImgs/files/cntnts/20240419135826203,1843,https://www.visitbusan.net/kr/index.do?menuCd=DOM_000000201002001000&uc_seq=1843&lang_cd=ko,kogl_mark_on_page,,uc_seq_direct,manual_review,high,uc_seq=1843 직접 보유. source_detail_url로 페이지 방문 후 공공누리 마크 여부 확인 필요.
busan-F-00301,visitbusan,https://www.visitbusan.net/uploadImgs/files/cntnts/20230612165530398_ttiel,1589,,kogl_mark_on_page,,image_url_to_raw_uc_seq,manual_review,medium,FoodService:1589 — vbFull 미매칭(food/festival 전용 API). 이미지 URL 역추적으로 UC_SEQ=1589 확인. source_detail_url 수동 구성 후 공공누리 마크 확인 필요.
busan-F-00302,visitbusan,https://www.visitbusan.net/uploadImgs/files/cntnts/20240419140242960,1844,https://www.visitbusan.net/kr/index.do?menuCd=DOM_000000201002001000&uc_seq=1844&lang_cd=ko,kogl_mark_on_page,,uc_seq_direct,manual_review,high,uc_seq=1844 직접 보유. source_detail_url로 페이지 방문 후 공공누리 마크 여부 확인 필요.
busan-F-00303,none,,,,,,,no_image,n/a,이미지 URL 없음
busan-F-00304,visitbusan,https://www.visitbusan.net/uploadImgs/files/cntnts/20230612170609406_ttiel,1592,,kogl_mark_on_page,,image_url_to_raw_uc_seq,manual_review,medium,FoodService:1592 — vbFull 미매칭(food/festival 전용 API). 이미지 URL 역추적으로 UC_SEQ=1592 확인. source_detail_url 수동 구성 후 공공누리 마크 확인 필요.
busan-F-00305,none,,,,,,,no_image,n/a,이미지 URL 없음
busan-F-00306,visitbusan,https://www.visitbusan.net/uploadImgs/files/cntnts/20230612171254815_ttiel,1594,,kogl_mark_on_page,,image_url_to_raw_uc_seq,manual_review,medium,FoodService:1594 — vbFull 미매칭(food/festival 전용 API). 이미지 URL 역추적으로 UC_SEQ=1594 확인. source_detail_url 수동 구성 후 공공누리 마크 확인 필요.
busan-F-00307,none,,,,,,,no_image,n/a,이미지 URL 없음
busan-F-00308,visitbusan,https://www.visitbusan.net/uploadImgs/files/cntnts/20230612175041562_ttiel,1596,,kogl_mark_on_page,,image_url_to_raw_uc_seq,manual_review,medium,FoodService:1596 — vbFull 미매칭(food/festival 전용 API). 이미지 URL 역추적으로 UC_SEQ=1596 확인. source_detail_url 수동 구성 후 공공누리 마크 확인 필요.
busan-F-00309,none,,,,,,,no_image,n/a,이미지 URL 없음
busan-F-00310,none,,,,,,,no_image,n/a,이미지 URL 없음
busan-F-00311,visitbusan,https://www.visitbusan.net/uploadImgs/files/cntnts/20240416154834100,1811,https://www.visitbusan.net/kr/index.do?menuCd=DOM_000000201002001000&uc_seq=1811&lang_cd=ko,kogl_mark_on_page,,uc_seq_direct,manual_review,high,uc_seq=1811 직접 보유. source_detail_url로 페이지 방문 후 공공누리 마크 여부 확인 필요.
busan-F-00312,visitbusan,https://www.visitbusan.net/uploadImgs/files/cntnts/20230613092152629_ttiel,1851,https://www.visitbusan.net/kr/index.do?menuCd=DOM_000000201002001000&uc_seq=1851&lang_cd=ko,kogl_mark_on_page,,uc_seq_direct,manual_review,high,uc_seq=1851 직접 보유. source_detail_url로 페이지 방문 후 공공누리 마크 여부 확인 필요.
busan-F-00313,visitbusan,https://www.visitbusan.net/uploadImgs/files/cntnts/20230613093228255_ttiel,1601,,kogl_mark_on_page,,image_url_to_raw_uc_seq,manual_review,medium,FoodService:1601 — vbFull 미매칭(food/festival 전용 API). 이미지 URL 역추적으로 UC_SEQ=1601 확인. source_detail_url 수동 구성 후 공공누리 마크 확인 필요.
busan-F-00314,visitbusan,https://www.visitbusan.net/uploadImgs/files/cntnts/20230613095016120_ttiel,1602,,kogl_mark_on_page,,image_url_to_raw_uc_seq,manual_review,medium,FoodService:1602 — vbFull 미매칭(food/festival 전용 API). 이미지 URL 역추적으로 UC_SEQ=1602 확인. source_detail_url 수동 구성 후 공공누리 마크 확인 필요.
busan-F-00315,none,,,,,,,no_image,n/a,이미지 URL 없음
busan-F-00316,visitbusan,https://www.visitbusan.net/uploadImgs/files/cntnts/20230613095933451_ttiel,1604,,kogl_mark_on_page,,image_url_to_raw_uc_seq,manual_review,medium,FoodService:1604 — vbFull 미매칭(food/festival 전용 API). 이미지 URL 역추적으로 UC_SEQ=1604 확인. source_detail_url 수동 구성 후 공공누리 마크 확인 필요.
busan-F-00317,none,,,,,,,no_image,n/a,이미지 URL 없음
busan-F-00318,none,,,,,,,no_image,n/a,이미지 URL 없음
busan-F-00319,visitbusan,https://www.visitbusan.net/uploadImgs/files/cntnts/20230613102734246_ttiel,1607,,kogl_mark_on_page,,image_url_to_raw_uc_seq,manual_review,medium,FoodService:1607 — vbFull 미매칭(food/festival 전용 API). 이미지 URL 역추적으로 UC_SEQ=1607 확인. source_detail_url 수동 구성 후 공공누리 마크 확인 필요.
busan-F-00320,visitbusan,https://www.visitbusan.net/uploadImgs/files/cntnts/20230613103828538_ttiel,1608,,kogl_mark_on_page,,image_url_to_raw_uc_seq,manual_review,medium,FoodService:1608 — vbFull 미매칭(food/festival 전용 API). 이미지 URL 역추적으로 UC_SEQ=1608 확인. source_detail_url 수동 구성 후 공공누리 마크 확인 필요.
busan-F-00321,visitbusan,https://www.visitbusan.net/uploadImgs/files/cntnts/20230613104626061_ttiel,1609,,kogl_mark_on_page,,image_url_to_raw_uc_seq,manual_review,medium,FoodService:1609 — vbFull 미매칭(food/festival 전용 API). 이미지 URL 역추적으로 UC_SEQ=1609 확인. source_detail_url 수동 구성 후 공공누리 마크 확인 필요.
busan-F-00322,visitbusan,https://www.visitbusan.net/uploadImgs/files/cntnts/20240417101857747,1813,https://www.visitbusan.net/kr/index.do?menuCd=DOM_000000201002001000&uc_seq=1813&lang_cd=ko,kogl_mark_on_page,,uc_seq_direct,manual_review,high,uc_seq=1813 직접 보유. source_detail_url로 페이지 방문 후 공공누리 마크 여부 확인 필요.
busan-F-00323,visitbusan,https://www.visitbusan.net/uploadImgs/files/cntnts/20230613105612900_ttiel,1611,,kogl_mark_on_page,,image_url_to_raw_uc_seq,manual_review,medium,FoodService:1611 — vbFull 미매칭(food/festival 전용 API). 이미지 URL 역추적으로 UC_SEQ=1611 확인. source_detail_url 수동 구성 후 공공누리 마크 확인 필요.
busan-F-00324,visitbusan,https://www.visitbusan.net/uploadImgs/files/cntnts/20230613131233567_ttiel,1612,,kogl_mark_on_page,,image_url_to_raw_uc_seq,manual_review,medium,FoodService:1612 — vbFull 미매칭(food/festival 전용 API). 이미지 URL 역추적으로 UC_SEQ=1612 확인. source_detail_url 수동 구성 후 공공누리 마크 확인 필요.
busan-F-00325,visitbusan,https://www.visitbusan.net/uploadImgs/files/cntnts/20230613132128202_ttiel,1613,,kogl_mark_on_page,,image_url_to_raw_uc_seq,manual_review,medium,FoodService:1613 — vbFull 미매칭(food/festival 전용 API). 이미지 URL 역추적으로 UC_SEQ=1613 확인. source_detail_url 수동 구성 후 공공누리 마크 확인 필요.
busan-F-00326,none,,,,,,,no_image,n/a,이미지 URL 없음
busan-F-00327,visitbusan,https://www.visitbusan.net/uploadImgs/files/cntnts/20230613132725801_ttiel,1615,,kogl_mark_on_page,,image_url_to_raw_uc_seq,manual_review,medium,FoodService:1615 — vbFull 미매칭(food/festival 전용 API). 이미지 URL 역추적으로 UC_SEQ=1615 확인. source_detail_url 수동 구성 후 공공누리 마크 확인 필요.
busan-F-00328,none,,,,,,,no_image,n/a,이미지 URL 없음
busan-F-00329,visitbusan,https://www.visitbusan.net/uploadImgs/files/cntnts/20230613133243687_ttiel,1617,,kogl_mark_on_page,,image_url_to_raw_uc_seq,manual_review,medium,FoodService:1617 — vbFull 미매칭(food/festival 전용 API). 이미지 URL 역추적으로 UC_SEQ=1617 확인. source_detail_url 수동 구성 후 공공누리 마크 확인 필요.
busan-F-00330,visitbusan,https://www.visitbusan.net/uploadImgs/files/cntnts/20230613133632663_ttiel,1618,,kogl_mark_on_page,,image_url_to_raw_uc_seq,manual_review,medium,FoodService:1618 — vbFull 미매칭(food/festival 전용 API). 이미지 URL 역추적으로 UC_SEQ=1618 확인. source_detail_url 수동 구성 후 공공누리 마크 확인 필요.
busan-F-00331,visitbusan,https://www.visitbusan.net/uploadImgs/files/cntnts/20230613134515049_ttiel,1619,,kogl_mark_on_page,,image_url_to_raw_uc_seq,manual_review,medium,FoodService:1619 — vbFull 미매칭(food/festival 전용 API). 이미지 URL 역추적으로 UC_SEQ=1619 확인. source_detail_url 수동 구성 후 공공누리 마크 확인 필요.
busan-F-00332,visitbusan,https://www.visitbusan.net/uploadImgs/files/cntnts/20230613135150498_ttiel,1620,,kogl_mark_on_page,,image_url_to_raw_uc_seq,manual_review,medium,FoodService:1620 — vbFull 미매칭(food/festival 전용 API). 이미지 URL 역추적으로 UC_SEQ=1620 확인. source_detail_url 수동 구성 후 공공누리 마크 확인 필요.
busan-F-00333,none,,,,,,,no_image,n/a,이미지 URL 없음
busan-F-00334,visitbusan,https://www.visitbusan.net/uploadImgs/files/cntnts/20230613135851405_ttiel,1622,,kogl_mark_on_page,,image_url_to_raw_uc_seq,manual_review,medium,FoodService:1622 — vbFull 미매칭(food/festival 전용 API). 이미지 URL 역추적으로 UC_SEQ=1622 확인. source_detail_url 수동 구성 후 공공누리 마크 확인 필요.
busan-F-00335,visitbusan,https://www.visitbusan.net/uploadImgs/files/cntnts/20230613144231653_ttiel,1623,,kogl_mark_on_page,,image_url_to_raw_uc_seq,manual_review,medium,FoodService:1623 — vbFull 미매칭(food/festival 전용 API). 이미지 URL 역추적으로 UC_SEQ=1623 확인. source_detail_url 수동 구성 후 공공누리 마크 확인 필요.
busan-F-00336,none,,,,,,,no_image,n/a,이미지 URL 없음
busan-F-00337,visitbusan,https://www.visitbusan.net/uploadImgs/files/cntnts/20230613165118483_ttiel,1626,,kogl_mark_on_page,,image_url_to_raw_uc_seq,manual_review,medium,FoodService:1626 — vbFull 미매칭(food/festival 전용 API). 이미지 URL 역추적으로 UC_SEQ=1626 확인. source_detail_url 수동 구성 후 공공누리 마크 확인 필요.
busan-F-00338,none,,,,,,,no_image,n/a,이미지 URL 없음
busan-F-00339,visitbusan,https://www.visitbusan.net/uploadImgs/files/cntnts/20230613165701228_ttiel,1628,,kogl_mark_on_page,,image_url_to_raw_uc_seq,manual_review,medium,FoodService:1628 — vbFull 미매칭(food/festival 전용 API). 이미지 URL 역추적으로 UC_SEQ=1628 확인. source_detail_url 수동 구성 후 공공누리 마크 확인 필요.
busan-F-00340,visitbusan,https://www.visitbusan.net/uploadImgs/files/cntnts/20240418112726853,1831,https://www.visitbusan.net/kr/index.do?menuCd=DOM_000000201002001000&uc_seq=1831&lang_cd=ko,kogl_mark_on_page,,uc_seq_direct,manual_review,high,uc_seq=1831 직접 보유. source_detail_url로 페이지 방문 후 공공누리 마크 여부 확인 필요.
busan-F-00341,none,,,,,,,no_image,n/a,이미지 URL 없음
busan-F-00342,none,,,,,,,no_image,n/a,이미지 URL 없음
busan-F-00343,visitbusan,https://www.visitbusan.net/uploadImgs/files/cntnts/20230613171951255_ttiel,1632,,kogl_mark_on_page,,image_url_to_raw_uc_seq,manual_review,medium,FoodService:1632 — vbFull 미매칭(food/festival 전용 API). 이미지 URL 역추적으로 UC_SEQ=1632 확인. source_detail_url 수동 구성 후 공공누리 마크 확인 필요.
busan-F-00344,none,,,,,,,no_image,n/a,이미지 URL 없음
busan-F-00345,visitbusan,https://www.visitbusan.net/uploadImgs/files/cntnts/20230613173346368_ttiel,1634,,kogl_mark_on_page,,image_url_to_raw_uc_seq,manual_review,medium,FoodService:1634 — vbFull 미매칭(food/festival 전용 API). 이미지 URL 역추적으로 UC_SEQ=1634 확인. source_detail_url 수동 구성 후 공공누리 마크 확인 필요.
busan-F-00346,visitbusan,https://www.visitbusan.net/uploadImgs/files/cntnts/20230613174142673_ttiel,1819,https://www.visitbusan.net/kr/index.do?menuCd=DOM_000000201002001000&uc_seq=1819&lang_cd=ko,kogl_mark_on_page,,uc_seq_direct,manual_review,high,uc_seq=1819 직접 보유. source_detail_url로 페이지 방문 후 공공누리 마크 여부 확인 필요.
busan-F-00347,visitbusan,https://www.visitbusan.net/uploadImgs/files/cntnts/20230613174426706_ttiel,1636,,kogl_mark_on_page,,image_url_to_raw_uc_seq,manual_review,medium,FoodService:1636 — vbFull 미매칭(food/festival 전용 API). 이미지 URL 역추적으로 UC_SEQ=1636 확인. source_detail_url 수동 구성 후 공공누리 마크 확인 필요.
busan-F-00348,visitbusan,https://www.visitbusan.net/uploadImgs/files/cntnts/20230613175240521_ttiel,1637,,kogl_mark_on_page,,image_url_to_raw_uc_seq,manual_review,medium,FoodService:1637 — vbFull 미매칭(food/festival 전용 API). 이미지 URL 역추적으로 UC_SEQ=1637 확인. source_detail_url 수동 구성 후 공공누리 마크 확인 필요.
busan-F-00349,none,,,,,,,no_image,n/a,이미지 URL 없음
busan-F-00350,none,,,,,,,no_image,n/a,이미지 URL 없음
busan-F-00351,visitbusan,https://www.visitbusan.net/uploadImgs/files/cntnts/20240415173022243_ttiel,1802,https://www.visitbusan.net/kr/index.do?menuCd=DOM_000000201002001000&uc_seq=1802&lang_cd=ko,kogl_mark_on_page,,uc_seq_direct,manual_review,high,uc_seq=1802 직접 보유. source_detail_url로 페이지 방문 후 공공누리 마크 여부 확인 필요.
busan-F-00352,visitbusan,https://www.visitbusan.net/uploadImgs/files/cntnts/20240416104638891_ttiel,1803,https://www.visitbusan.net/kr/index.do?menuCd=DOM_000000201002001000&uc_seq=1803&lang_cd=ko,kogl_mark_on_page,,uc_seq_direct,manual_review,high,uc_seq=1803 직접 보유. source_detail_url로 페이지 방문 후 공공누리 마크 여부 확인 필요.
busan-F-00353,visitbusan,https://www.visitbusan.net/uploadImgs/files/cntnts/20240416105926870_ttiel,1804,https://www.visitbusan.net/kr/index.do?menuCd=DOM_000000201002001000&uc_seq=1804&lang_cd=ko,kogl_mark_on_page,,uc_seq_direct,manual_review,high,uc_seq=1804 직접 보유. source_detail_url로 페이지 방문 후 공공누리 마크 여부 확인 필요.
busan-F-00354,visitbusan,https://www.visitbusan.net/uploadImgs/files/cntnts/20240416111045673_ttiel,1805,https://www.visitbusan.net/kr/index.do?menuCd=DOM_000000201002001000&uc_seq=1805&lang_cd=ko,kogl_mark_on_page,,uc_seq_direct,manual_review,high,uc_seq=1805 직접 보유. source_detail_url로 페이지 방문 후 공공누리 마크 여부 확인 필요.
busan-F-00355,visitbusan,https://www.visitbusan.net/uploadImgs/files/cntnts/20240416111916488_ttiel,1806,https://www.visitbusan.net/kr/index.do?menuCd=DOM_000000201002001000&uc_seq=1806&lang_cd=ko,kogl_mark_on_page,,uc_seq_direct,manual_review,high,uc_seq=1806 직접 보유. source_detail_url로 페이지 방문 후 공공누리 마크 여부 확인 필요.
busan-F-00356,visitbusan,https://www.visitbusan.net/uploadImgs/files/cntnts/20240416142348310_ttiel,1808,https://www.visitbusan.net/en/index.do?menuCd=DOM_000000201002001000&uc_seq=1808&lang_cd=en,kogl_mark_on_page,,service_uc_seq_to_vbfull,manual_review,high,FoodService:1808→vbFull 매칭. source_detail_url 확인됨. 페이지 방문 후 공공누리 마크 확인 필요.
busan-F-00357,visitbusan,https://www.visitbusan.net/uploadImgs/files/cntnts/20240416152751004_ttiel,1809,https://www.visitbusan.net/kr/index.do?menuCd=DOM_000000201002001000&uc_seq=1809&lang_cd=ko,kogl_mark_on_page,,uc_seq_direct,manual_review,high,uc_seq=1809 직접 보유. source_detail_url로 페이지 방문 후 공공누리 마크 여부 확인 필요.
busan-F-00358,visitbusan,https://www.visitbusan.net/uploadImgs/files/cntnts/20240416153901728_ttiel,1810,https://www.visitbusan.net/kr/index.do?menuCd=DOM_000000201002001000&uc_seq=1810&lang_cd=ko,kogl_mark_on_page,,uc_seq_direct,manual_review,high,uc_seq=1810 직접 보유. source_detail_url로 페이지 방문 후 공공누리 마크 여부 확인 필요.
busan-F-00359,visitbusan,https://www.visitbusan.net/uploadImgs/files/cntnts/20240416154834100_ttiel,1811,https://www.visitbusan.net/en/index.do?menuCd=DOM_000000201002001000&uc_seq=1811&lang_cd=en,kogl_mark_on_page,,service_uc_seq_to_vbfull,manual_review,high,FoodService:1811→vbFull 매칭. source_detail_url 확인됨. 페이지 방문 후 공공누리 마크 확인 필요.
busan-F-00360,visitbusan,https://www.visitbusan.net/uploadImgs/files/cntnts/20240417091749698_ttiel,1812,https://www.visitbusan.net/kr/index.do?menuCd=DOM_000000201002001000&uc_seq=1812&lang_cd=ko,kogl_mark_on_page,,uc_seq_direct,manual_review,high,uc_seq=1812 직접 보유. source_detail_url로 페이지 방문 후 공공누리 마크 여부 확인 필요.
busan-F-00361,visitbusan,https://www.visitbusan.net/uploadImgs/files/cntnts/20240417101857747_ttiel,1813,https://www.visitbusan.net/en/index.do?menuCd=DOM_000000201002001000&uc_seq=1813&lang_cd=en,kogl_mark_on_page,,service_uc_seq_to_vbfull,manual_review,high,FoodService:1813→vbFull 매칭. source_detail_url 확인됨. 페이지 방문 후 공공누리 마크 확인 필요.
busan-F-00362,visitbusan,https://www.visitbusan.net/uploadImgs/files/cntnts/20240417103903563_ttiel,1814,https://www.visitbusan.net/kr/index.do?menuCd=DOM_000000201002001000&uc_seq=1814&lang_cd=ko,kogl_mark_on_page,,uc_seq_direct,manual_review,high,uc_seq=1814 직접 보유. source_detail_url로 페이지 방문 후 공공누리 마크 여부 확인 필요.
busan-F-00363,visitbusan,https://www.visitbusan.net/uploadImgs/files/cntnts/20240417110222327_ttiel,1815,https://www.visitbusan.net/kr/index.do?menuCd=DOM_000000201002001000&uc_seq=1815&lang_cd=ko,kogl_mark_on_page,,uc_seq_direct,manual_review,high,uc_seq=1815 직접 보유. source_detail_url로 페이지 방문 후 공공누리 마크 여부 확인 필요.
busan-F-00364,visitbusan,https://www.visitbusan.net/uploadImgs/files/cntnts/20240417113010113_ttiel,1816,https://www.visitbusan.net/kr/index.do?menuCd=DOM_000000201002001000&uc_seq=1816&lang_cd=ko,kogl_mark_on_page,,uc_seq_direct,manual_review,high,uc_seq=1816 직접 보유. source_detail_url로 페이지 방문 후 공공누리 마크 여부 확인 필요.
busan-F-00365,visitbusan,https://www.visitbusan.net/uploadImgs/files/cntnts/20240417130710913_ttiel,1817,https://www.visitbusan.net/kr/index.do?menuCd=DOM_000000201002001000&uc_seq=1817&lang_cd=ko,kogl_mark_on_page,,uc_seq_direct,manual_review,high,uc_seq=1817 직접 보유. source_detail_url로 페이지 방문 후 공공누리 마크 여부 확인 필요.
busan-F-00366,visitbusan,https://www.visitbusan.net/uploadImgs/files/cntnts/20240417134039028_ttiel,1818,https://www.visitbusan.net/kr/index.do?menuCd=DOM_000000201002001000&uc_seq=1818&lang_cd=ko,kogl_mark_on_page,,uc_seq_direct,manual_review,high,uc_seq=1818 직접 보유. source_detail_url로 페이지 방문 후 공공누리 마크 여부 확인 필요.
busan-F-00367,visitbusan,https://www.visitbusan.net/uploadImgs/files/cntnts/20240417134640835_ttiel,1819,https://www.visitbusan.net/en/index.do?menuCd=DOM_000000201002001000&uc_seq=1819&lang_cd=en,kogl_mark_on_page,,service_uc_seq_to_vbfull,manual_review,high,FoodService:1819→vbFull 매칭. source_detail_url 확인됨. 페이지 방문 후 공공누리 마크 확인 필요.
busan-F-00368,visitbusan,https://www.visitbusan.net/uploadImgs/files/cntnts/20240417145812364_ttiel,1820,https://www.visitbusan.net/kr/index.do?menuCd=DOM_000000201002001000&uc_seq=1820&lang_cd=ko,kogl_mark_on_page,,uc_seq_direct,manual_review,high,uc_seq=1820 직접 보유. source_detail_url로 페이지 방문 후 공공누리 마크 여부 확인 필요.
busan-F-00369,visitbusan,https://www.visitbusan.net/uploadImgs/files/cntnts/20240417160043995_ttiel,1822,https://www.visitbusan.net/kr/index.do?menuCd=DOM_000000201002001000&uc_seq=1822&lang_cd=ko,kogl_mark_on_page,,uc_seq_direct,manual_review,high,uc_seq=1822 직접 보유. source_detail_url로 페이지 방문 후 공공누리 마크 여부 확인 필요.
busan-F-00370,visitbusan,https://www.visitbusan.net/uploadImgs/files/cntnts/20240418091923719_ttiel,1824,https://www.visitbusan.net/kr/index.do?menuCd=DOM_000000201002001000&uc_seq=1824&lang_cd=ko,kogl_mark_on_page,,uc_seq_direct,manual_review,high,uc_seq=1824 직접 보유. source_detail_url로 페이지 방문 후 공공누리 마크 여부 확인 필요.
busan-F-00371,visitbusan,https://www.visitbusan.net/uploadImgs/files/cntnts/20240418095202742_ttiel,1825,https://www.visitbusan.net/kr/index.do?menuCd=DOM_000000201002001000&uc_seq=1825&lang_cd=ko,kogl_mark_on_page,,uc_seq_direct,manual_review,high,uc_seq=1825 직접 보유. source_detail_url로 페이지 방문 후 공공누리 마크 여부 확인 필요.
busan-F-00372,visitbusan,https://www.visitbusan.net/uploadImgs/files/cntnts/20240418103340192_ttiel,1826,https://www.visitbusan.net/kr/index.do?menuCd=DOM_000000201002001000&uc_seq=1826&lang_cd=ko,kogl_mark_on_page,,uc_seq_direct,manual_review,high,uc_seq=1826 직접 보유. source_detail_url로 페이지 방문 후 공공누리 마크 여부 확인 필요.
busan-F-00373,visitbusan,https://www.visitbusan.net/uploadImgs/files/cntnts/20240418110041026_ttiel,1827,https://www.visitbusan.net/kr/index.do?menuCd=DOM_000000201002001000&uc_seq=1827&lang_cd=ko,kogl_mark_on_page,,uc_seq_direct,manual_review,high,uc_seq=1827 직접 보유. source_detail_url로 페이지 방문 후 공공누리 마크 여부 확인 필요.
busan-F-00374,visitbusan,https://www.visitbusan.net/uploadImgs/files/cntnts/20240418110738039_ttiel,1828,https://www.visitbusan.net/kr/index.do?menuCd=DOM_000000201002001000&uc_seq=1828&lang_cd=ko,kogl_mark_on_page,,uc_seq_direct,manual_review,high,uc_seq=1828 직접 보유. source_detail_url로 페이지 방문 후 공공누리 마크 여부 확인 필요.
busan-F-00375,visitbusan,https://www.visitbusan.net/uploadImgs/files/cntnts/20250529125315121_ttiel,1829,https://www.visitbusan.net/kr/index.do?menuCd=DOM_000000201002001000&uc_seq=1829&lang_cd=ko,kogl_mark_on_page,,uc_seq_direct,manual_review,high,uc_seq=1829 직접 보유. source_detail_url로 페이지 방문 후 공공누리 마크 여부 확인 필요.
busan-F-00376,visitbusan,https://www.visitbusan.net/uploadImgs/files/cntnts/20240418112726853_ttiel,1831,https://www.visitbusan.net/en/index.do?menuCd=DOM_000000201002001000&uc_seq=1831&lang_cd=en,kogl_mark_on_page,,service_uc_seq_to_vbfull,manual_review,high,FoodService:1831→vbFull 매칭. source_detail_url 확인됨. 페이지 방문 후 공공누리 마크 확인 필요.
busan-F-00377,visitbusan,https://www.visitbusan.net/uploadImgs/files/cntnts/20240418113753614_ttiel,1833,https://www.visitbusan.net/kr/index.do?menuCd=DOM_000000201002001000&uc_seq=1833&lang_cd=ko,kogl_mark_on_page,,uc_seq_direct,manual_review,high,uc_seq=1833 직접 보유. source_detail_url로 페이지 방문 후 공공누리 마크 여부 확인 필요.
busan-F-00378,visitbusan,https://www.visitbusan.net/uploadImgs/files/cntnts/20240418114912249_ttiel,1834,https://www.visitbusan.net/kr/index.do?menuCd=DOM_000000201002001000&uc_seq=1834&lang_cd=ko,kogl_mark_on_page,,uc_seq_direct,manual_review,high,uc_seq=1834 직접 보유. source_detail_url로 페이지 방문 후 공공누리 마크 여부 확인 필요.
busan-F-00379,visitbusan,https://www.visitbusan.net/uploadImgs/files/cntnts/20240418130407601_ttiel,1835,https://www.visitbusan.net/en/index.do?menuCd=DOM_000000201002001000&uc_seq=1835&lang_cd=en,kogl_mark_on_page,,service_uc_seq_to_vbfull,manual_review,high,FoodService:1835→vbFull 매칭. source_detail_url 확인됨. 페이지 방문 후 공공누리 마크 확인 필요.
busan-F-00380,visitbusan,https://www.visitbusan.net/uploadImgs/files/cntnts/20240418132720308_ttiel,1836,https://www.visitbusan.net/kr/index.do?menuCd=DOM_000000201002001000&uc_seq=1836&lang_cd=ko,kogl_mark_on_page,,uc_seq_direct,manual_review,high,uc_seq=1836 직접 보유. source_detail_url로 페이지 방문 후 공공누리 마크 여부 확인 필요.
busan-F-00381,visitbusan,https://www.visitbusan.net/uploadImgs/files/cntnts/20240418143354206_ttiel,1837,https://www.visitbusan.net/kr/index.do?menuCd=DOM_000000201002001000&uc_seq=1837&lang_cd=ko,kogl_mark_on_page,,uc_seq_direct,manual_review,high,uc_seq=1837 직접 보유. source_detail_url로 페이지 방문 후 공공누리 마크 여부 확인 필요.
busan-F-00382,visitbusan,https://www.visitbusan.net/uploadImgs/files/cntnts/20240419090634454_ttiel,1838,https://www.visitbusan.net/kr/index.do?menuCd=DOM_000000201002001000&uc_seq=1838&lang_cd=ko,kogl_mark_on_page,,uc_seq_direct,manual_review,high,uc_seq=1838 직접 보유. source_detail_url로 페이지 방문 후 공공누리 마크 여부 확인 필요.
busan-F-00383,visitbusan,https://www.visitbusan.net/uploadImgs/files/cntnts/20240419093503992_ttiel,1839,https://www.visitbusan.net/kr/index.do?menuCd=DOM_000000201002001000&uc_seq=1839&lang_cd=ko,kogl_mark_on_page,,uc_seq_direct,manual_review,high,uc_seq=1839 직접 보유. source_detail_url로 페이지 방문 후 공공누리 마크 여부 확인 필요.
busan-F-00384,visitbusan,https://www.visitbusan.net/uploadImgs/files/cntnts/20240419110121584_ttiel,1840,https://www.visitbusan.net/kr/index.do?menuCd=DOM_000000201002001000&uc_seq=1840&lang_cd=ko,kogl_mark_on_page,,uc_seq_direct,manual_review,high,uc_seq=1840 직접 보유. source_detail_url로 페이지 방문 후 공공누리 마크 여부 확인 필요.
busan-F-00385,visitbusan,https://www.visitbusan.net/uploadImgs/files/cntnts/20240419131021388_ttiel,1841,https://www.visitbusan.net/kr/index.do?menuCd=DOM_000000201002001000&uc_seq=1841&lang_cd=ko,kogl_mark_on_page,,uc_seq_direct,manual_review,high,uc_seq=1841 직접 보유. source_detail_url로 페이지 방문 후 공공누리 마크 여부 확인 필요.
busan-F-00386,visitbusan,https://www.visitbusan.net/uploadImgs/files/cntnts/20240419135409622_ttiel,1842,https://www.visitbusan.net/en/index.do?menuCd=DOM_000000201002001000&uc_seq=1842&lang_cd=en,kogl_mark_on_page,,service_uc_seq_to_vbfull,manual_review,high,FoodService:1842→vbFull 매칭. source_detail_url 확인됨. 페이지 방문 후 공공누리 마크 확인 필요.
busan-F-00387,visitbusan,https://www.visitbusan.net/uploadImgs/files/cntnts/20240419135826203_ttiel,1843,https://www.visitbusan.net/en/index.do?menuCd=DOM_000000201002001000&uc_seq=1843&lang_cd=en,kogl_mark_on_page,,service_uc_seq_to_vbfull,manual_review,high,FoodService:1843→vbFull 매칭. source_detail_url 확인됨. 페이지 방문 후 공공누리 마크 확인 필요.
busan-F-00388,visitbusan,https://www.visitbusan.net/uploadImgs/files/cntnts/20240419140242960_ttiel,1844,https://www.visitbusan.net/en/index.do?menuCd=DOM_000000201002001000&uc_seq=1844&lang_cd=en,kogl_mark_on_page,,service_uc_seq_to_vbfull,manual_review,high,FoodService:1844→vbFull 매칭. source_detail_url 확인됨. 페이지 방문 후 공공누리 마크 확인 필요.
busan-F-00389,visitbusan,https://www.visitbusan.net/uploadImgs/files/cntnts/20240419155611699_ttiel,1845,https://www.visitbusan.net/kr/index.do?menuCd=DOM_000000201002001000&uc_seq=1845&lang_cd=ko,kogl_mark_on_page,,uc_seq_direct,manual_review,high,uc_seq=1845 직접 보유. source_detail_url로 페이지 방문 후 공공누리 마크 여부 확인 필요.
busan-F-00390,visitbusan,https://www.visitbusan.net/uploadImgs/files/cntnts/20240419164740169_ttiel,1846,https://www.visitbusan.net/kr/index.do?menuCd=DOM_000000201002001000&uc_seq=1846&lang_cd=ko,kogl_mark_on_page,,uc_seq_direct,manual_review,high,uc_seq=1846 직접 보유. source_detail_url로 페이지 방문 후 공공누리 마크 여부 확인 필요.
busan-F-00391,visitbusan,https://www.visitbusan.net/uploadImgs/files/cntnts/20240419165347836_ttiel,1847,https://www.visitbusan.net/en/index.do?menuCd=DOM_000000201002001000&uc_seq=1847&lang_cd=en,kogl_mark_on_page,,service_uc_seq_to_vbfull,manual_review,high,FoodService:1847→vbFull 매칭. source_detail_url 확인됨. 페이지 방문 후 공공누리 마크 확인 필요.
busan-F-00392,visitbusan,https://www.visitbusan.net/uploadImgs/files/cntnts/20240419175312314_ttiel,1849,https://www.visitbusan.net/kr/index.do?menuCd=DOM_000000201002001000&uc_seq=1849&lang_cd=ko,kogl_mark_on_page,,uc_seq_direct,manual_review,high,uc_seq=1849 직접 보유. source_detail_url로 페이지 방문 후 공공누리 마크 여부 확인 필요.
busan-F-00393,visitbusan,https://www.visitbusan.net/uploadImgs/files/cntnts/20240422093323560_ttiel,1850,https://www.visitbusan.net/kr/index.do?menuCd=DOM_000000201002001000&uc_seq=1850&lang_cd=ko,kogl_mark_on_page,,uc_seq_direct,manual_review,high,uc_seq=1850 직접 보유. source_detail_url로 페이지 방문 후 공공누리 마크 여부 확인 필요.
busan-F-00394,visitbusan,https://www.visitbusan.net/uploadImgs/files/cntnts/20240422100016453_ttiel,1851,https://www.visitbusan.net/en/index.do?menuCd=DOM_000000201002001000&uc_seq=1851&lang_cd=en,kogl_mark_on_page,,service_uc_seq_to_vbfull,manual_review,high,FoodService:1851→vbFull 매칭. source_detail_url 확인됨. 페이지 방문 후 공공누리 마크 확인 필요.
busan-F-00395,visitbusan,https://www.visitbusan.net/uploadImgs/files/cntnts/20250408092958955_ttiel,2324,https://www.visitbusan.net/kr/index.do?menuCd=DOM_000000201002001000&uc_seq=2324&lang_cd=ko,kogl_mark_on_page,,uc_seq_direct,manual_review,high,uc_seq=2324 직접 보유. source_detail_url로 페이지 방문 후 공공누리 마크 여부 확인 필요.
busan-F-00396,visitbusan,https://www.visitbusan.net/uploadImgs/files/cntnts/20250408093648041_ttiel,2325,https://www.visitbusan.net/kr/index.do?menuCd=DOM_000000201002001000&uc_seq=2325&lang_cd=ko,kogl_mark_on_page,,uc_seq_direct,manual_review,high,uc_seq=2325 직접 보유. source_detail_url로 페이지 방문 후 공공누리 마크 여부 확인 필요.
busan-F-00397,visitbusan,https://www.visitbusan.net/uploadImgs/files/cntnts/20250408094027003_ttiel,2326,https://www.visitbusan.net/kr/index.do?menuCd=DOM_000000201002001000&uc_seq=2326&lang_cd=ko,kogl_mark_on_page,,uc_seq_direct,manual_review,high,uc_seq=2326 직접 보유. source_detail_url로 페이지 방문 후 공공누리 마크 여부 확인 필요.
busan-F-00398,visitbusan,https://www.visitbusan.net/uploadImgs/files/cntnts/20250408094429754_ttiel,2327,https://www.visitbusan.net/kr/index.do?menuCd=DOM_000000201002001000&uc_seq=2327&lang_cd=ko,kogl_mark_on_page,,uc_seq_direct,manual_review,high,uc_seq=2327 직접 보유. source_detail_url로 페이지 방문 후 공공누리 마크 여부 확인 필요.
busan-F-00399,visitbusan,https://www.visitbusan.net/uploadImgs/files/cntnts/20250408095539103_ttiel,2328,https://www.visitbusan.net/kr/index.do?menuCd=DOM_000000201002001000&uc_seq=2328&lang_cd=ko,kogl_mark_on_page,,uc_seq_direct,manual_review,high,uc_seq=2328 직접 보유. source_detail_url로 페이지 방문 후 공공누리 마크 여부 확인 필요.
busan-F-00400,visitbusan,https://www.visitbusan.net/uploadImgs/files/cntnts/20250408095705335_ttiel,2329,https://www.visitbusan.net/kr/index.do?menuCd=DOM_000000201002001000&uc_seq=2329&lang_cd=ko,kogl_mark_on_page,,uc_seq_direct,manual_review,high,uc_seq=2329 직접 보유. source_detail_url로 페이지 방문 후 공공누리 마크 여부 확인 필요.
busan-F-00401,visitbusan,https://www.visitbusan.net/uploadImgs/files/cntnts/20250408095935004_ttiel,2330,https://www.visitbusan.net/kr/index.do?menuCd=DOM_000000201002001000&uc_seq=2330&lang_cd=ko,kogl_mark_on_page,,uc_seq_direct,manual_review,high,uc_seq=2330 직접 보유. source_detail_url로 페이지 방문 후 공공누리 마크 여부 확인 필요.
busan-F-00402,visitbusan,https://www.visitbusan.net/uploadImgs/files/cntnts/20250408100151107_ttiel,2332,https://www.visitbusan.net/kr/index.do?menuCd=DOM_000000201002001000&uc_seq=2332&lang_cd=ko,kogl_mark_on_page,,uc_seq_direct,manual_review,high,uc_seq=2332 직접 보유. source_detail_url로 페이지 방문 후 공공누리 마크 여부 확인 필요.
busan-F-00403,visitbusan,https://www.visitbusan.net/uploadImgs/files/cntnts/20250408100308119_ttiel,2334,https://www.visitbusan.net/kr/index.do?menuCd=DOM_000000201002001000&uc_seq=2334&lang_cd=ko,kogl_mark_on_page,,uc_seq_direct,manual_review,high,uc_seq=2334 직접 보유. source_detail_url로 페이지 방문 후 공공누리 마크 여부 확인 필요.
busan-F-00404,visitbusan,https://www.visitbusan.net/uploadImgs/files/cntnts/20250408100525344_ttiel,2336,https://www.visitbusan.net/kr/index.do?menuCd=DOM_000000201002001000&uc_seq=2336&lang_cd=ko,kogl_mark_on_page,,uc_seq_direct,manual_review,high,uc_seq=2336 직접 보유. source_detail_url로 페이지 방문 후 공공누리 마크 여부 확인 필요.
busan-F-00405,visitbusan,https://www.visitbusan.net/uploadImgs/files/cntnts/20250408102722301_ttiel,2337,https://www.visitbusan.net/kr/index.do?menuCd=DOM_000000201002001000&uc_seq=2337&lang_cd=ko,kogl_mark_on_page,,uc_seq_direct,manual_review,high,uc_seq=2337 직접 보유. source_detail_url로 페이지 방문 후 공공누리 마크 여부 확인 필요.
busan-F-00406,visitbusan,https://www.visitbusan.net/uploadImgs/files/cntnts/20250408103219387_ttiel,2339,https://www.visitbusan.net/kr/index.do?menuCd=DOM_000000201002001000&uc_seq=2339&lang_cd=ko,kogl_mark_on_page,,uc_seq_direct,manual_review,high,uc_seq=2339 직접 보유. source_detail_url로 페이지 방문 후 공공누리 마크 여부 확인 필요.
busan-F-00407,visitbusan,https://www.visitbusan.net/uploadImgs/files/cntnts/20250408103617676_ttiel,2340,https://www.visitbusan.net/kr/index.do?menuCd=DOM_000000201002001000&uc_seq=2340&lang_cd=ko,kogl_mark_on_page,,uc_seq_direct,manual_review,high,uc_seq=2340 직접 보유. source_detail_url로 페이지 방문 후 공공누리 마크 여부 확인 필요.
busan-F-00408,visitbusan,https://www.visitbusan.net/uploadImgs/files/cntnts/20250408104140736_ttiel,2341,https://www.visitbusan.net/kr/index.do?menuCd=DOM_000000201002001000&uc_seq=2341&lang_cd=ko,kogl_mark_on_page,,uc_seq_direct,manual_review,high,uc_seq=2341 직접 보유. source_detail_url로 페이지 방문 후 공공누리 마크 여부 확인 필요.
busan-F-00409,visitbusan,https://www.visitbusan.net/uploadImgs/files/cntnts/20250408104843726_ttiel,2342,https://www.visitbusan.net/kr/index.do?menuCd=DOM_000000201002001000&uc_seq=2342&lang_cd=ko,kogl_mark_on_page,,uc_seq_direct,manual_review,high,uc_seq=2342 직접 보유. source_detail_url로 페이지 방문 후 공공누리 마크 여부 확인 필요.
busan-F-00410,visitbusan,https://www.visitbusan.net/uploadImgs/files/cntnts/20250408111911870_ttiel,2344,https://www.visitbusan.net/kr/index.do?menuCd=DOM_000000201002001000&uc_seq=2344&lang_cd=ko,kogl_mark_on_page,,uc_seq_direct,manual_review,high,uc_seq=2344 직접 보유. source_detail_url로 페이지 방문 후 공공누리 마크 여부 확인 필요.
busan-F-00411,visitbusan,https://www.visitbusan.net/uploadImgs/files/cntnts/20250408112548429_ttiel,2345,https://www.visitbusan.net/kr/index.do?menuCd=DOM_000000201002001000&uc_seq=2345&lang_cd=ko,kogl_mark_on_page,,uc_seq_direct,manual_review,high,uc_seq=2345 직접 보유. source_detail_url로 페이지 방문 후 공공누리 마크 여부 확인 필요.
busan-F-00412,visitbusan,https://www.visitbusan.net/uploadImgs/files/cntnts/20250408113257860_ttiel,2346,https://www.visitbusan.net/kr/index.do?menuCd=DOM_000000201002001000&uc_seq=2346&lang_cd=ko,kogl_mark_on_page,,uc_seq_direct,manual_review,high,uc_seq=2346 직접 보유. source_detail_url로 페이지 방문 후 공공누리 마크 여부 확인 필요.
busan-F-00413,visitbusan,https://www.visitbusan.net/uploadImgs/files/cntnts/20250408113919836_ttiel,2347,https://www.visitbusan.net/kr/index.do?menuCd=DOM_000000201002001000&uc_seq=2347&lang_cd=ko,kogl_mark_on_page,,uc_seq_direct,manual_review,high,uc_seq=2347 직접 보유. source_detail_url로 페이지 방문 후 공공누리 마크 여부 확인 필요.
busan-F-00414,visitbusan,https://www.visitbusan.net/uploadImgs/files/cntnts/20250408114718754_ttiel,2348,https://www.visitbusan.net/kr/index.do?menuCd=DOM_000000201002001000&uc_seq=2348&lang_cd=ko,kogl_mark_on_page,,uc_seq_direct,manual_review,high,uc_seq=2348 직접 보유. source_detail_url로 페이지 방문 후 공공누리 마크 여부 확인 필요.
busan-F-00415,visitbusan,https://www.visitbusan.net/uploadImgs/files/cntnts/20250408114844827_ttiel,2349,https://www.visitbusan.net/kr/index.do?menuCd=DOM_000000201002001000&uc_seq=2349&lang_cd=ko,kogl_mark_on_page,,uc_seq_direct,manual_review,high,uc_seq=2349 직접 보유. source_detail_url로 페이지 방문 후 공공누리 마크 여부 확인 필요.
busan-F-00416,visitbusan,https://www.visitbusan.net/uploadImgs/files/cntnts/20250408115051503_ttiel,2350,https://www.visitbusan.net/kr/index.do?menuCd=DOM_000000201002001000&uc_seq=2350&lang_cd=ko,kogl_mark_on_page,,uc_seq_direct,manual_review,high,uc_seq=2350 직접 보유. source_detail_url로 페이지 방문 후 공공누리 마크 여부 확인 필요.
busan-F-00417,visitbusan,https://www.visitbusan.net/uploadImgs/files/cntnts/20250408115525042_ttiel,2351,https://www.visitbusan.net/kr/index.do?menuCd=DOM_000000201002001000&uc_seq=2351&lang_cd=ko,kogl_mark_on_page,,uc_seq_direct,manual_review,high,uc_seq=2351 직접 보유. source_detail_url로 페이지 방문 후 공공누리 마크 여부 확인 필요.
busan-F-00418,visitbusan,https://www.visitbusan.net/uploadImgs/files/cntnts/20250408122426619_ttiel,2353,https://www.visitbusan.net/kr/index.do?menuCd=DOM_000000201002001000&uc_seq=2353&lang_cd=ko,kogl_mark_on_page,,uc_seq_direct,manual_review,high,uc_seq=2353 직접 보유. source_detail_url로 페이지 방문 후 공공누리 마크 여부 확인 필요.
busan-F-00419,visitbusan,https://www.visitbusan.net/uploadImgs/files/cntnts/20250408123831370_ttiel,2354,https://www.visitbusan.net/kr/index.do?menuCd=DOM_000000201002001000&uc_seq=2354&lang_cd=ko,kogl_mark_on_page,,uc_seq_direct,manual_review,high,uc_seq=2354 직접 보유. source_detail_url로 페이지 방문 후 공공누리 마크 여부 확인 필요.
busan-F-00420,visitbusan,https://www.visitbusan.net/uploadImgs/files/cntnts/20250408131231343_ttiel,2356,https://www.visitbusan.net/kr/index.do?menuCd=DOM_000000201002001000&uc_seq=2356&lang_cd=ko,kogl_mark_on_page,,uc_seq_direct,manual_review,high,uc_seq=2356 직접 보유. source_detail_url로 페이지 방문 후 공공누리 마크 여부 확인 필요.
busan-F-00421,visitbusan,https://www.visitbusan.net/uploadImgs/files/cntnts/20250408131658485_ttiel,2357,https://www.visitbusan.net/kr/index.do?menuCd=DOM_000000201002001000&uc_seq=2357&lang_cd=ko,kogl_mark_on_page,,uc_seq_direct,manual_review,high,uc_seq=2357 직접 보유. source_detail_url로 페이지 방문 후 공공누리 마크 여부 확인 필요.
busan-F-00422,visitbusan,https://www.visitbusan.net/uploadImgs/files/cntnts/20250408132244401_ttiel,2358,https://www.visitbusan.net/kr/index.do?menuCd=DOM_000000201002001000&uc_seq=2358&lang_cd=ko,kogl_mark_on_page,,uc_seq_direct,manual_review,high,uc_seq=2358 직접 보유. source_detail_url로 페이지 방문 후 공공누리 마크 여부 확인 필요.
busan-F-00423,visitbusan,https://www.visitbusan.net/uploadImgs/files/cntnts/20250408132935773_ttiel,2359,https://www.visitbusan.net/kr/index.do?menuCd=DOM_000000201002001000&uc_seq=2359&lang_cd=ko,kogl_mark_on_page,,uc_seq_direct,manual_review,high,uc_seq=2359 직접 보유. source_detail_url로 페이지 방문 후 공공누리 마크 여부 확인 필요.
busan-F-00424,visitbusan,https://www.visitbusan.net/uploadImgs/files/cntnts/20250408133516752_ttiel,2360,https://www.visitbusan.net/kr/index.do?menuCd=DOM_000000201002001000&uc_seq=2360&lang_cd=ko,kogl_mark_on_page,,uc_seq_direct,manual_review,high,uc_seq=2360 직접 보유. source_detail_url로 페이지 방문 후 공공누리 마크 여부 확인 필요.
busan-F-00425,visitbusan,https://www.visitbusan.net/uploadImgs/files/cntnts/20250408134146562_ttiel,2361,https://www.visitbusan.net/kr/index.do?menuCd=DOM_000000201002001000&uc_seq=2361&lang_cd=ko,kogl_mark_on_page,,uc_seq_direct,manual_review,high,uc_seq=2361 직접 보유. source_detail_url로 페이지 방문 후 공공누리 마크 여부 확인 필요.
busan-F-00426,visitbusan,https://www.visitbusan.net/uploadImgs/files/cntnts/20250408135037039_ttiel,2362,https://www.visitbusan.net/kr/index.do?menuCd=DOM_000000201002001000&uc_seq=2362&lang_cd=ko,kogl_mark_on_page,,uc_seq_direct,manual_review,high,uc_seq=2362 직접 보유. source_detail_url로 페이지 방문 후 공공누리 마크 여부 확인 필요.
busan-F-00427,visitbusan,https://www.visitbusan.net/uploadImgs/files/cntnts/20250408135630428_ttiel,2363,https://www.visitbusan.net/kr/index.do?menuCd=DOM_000000201002001000&uc_seq=2363&lang_cd=ko,kogl_mark_on_page,,uc_seq_direct,manual_review,high,uc_seq=2363 직접 보유. source_detail_url로 페이지 방문 후 공공누리 마크 여부 확인 필요.
busan-F-00428,visitbusan,https://www.visitbusan.net/uploadImgs/files/cntnts/20250408140215924_ttiel,2364,https://www.visitbusan.net/kr/index.do?menuCd=DOM_000000201002001000&uc_seq=2364&lang_cd=ko,kogl_mark_on_page,,uc_seq_direct,manual_review,high,uc_seq=2364 직접 보유. source_detail_url로 페이지 방문 후 공공누리 마크 여부 확인 필요.
busan-F-00429,visitbusan,https://www.visitbusan.net/uploadImgs/files/cntnts/20250408142939682_ttiel,2365,https://www.visitbusan.net/kr/index.do?menuCd=DOM_000000201002001000&uc_seq=2365&lang_cd=ko,kogl_mark_on_page,,uc_seq_direct,manual_review,high,uc_seq=2365 직접 보유. source_detail_url로 페이지 방문 후 공공누리 마크 여부 확인 필요.
busan-F-00430,visitbusan,https://www.visitbusan.net/uploadImgs/files/cntnts/20250408143450330_ttiel,2366,https://www.visitbusan.net/kr/index.do?menuCd=DOM_000000201002001000&uc_seq=2366&lang_cd=ko,kogl_mark_on_page,,uc_seq_direct,manual_review,high,uc_seq=2366 직접 보유. source_detail_url로 페이지 방문 후 공공누리 마크 여부 확인 필요.
busan-F-00431,visitbusan,https://www.visitbusan.net/uploadImgs/files/cntnts/20250408144017778_ttiel,2367,https://www.visitbusan.net/kr/index.do?menuCd=DOM_000000201002001000&uc_seq=2367&lang_cd=ko,kogl_mark_on_page,,uc_seq_direct,manual_review,high,uc_seq=2367 직접 보유. source_detail_url로 페이지 방문 후 공공누리 마크 여부 확인 필요.
busan-F-00432,visitbusan,https://www.visitbusan.net/uploadImgs/files/cntnts/20250507154200232_ttiel,2370,https://www.visitbusan.net/kr/index.do?menuCd=DOM_000000201002001000&uc_seq=2370&lang_cd=ko,kogl_mark_on_page,,uc_seq_direct,manual_review,high,uc_seq=2370 직접 보유. source_detail_url로 페이지 방문 후 공공누리 마크 여부 확인 필요.
busan-F-00433,visitbusan,https://www.visitbusan.net/uploadImgs/files/cntnts/20250507155421924_ttiel,2371,https://www.visitbusan.net/kr/index.do?menuCd=DOM_000000201002001000&uc_seq=2371&lang_cd=ko,kogl_mark_on_page,,uc_seq_direct,manual_review,high,uc_seq=2371 직접 보유. source_detail_url로 페이지 방문 후 공공누리 마크 여부 확인 필요.
busan-F-00434,visitbusan,https://www.visitbusan.net/uploadImgs/files/cntnts/20250516132502489_ttiel,2379,https://www.visitbusan.net/kr/index.do?menuCd=DOM_000000201002001000&uc_seq=2379&lang_cd=ko,kogl_mark_on_page,,uc_seq_direct,manual_review,high,uc_seq=2379 직접 보유. source_detail_url로 페이지 방문 후 공공누리 마크 여부 확인 필요.
busan-F-00435,visitbusan,https://www.visitbusan.net/uploadImgs/files/cntnts/20250516162239090_ttiel,2381,https://www.visitbusan.net/kr/index.do?menuCd=DOM_000000201002001000&uc_seq=2381&lang_cd=ko,kogl_mark_on_page,,uc_seq_direct,manual_review,high,uc_seq=2381 직접 보유. source_detail_url로 페이지 방문 후 공공누리 마크 여부 확인 필요.
busan-F-00436,visitbusan,https://www.visitbusan.net/uploadImgs/files/cntnts/20250522162933740_ttiel,2384,https://www.visitbusan.net/kr/index.do?menuCd=DOM_000000201002001000&uc_seq=2384&lang_cd=ko,kogl_mark_on_page,,uc_seq_direct,manual_review,high,uc_seq=2384 직접 보유. source_detail_url로 페이지 방문 후 공공누리 마크 여부 확인 필요.
busan-F-00437,visitbusan,https://www.visitbusan.net/uploadImgs/files/cntnts/20250523164409148_ttiel,2386,https://www.visitbusan.net/kr/index.do?menuCd=DOM_000000201002001000&uc_seq=2386&lang_cd=ko,kogl_mark_on_page,,uc_seq_direct,manual_review,high,uc_seq=2386 직접 보유. source_detail_url로 페이지 방문 후 공공누리 마크 여부 확인 필요.
busan-K-00001,kto,http://tong.visitkorea.or.kr/cms/resource/44/3575744_image2_1.jpg,126028,https://www.data.go.kr/data/15101578/openapi.do,cpyrhtDivCd,Type1,linked_source_keys_to_contentid_cpyrhtdivcd,auto_linkable,high,KorService2:126028→raw cpyrhtDivCd=Type1. 권리 유형 확인됨 — 상업·수정·출처 조건은 20A-2 정책 참조.
busan-K-00002,kto,http://tong.visitkorea.or.kr/cms/resource/17/3026517_image2_1.JPG,126108,https://www.data.go.kr/data/15101578/openapi.do,cpyrhtDivCd,Type3,linked_source_keys_to_contentid_cpyrhtdivcd,auto_linkable,high,KorService2:126108→raw cpyrhtDivCd=Type3. 권리 유형 확인됨 — 상업·수정·출처 조건은 20A-2 정책 참조.
busan-K-00003,kto,http://tong.visitkorea.or.kr/cms/resource/86/2504686_image2_1.jpg,126122,https://www.data.go.kr/data/15101578/openapi.do,cpyrhtDivCd,Type3,linked_source_keys_to_contentid_cpyrhtdivcd,auto_linkable,high,KorService2:126122→raw cpyrhtDivCd=Type3. 권리 유형 확인됨 — 상업·수정·출처 조건은 20A-2 정책 참조.
busan-K-00004,kto,http://tong.visitkorea.or.kr/cms/resource/69/3070669_image2_1.JPG,126147,https://www.data.go.kr/data/15101578/openapi.do,cpyrhtDivCd,Type3,linked_source_keys_to_contentid_cpyrhtdivcd,auto_linkable,high,KorService2:126147→raw cpyrhtDivCd=Type3. 권리 유형 확인됨 — 상업·수정·출처 조건은 20A-2 정책 참조.
busan-K-00005,none,,,,,,,no_image,n/a,이미지 URL 없음
busan-K-00006,kto,http://tong.visitkorea.or.kr/cms/resource/87/2754987_image2_1.jpg,126856,https://www.data.go.kr/data/15101578/openapi.do,cpyrhtDivCd,Type3,linked_source_keys_to_contentid_cpyrhtdivcd,auto_linkable,high,KorService2:126856→raw cpyrhtDivCd=Type3. 권리 유형 확인됨 — 상업·수정·출처 조건은 20A-2 정책 참조.
busan-K-00007,kto,http://tong.visitkorea.or.kr/cms/resource/11/3049611_image2_1.JPG,126857,https://www.data.go.kr/data/15101578/openapi.do,cpyrhtDivCd,Type3,linked_source_keys_to_contentid_cpyrhtdivcd,auto_linkable,high,KorService2:126857→raw cpyrhtDivCd=Type3. 권리 유형 확인됨 — 상업·수정·출처 조건은 20A-2 정책 참조.
busan-K-00009,kto,http://tong.visitkorea.or.kr/cms/resource/47/3498447_image2_1.jpg,127149,https://www.data.go.kr/data/15101578/openapi.do,cpyrhtDivCd,Type1,linked_source_keys_to_contentid_cpyrhtdivcd,auto_linkable,high,KorService2:127149→raw cpyrhtDivCd=Type1. 권리 유형 확인됨 — 상업·수정·출처 조건은 20A-2 정책 참조.
busan-K-00010,kto,http://tong.visitkorea.or.kr/cms/resource/85/3547085_image2_1.jpg,127752,https://www.data.go.kr/data/15101578/openapi.do,cpyrhtDivCd,Type1,linked_source_keys_to_contentid_cpyrhtdivcd,auto_linkable,high,KorService2:127752→raw cpyrhtDivCd=Type1. 권리 유형 확인됨 — 상업·수정·출처 조건은 20A-2 정책 참조.
busan-K-00011,kto,http://tong.visitkorea.or.kr/cms/resource/60/3476760_image2_1.jpg,127891,https://www.data.go.kr/data/15101578/openapi.do,cpyrhtDivCd,Type3,linked_source_keys_to_contentid_cpyrhtdivcd,auto_linkable,high,KorService2:127891→raw cpyrhtDivCd=Type3. 권리 유형 확인됨 — 상업·수정·출처 조건은 20A-2 정책 참조.
busan-K-00012,kto,http://tong.visitkorea.or.kr/cms/resource/42/3071042_image2_1.JPG,127925,https://www.data.go.kr/data/15101578/openapi.do,cpyrhtDivCd,Type3,linked_source_keys_to_contentid_cpyrhtdivcd,auto_linkable,high,KorService2:127925→raw cpyrhtDivCd=Type3. 권리 유형 확인됨 — 상업·수정·출처 조건은 20A-2 정책 참조.
busan-K-00015,kto,http://tong.visitkorea.or.kr/cms/resource/25/3409925_image2_1.jpg,128108,https://www.data.go.kr/data/15101578/openapi.do,cpyrhtDivCd,Type1,linked_source_keys_to_contentid_cpyrhtdivcd,auto_linkable,high,KorService2:128108→raw cpyrhtDivCd=Type1. 권리 유형 확인됨 — 상업·수정·출처 조건은 20A-2 정책 참조.
busan-K-00016,kto,http://tong.visitkorea.or.kr/cms/resource/58/3589758_image2_1.jpg,128134,https://www.data.go.kr/data/15101578/openapi.do,cpyrhtDivCd,Type1,linked_source_keys_to_contentid_cpyrhtdivcd,auto_linkable,high,KorService2:128134→raw cpyrhtDivCd=Type1. 권리 유형 확인됨 — 상업·수정·출처 조건은 20A-2 정책 참조.
busan-K-00017,kto,http://tong.visitkorea.or.kr/cms/resource/77/3368477_image2_1.jpg,128164,https://www.data.go.kr/data/15101578/openapi.do,cpyrhtDivCd,Type1,linked_source_keys_to_contentid_cpyrhtdivcd,auto_linkable,high,KorService2:128164→raw cpyrhtDivCd=Type1. 권리 유형 확인됨 — 상업·수정·출처 조건은 20A-2 정책 참조.
busan-K-00019,kto,http://tong.visitkorea.or.kr/cms/resource/26/2607126_image2_1.bmp,128564,https://www.data.go.kr/data/15101578/openapi.do,cpyrhtDivCd,Type3,linked_source_keys_to_contentid_cpyrhtdivcd,auto_linkable,high,KorService2:128564→raw cpyrhtDivCd=Type3. 권리 유형 확인됨 — 상업·수정·출처 조건은 20A-2 정책 참조.
busan-K-00020,kto,http://tong.visitkorea.or.kr/cms/resource/32/2504632_image2_1.jpg,128610,https://www.data.go.kr/data/15101578/openapi.do,cpyrhtDivCd,Type3,linked_source_keys_to_contentid_cpyrhtdivcd,auto_linkable,high,KorService2:128610→raw cpyrhtDivCd=Type3. 권리 유형 확인됨 — 상업·수정·출처 조건은 20A-2 정책 참조.
busan-K-00021,kto,http://tong.visitkorea.or.kr/cms/resource/62/3575962_image2_1.jpg,128810,https://www.data.go.kr/data/15101578/openapi.do,cpyrhtDivCd,Type1,linked_source_keys_to_contentid_cpyrhtdivcd,auto_linkable,high,KorService2:128810→raw cpyrhtDivCd=Type1. 권리 유형 확인됨 — 상업·수정·출처 조건은 20A-2 정책 참조.
busan-K-00022,kto,http://tong.visitkorea.or.kr/cms/resource/04/3070504_image2_1.JPG,128830,https://www.data.go.kr/data/15101578/openapi.do,cpyrhtDivCd,Type3,linked_source_keys_to_contentid_cpyrhtdivcd,auto_linkable,high,KorService2:128830→raw cpyrhtDivCd=Type3. 권리 유형 확인됨 — 상업·수정·출처 조건은 20A-2 정책 참조.
busan-K-00023,kto,http://tong.visitkorea.or.kr/cms/resource/87/3561487_image2_1.jpg,128886,https://www.data.go.kr/data/15101578/openapi.do,cpyrhtDivCd,Type1,linked_source_keys_to_contentid_cpyrhtdivcd,auto_linkable,high,KorService2:128886→raw cpyrhtDivCd=Type1. 권리 유형 확인됨 — 상업·수정·출처 조건은 20A-2 정책 참조.
busan-K-00024,kto,http://tong.visitkorea.or.kr/cms/resource/87/3476787_image2_1.jpg,129093,https://www.data.go.kr/data/15101578/openapi.do,cpyrhtDivCd,Type3,linked_source_keys_to_contentid_cpyrhtdivcd,auto_linkable,high,KorService2:129093→raw cpyrhtDivCd=Type3. 권리 유형 확인됨 — 상업·수정·출처 조건은 20A-2 정책 참조.
busan-K-00025,kto,http://tong.visitkorea.or.kr/cms/resource/43/3589743_image2_1.jpg,129140,https://www.data.go.kr/data/15101578/openapi.do,cpyrhtDivCd,Type1,linked_source_keys_to_contentid_cpyrhtdivcd,auto_linkable,high,KorService2:129140→raw cpyrhtDivCd=Type1. 권리 유형 확인됨 — 상업·수정·출처 조건은 20A-2 정책 참조.
busan-K-00026,kto,http://tong.visitkorea.or.kr/cms/resource/81/3342781_image2_1.jpg,129156,https://www.data.go.kr/data/15101578/openapi.do,cpyrhtDivCd,Type3,linked_source_keys_to_contentid_cpyrhtdivcd,auto_linkable,high,KorService2:129156→raw cpyrhtDivCd=Type3. 권리 유형 확인됨 — 상업·수정·출처 조건은 20A-2 정책 참조.
busan-K-00027,kto,http://tong.visitkorea.or.kr/cms/resource/88/3019388_image2_1.JPG,129597,https://www.data.go.kr/data/15101578/openapi.do,cpyrhtDivCd,Type3,linked_source_keys_to_contentid_cpyrhtdivcd,auto_linkable,high,KorService2:129597→raw cpyrhtDivCd=Type3. 권리 유형 확인됨 — 상업·수정·출처 조건은 20A-2 정책 참조.
busan-K-00028,kto,http://tong.visitkorea.or.kr/cms/resource/02/3476802_image2_1.jpg,129631,https://www.data.go.kr/data/15101578/openapi.do,cpyrhtDivCd,Type3,linked_source_keys_to_contentid_cpyrhtdivcd,auto_linkable,high,KorService2:129631→raw cpyrhtDivCd=Type3. 권리 유형 확인됨 — 상업·수정·출처 조건은 20A-2 정책 참조.
busan-K-00029,kto,http://tong.visitkorea.or.kr/cms/resource/68/3332668_image2_1.jpg,129725,https://www.data.go.kr/data/15101578/openapi.do,cpyrhtDivCd,Type3,linked_source_keys_to_contentid_cpyrhtdivcd,auto_linkable,high,KorService2:129725→raw cpyrhtDivCd=Type3. 권리 유형 확인됨 — 상업·수정·출처 조건은 20A-2 정책 참조.
busan-K-00031,kto,http://tong.visitkorea.or.kr/cms/resource/42/2649742_image2_1.jpg,130200,https://www.data.go.kr/data/15101578/openapi.do,cpyrhtDivCd,Type3,linked_source_keys_to_contentid_cpyrhtdivcd,auto_linkable,high,KorService2:130200→raw cpyrhtDivCd=Type3. 권리 유형 확인됨 — 상업·수정·출처 조건은 20A-2 정책 참조.
busan-K-00032,kto,http://tong.visitkorea.or.kr/cms/resource/88/3336488_image2_1.jpg,130216,https://www.data.go.kr/data/15101578/openapi.do,cpyrhtDivCd,Type3,linked_source_keys_to_contentid_cpyrhtdivcd,auto_linkable,high,KorService2:130216→raw cpyrhtDivCd=Type3. 권리 유형 확인됨 — 상업·수정·출처 조건은 20A-2 정책 참조.
busan-K-00033,kto,http://tong.visitkorea.or.kr/cms/resource/82/3476682_image2_1.jpg,130380,https://www.data.go.kr/data/15101578/openapi.do,cpyrhtDivCd,Type3,linked_source_keys_to_contentid_cpyrhtdivcd,auto_linkable,high,KorService2:130380→raw cpyrhtDivCd=Type3. 권리 유형 확인됨 — 상업·수정·출처 조건은 20A-2 정책 참조.
busan-K-00034,kto,http://tong.visitkorea.or.kr/cms/resource/41/3476741_image2_1.jpg,130381,https://www.data.go.kr/data/15101578/openapi.do,cpyrhtDivCd,Type3,linked_source_keys_to_contentid_cpyrhtdivcd,auto_linkable,high,KorService2:130381→raw cpyrhtDivCd=Type3. 권리 유형 확인됨 — 상업·수정·출처 조건은 20A-2 정책 참조.
busan-K-00035,none,,,,,,,no_image,n/a,이미지 URL 없음
busan-K-00036,kto,http://tong.visitkorea.or.kr/cms/resource/52/3336552_image2_1.jpg,130383,https://www.data.go.kr/data/15101578/openapi.do,cpyrhtDivCd,Type3,linked_source_keys_to_contentid_cpyrhtdivcd,auto_linkable,high,KorService2:130383→raw cpyrhtDivCd=Type3. 권리 유형 확인됨 — 상업·수정·출처 조건은 20A-2 정책 참조.
busan-K-00037,kto,http://tong.visitkorea.or.kr/cms/resource/85/3568585_image2_1.jpg,130642,https://www.data.go.kr/data/15101578/openapi.do,cpyrhtDivCd,Type3,linked_source_keys_to_contentid_cpyrhtdivcd,auto_linkable,high,KorService2:130642→raw cpyrhtDivCd=Type3. 권리 유형 확인됨 — 상업·수정·출처 조건은 20A-2 정책 참조.
busan-K-00039,kto,http://tong.visitkorea.or.kr/cms/resource/42/3032342_image2_1.JPG,130737,https://www.data.go.kr/data/15101578/openapi.do,cpyrhtDivCd,Type3,linked_source_keys_to_contentid_cpyrhtdivcd,auto_linkable,high,KorService2:130737→raw cpyrhtDivCd=Type3. 권리 유형 확인됨 — 상업·수정·출처 조건은 20A-2 정책 참조.
busan-K-00040,kto,http://tong.visitkorea.or.kr/cms/resource/28/3476728_image2_1.jpg,130749,https://www.data.go.kr/data/15101578/openapi.do,cpyrhtDivCd,Type3,linked_source_keys_to_contentid_cpyrhtdivcd,auto_linkable,high,KorService2:130749→raw cpyrhtDivCd=Type3. 권리 유형 확인됨 — 상업·수정·출처 조건은 20A-2 정책 참조.
busan-K-00041,kto,http://tong.visitkorea.or.kr/cms/resource/01/3336501_image2_1.jpg,130752,https://www.data.go.kr/data/15101578/openapi.do,cpyrhtDivCd,Type3,linked_source_keys_to_contentid_cpyrhtdivcd,auto_linkable,high,KorService2:130752→raw cpyrhtDivCd=Type3. 권리 유형 확인됨 — 상업·수정·출처 조건은 20A-2 정책 참조.
busan-K-00043,kto,http://tong.visitkorea.or.kr/cms/resource/44/3032044_image2_1.JPG,130793,https://www.data.go.kr/data/15101578/openapi.do,cpyrhtDivCd,Type3,linked_source_keys_to_contentid_cpyrhtdivcd,auto_linkable,high,KorService2:130793→raw cpyrhtDivCd=Type3. 권리 유형 확인됨 — 상업·수정·출처 조건은 20A-2 정책 참조.
busan-K-00044,kto,http://tong.visitkorea.or.kr/cms/resource/29/3049829_image2_1.JPG,130795,https://www.data.go.kr/data/15101578/openapi.do,cpyrhtDivCd,Type3,linked_source_keys_to_contentid_cpyrhtdivcd,auto_linkable,high,KorService2:130795→raw cpyrhtDivCd=Type3. 권리 유형 확인됨 — 상업·수정·출처 조건은 20A-2 정책 참조.
busan-K-00045,kto,http://tong.visitkorea.or.kr/cms/resource/30/3081430_image2_1.JPG,130796,https://www.data.go.kr/data/15101578/openapi.do,cpyrhtDivCd,Type3,linked_source_keys_to_contentid_cpyrhtdivcd,auto_linkable,high,KorService2:130796→raw cpyrhtDivCd=Type3. 권리 유형 확인됨 — 상업·수정·출처 조건은 20A-2 정책 참조.
busan-K-00046,kto,http://tong.visitkorea.or.kr/cms/resource/05/3343405_image2_1.jpg,130797,https://www.data.go.kr/data/15101578/openapi.do,cpyrhtDivCd,Type3,linked_source_keys_to_contentid_cpyrhtdivcd,auto_linkable,high,KorService2:130797→raw cpyrhtDivCd=Type3. 권리 유형 확인됨 — 상업·수정·출처 조건은 20A-2 정책 참조.
busan-K-00047,kto,http://tong.visitkorea.or.kr/cms/resource/48/3343348_image2_1.jpg,130798,https://www.data.go.kr/data/15101578/openapi.do,cpyrhtDivCd,Type3,linked_source_keys_to_contentid_cpyrhtdivcd,auto_linkable,high,KorService2:130798→raw cpyrhtDivCd=Type3. 권리 유형 확인됨 — 상업·수정·출처 조건은 20A-2 정책 참조.
busan-K-00048,kto,http://tong.visitkorea.or.kr/cms/resource/87/3476687_image2_1.jpg,130799,https://www.data.go.kr/data/15101578/openapi.do,cpyrhtDivCd,Type3,linked_source_keys_to_contentid_cpyrhtdivcd,auto_linkable,high,KorService2:130799→raw cpyrhtDivCd=Type3. 권리 유형 확인됨 — 상업·수정·출처 조건은 20A-2 정책 참조.
busan-K-00049,kto,http://tong.visitkorea.or.kr/cms/resource/53/3338053_image2_1.jpg,130834,https://www.data.go.kr/data/15101578/openapi.do,cpyrhtDivCd,Type3,linked_source_keys_to_contentid_cpyrhtdivcd,auto_linkable,high,KorService2:130834→raw cpyrhtDivCd=Type3. 권리 유형 확인됨 — 상업·수정·출처 조건은 20A-2 정책 참조.
busan-K-00050,kto,http://tong.visitkorea.or.kr/cms/resource/86/3496786_image2_1.jpg,131087,https://www.data.go.kr/data/15101578/openapi.do,cpyrhtDivCd,Type1,linked_source_keys_to_contentid_cpyrhtdivcd,auto_linkable,high,KorService2:131087→raw cpyrhtDivCd=Type1. 권리 유형 확인됨 — 상업·수정·출처 조건은 20A-2 정책 참조.
busan-K-00051,kto,http://tong.visitkorea.or.kr/cms/resource/61/2445261_image2_1.jpg,131146,https://www.data.go.kr/data/15101578/openapi.do,cpyrhtDivCd,Type3,linked_source_keys_to_contentid_cpyrhtdivcd,auto_linkable,high,KorService2:131146→raw cpyrhtDivCd=Type3. 권리 유형 확인됨 — 상업·수정·출처 조건은 20A-2 정책 참조.
busan-K-00052,none,,,,,,,no_image,n/a,이미지 URL 없음
busan-K-00053,none,,,,,,,no_image,n/a,이미지 URL 없음
busan-K-00054,kto,http://tong.visitkorea.or.kr/cms/resource/25/3561825_image2_1.jpg,132187,https://www.data.go.kr/data/15101578/openapi.do,cpyrhtDivCd,Type1,linked_source_keys_to_contentid_cpyrhtdivcd,auto_linkable,high,KorService2:132187→raw cpyrhtDivCd=Type1. 권리 유형 확인됨 — 상업·수정·출처 조건은 20A-2 정책 참조.
busan-K-00055,kto,http://tong.visitkorea.or.kr/cms/resource/04/3070904_image2_1.JPG,132188,https://www.data.go.kr/data/15101578/openapi.do,cpyrhtDivCd,Type3,linked_source_keys_to_contentid_cpyrhtdivcd,auto_linkable,high,KorService2:132188→raw cpyrhtDivCd=Type3. 권리 유형 확인됨 — 상업·수정·출처 조건은 20A-2 정책 참조.
busan-K-00056,kto,http://tong.visitkorea.or.kr/cms/resource/33/3561833_image2_1.jpg,132189,https://www.data.go.kr/data/15101578/openapi.do,cpyrhtDivCd,Type1,linked_source_keys_to_contentid_cpyrhtdivcd,auto_linkable,high,KorService2:132189→raw cpyrhtDivCd=Type1. 권리 유형 확인됨 — 상업·수정·출처 조건은 20A-2 정책 참조.
busan-K-00057,kto,http://tong.visitkorea.or.kr/cms/resource/13/2941313_image2_1.bmp,132190,https://www.data.go.kr/data/15101578/openapi.do,cpyrhtDivCd,Type1,linked_source_keys_to_contentid_cpyrhtdivcd,auto_linkable,high,KorService2:132190→raw cpyrhtDivCd=Type1. 권리 유형 확인됨 — 상업·수정·출처 조건은 20A-2 정책 참조.
busan-K-00058,none,,,,,,,no_image,n/a,이미지 URL 없음
busan-K-00059,kto,http://tong.visitkorea.or.kr/cms/resource/44/3561844_image2_1.jpg,132499,https://www.data.go.kr/data/15101578/openapi.do,cpyrhtDivCd,Type1,linked_source_keys_to_contentid_cpyrhtdivcd,auto_linkable,high,KorService2:132499→raw cpyrhtDivCd=Type1. 권리 유형 확인됨 — 상업·수정·출처 조건은 20A-2 정책 참조.
busan-K-00060,kto,http://tong.visitkorea.or.kr/cms/resource/02/3071002_image2_1.JPG,132524,https://www.data.go.kr/data/15101578/openapi.do,cpyrhtDivCd,Type3,linked_source_keys_to_contentid_cpyrhtdivcd,auto_linkable,high,KorService2:132524→raw cpyrhtDivCd=Type3. 권리 유형 확인됨 — 상업·수정·출처 조건은 20A-2 정책 참조.
busan-K-00061,kto,http://tong.visitkorea.or.kr/cms/resource/44/3476844_image2_1.jpg,132550,https://www.data.go.kr/data/15101578/openapi.do,cpyrhtDivCd,Type3,linked_source_keys_to_contentid_cpyrhtdivcd,auto_linkable,high,KorService2:132550→raw cpyrhtDivCd=Type3. 권리 유형 확인됨 — 상업·수정·출처 조건은 20A-2 정책 참조.
busan-K-00062,kto,http://tong.visitkorea.or.kr/cms/resource/23/3070923_image2_1.JPG,132572,https://www.data.go.kr/data/15101578/openapi.do,cpyrhtDivCd,Type3,linked_source_keys_to_contentid_cpyrhtdivcd,auto_linkable,high,KorService2:132572→raw cpyrhtDivCd=Type3. 권리 유형 확인됨 — 상업·수정·출처 조건은 20A-2 정책 참조.
busan-K-00063,kto,http://tong.visitkorea.or.kr/cms/resource/55/3561855_image2_1.jpg,132574,https://www.data.go.kr/data/15101578/openapi.do,cpyrhtDivCd,Type1,linked_source_keys_to_contentid_cpyrhtdivcd,auto_linkable,high,KorService2:132574→raw cpyrhtDivCd=Type1. 권리 유형 확인됨 — 상업·수정·출처 조건은 20A-2 정책 참조.
busan-K-00064,kto,http://tong.visitkorea.or.kr/cms/resource/63/3561863_image2_1.jpg,132576,https://www.data.go.kr/data/15101578/openapi.do,cpyrhtDivCd,Type1,linked_source_keys_to_contentid_cpyrhtdivcd,auto_linkable,high,KorService2:132576→raw cpyrhtDivCd=Type1. 권리 유형 확인됨 — 상업·수정·출처 조건은 20A-2 정책 참조.
busan-K-00068,none,,,,,,,no_image,n/a,이미지 URL 없음
busan-K-00070,none,,,,,,,no_image,n/a,이미지 URL 없음
busan-K-00072,none,,,,,,,no_image,n/a,이미지 URL 없음
busan-K-00073,none,,,,,,,no_image,n/a,이미지 URL 없음
busan-K-00074,none,,,,,,,no_image,n/a,이미지 URL 없음
busan-K-00075,none,,,,,,,no_image,n/a,이미지 URL 없음
busan-K-00077,kto,http://tong.visitkorea.or.kr/cms/resource/49/2722649_image2_1.JPG,142852,https://www.data.go.kr/data/15101578/openapi.do,cpyrhtDivCd,Type3,linked_source_keys_to_contentid_cpyrhtdivcd,auto_linkable,high,KorService2:142852→raw cpyrhtDivCd=Type3. 권리 유형 확인됨 — 상업·수정·출처 조건은 20A-2 정책 참조.
busan-K-00078,kto,http://tong.visitkorea.or.kr/cms/resource/55/3510355_image2_1.jpg,142853,https://www.data.go.kr/data/15101578/openapi.do,cpyrhtDivCd,Type3,linked_source_keys_to_contentid_cpyrhtdivcd,auto_linkable,high,KorService2:142853→raw cpyrhtDivCd=Type3. 권리 유형 확인됨 — 상업·수정·출처 조건은 20A-2 정책 참조.
busan-K-00079,kto,http://tong.visitkorea.or.kr/cms/resource/71/3592171_image2_1.jpg,142861,https://www.data.go.kr/data/15101578/openapi.do,cpyrhtDivCd,Type3,linked_source_keys_to_contentid_cpyrhtdivcd,auto_linkable,high,KorService2:142861→raw cpyrhtDivCd=Type3. 권리 유형 확인됨 — 상업·수정·출처 조건은 20A-2 정책 참조.
busan-K-00080,kto,http://tong.visitkorea.or.kr/cms/resource/37/3012137_image2_1.jpg,142978,https://www.data.go.kr/data/15101578/openapi.do,cpyrhtDivCd,Type3,linked_source_keys_to_contentid_cpyrhtdivcd,auto_linkable,high,KorService2:142978→raw cpyrhtDivCd=Type3. 권리 유형 확인됨 — 상업·수정·출처 조건은 20A-2 정책 참조.
busan-K-00081,kto,http://tong.visitkorea.or.kr/cms/resource/02/3019302_image2_1.jpg,142998,https://www.data.go.kr/data/15101578/openapi.do,cpyrhtDivCd,Type3,linked_source_keys_to_contentid_cpyrhtdivcd,auto_linkable,high,KorService2:142998→raw cpyrhtDivCd=Type3. 권리 유형 확인됨 — 상업·수정·출처 조건은 20A-2 정책 참조.
busan-K-00082,kto,http://tong.visitkorea.or.kr/cms/resource/09/3020609_image2_1.jpg,229912,https://www.data.go.kr/data/15101578/openapi.do,cpyrhtDivCd,Type3,linked_source_keys_to_contentid_cpyrhtdivcd,auto_linkable,high,KorService2:229912→raw cpyrhtDivCd=Type3. 권리 유형 확인됨 — 상업·수정·출처 조건은 20A-2 정책 참조.
busan-K-00083,kto,http://tong.visitkorea.or.kr/cms/resource/94/3083494_image2_1.JPG,231945,https://www.data.go.kr/data/15101578/openapi.do,cpyrhtDivCd,Type3,linked_source_keys_to_contentid_cpyrhtdivcd,auto_linkable,high,KorService2:231945→raw cpyrhtDivCd=Type3. 권리 유형 확인됨 — 상업·수정·출처 조건은 20A-2 정책 참조.
busan-K-00084,kto,http://tong.visitkorea.or.kr/cms/resource/91/3031391_image2_1.JPG,250424,https://www.data.go.kr/data/15101578/openapi.do,cpyrhtDivCd,Type3,linked_source_keys_to_contentid_cpyrhtdivcd,auto_linkable,high,KorService2:250424→raw cpyrhtDivCd=Type3. 권리 유형 확인됨 — 상업·수정·출처 조건은 20A-2 정책 참조.
busan-K-00086,none,,,,,,,no_image,n/a,이미지 URL 없음
busan-K-00087,kto,http://tong.visitkorea.or.kr/cms/resource/75/3031875_image2_1.JPG,252562,https://www.data.go.kr/data/15101578/openapi.do,cpyrhtDivCd,Type3,linked_source_keys_to_contentid_cpyrhtdivcd,auto_linkable,high,KorService2:252562→raw cpyrhtDivCd=Type3. 권리 유형 확인됨 — 상업·수정·출처 조건은 20A-2 정책 참조.
busan-K-00088,kto,http://tong.visitkorea.or.kr/cms/resource/20/3476820_image2_1.jpg,294452,https://www.data.go.kr/data/15101578/openapi.do,cpyrhtDivCd,Type3,linked_source_keys_to_contentid_cpyrhtdivcd,auto_linkable,high,KorService2:294452→raw cpyrhtDivCd=Type3. 권리 유형 확인됨 — 상업·수정·출처 조건은 20A-2 정책 참조.
busan-K-00089,kto,http://tong.visitkorea.or.kr/cms/resource/82/3552382_image2_1.jpg,298099,https://www.data.go.kr/data/15101578/openapi.do,cpyrhtDivCd,Type1,linked_source_keys_to_contentid_cpyrhtdivcd,auto_linkable,high,KorService2:298099→raw cpyrhtDivCd=Type1. 권리 유형 확인됨 — 상업·수정·출처 조건은 20A-2 정책 참조.
busan-K-00090,kto,http://tong.visitkorea.or.kr/cms/resource/04/3561504_image2_1.jpg,298111,https://www.data.go.kr/data/15101578/openapi.do,cpyrhtDivCd,Type1,linked_source_keys_to_contentid_cpyrhtdivcd,auto_linkable,high,KorService2:298111→raw cpyrhtDivCd=Type1. 권리 유형 확인됨 — 상업·수정·출처 조건은 20A-2 정책 참조.
busan-K-00091,kto,http://tong.visitkorea.or.kr/cms/resource/77/3031277_image2_1.JPG,298112,https://www.data.go.kr/data/15101578/openapi.do,cpyrhtDivCd,Type3,linked_source_keys_to_contentid_cpyrhtdivcd,auto_linkable,high,KorService2:298112→raw cpyrhtDivCd=Type3. 권리 유형 확인됨 — 상업·수정·출처 조건은 20A-2 정책 참조.
busan-K-00092,kto,http://tong.visitkorea.or.kr/cms/resource/32/3031232_image2_1.JPG,304695,https://www.data.go.kr/data/15101578/openapi.do,cpyrhtDivCd,Type3,linked_source_keys_to_contentid_cpyrhtdivcd,auto_linkable,high,KorService2:304695→raw cpyrhtDivCd=Type3. 권리 유형 확인됨 — 상업·수정·출처 조건은 20A-2 정책 참조.
busan-K-00093,kto,http://tong.visitkorea.or.kr/cms/resource/32/3343332_image2_1.jpg,304811,https://www.data.go.kr/data/15101578/openapi.do,cpyrhtDivCd,Type3,linked_source_keys_to_contentid_cpyrhtdivcd,auto_linkable,high,KorService2:304811→raw cpyrhtDivCd=Type3. 권리 유형 확인됨 — 상업·수정·출처 조건은 20A-2 정책 참조.
busan-K-00094,kto,http://tong.visitkorea.or.kr/cms/resource/99/2687599_image2_1.jpg,309293,https://www.data.go.kr/data/15101578/openapi.do,cpyrhtDivCd,Type3,linked_source_keys_to_contentid_cpyrhtdivcd,auto_linkable,high,KorService2:309293→raw cpyrhtDivCd=Type3. 권리 유형 확인됨 — 상업·수정·출처 조건은 20A-2 정책 참조.
busan-K-00095,kto,http://tong.visitkorea.or.kr/cms/resource/97/3081197_image2_1.JPG,309338,https://www.data.go.kr/data/15101578/openapi.do,cpyrhtDivCd,Type3,linked_source_keys_to_contentid_cpyrhtdivcd,auto_linkable,high,KorService2:309338→raw cpyrhtDivCd=Type3. 권리 유형 확인됨 — 상업·수정·출처 조건은 20A-2 정책 참조.
busan-K-00096,kto,http://tong.visitkorea.or.kr/cms/resource/32/3070632_image2_1.JPG,319563,https://www.data.go.kr/data/15101578/openapi.do,cpyrhtDivCd,Type3,linked_source_keys_to_contentid_cpyrhtdivcd,auto_linkable,high,KorService2:319563→raw cpyrhtDivCd=Type3. 권리 유형 확인됨 — 상업·수정·출처 조건은 20A-2 정책 참조.
busan-K-00097,kto,http://tong.visitkorea.or.kr/cms/resource/81/3561181_image2_1.jpg,337415,https://www.data.go.kr/data/15101578/openapi.do,cpyrhtDivCd,Type1,linked_source_keys_to_contentid_cpyrhtdivcd,auto_linkable,high,KorService2:337415→raw cpyrhtDivCd=Type1. 권리 유형 확인됨 — 상업·수정·출처 조건은 20A-2 정책 참조.
busan-K-00098,kto,http://tong.visitkorea.or.kr/cms/resource/80/3342880_image2_1.jpg,337435,https://www.data.go.kr/data/15101578/openapi.do,cpyrhtDivCd,Type3,linked_source_keys_to_contentid_cpyrhtdivcd,auto_linkable,high,KorService2:337435→raw cpyrhtDivCd=Type3. 권리 유형 확인됨 — 상업·수정·출처 조건은 20A-2 정책 참조.
busan-K-00099,kto,http://tong.visitkorea.or.kr/cms/resource/17/3032417_image2_1.JPG,337532,https://www.data.go.kr/data/15101578/openapi.do,cpyrhtDivCd,Type3,linked_source_keys_to_contentid_cpyrhtdivcd,auto_linkable,high,KorService2:337532→raw cpyrhtDivCd=Type3. 권리 유형 확인됨 — 상업·수정·출처 조건은 20A-2 정책 참조.
busan-K-00101,kto,http://tong.visitkorea.or.kr/cms/resource/89/3561189_image2_1.jpg,347229,https://www.data.go.kr/data/15101578/openapi.do,cpyrhtDivCd,Type1,linked_source_keys_to_contentid_cpyrhtdivcd,auto_linkable,high,KorService2:347229→raw cpyrhtDivCd=Type1. 권리 유형 확인됨 — 상업·수정·출처 조건은 20A-2 정책 참조.
busan-K-00102,none,,,,,,,no_image,n/a,이미지 URL 없음
busan-K-00105,kto,http://tong.visitkorea.or.kr/cms/resource/85/3041185_image2_1.JPG,482123,https://www.data.go.kr/data/15101578/openapi.do,cpyrhtDivCd,Type3,linked_source_keys_to_contentid_cpyrhtdivcd,auto_linkable,high,KorService2:482123→raw cpyrhtDivCd=Type3. 권리 유형 확인됨 — 상업·수정·출처 조건은 20A-2 정책 참조.
busan-K-00106,kto,http://tong.visitkorea.or.kr/cms/resource/82/1982682_image2_1.jpg,574250,https://www.data.go.kr/data/15101578/openapi.do,cpyrhtDivCd,Type3,linked_source_keys_to_contentid_cpyrhtdivcd,auto_linkable,high,KorService2:574250→raw cpyrhtDivCd=Type3. 권리 유형 확인됨 — 상업·수정·출처 조건은 20A-2 정책 참조.
busan-K-00107,kto,http://tong.visitkorea.or.kr/cms/resource/78/2444978_image2_1.jpg,576732,https://www.data.go.kr/data/15101578/openapi.do,cpyrhtDivCd,Type3,linked_source_keys_to_contentid_cpyrhtdivcd,auto_linkable,high,KorService2:576732→raw cpyrhtDivCd=Type3. 권리 유형 확인됨 — 상업·수정·출처 조건은 20A-2 정책 참조.
busan-K-00109,none,,,,,,,no_image,n/a,이미지 URL 없음
busan-K-00110,kto,http://tong.visitkorea.or.kr/cms/resource/17/3026417_image2_1.JPG,767084,https://www.data.go.kr/data/15101578/openapi.do,cpyrhtDivCd,Type3,linked_source_keys_to_contentid_cpyrhtdivcd,auto_linkable,high,KorService2:767084→raw cpyrhtDivCd=Type3. 권리 유형 확인됨 — 상업·수정·출처 조건은 20A-2 정책 참조.
busan-K-00111,kto,http://tong.visitkorea.or.kr/cms/resource/08/3506208_image2_1.jpg,769761,https://www.data.go.kr/data/15101578/openapi.do,cpyrhtDivCd,Type1,linked_source_keys_to_contentid_cpyrhtdivcd,auto_linkable,high,KorService2:769761→raw cpyrhtDivCd=Type1. 권리 유형 확인됨 — 상업·수정·출처 조건은 20A-2 정책 참조.
busan-K-00114,kto,http://tong.visitkorea.or.kr/cms/resource/35/3585635_image2_1.jpg,843489,https://www.data.go.kr/data/15101578/openapi.do,cpyrhtDivCd,Type1,linked_source_keys_to_contentid_cpyrhtdivcd,auto_linkable,high,KorService2:843489→raw cpyrhtDivCd=Type1. 권리 유형 확인됨 — 상업·수정·출처 조건은 20A-2 정책 참조.
busan-K-00117,none,,,,,,,no_image,n/a,이미지 URL 없음
busan-K-00118,kto,http://tong.visitkorea.or.kr/cms/resource/75/1902175_image2_1.jpg,850121,https://www.data.go.kr/data/15101578/openapi.do,cpyrhtDivCd,Type3,linked_source_keys_to_contentid_cpyrhtdivcd,auto_linkable,high,KorService2:850121→raw cpyrhtDivCd=Type3. 권리 유형 확인됨 — 상업·수정·출처 조건은 20A-2 정책 참조.
busan-K-00119,none,,,,,,,no_image,n/a,이미지 URL 없음
busan-K-00120,none,,,,,,,no_image,n/a,이미지 URL 없음
busan-K-00121,none,,,,,,,no_image,n/a,이미지 URL 없음
busan-K-00122,none,,,,,,,no_image,n/a,이미지 URL 없음
busan-K-00123,none,,,,,,,no_image,n/a,이미지 URL 없음
busan-K-00124,none,,,,,,,no_image,n/a,이미지 URL 없음
busan-K-00125,none,,,,,,,no_image,n/a,이미지 URL 없음
busan-K-00126,none,,,,,,,no_image,n/a,이미지 URL 없음
busan-K-00127,kto,http://tong.visitkorea.or.kr/cms/resource/60/3048860_image2_1.JPG,851104,https://www.data.go.kr/data/15101578/openapi.do,cpyrhtDivCd,Type3,linked_source_keys_to_contentid_cpyrhtdivcd,auto_linkable,high,KorService2:851104→raw cpyrhtDivCd=Type3. 권리 유형 확인됨 — 상업·수정·출처 조건은 20A-2 정책 참조.
busan-K-00128,none,,,,,,,no_image,n/a,이미지 URL 없음
busan-K-00129,kto,http://tong.visitkorea.or.kr/cms/resource/65/1867165_image2_1.jpg,851832,https://www.data.go.kr/data/15101578/openapi.do,cpyrhtDivCd,Type3,linked_source_keys_to_contentid_cpyrhtdivcd,auto_linkable,high,KorService2:851832→raw cpyrhtDivCd=Type3. 권리 유형 확인됨 — 상업·수정·출처 조건은 20A-2 정책 참조.
busan-K-00130,none,,,,,,,no_image,n/a,이미지 URL 없음
busan-K-00131,none,,,,,,,no_image,n/a,이미지 URL 없음
busan-K-00133,kto,http://tong.visitkorea.or.kr/cms/resource/89/3552989_image2_1.jpg,985921,https://www.data.go.kr/data/15101578/openapi.do,cpyrhtDivCd,Type1,linked_source_keys_to_contentid_cpyrhtdivcd,auto_linkable,high,KorService2:985921→raw cpyrhtDivCd=Type1. 권리 유형 확인됨 — 상업·수정·출처 조건은 20A-2 정책 참조.
busan-K-00134,kto,http://tong.visitkorea.or.kr/cms/resource/14/3561914_image2_1.jpg,986063,https://www.data.go.kr/data/15101578/openapi.do,cpyrhtDivCd,Type1,linked_source_keys_to_contentid_cpyrhtdivcd,auto_linkable,high,KorService2:986063→raw cpyrhtDivCd=Type1. 권리 유형 확인됨 — 상업·수정·출처 조건은 20A-2 정책 참조.
busan-K-00135,kto,http://tong.visitkorea.or.kr/cms/resource/47/3350847_image2_1.jpg,987810,https://www.data.go.kr/data/15101578/openapi.do,cpyrhtDivCd,Type3,linked_source_keys_to_contentid_cpyrhtdivcd,auto_linkable,high,KorService2:987810→raw cpyrhtDivCd=Type3. 권리 유형 확인됨 — 상업·수정·출처 조건은 20A-2 정책 참조.
busan-K-00136,kto,http://tong.visitkorea.or.kr/cms/resource/53/1016353_image2_1.jpg,1013112,https://www.data.go.kr/data/15101578/openapi.do,cpyrhtDivCd,Type3,linked_source_keys_to_contentid_cpyrhtdivcd,auto_linkable,high,KorService2:1013112→raw cpyrhtDivCd=Type3. 권리 유형 확인됨 — 상업·수정·출처 조건은 20A-2 정책 참조.
busan-K-00137,kto,http://tong.visitkorea.or.kr/cms/resource/87/1015987_image2_1.jpg,1013461,https://www.data.go.kr/data/15101578/openapi.do,cpyrhtDivCd,Type3,linked_source_keys_to_contentid_cpyrhtdivcd,auto_linkable,high,KorService2:1013461→raw cpyrhtDivCd=Type3. 권리 유형 확인됨 — 상업·수정·출처 조건은 20A-2 정책 참조.
busan-K-00138,kto,http://tong.visitkorea.or.kr/cms/resource/19/3561919_image2_1.jpg,1013694,https://www.data.go.kr/data/15101578/openapi.do,cpyrhtDivCd,Type1,linked_source_keys_to_contentid_cpyrhtdivcd,auto_linkable,high,KorService2:1013694→raw cpyrhtDivCd=Type1. 권리 유형 확인됨 — 상업·수정·출처 조건은 20A-2 정책 참조.
busan-K-00139,kto,http://tong.visitkorea.or.kr/cms/resource/26/3561926_image2_1.jpg,1013709,https://www.data.go.kr/data/15101578/openapi.do,cpyrhtDivCd,Type1,linked_source_keys_to_contentid_cpyrhtdivcd,auto_linkable,high,KorService2:1013709→raw cpyrhtDivCd=Type1. 권리 유형 확인됨 — 상업·수정·출처 조건은 20A-2 정책 참조.
busan-K-00140,kto,http://tong.visitkorea.or.kr/cms/resource/33/3561933_image2_1.jpg,1013721,https://www.data.go.kr/data/15101578/openapi.do,cpyrhtDivCd,Type1,linked_source_keys_to_contentid_cpyrhtdivcd,auto_linkable,high,KorService2:1013721→raw cpyrhtDivCd=Type1. 권리 유형 확인됨 — 상업·수정·출처 조건은 20A-2 정책 참조.
busan-K-00141,kto,http://tong.visitkorea.or.kr/cms/resource/30/3476830_image2_1.jpg,1018702,https://www.data.go.kr/data/15101578/openapi.do,cpyrhtDivCd,Type3,linked_source_keys_to_contentid_cpyrhtdivcd,auto_linkable,high,KorService2:1018702→raw cpyrhtDivCd=Type3. 권리 유형 확인됨 — 상업·수정·출처 조건은 20A-2 정책 참조.
busan-K-00142,kto,http://tong.visitkorea.or.kr/cms/resource/63/3544863_image2_1.JPEG,1019616,https://www.data.go.kr/data/15101578/openapi.do,cpyrhtDivCd,Type3,linked_source_keys_to_contentid_cpyrhtdivcd,auto_linkable,high,KorService2:1019616→raw cpyrhtDivCd=Type3. 권리 유형 확인됨 — 상업·수정·출처 조건은 20A-2 정책 참조.
busan-K-00143,kto,http://tong.visitkorea.or.kr/cms/resource/90/3561790_image2_1.jpg,1080734,https://www.data.go.kr/data/15101578/openapi.do,cpyrhtDivCd,Type3,linked_source_keys_to_contentid_cpyrhtdivcd,auto_linkable,high,KorService2:1080734→raw cpyrhtDivCd=Type3. 권리 유형 확인됨 — 상업·수정·출처 조건은 20A-2 정책 참조.
busan-K-00144,kto,http://tong.visitkorea.or.kr/cms/resource/12/2504712_image2_1.jpg,1082315,https://www.data.go.kr/data/15101578/openapi.do,cpyrhtDivCd,Type3,linked_source_keys_to_contentid_cpyrhtdivcd,auto_linkable,high,KorService2:1082315→raw cpyrhtDivCd=Type3. 권리 유형 확인됨 — 상업·수정·출처 조건은 20A-2 정책 참조.
busan-K-00145,kto,http://tong.visitkorea.or.kr/cms/resource/24/3070624_image2_1.JPG,1117817,https://www.data.go.kr/data/15101578/openapi.do,cpyrhtDivCd,Type3,linked_source_keys_to_contentid_cpyrhtdivcd,auto_linkable,high,KorService2:1117817→raw cpyrhtDivCd=Type3. 권리 유형 확인됨 — 상업·수정·출처 조건은 20A-2 정책 참조.
busan-K-00146,kto,http://tong.visitkorea.or.kr/cms/resource/49/3476749_image2_1.jpg,1162526,https://www.data.go.kr/data/15101578/openapi.do,cpyrhtDivCd,Type3,linked_source_keys_to_contentid_cpyrhtdivcd,auto_linkable,high,KorService2:1162526→raw cpyrhtDivCd=Type3. 권리 유형 확인됨 — 상업·수정·출처 조건은 20A-2 정책 참조.
busan-K-00147,kto,http://tong.visitkorea.or.kr/cms/resource/01/2640501_image2_1.jpg,1215432,https://www.data.go.kr/data/15101578/openapi.do,cpyrhtDivCd,Type3,linked_source_keys_to_contentid_cpyrhtdivcd,auto_linkable,high,KorService2:1215432→raw cpyrhtDivCd=Type3. 권리 유형 확인됨 — 상업·수정·출처 조건은 20A-2 정책 참조.
busan-K-00148,kto,http://tong.visitkorea.or.kr/cms/resource/38/3081238_image2_1.JPG,1250885,https://www.data.go.kr/data/15101578/openapi.do,cpyrhtDivCd,Type3,linked_source_keys_to_contentid_cpyrhtdivcd,auto_linkable,high,KorService2:1250885→raw cpyrhtDivCd=Type3. 권리 유형 확인됨 — 상업·수정·출처 조건은 20A-2 정책 참조.
busan-K-00150,none,,,,,,,no_image,n/a,이미지 URL 없음
busan-K-00151,kto,http://tong.visitkorea.or.kr/cms/resource/72/3476772_image2_1.jpg,1303697,https://www.data.go.kr/data/15101578/openapi.do,cpyrhtDivCd,Type3,linked_source_keys_to_contentid_cpyrhtdivcd,auto_linkable,high,KorService2:1303697→raw cpyrhtDivCd=Type3. 권리 유형 확인됨 — 상업·수정·출처 조건은 20A-2 정책 참조.
busan-K-00152,kto,http://tong.visitkorea.or.kr/cms/resource/75/1982175_image2_1.jpg,1303759,https://www.data.go.kr/data/15101578/openapi.do,cpyrhtDivCd,Type3,linked_source_keys_to_contentid_cpyrhtdivcd,auto_linkable,high,KorService2:1303759→raw cpyrhtDivCd=Type3. 권리 유형 확인됨 — 상업·수정·출처 조건은 20A-2 정책 참조.
busan-K-00153,kto,http://tong.visitkorea.or.kr/cms/resource/58/3071058_image2_1.JPG,1303784,https://www.data.go.kr/data/15101578/openapi.do,cpyrhtDivCd,Type3,linked_source_keys_to_contentid_cpyrhtdivcd,auto_linkable,high,KorService2:1303784→raw cpyrhtDivCd=Type3. 권리 유형 확인됨 — 상업·수정·출처 조건은 20A-2 정책 참조.
busan-K-00154,kto,http://tong.visitkorea.or.kr/cms/resource/95/3032195_image2_1.JPG,1304431,https://www.data.go.kr/data/15101578/openapi.do,cpyrhtDivCd,Type3,linked_source_keys_to_contentid_cpyrhtdivcd,auto_linkable,high,KorService2:1304431→raw cpyrhtDivCd=Type3. 권리 유형 확인됨 — 상업·수정·출처 조건은 20A-2 정책 참조.
busan-K-00155,kto,http://tong.visitkorea.or.kr/cms/resource/13/3552613_image2_1.jpg,1304515,https://www.data.go.kr/data/15101578/openapi.do,cpyrhtDivCd,Type1,linked_source_keys_to_contentid_cpyrhtdivcd,auto_linkable,high,KorService2:1304515→raw cpyrhtDivCd=Type1. 권리 유형 확인됨 — 상업·수정·출처 조건은 20A-2 정책 참조.
busan-K-00157,kto,http://tong.visitkorea.or.kr/cms/resource/36/3547136_image2_1.jpg,1399532,https://www.data.go.kr/data/15101578/openapi.do,cpyrhtDivCd,Type3,linked_source_keys_to_contentid_cpyrhtdivcd,auto_linkable,high,KorService2:1399532→raw cpyrhtDivCd=Type3. 권리 유형 확인됨 — 상업·수정·출처 조건은 20A-2 정책 참조.
busan-K-00158,kto,http://tong.visitkorea.or.kr/cms/resource/99/3509899_image2_1.png,1428723,https://www.data.go.kr/data/15101578/openapi.do,cpyrhtDivCd,Type3,linked_source_keys_to_contentid_cpyrhtdivcd,auto_linkable,high,KorService2:1428723→raw cpyrhtDivCd=Type3. 권리 유형 확인됨 — 상업·수정·출처 조건은 20A-2 정책 참조.
busan-K-00159,kto,http://tong.visitkorea.or.kr/cms/resource/13/3332613_image2_1.jpg,1607138,https://www.data.go.kr/data/15101578/openapi.do,cpyrhtDivCd,Type3,linked_source_keys_to_contentid_cpyrhtdivcd,auto_linkable,high,KorService2:1607138→raw cpyrhtDivCd=Type3. 권리 유형 확인됨 — 상업·수정·출처 조건은 20A-2 정책 참조.
busan-K-00160,kto,http://tong.visitkorea.or.kr/cms/resource/04/3552504_image2_1.jpg,1607242,https://www.data.go.kr/data/15101578/openapi.do,cpyrhtDivCd,Type1,linked_source_keys_to_contentid_cpyrhtdivcd,auto_linkable,high,KorService2:1607242→raw cpyrhtDivCd=Type1. 권리 유형 확인됨 — 상업·수정·출처 조건은 20A-2 정책 참조.
busan-K-00161,kto,http://tong.visitkorea.or.kr/cms/resource/09/3561509_image2_1.jpg,1607335,https://www.data.go.kr/data/15101578/openapi.do,cpyrhtDivCd,Type1,linked_source_keys_to_contentid_cpyrhtdivcd,auto_linkable,high,KorService2:1607335→raw cpyrhtDivCd=Type1. 권리 유형 확인됨 — 상업·수정·출처 조건은 20A-2 정책 참조.
busan-K-00163,kto,http://tong.visitkorea.or.kr/cms/resource/14/3561514_image2_1.jpg,1607440,https://www.data.go.kr/data/15101578/openapi.do,cpyrhtDivCd,Type1,linked_source_keys_to_contentid_cpyrhtdivcd,auto_linkable,high,KorService2:1607440→raw cpyrhtDivCd=Type1. 권리 유형 확인됨 — 상업·수정·출처 조건은 20A-2 정책 참조.
busan-K-00164,kto,http://tong.visitkorea.or.kr/cms/resource/87/3552687_image2_1.jpg,1608751,https://www.data.go.kr/data/15101578/openapi.do,cpyrhtDivCd,Type1,linked_source_keys_to_contentid_cpyrhtdivcd,auto_linkable,high,KorService2:1608751→raw cpyrhtDivCd=Type1. 권리 유형 확인됨 — 상업·수정·출처 조건은 20A-2 정책 참조.
busan-K-00165,kto,http://tong.visitkorea.or.kr/cms/resource/87/3343387_image2_1.jpg,1747913,https://www.data.go.kr/data/15101578/openapi.do,cpyrhtDivCd,Type3,linked_source_keys_to_contentid_cpyrhtdivcd,auto_linkable,high,KorService2:1747913→raw cpyrhtDivCd=Type3. 권리 유형 확인됨 — 상업·수정·출처 조건은 20A-2 정책 참조.
busan-K-00166,kto,http://tong.visitkorea.or.kr/cms/resource/99/3029299_image2_1.JPG,1748028,https://www.data.go.kr/data/15101578/openapi.do,cpyrhtDivCd,Type3,linked_source_keys_to_contentid_cpyrhtdivcd,auto_linkable,high,KorService2:1748028→raw cpyrhtDivCd=Type3. 권리 유형 확인됨 — 상업·수정·출처 조건은 20A-2 정책 참조.
busan-K-00167,kto,http://tong.visitkorea.or.kr/cms/resource/27/3026627_image2_1.JPG,1748157,https://www.data.go.kr/data/15101578/openapi.do,cpyrhtDivCd,Type3,linked_source_keys_to_contentid_cpyrhtdivcd,auto_linkable,high,KorService2:1748157→raw cpyrhtDivCd=Type3. 권리 유형 확인됨 — 상업·수정·출처 조건은 20A-2 정책 참조.
busan-K-00169,none,,,,,,,no_image,n/a,이미지 URL 없음
busan-K-00170,none,,,,,,,no_image,n/a,이미지 URL 없음
busan-K-00171,none,,,,,,,no_image,n/a,이미지 URL 없음
busan-K-00172,kto,http://tong.visitkorea.or.kr/cms/resource/88/3049888_image2_1.JPG,1805861,https://www.data.go.kr/data/15101578/openapi.do,cpyrhtDivCd,Type3,linked_source_keys_to_contentid_cpyrhtdivcd,auto_linkable,high,KorService2:1805861→raw cpyrhtDivCd=Type3. 권리 유형 확인됨 — 상업·수정·출처 조건은 20A-2 정책 참조.
busan-K-00173,none,,,,,,,no_image,n/a,이미지 URL 없음
busan-K-00174,kto,http://tong.visitkorea.or.kr/cms/resource/78/3070878_image2_1.JPG,1846830,https://www.data.go.kr/data/15101578/openapi.do,cpyrhtDivCd,Type3,linked_source_keys_to_contentid_cpyrhtdivcd,auto_linkable,high,KorService2:1846830→raw cpyrhtDivCd=Type3. 권리 유형 확인됨 — 상업·수정·출처 조건은 20A-2 정책 참조.
busan-K-00175,none,,,,,,,no_image,n/a,이미지 URL 없음
busan-K-00176,kto,http://tong.visitkorea.or.kr/cms/resource/70/3561970_image2_1.jpg,1878218,https://www.data.go.kr/data/15101578/openapi.do,cpyrhtDivCd,Type1,linked_source_keys_to_contentid_cpyrhtdivcd,auto_linkable,high,KorService2:1878218→raw cpyrhtDivCd=Type1. 권리 유형 확인됨 — 상업·수정·출처 조건은 20A-2 정책 참조.
busan-K-00177,kto,http://tong.visitkorea.or.kr/cms/resource/12/3575912_image2_1.jpg,1878262,https://www.data.go.kr/data/15101578/openapi.do,cpyrhtDivCd,Type1,linked_source_keys_to_contentid_cpyrhtdivcd,auto_linkable,high,KorService2:1878262→raw cpyrhtDivCd=Type1. 권리 유형 확인됨 — 상업·수정·출처 조건은 20A-2 정책 참조.
busan-K-00186,kto,http://tong.visitkorea.or.kr/cms/resource/44/3552344_image2_1.jpg,1935608,https://www.data.go.kr/data/15101578/openapi.do,cpyrhtDivCd,Type1,linked_source_keys_to_contentid_cpyrhtdivcd,auto_linkable,high,KorService2:1935608→raw cpyrhtDivCd=Type1. 권리 유형 확인됨 — 상업·수정·출처 조건은 20A-2 정책 참조.
busan-K-00187,kto,http://tong.visitkorea.or.kr/cms/resource/39/3049439_image2_1.JPG,1942233,https://www.data.go.kr/data/15101578/openapi.do,cpyrhtDivCd,Type3,linked_source_keys_to_contentid_cpyrhtdivcd,auto_linkable,high,KorService2:1942233→raw cpyrhtDivCd=Type3. 권리 유형 확인됨 — 상업·수정·출처 조건은 20A-2 정책 참조.
busan-K-00188,kto,http://tong.visitkorea.or.kr/cms/resource/14/3343314_image2_1.jpg,1942239,https://www.data.go.kr/data/15101578/openapi.do,cpyrhtDivCd,Type3,linked_source_keys_to_contentid_cpyrhtdivcd,auto_linkable,high,KorService2:1942239→raw cpyrhtDivCd=Type3. 권리 유형 확인됨 — 상업·수정·출처 조건은 20A-2 정책 참조.
busan-K-00189,kto,http://tong.visitkorea.or.kr/cms/resource/19/3031919_image2_1.JPG,1942253,https://www.data.go.kr/data/15101578/openapi.do,cpyrhtDivCd,Type3,linked_source_keys_to_contentid_cpyrhtdivcd,auto_linkable,high,KorService2:1942253→raw cpyrhtDivCd=Type3. 권리 유형 확인됨 — 상업·수정·출처 조건은 20A-2 정책 참조.
busan-K-00190,kto,http://tong.visitkorea.or.kr/cms/resource/45/3026245_image2_1.JPG,1942298,https://www.data.go.kr/data/15101578/openapi.do,cpyrhtDivCd,Type3,linked_source_keys_to_contentid_cpyrhtdivcd,auto_linkable,high,KorService2:1942298→raw cpyrhtDivCd=Type3. 권리 유형 확인됨 — 상업·수정·출처 조건은 20A-2 정책 참조.
busan-K-00191,kto,http://tong.visitkorea.or.kr/cms/resource/79/3070879_image2_1.JPG,1942299,https://www.data.go.kr/data/15101578/openapi.do,cpyrhtDivCd,Type3,linked_source_keys_to_contentid_cpyrhtdivcd,auto_linkable,high,KorService2:1942299→raw cpyrhtDivCd=Type3. 권리 유형 확인됨 — 상업·수정·출처 조건은 20A-2 정책 참조.
busan-K-00192,kto,http://tong.visitkorea.or.kr/cms/resource/29/2735629_image2_1.jpg,1942314,https://www.data.go.kr/data/15101578/openapi.do,cpyrhtDivCd,Type3,linked_source_keys_to_contentid_cpyrhtdivcd,auto_linkable,high,KorService2:1942314→raw cpyrhtDivCd=Type3. 권리 유형 확인됨 — 상업·수정·출처 조건은 20A-2 정책 참조.
busan-K-00193,kto,http://tong.visitkorea.or.kr/cms/resource/73/3026273_image2_1.JPG,1942316,https://www.data.go.kr/data/15101578/openapi.do,cpyrhtDivCd,Type3,linked_source_keys_to_contentid_cpyrhtdivcd,auto_linkable,high,KorService2:1942316→raw cpyrhtDivCd=Type3. 권리 유형 확인됨 — 상업·수정·출처 조건은 20A-2 정책 참조.
busan-K-00194,kto,http://tong.visitkorea.or.kr/cms/resource/24/3049224_image2_1.JPG,1942348,https://www.data.go.kr/data/15101578/openapi.do,cpyrhtDivCd,Type3,linked_source_keys_to_contentid_cpyrhtdivcd,auto_linkable,high,KorService2:1942348→raw cpyrhtDivCd=Type3. 권리 유형 확인됨 — 상업·수정·출처 조건은 20A-2 정책 참조.
busan-K-00199,kto,http://tong.visitkorea.or.kr/cms/resource/67/3070867_image2_1.JPG,1945293,https://www.data.go.kr/data/15101578/openapi.do,cpyrhtDivCd,Type3,linked_source_keys_to_contentid_cpyrhtdivcd,auto_linkable,high,KorService2:1945293→raw cpyrhtDivCd=Type3. 권리 유형 확인됨 — 상업·수정·출처 조건은 20A-2 정책 참조.
busan-K-00200,kto,http://tong.visitkorea.or.kr/cms/resource/38/3534938_image2_1.png,1953936,https://www.data.go.kr/data/15101578/openapi.do,cpyrhtDivCd,Type3,linked_source_keys_to_contentid_cpyrhtdivcd,auto_linkable,high,KorService2:1953936→raw cpyrhtDivCd=Type3. 권리 유형 확인됨 — 상업·수정·출처 조건은 20A-2 정책 참조.
busan-K-00201,kto,http://tong.visitkorea.or.kr/cms/resource/46/3049246_image2_1.JPG,1957694,https://www.data.go.kr/data/15101578/openapi.do,cpyrhtDivCd,Type3,linked_source_keys_to_contentid_cpyrhtdivcd,auto_linkable,high,KorService2:1957694→raw cpyrhtDivCd=Type3. 권리 유형 확인됨 — 상업·수정·출처 조건은 20A-2 정책 참조.
busan-K-00202,kto,http://tong.visitkorea.or.kr/cms/resource/37/3049537_image2_1.JPG,1960620,https://www.data.go.kr/data/15101578/openapi.do,cpyrhtDivCd,Type3,linked_source_keys_to_contentid_cpyrhtdivcd,auto_linkable,high,KorService2:1960620→raw cpyrhtDivCd=Type3. 권리 유형 확인됨 — 상업·수정·출처 조건은 20A-2 정책 참조.
busan-K-00203,kto,http://tong.visitkorea.or.kr/cms/resource/51/3070551_image2_1.JPG,1993017,https://www.data.go.kr/data/15101578/openapi.do,cpyrhtDivCd,Type3,linked_source_keys_to_contentid_cpyrhtdivcd,auto_linkable,high,KorService2:1993017→raw cpyrhtDivCd=Type3. 권리 유형 확인됨 — 상업·수정·출처 조건은 20A-2 정책 참조.
busan-K-00204,kto,http://tong.visitkorea.or.kr/cms/resource/21/2553821_image2_1.jpg,2019366,https://www.data.go.kr/data/15101578/openapi.do,cpyrhtDivCd,Type3,linked_source_keys_to_contentid_cpyrhtdivcd,auto_linkable,high,KorService2:2019366→raw cpyrhtDivCd=Type3. 권리 유형 확인됨 — 상업·수정·출처 조건은 20A-2 정책 참조.
busan-K-00206,kto,http://tong.visitkorea.or.kr/cms/resource/40/3539740_image2_1.png,2032436,https://www.data.go.kr/data/15101578/openapi.do,cpyrhtDivCd,Type3,linked_source_keys_to_contentid_cpyrhtdivcd,auto_linkable,high,KorService2:2032436→raw cpyrhtDivCd=Type3. 권리 유형 확인됨 — 상업·수정·출처 조건은 20A-2 정책 참조.
busan-K-00210,kto,http://tong.visitkorea.or.kr/cms/resource/09/3544809_image2_1.jpg,2039866,https://www.data.go.kr/data/15101578/openapi.do,cpyrhtDivCd,Type3,linked_source_keys_to_contentid_cpyrhtdivcd,auto_linkable,high,KorService2:2039866→raw cpyrhtDivCd=Type3. 권리 유형 확인됨 — 상업·수정·출처 조건은 20A-2 정책 참조.
busan-K-00211,kto,http://tong.visitkorea.or.kr/cms/resource/12/3576412_image2_1.jpg,2048902,https://www.data.go.kr/data/15101578/openapi.do,cpyrhtDivCd,Type3,linked_source_keys_to_contentid_cpyrhtdivcd,auto_linkable,high,KorService2:2048902→raw cpyrhtDivCd=Type3. 권리 유형 확인됨 — 상업·수정·출처 조건은 20A-2 정책 참조.
busan-K-00213,kto,http://tong.visitkorea.or.kr/cms/resource/39/3095139_image2_1.jpg,2378912,https://www.data.go.kr/data/15101578/openapi.do,cpyrhtDivCd,Type3,linked_source_keys_to_contentid_cpyrhtdivcd,auto_linkable,high,KorService2:2378912→raw cpyrhtDivCd=Type3. 권리 유형 확인됨 — 상업·수정·출처 조건은 20A-2 정책 참조.
busan-K-00215,kto,http://tong.visitkorea.or.kr/cms/resource/73/3337973_image2_1.jpg,2381553,https://www.data.go.kr/data/15101578/openapi.do,cpyrhtDivCd,Type3,linked_source_keys_to_contentid_cpyrhtdivcd,auto_linkable,high,KorService2:2381553→raw cpyrhtDivCd=Type3. 권리 유형 확인됨 — 상업·수정·출처 조건은 20A-2 정책 참조.
busan-K-00216,kto,http://tong.visitkorea.or.kr/cms/resource/35/3575935_image2_1.jpg,2381567,https://www.data.go.kr/data/15101578/openapi.do,cpyrhtDivCd,Type1,linked_source_keys_to_contentid_cpyrhtdivcd,auto_linkable,high,KorService2:2381567→raw cpyrhtDivCd=Type1. 권리 유형 확인됨 — 상업·수정·출처 조건은 20A-2 정책 참조.
busan-K-00218,kto,http://tong.visitkorea.or.kr/cms/resource/91/3309791_image2_1.jpg,2385686,https://www.data.go.kr/data/15101578/openapi.do,cpyrhtDivCd,Type1,linked_source_keys_to_contentid_cpyrhtdivcd,auto_linkable,high,KorService2:2385686→raw cpyrhtDivCd=Type1. 권리 유형 확인됨 — 상업·수정·출처 조건은 20A-2 정책 참조.
busan-K-00220,kto,http://tong.visitkorea.or.kr/cms/resource/39/3350939_image2_1.jpg,2456224,https://www.data.go.kr/data/15101578/openapi.do,cpyrhtDivCd,Type3,linked_source_keys_to_contentid_cpyrhtdivcd,auto_linkable,high,KorService2:2456224→raw cpyrhtDivCd=Type3. 권리 유형 확인됨 — 상업·수정·출처 조건은 20A-2 정책 참조.
busan-K-00221,kto,http://tong.visitkorea.or.kr/cms/resource/52/3035052_image2_1.jpg,2456837,https://www.data.go.kr/data/15101578/openapi.do,cpyrhtDivCd,Type3,linked_source_keys_to_contentid_cpyrhtdivcd,auto_linkable,high,KorService2:2456837→raw cpyrhtDivCd=Type3. 권리 유형 확인됨 — 상업·수정·출처 조건은 20A-2 정책 참조.
busan-K-00222,kto,http://tong.visitkorea.or.kr/cms/resource/64/3399264_image2_1.jpg,2470024,https://www.data.go.kr/data/15101578/openapi.do,cpyrhtDivCd,Type3,linked_source_keys_to_contentid_cpyrhtdivcd,auto_linkable,high,KorService2:2470024→raw cpyrhtDivCd=Type3. 권리 유형 확인됨 — 상업·수정·출처 조건은 20A-2 정책 참조.
busan-K-00223,kto,http://tong.visitkorea.or.kr/cms/resource/33/3526933_image2_1.jpg,2496023,https://www.data.go.kr/data/15101578/openapi.do,cpyrhtDivCd,Type3,linked_source_keys_to_contentid_cpyrhtdivcd,auto_linkable,high,KorService2:2496023→raw cpyrhtDivCd=Type3. 권리 유형 확인됨 — 상업·수정·출처 조건은 20A-2 정책 참조.
busan-K-00224,kto,http://tong.visitkorea.or.kr/cms/resource/21/3512521_image2_1.jpg,2503780,https://www.data.go.kr/data/15101578/openapi.do,cpyrhtDivCd,Type3,linked_source_keys_to_contentid_cpyrhtdivcd,auto_linkable,high,KorService2:2503780→raw cpyrhtDivCd=Type3. 권리 유형 확인됨 — 상업·수정·출처 조건은 20A-2 정책 참조.
busan-K-00225,kto,http://tong.visitkorea.or.kr/cms/resource/11/3413711_image2_1.jpg,2504464,https://www.data.go.kr/data/15101578/openapi.do,cpyrhtDivCd,Type3,linked_source_keys_to_contentid_cpyrhtdivcd,auto_linkable,high,KorService2:2504464→raw cpyrhtDivCd=Type3. 권리 유형 확인됨 — 상업·수정·출처 조건은 20A-2 정책 참조.
busan-K-00226,kto,http://tong.visitkorea.or.kr/cms/resource/83/2808383_image2_1.png,2509838,https://www.data.go.kr/data/15101578/openapi.do,cpyrhtDivCd,Type3,linked_source_keys_to_contentid_cpyrhtdivcd,auto_linkable,high,KorService2:2509838→raw cpyrhtDivCd=Type3. 권리 유형 확인됨 — 상업·수정·출처 조건은 20A-2 정책 참조.
busan-K-00227,none,,,,,,,no_image,n/a,이미지 URL 없음
busan-K-00228,kto,http://tong.visitkorea.or.kr/cms/resource/59/2557359_image2_1.jpg,2531399,https://www.data.go.kr/data/15101578/openapi.do,cpyrhtDivCd,Type3,linked_source_keys_to_contentid_cpyrhtdivcd,auto_linkable,high,KorService2:2531399→raw cpyrhtDivCd=Type3. 권리 유형 확인됨 — 상업·수정·출처 조건은 20A-2 정책 참조.
busan-K-00229,kto,http://tong.visitkorea.or.kr/cms/resource/90/3542590_image2_1.jpg,2532877,https://www.data.go.kr/data/15101578/openapi.do,cpyrhtDivCd,Type3,linked_source_keys_to_contentid_cpyrhtdivcd,auto_linkable,high,KorService2:2532877→raw cpyrhtDivCd=Type3. 권리 유형 확인됨 — 상업·수정·출처 조건은 20A-2 정책 참조.
busan-K-00230,kto,http://tong.visitkorea.or.kr/cms/resource/81/3081181_image2_1.JPG,2550799,https://www.data.go.kr/data/15101578/openapi.do,cpyrhtDivCd,Type3,linked_source_keys_to_contentid_cpyrhtdivcd,auto_linkable,high,KorService2:2550799→raw cpyrhtDivCd=Type3. 권리 유형 확인됨 — 상업·수정·출처 조건은 20A-2 정책 참조.
busan-K-00232,kto,http://tong.visitkorea.or.kr/cms/resource/26/2672726_image2_1.jpg,2554070,https://www.data.go.kr/data/15101578/openapi.do,cpyrhtDivCd,Type3,linked_source_keys_to_contentid_cpyrhtdivcd,auto_linkable,high,KorService2:2554070→raw cpyrhtDivCd=Type3. 권리 유형 확인됨 — 상업·수정·출처 조건은 20A-2 정책 참조.
busan-K-00233,kto,http://tong.visitkorea.or.kr/cms/resource/18/3342818_image2_1.jpg,2554111,https://www.data.go.kr/data/15101578/openapi.do,cpyrhtDivCd,Type3,linked_source_keys_to_contentid_cpyrhtdivcd,auto_linkable,high,KorService2:2554111→raw cpyrhtDivCd=Type3. 권리 유형 확인됨 — 상업·수정·출처 조건은 20A-2 정책 참조.
busan-K-00234,kto,http://tong.visitkorea.or.kr/cms/resource/22/3337322_image2_1.jpg,2554141,https://www.data.go.kr/data/15101578/openapi.do,cpyrhtDivCd,Type3,linked_source_keys_to_contentid_cpyrhtdivcd,auto_linkable,high,KorService2:2554141→raw cpyrhtDivCd=Type3. 권리 유형 확인됨 — 상업·수정·출처 조건은 20A-2 정책 참조.
busan-K-00235,kto,http://tong.visitkorea.or.kr/cms/resource/91/3541891_image2_1.jpg,2556598,https://www.data.go.kr/data/15101578/openapi.do,cpyrhtDivCd,Type3,linked_source_keys_to_contentid_cpyrhtdivcd,auto_linkable,high,KorService2:2556598→raw cpyrhtDivCd=Type3. 권리 유형 확인됨 — 상업·수정·출처 조건은 20A-2 정책 참조.
busan-K-00236,kto,http://tong.visitkorea.or.kr/cms/resource/65/2687365_image2_1.jpg,2557807,https://www.data.go.kr/data/15101578/openapi.do,cpyrhtDivCd,Type3,linked_source_keys_to_contentid_cpyrhtdivcd,auto_linkable,high,KorService2:2557807→raw cpyrhtDivCd=Type3. 권리 유형 확인됨 — 상업·수정·출처 조건은 20A-2 정책 참조.
busan-K-00237,kto,http://tong.visitkorea.or.kr/cms/resource/24/3534524_image2_1.jpg,2558735,https://www.data.go.kr/data/15101578/openapi.do,cpyrhtDivCd,Type3,linked_source_keys_to_contentid_cpyrhtdivcd,auto_linkable,high,KorService2:2558735→raw cpyrhtDivCd=Type3. 권리 유형 확인됨 — 상업·수정·출처 조건은 20A-2 정책 참조.
busan-K-00238,kto,http://tong.visitkorea.or.kr/cms/resource/93/3525493_image2_1.png,2560161,https://www.data.go.kr/data/15101578/openapi.do,cpyrhtDivCd,Type3,linked_source_keys_to_contentid_cpyrhtdivcd,auto_linkable,high,KorService2:2560161→raw cpyrhtDivCd=Type3. 권리 유형 확인됨 — 상업·수정·출처 조건은 20A-2 정책 참조.
busan-K-00239,none,,,,,,,no_image,n/a,이미지 URL 없음
busan-K-00240,kto,http://tong.visitkorea.or.kr/cms/resource/61/2567961_image2_1.jpg,2569922,https://www.data.go.kr/data/15101578/openapi.do,cpyrhtDivCd,Type3,linked_source_keys_to_contentid_cpyrhtdivcd,auto_linkable,high,KorService2:2569922→raw cpyrhtDivCd=Type3. 권리 유형 확인됨 — 상업·수정·출처 조건은 20A-2 정책 참조.
busan-K-00241,kto,http://tong.visitkorea.or.kr/cms/resource/64/2568064_image2_1.jpg,2570213,https://www.data.go.kr/data/15101578/openapi.do,cpyrhtDivCd,Type3,linked_source_keys_to_contentid_cpyrhtdivcd,auto_linkable,high,KorService2:2570213→raw cpyrhtDivCd=Type3. 권리 유형 확인됨 — 상업·수정·출처 조건은 20A-2 정책 참조.
busan-K-00242,kto,http://tong.visitkorea.or.kr/cms/resource/96/2571096_image2_1.jpg,2571959,https://www.data.go.kr/data/15101578/openapi.do,cpyrhtDivCd,Type3,linked_source_keys_to_contentid_cpyrhtdivcd,auto_linkable,high,KorService2:2571959→raw cpyrhtDivCd=Type3. 권리 유형 확인됨 — 상업·수정·출처 조건은 20A-2 정책 참조.
busan-K-00243,kto,http://tong.visitkorea.or.kr/cms/resource/58/2571658_image2_1.jpg,2572851,https://www.data.go.kr/data/15101578/openapi.do,cpyrhtDivCd,Type3,linked_source_keys_to_contentid_cpyrhtdivcd,auto_linkable,high,KorService2:2572851→raw cpyrhtDivCd=Type3. 권리 유형 확인됨 — 상업·수정·출처 조건은 20A-2 정책 참조.
busan-K-00244,kto,http://tong.visitkorea.or.kr/cms/resource/06/2573206_image2_1.jpg,2574073,https://www.data.go.kr/data/15101578/openapi.do,cpyrhtDivCd,Type3,linked_source_keys_to_contentid_cpyrhtdivcd,auto_linkable,high,KorService2:2574073→raw cpyrhtDivCd=Type3. 권리 유형 확인됨 — 상업·수정·출처 조건은 20A-2 정책 참조.
busan-K-00245,kto,http://tong.visitkorea.or.kr/cms/resource/64/2686464_image2_1.jpg,2595879,https://www.data.go.kr/data/15101578/openapi.do,cpyrhtDivCd,Type3,linked_source_keys_to_contentid_cpyrhtdivcd,auto_linkable,high,KorService2:2595879→raw cpyrhtDivCd=Type3. 권리 유형 확인됨 — 상업·수정·출처 조건은 20A-2 정책 참조.
busan-K-00246,kto,http://tong.visitkorea.or.kr/cms/resource/55/2595455_image2_1.jpg,2596750,https://www.data.go.kr/data/15101578/openapi.do,cpyrhtDivCd,Type3,linked_source_keys_to_contentid_cpyrhtdivcd,auto_linkable,high,KorService2:2596750→raw cpyrhtDivCd=Type3. 권리 유형 확인됨 — 상업·수정·출처 조건은 20A-2 정책 참조.
busan-K-00247,kto,http://tong.visitkorea.or.kr/cms/resource/03/3342803_image2_1.jpg,2605602,https://www.data.go.kr/data/15101578/openapi.do,cpyrhtDivCd,Type3,linked_source_keys_to_contentid_cpyrhtdivcd,auto_linkable,high,KorService2:2605602→raw cpyrhtDivCd=Type3. 권리 유형 확인됨 — 상업·수정·출처 조건은 20A-2 정책 참조.
busan-K-00249,none,,,,,,,no_image,n/a,이미지 URL 없음
busan-K-00251,kto,http://tong.visitkorea.or.kr/cms/resource/89/2608289_image2_1.JPG,2608181,https://www.data.go.kr/data/15101578/openapi.do,cpyrhtDivCd,Type3,linked_source_keys_to_contentid_cpyrhtdivcd,auto_linkable,high,KorService2:2608181→raw cpyrhtDivCd=Type3. 권리 유형 확인됨 — 상업·수정·출처 조건은 20A-2 정책 참조.
busan-K-00252,kto,http://tong.visitkorea.or.kr/cms/resource/93/2608593_image2_1.JPG,2608459,https://www.data.go.kr/data/15101578/openapi.do,cpyrhtDivCd,Type3,linked_source_keys_to_contentid_cpyrhtdivcd,auto_linkable,high,KorService2:2608459→raw cpyrhtDivCd=Type3. 권리 유형 확인됨 — 상업·수정·출처 조건은 20A-2 정책 참조.
busan-K-00253,kto,http://tong.visitkorea.or.kr/cms/resource/11/2608611_image2_1.JPG,2608470,https://www.data.go.kr/data/15101578/openapi.do,cpyrhtDivCd,Type3,linked_source_keys_to_contentid_cpyrhtdivcd,auto_linkable,high,KorService2:2608470→raw cpyrhtDivCd=Type3. 권리 유형 확인됨 — 상업·수정·출처 조건은 20A-2 정책 참조.
busan-K-00255,none,,,,,,,no_image,n/a,이미지 URL 없음
busan-K-00256,none,,,,,,,no_image,n/a,이미지 URL 없음
busan-K-00257,kto,http://tong.visitkorea.or.kr/cms/resource/37/3029337_image2_1.jpg,2614714,https://www.data.go.kr/data/15101578/openapi.do,cpyrhtDivCd,Type1,linked_source_keys_to_contentid_cpyrhtdivcd,auto_linkable,high,KorService2:2614714→raw cpyrhtDivCd=Type1. 권리 유형 확인됨 — 상업·수정·출처 조건은 20A-2 정책 참조.
busan-K-00258,kto,http://tong.visitkorea.or.kr/cms/resource/28/3589728_image2_1.jpg,2614716,https://www.data.go.kr/data/15101578/openapi.do,cpyrhtDivCd,Type1,linked_source_keys_to_contentid_cpyrhtdivcd,auto_linkable,high,KorService2:2614716→raw cpyrhtDivCd=Type1. 권리 유형 확인됨 — 상업·수정·출처 조건은 20A-2 정책 참조.
busan-K-00259,kto,http://tong.visitkorea.or.kr/cms/resource/24/2614724_image2_1.bmp,2614725,https://www.data.go.kr/data/15101578/openapi.do,cpyrhtDivCd,Type3,linked_source_keys_to_contentid_cpyrhtdivcd,auto_linkable,high,KorService2:2614725→raw cpyrhtDivCd=Type3. 권리 유형 확인됨 — 상업·수정·출처 조건은 20A-2 정책 참조.
busan-K-00260,kto,http://tong.visitkorea.or.kr/cms/resource/66/2661666_image2_1.jpg,2614727,https://www.data.go.kr/data/15101578/openapi.do,cpyrhtDivCd,Type3,linked_source_keys_to_contentid_cpyrhtdivcd,auto_linkable,high,KorService2:2614727→raw cpyrhtDivCd=Type3. 권리 유형 확인됨 — 상업·수정·출처 조건은 20A-2 정책 참조.
busan-K-00261,kto,http://tong.visitkorea.or.kr/cms/resource/10/2616410_image2_1.jpg,2616370,https://www.data.go.kr/data/15101578/openapi.do,cpyrhtDivCd,Type3,linked_source_keys_to_contentid_cpyrhtdivcd,auto_linkable,high,KorService2:2616370→raw cpyrhtDivCd=Type3. 권리 유형 확인됨 — 상업·수정·출처 조건은 20A-2 정책 참조.
busan-K-00262,kto,http://tong.visitkorea.or.kr/cms/resource/16/2616416_image2_1.jpg,2616371,https://www.data.go.kr/data/15101578/openapi.do,cpyrhtDivCd,Type3,linked_source_keys_to_contentid_cpyrhtdivcd,auto_linkable,high,KorService2:2616371→raw cpyrhtDivCd=Type3. 권리 유형 확인됨 — 상업·수정·출처 조건은 20A-2 정책 참조.
busan-K-00263,kto,http://tong.visitkorea.or.kr/cms/resource/89/3575989_image2_1.jpg,2617724,https://www.data.go.kr/data/15101578/openapi.do,cpyrhtDivCd,Type1,linked_source_keys_to_contentid_cpyrhtdivcd,auto_linkable,high,KorService2:2617724→raw cpyrhtDivCd=Type1. 권리 유형 확인됨 — 상업·수정·출처 조건은 20A-2 정책 참조.
busan-K-00264,none,,,,,,,no_image,n/a,이미지 URL 없음
busan-K-00265,none,,,,,,,no_image,n/a,이미지 URL 없음
busan-K-00266,none,,,,,,,no_image,n/a,이미지 URL 없음
busan-K-00267,none,,,,,,,no_image,n/a,이미지 URL 없음
busan-K-00268,kto,http://tong.visitkorea.or.kr/cms/resource/90/3423190_image2_1.png,2642681,https://www.data.go.kr/data/15101578/openapi.do,cpyrhtDivCd,Type3,linked_source_keys_to_contentid_cpyrhtdivcd,auto_linkable,high,KorService2:2642681→raw cpyrhtDivCd=Type3. 권리 유형 확인됨 — 상업·수정·출처 조건은 20A-2 정책 참조.
busan-K-00269,kto,http://tong.visitkorea.or.kr/cms/resource/01/3336601_image2_1.jpg,2643387,https://www.data.go.kr/data/15101578/openapi.do,cpyrhtDivCd,Type3,linked_source_keys_to_contentid_cpyrhtdivcd,auto_linkable,high,KorService2:2643387→raw cpyrhtDivCd=Type3. 권리 유형 확인됨 — 상업·수정·출처 조건은 20A-2 정책 참조.
busan-K-00270,kto,http://tong.visitkorea.or.kr/cms/resource/82/3561482_image2_1.jpg,2643873,https://www.data.go.kr/data/15101578/openapi.do,cpyrhtDivCd,Type1,linked_source_keys_to_contentid_cpyrhtdivcd,auto_linkable,high,KorService2:2643873→raw cpyrhtDivCd=Type1. 권리 유형 확인됨 — 상업·수정·출처 조건은 20A-2 정책 참조.
busan-K-00271,kto,http://tong.visitkorea.or.kr/cms/resource/16/3343716_image2_1.jpg,2650232,https://www.data.go.kr/data/15101578/openapi.do,cpyrhtDivCd,Type3,linked_source_keys_to_contentid_cpyrhtdivcd,auto_linkable,high,KorService2:2650232→raw cpyrhtDivCd=Type3. 권리 유형 확인됨 — 상업·수정·출처 조건은 20A-2 정책 참조.
busan-K-00272,kto,http://tong.visitkorea.or.kr/cms/resource/06/2720806_image2_1.jpg,2656194,https://www.data.go.kr/data/15101578/openapi.do,cpyrhtDivCd,Type3,linked_source_keys_to_contentid_cpyrhtdivcd,auto_linkable,high,KorService2:2656194→raw cpyrhtDivCd=Type3. 권리 유형 확인됨 — 상업·수정·출처 조건은 20A-2 정책 참조.
busan-K-00273,kto,http://tong.visitkorea.or.kr/cms/resource/48/2659248_image2_1.jpg,2659244,https://www.data.go.kr/data/15101578/openapi.do,cpyrhtDivCd,Type3,linked_source_keys_to_contentid_cpyrhtdivcd,auto_linkable,high,KorService2:2659244→raw cpyrhtDivCd=Type3. 권리 유형 확인됨 — 상업·수정·출처 조건은 20A-2 정책 참조.
busan-K-00275,kto,http://tong.visitkorea.or.kr/cms/resource/61/2795861_image2_1.jpg,2661452,https://www.data.go.kr/data/15101578/openapi.do,cpyrhtDivCd,Type3,linked_source_keys_to_contentid_cpyrhtdivcd,auto_linkable,high,KorService2:2661452→raw cpyrhtDivCd=Type3. 권리 유형 확인됨 — 상업·수정·출처 조건은 20A-2 정책 참조.
busan-K-00276,kto,http://tong.visitkorea.or.kr/cms/resource/72/2661472_image2_1.jpg,2661475,https://www.data.go.kr/data/15101578/openapi.do,cpyrhtDivCd,Type3,linked_source_keys_to_contentid_cpyrhtdivcd,auto_linkable,high,KorService2:2661475→raw cpyrhtDivCd=Type3. 권리 유형 확인됨 — 상업·수정·출처 조건은 20A-2 정책 참조.
busan-K-00278,kto,http://tong.visitkorea.or.kr/cms/resource/53/3552453_image2_1.jpg,2663187,https://www.data.go.kr/data/15101578/openapi.do,cpyrhtDivCd,Type1,linked_source_keys_to_contentid_cpyrhtdivcd,auto_linkable,high,KorService2:2663187→raw cpyrhtDivCd=Type1. 권리 유형 확인됨 — 상업·수정·출처 조건은 20A-2 정책 참조.
busan-K-00279,kto,http://tong.visitkorea.or.kr/cms/resource/14/2719514_image2_1.jpg,2663379,https://www.data.go.kr/data/15101578/openapi.do,cpyrhtDivCd,Type3,linked_source_keys_to_contentid_cpyrhtdivcd,auto_linkable,high,KorService2:2663379→raw cpyrhtDivCd=Type3. 권리 유형 확인됨 — 상업·수정·출처 조건은 20A-2 정책 참조.
busan-K-00280,none,,,,,,,no_image,n/a,이미지 URL 없음
busan-K-00281,none,,,,,,,no_image,n/a,이미지 URL 없음
busan-K-00283,kto,http://tong.visitkorea.or.kr/cms/resource/93/2668993_image2_1.jpg,2670518,https://www.data.go.kr/data/15101578/openapi.do,cpyrhtDivCd,Type3,linked_source_keys_to_contentid_cpyrhtdivcd,auto_linkable,high,KorService2:2670518→raw cpyrhtDivCd=Type3. 권리 유형 확인됨 — 상업·수정·출처 조건은 20A-2 정책 참조.
busan-K-00284,kto,http://tong.visitkorea.or.kr/cms/resource/91/2668991_image2_1.jpg,2670566,https://www.data.go.kr/data/15101578/openapi.do,cpyrhtDivCd,Type3,linked_source_keys_to_contentid_cpyrhtdivcd,auto_linkable,high,KorService2:2670566→raw cpyrhtDivCd=Type3. 권리 유형 확인됨 — 상업·수정·출처 조건은 20A-2 정책 참조.
busan-K-00285,kto,http://tong.visitkorea.or.kr/cms/resource/97/2670697_image2_1.jpg,2670611,https://www.data.go.kr/data/15101578/openapi.do,cpyrhtDivCd,Type3,linked_source_keys_to_contentid_cpyrhtdivcd,auto_linkable,high,KorService2:2670611→raw cpyrhtDivCd=Type3. 권리 유형 확인됨 — 상업·수정·출처 조건은 20A-2 정책 참조.
busan-K-00286,kto,http://tong.visitkorea.or.kr/cms/resource/46/3029246_image2_1.jpg,2674974,https://www.data.go.kr/data/15101578/openapi.do,cpyrhtDivCd,Type1,linked_source_keys_to_contentid_cpyrhtdivcd,auto_linkable,high,KorService2:2674974→raw cpyrhtDivCd=Type1. 권리 유형 확인됨 — 상업·수정·출처 조건은 20A-2 정책 참조.
busan-K-00287,kto,http://tong.visitkorea.or.kr/cms/resource/30/3552430_image2_1.jpg,2675011,https://www.data.go.kr/data/15101578/openapi.do,cpyrhtDivCd,Type1,linked_source_keys_to_contentid_cpyrhtdivcd,auto_linkable,high,KorService2:2675011→raw cpyrhtDivCd=Type1. 권리 유형 확인됨 — 상업·수정·출처 조건은 20A-2 정책 참조.
busan-K-00288,kto,http://tong.visitkorea.or.kr/cms/resource/04/3575804_image2_1.jpg,2677748,https://www.data.go.kr/data/15101578/openapi.do,cpyrhtDivCd,Type1,linked_source_keys_to_contentid_cpyrhtdivcd,auto_linkable,high,KorService2:2677748→raw cpyrhtDivCd=Type1. 권리 유형 확인됨 — 상업·수정·출처 조건은 20A-2 정책 참조.
busan-K-00289,none,,,,,,,no_image,n/a,이미지 URL 없음
busan-K-00290,none,,,,,,,no_image,n/a,이미지 URL 없음
busan-K-00291,none,,,,,,,no_image,n/a,이미지 URL 없음
busan-K-00292,none,,,,,,,no_image,n/a,이미지 URL 없음
busan-K-00293,kto,http://tong.visitkorea.or.kr/cms/resource/32/2698332_image2_1.jpg,2701011,https://www.data.go.kr/data/15101578/openapi.do,cpyrhtDivCd,Type3,linked_source_keys_to_contentid_cpyrhtdivcd,auto_linkable,high,KorService2:2701011→raw cpyrhtDivCd=Type3. 권리 유형 확인됨 — 상업·수정·출처 조건은 20A-2 정책 참조.
busan-K-00294,kto,http://tong.visitkorea.or.kr/cms/resource/64/3579164_image2_1.png,2702333,https://www.data.go.kr/data/15101578/openapi.do,cpyrhtDivCd,Type3,linked_source_keys_to_contentid_cpyrhtdivcd,auto_linkable,high,KorService2:2702333→raw cpyrhtDivCd=Type3. 권리 유형 확인됨 — 상업·수정·출처 조건은 20A-2 정책 참조.
busan-K-00295,kto,http://tong.visitkorea.or.kr/cms/resource/80/2642780_image2_1.jpg,2704645,https://www.data.go.kr/data/15101578/openapi.do,cpyrhtDivCd,Type3,linked_source_keys_to_contentid_cpyrhtdivcd,auto_linkable,high,KorService2:2704645→raw cpyrhtDivCd=Type3. 권리 유형 확인됨 — 상업·수정·출처 조건은 20A-2 정책 참조.
busan-K-00296,kto,http://tong.visitkorea.or.kr/cms/resource/26/3041326_image2_1.JPG,2705325,https://www.data.go.kr/data/15101578/openapi.do,cpyrhtDivCd,Type3,linked_source_keys_to_contentid_cpyrhtdivcd,auto_linkable,high,KorService2:2705325→raw cpyrhtDivCd=Type3. 권리 유형 확인됨 — 상업·수정·출처 조건은 20A-2 정책 참조.
busan-K-00297,kto,http://tong.visitkorea.or.kr/cms/resource/20/2705420_image2_1.jpg,2705418,https://www.data.go.kr/data/15101578/openapi.do,cpyrhtDivCd,Type3,linked_source_keys_to_contentid_cpyrhtdivcd,auto_linkable,high,KorService2:2705418→raw cpyrhtDivCd=Type3. 권리 유형 확인됨 — 상업·수정·출처 조건은 20A-2 정책 참조.
busan-K-00298,kto,http://tong.visitkorea.or.kr/cms/resource/32/2709432_image2_1.jpg,2706774,https://www.data.go.kr/data/15101578/openapi.do,cpyrhtDivCd,Type3,linked_source_keys_to_contentid_cpyrhtdivcd,auto_linkable,high,KorService2:2706774→raw cpyrhtDivCd=Type3. 권리 유형 확인됨 — 상업·수정·출처 조건은 20A-2 정책 참조.
busan-K-00299,none,,,,,,,no_image,n/a,이미지 URL 없음
busan-K-00300,kto,http://tong.visitkorea.or.kr/cms/resource/71/3552571_image2_1.jpg,2708108,https://www.data.go.kr/data/15101578/openapi.do,cpyrhtDivCd,Type1,linked_source_keys_to_contentid_cpyrhtdivcd,auto_linkable,high,KorService2:2708108→raw cpyrhtDivCd=Type1. 권리 유형 확인됨 — 상업·수정·출처 조건은 20A-2 정책 참조.
busan-K-00301,kto,http://tong.visitkorea.or.kr/cms/resource/00/2646400_image2_1.jpg,2708164,https://www.data.go.kr/data/15101578/openapi.do,cpyrhtDivCd,Type3,linked_source_keys_to_contentid_cpyrhtdivcd,auto_linkable,high,KorService2:2708164→raw cpyrhtDivCd=Type3. 권리 유형 확인됨 — 상업·수정·출처 조건은 20A-2 정책 참조.
busan-K-00302,kto,http://tong.visitkorea.or.kr/cms/resource/00/2708500_image2_1.jpg,2708667,https://www.data.go.kr/data/15101578/openapi.do,cpyrhtDivCd,Type3,linked_source_keys_to_contentid_cpyrhtdivcd,auto_linkable,high,KorService2:2708667→raw cpyrhtDivCd=Type3. 권리 유형 확인됨 — 상업·수정·출처 조건은 20A-2 정책 참조.
busan-K-00303,kto,http://tong.visitkorea.or.kr/cms/resource/53/2709453_image2_1.jpg,2708705,https://www.data.go.kr/data/15101578/openapi.do,cpyrhtDivCd,Type3,linked_source_keys_to_contentid_cpyrhtdivcd,auto_linkable,high,KorService2:2708705→raw cpyrhtDivCd=Type3. 권리 유형 확인됨 — 상업·수정·출처 조건은 20A-2 정책 참조.
busan-K-00304,kto,http://tong.visitkorea.or.kr/cms/resource/10/2714410_image2_1.jpg,2714406,https://www.data.go.kr/data/15101578/openapi.do,cpyrhtDivCd,Type3,linked_source_keys_to_contentid_cpyrhtdivcd,auto_linkable,high,KorService2:2714406→raw cpyrhtDivCd=Type3. 권리 유형 확인됨 — 상업·수정·출처 조건은 20A-2 정책 참조.
busan-K-00305,none,,,,,,,no_image,n/a,이미지 URL 없음
busan-K-00306,none,,,,,,,no_image,n/a,이미지 URL 없음
busan-K-00309,kto,http://tong.visitkorea.or.kr/cms/resource/57/2726957_image2_1.jpg,2726803,https://www.data.go.kr/data/15101578/openapi.do,cpyrhtDivCd,Type3,linked_source_keys_to_contentid_cpyrhtdivcd,auto_linkable,high,KorService2:2726803→raw cpyrhtDivCd=Type3. 권리 유형 확인됨 — 상업·수정·출처 조건은 20A-2 정책 참조.
busan-K-00310,none,,,,,,,no_image,n/a,이미지 URL 없음
busan-K-00311,kto,http://tong.visitkorea.or.kr/cms/resource/74/2729374_image2_1.jpg,2729157,https://www.data.go.kr/data/15101578/openapi.do,cpyrhtDivCd,Type3,linked_source_keys_to_contentid_cpyrhtdivcd,auto_linkable,high,KorService2:2729157→raw cpyrhtDivCd=Type3. 권리 유형 확인됨 — 상업·수정·출처 조건은 20A-2 정책 참조.
busan-K-00312,kto,http://tong.visitkorea.or.kr/cms/resource/69/2816269_image2_1.jpg,2731553,https://www.data.go.kr/data/15101578/openapi.do,cpyrhtDivCd,Type3,linked_source_keys_to_contentid_cpyrhtdivcd,auto_linkable,high,KorService2:2731553→raw cpyrhtDivCd=Type3. 권리 유형 확인됨 — 상업·수정·출처 조건은 20A-2 정책 참조.
busan-K-00313,kto,http://tong.visitkorea.or.kr/cms/resource/64/3491264_image2_1.jpg,2732397,https://www.data.go.kr/data/15101578/openapi.do,cpyrhtDivCd,Type3,linked_source_keys_to_contentid_cpyrhtdivcd,auto_linkable,high,KorService2:2732397→raw cpyrhtDivCd=Type3. 권리 유형 확인됨 — 상업·수정·출처 조건은 20A-2 정책 참조.
busan-K-00314,none,,,,,,,no_image,n/a,이미지 URL 없음
busan-K-00315,kto,http://tong.visitkorea.or.kr/cms/resource/79/2799379_image2_1.png,2734175,https://www.data.go.kr/data/15101578/openapi.do,cpyrhtDivCd,Type3,linked_source_keys_to_contentid_cpyrhtdivcd,auto_linkable,high,KorService2:2734175→raw cpyrhtDivCd=Type3. 권리 유형 확인됨 — 상업·수정·출처 조건은 20A-2 정책 참조.
busan-K-00316,kto,http://tong.visitkorea.or.kr/cms/resource/55/2735855_image2_1.JPG,2734243,https://www.data.go.kr/data/15101578/openapi.do,cpyrhtDivCd,Type3,linked_source_keys_to_contentid_cpyrhtdivcd,auto_linkable,high,KorService2:2734243→raw cpyrhtDivCd=Type3. 권리 유형 확인됨 — 상업·수정·출처 조건은 20A-2 정책 참조.
busan-K-00317,kto,http://tong.visitkorea.or.kr/cms/resource/80/2735780_image2_1.JPG,2734674,https://www.data.go.kr/data/15101578/openapi.do,cpyrhtDivCd,Type3,linked_source_keys_to_contentid_cpyrhtdivcd,auto_linkable,high,KorService2:2734674→raw cpyrhtDivCd=Type3. 권리 유형 확인됨 — 상업·수정·출처 조건은 20A-2 정책 참조.
busan-K-00318,kto,http://tong.visitkorea.or.kr/cms/resource/74/2736074_image2_1.png,2736088,https://www.data.go.kr/data/15101578/openapi.do,cpyrhtDivCd,Type3,linked_source_keys_to_contentid_cpyrhtdivcd,auto_linkable,high,KorService2:2736088→raw cpyrhtDivCd=Type3. 권리 유형 확인됨 — 상업·수정·출처 조건은 20A-2 정책 참조.
busan-K-00319,kto,http://tong.visitkorea.or.kr/cms/resource/30/3080230_image2_1.JPG,2736392,https://www.data.go.kr/data/15101578/openapi.do,cpyrhtDivCd,Type3,linked_source_keys_to_contentid_cpyrhtdivcd,auto_linkable,high,KorService2:2736392→raw cpyrhtDivCd=Type3. 권리 유형 확인됨 — 상업·수정·출처 조건은 20A-2 정책 참조.
busan-K-00320,kto,http://tong.visitkorea.or.kr/cms/resource/98/2741698_image2_1.jpg,2741526,https://www.data.go.kr/data/15101578/openapi.do,cpyrhtDivCd,Type3,linked_source_keys_to_contentid_cpyrhtdivcd,auto_linkable,high,KorService2:2741526→raw cpyrhtDivCd=Type3. 권리 유형 확인됨 — 상업·수정·출처 조건은 20A-2 정책 참조.
busan-K-00321,none,,,,,,,no_image,n/a,이미지 URL 없음
busan-K-00322,none,,,,,,,no_image,n/a,이미지 URL 없음
busan-K-00323,kto,http://tong.visitkorea.or.kr/cms/resource/30/2744930_image2_1.jpg,2744582,https://www.data.go.kr/data/15101578/openapi.do,cpyrhtDivCd,Type3,linked_source_keys_to_contentid_cpyrhtdivcd,auto_linkable,high,KorService2:2744582→raw cpyrhtDivCd=Type3. 권리 유형 확인됨 — 상업·수정·출처 조건은 20A-2 정책 참조.
busan-K-00325,kto,http://tong.visitkorea.or.kr/cms/resource/81/2748081_image2_1.jpg,2747589,https://www.data.go.kr/data/15101578/openapi.do,cpyrhtDivCd,Type3,linked_source_keys_to_contentid_cpyrhtdivcd,auto_linkable,high,KorService2:2747589→raw cpyrhtDivCd=Type3. 권리 유형 확인됨 — 상업·수정·출처 조건은 20A-2 정책 참조.
busan-K-00326,kto,http://tong.visitkorea.or.kr/cms/resource/83/3516183_image2_1.jpeg,2749611,https://www.data.go.kr/data/15101578/openapi.do,cpyrhtDivCd,Type3,linked_source_keys_to_contentid_cpyrhtdivcd,auto_linkable,high,KorService2:2749611→raw cpyrhtDivCd=Type3. 권리 유형 확인됨 — 상업·수정·출처 조건은 20A-2 정책 참조.
busan-K-00327,none,,,,,,,no_image,n/a,이미지 URL 없음
busan-K-00329,kto,http://tong.visitkorea.or.kr/cms/resource/15/2753515_image2_1.jpg,2752996,https://www.data.go.kr/data/15101578/openapi.do,cpyrhtDivCd,Type3,linked_source_keys_to_contentid_cpyrhtdivcd,auto_linkable,high,KorService2:2752996→raw cpyrhtDivCd=Type3. 권리 유형 확인됨 — 상업·수정·출처 조건은 20A-2 정책 참조.
busan-K-00330,kto,http://tong.visitkorea.or.kr/cms/resource/18/2753518_image2_1.jpg,2753006,https://www.data.go.kr/data/15101578/openapi.do,cpyrhtDivCd,Type3,linked_source_keys_to_contentid_cpyrhtdivcd,auto_linkable,high,KorService2:2753006→raw cpyrhtDivCd=Type3. 권리 유형 확인됨 — 상업·수정·출처 조건은 20A-2 정책 참조.
busan-K-00331,kto,http://tong.visitkorea.or.kr/cms/resource/16/2754616_image2_1.jpg,2754601,https://www.data.go.kr/data/15101578/openapi.do,cpyrhtDivCd,Type3,linked_source_keys_to_contentid_cpyrhtdivcd,auto_linkable,high,KorService2:2754601→raw cpyrhtDivCd=Type3. 권리 유형 확인됨 — 상업·수정·출처 조건은 20A-2 정책 참조.
busan-K-00333,kto,http://tong.visitkorea.or.kr/cms/resource/80/2755680_image2_1.jpg,2755696,https://www.data.go.kr/data/15101578/openapi.do,cpyrhtDivCd,Type3,linked_source_keys_to_contentid_cpyrhtdivcd,auto_linkable,high,KorService2:2755696→raw cpyrhtDivCd=Type3. 권리 유형 확인됨 — 상업·수정·출처 조건은 20A-2 정책 참조.
busan-K-00334,kto,http://tong.visitkorea.or.kr/cms/resource/96/2756896_image2_1.jpg,2756678,https://www.data.go.kr/data/15101578/openapi.do,cpyrhtDivCd,Type3,linked_source_keys_to_contentid_cpyrhtdivcd,auto_linkable,high,KorService2:2756678→raw cpyrhtDivCd=Type3. 권리 유형 확인됨 — 상업·수정·출처 조건은 20A-2 정책 참조.
busan-K-00336,kto,http://tong.visitkorea.or.kr/cms/resource/41/3497041_image2_1.jpg,2756696,https://www.data.go.kr/data/15101578/openapi.do,cpyrhtDivCd,Type1,linked_source_keys_to_contentid_cpyrhtdivcd,auto_linkable,high,KorService2:2756696→raw cpyrhtDivCd=Type1. 권리 유형 확인됨 — 상업·수정·출처 조건은 20A-2 정책 참조.
busan-K-00337,kto,http://tong.visitkorea.or.kr/cms/resource/54/2756954_image2_1.jpg,2756707,https://www.data.go.kr/data/15101578/openapi.do,cpyrhtDivCd,Type3,linked_source_keys_to_contentid_cpyrhtdivcd,auto_linkable,high,KorService2:2756707→raw cpyrhtDivCd=Type3. 권리 유형 확인됨 — 상업·수정·출처 조건은 20A-2 정책 참조.
busan-K-00338,kto,http://tong.visitkorea.or.kr/cms/resource/82/3336582_image2_1.jpg,2758469,https://www.data.go.kr/data/15101578/openapi.do,cpyrhtDivCd,Type3,linked_source_keys_to_contentid_cpyrhtdivcd,auto_linkable,high,KorService2:2758469→raw cpyrhtDivCd=Type3. 권리 유형 확인됨 — 상업·수정·출처 조건은 20A-2 정책 참조.
busan-K-00339,kto,http://tong.visitkorea.or.kr/cms/resource/46/3342846_image2_1.jpg,2758489,https://www.data.go.kr/data/15101578/openapi.do,cpyrhtDivCd,Type3,linked_source_keys_to_contentid_cpyrhtdivcd,auto_linkable,high,KorService2:2758489→raw cpyrhtDivCd=Type3. 권리 유형 확인됨 — 상업·수정·출처 조건은 20A-2 정책 참조.
busan-K-00340,kto,http://tong.visitkorea.or.kr/cms/resource/36/3342836_image2_1.jpg,2758498,https://www.data.go.kr/data/15101578/openapi.do,cpyrhtDivCd,Type3,linked_source_keys_to_contentid_cpyrhtdivcd,auto_linkable,high,KorService2:2758498→raw cpyrhtDivCd=Type3. 권리 유형 확인됨 — 상업·수정·출처 조건은 20A-2 정책 참조.
busan-K-00341,kto,http://tong.visitkorea.or.kr/cms/resource/56/2759656_image2_1.jpg,2759593,https://www.data.go.kr/data/15101578/openapi.do,cpyrhtDivCd,Type3,linked_source_keys_to_contentid_cpyrhtdivcd,auto_linkable,high,KorService2:2759593→raw cpyrhtDivCd=Type3. 권리 유형 확인됨 — 상업·수정·출처 조건은 20A-2 정책 참조.
busan-K-00343,kto,http://tong.visitkorea.or.kr/cms/resource/64/2759664_image2_1.jpg,2759611,https://www.data.go.kr/data/15101578/openapi.do,cpyrhtDivCd,Type3,linked_source_keys_to_contentid_cpyrhtdivcd,auto_linkable,high,KorService2:2759611→raw cpyrhtDivCd=Type3. 권리 유형 확인됨 — 상업·수정·출처 조건은 20A-2 정책 참조.
busan-K-00346,kto,http://tong.visitkorea.or.kr/cms/resource/66/2761266_image2_1.jpg,2760773,https://www.data.go.kr/data/15101578/openapi.do,cpyrhtDivCd,Type3,linked_source_keys_to_contentid_cpyrhtdivcd,auto_linkable,high,KorService2:2760773→raw cpyrhtDivCd=Type3. 권리 유형 확인됨 — 상업·수정·출처 조건은 20A-2 정책 참조.
busan-K-00347,kto,http://tong.visitkorea.or.kr/cms/resource/77/3343377_image2_1.jpg,2763856,https://www.data.go.kr/data/15101578/openapi.do,cpyrhtDivCd,Type3,linked_source_keys_to_contentid_cpyrhtdivcd,auto_linkable,high,KorService2:2763856→raw cpyrhtDivCd=Type3. 권리 유형 확인됨 — 상업·수정·출처 조건은 20A-2 정책 참조.
busan-K-00348,kto,http://tong.visitkorea.or.kr/cms/resource/95/3561995_image2_1.jpg,2763881,https://www.data.go.kr/data/15101578/openapi.do,cpyrhtDivCd,Type1,linked_source_keys_to_contentid_cpyrhtdivcd,auto_linkable,high,KorService2:2763881→raw cpyrhtDivCd=Type1. 권리 유형 확인됨 — 상업·수정·출처 조건은 20A-2 정책 참조.
busan-K-00349,kto,http://tong.visitkorea.or.kr/cms/resource/76/3561476_image2_1.jpg,2763981,https://www.data.go.kr/data/15101578/openapi.do,cpyrhtDivCd,Type1,linked_source_keys_to_contentid_cpyrhtdivcd,auto_linkable,high,KorService2:2763981→raw cpyrhtDivCd=Type1. 권리 유형 확인됨 — 상업·수정·출처 조건은 20A-2 정책 참조.
busan-K-00350,kto,http://tong.visitkorea.or.kr/cms/resource/61/3342761_image2_1.jpg,2764008,https://www.data.go.kr/data/15101578/openapi.do,cpyrhtDivCd,Type3,linked_source_keys_to_contentid_cpyrhtdivcd,auto_linkable,high,KorService2:2764008→raw cpyrhtDivCd=Type3. 권리 유형 확인됨 — 상업·수정·출처 조건은 20A-2 정책 참조.
busan-K-00352,kto,http://tong.visitkorea.or.kr/cms/resource/73/3561273_image2_1.jpg,2775495,https://www.data.go.kr/data/15101578/openapi.do,cpyrhtDivCd,Type1,linked_source_keys_to_contentid_cpyrhtdivcd,auto_linkable,high,KorService2:2775495→raw cpyrhtDivCd=Type1. 권리 유형 확인됨 — 상업·수정·출처 조건은 20A-2 정책 참조.
busan-K-00354,none,,,,,,,no_image,n/a,이미지 URL 없음
busan-K-00356,kto,http://tong.visitkorea.or.kr/cms/resource/27/3334627_image2_1.jpg,2775565,https://www.data.go.kr/data/15101578/openapi.do,cpyrhtDivCd,Type3,linked_source_keys_to_contentid_cpyrhtdivcd,auto_linkable,high,KorService2:2775565→raw cpyrhtDivCd=Type3. 권리 유형 확인됨 — 상업·수정·출처 조건은 20A-2 정책 참조.
busan-K-00357,kto,http://tong.visitkorea.or.kr/cms/resource/02/3561302_image2_1.jpg,2776276,https://www.data.go.kr/data/15101578/openapi.do,cpyrhtDivCd,Type1,linked_source_keys_to_contentid_cpyrhtdivcd,auto_linkable,high,KorService2:2776276→raw cpyrhtDivCd=Type1. 권리 유형 확인됨 — 상업·수정·출처 조건은 20A-2 정책 참조.
busan-K-00358,kto,http://tong.visitkorea.or.kr/cms/resource/98/3561498_image2_1.jpg,2776286,https://www.data.go.kr/data/15101578/openapi.do,cpyrhtDivCd,Type1,linked_source_keys_to_contentid_cpyrhtdivcd,auto_linkable,high,KorService2:2776286→raw cpyrhtDivCd=Type1. 권리 유형 확인됨 — 상업·수정·출처 조건은 20A-2 정책 참조.
busan-K-00362,none,,,,,,,no_image,n/a,이미지 URL 없음
busan-K-00363,kto,http://tong.visitkorea.or.kr/cms/resource/65/2778665_image2_1.jpg,2778476,https://www.data.go.kr/data/15101578/openapi.do,cpyrhtDivCd,Type3,linked_source_keys_to_contentid_cpyrhtdivcd,auto_linkable,high,KorService2:2778476→raw cpyrhtDivCd=Type3. 권리 유형 확인됨 — 상업·수정·출처 조건은 20A-2 정책 참조.
busan-K-00365,none,,,,,,,no_image,n/a,이미지 URL 없음
busan-K-00366,kto,http://tong.visitkorea.or.kr/cms/resource/37/2781837_image2_1.jpg,2781598,https://www.data.go.kr/data/15101578/openapi.do,cpyrhtDivCd,Type3,linked_source_keys_to_contentid_cpyrhtdivcd,auto_linkable,high,KorService2:2781598→raw cpyrhtDivCd=Type3. 권리 유형 확인됨 — 상업·수정·출처 조건은 20A-2 정책 참조.
busan-K-00367,kto,http://tong.visitkorea.or.kr/cms/resource/28/2782128_image2_1.jpg,2781799,https://www.data.go.kr/data/15101578/openapi.do,cpyrhtDivCd,Type3,linked_source_keys_to_contentid_cpyrhtdivcd,auto_linkable,high,KorService2:2781799→raw cpyrhtDivCd=Type3. 권리 유형 확인됨 — 상업·수정·출처 조건은 20A-2 정책 참조.
busan-K-00368,kto,http://tong.visitkorea.or.kr/cms/resource/38/3575838_image2_1.jpg,2782626,https://www.data.go.kr/data/15101578/openapi.do,cpyrhtDivCd,Type1,linked_source_keys_to_contentid_cpyrhtdivcd,auto_linkable,high,KorService2:2782626→raw cpyrhtDivCd=Type1. 권리 유형 확인됨 — 상업·수정·출처 조건은 20A-2 정책 참조.
busan-K-00369,kto,http://tong.visitkorea.or.kr/cms/resource/53/2800253_image2_1.jpg,2782628,https://www.data.go.kr/data/15101578/openapi.do,cpyrhtDivCd,Type3,linked_source_keys_to_contentid_cpyrhtdivcd,auto_linkable,high,KorService2:2782628→raw cpyrhtDivCd=Type3. 권리 유형 확인됨 — 상업·수정·출처 조건은 20A-2 정책 참조.
busan-K-00370,kto,http://tong.visitkorea.or.kr/cms/resource/29/2795729_image2_1.png,2782695,https://www.data.go.kr/data/15101578/openapi.do,cpyrhtDivCd,Type3,linked_source_keys_to_contentid_cpyrhtdivcd,auto_linkable,high,KorService2:2782695→raw cpyrhtDivCd=Type3. 권리 유형 확인됨 — 상업·수정·출처 조건은 20A-2 정책 참조.
busan-K-00371,kto,http://tong.visitkorea.or.kr/cms/resource/74/2795674_image2_1.jpg,2782699,https://www.data.go.kr/data/15101578/openapi.do,cpyrhtDivCd,Type3,linked_source_keys_to_contentid_cpyrhtdivcd,auto_linkable,high,KorService2:2782699→raw cpyrhtDivCd=Type3. 권리 유형 확인됨 — 상업·수정·출처 조건은 20A-2 정책 참조.
busan-K-00372,kto,http://tong.visitkorea.or.kr/cms/resource/54/2795954_image2_1.png,2782714,https://www.data.go.kr/data/15101578/openapi.do,cpyrhtDivCd,Type3,linked_source_keys_to_contentid_cpyrhtdivcd,auto_linkable,high,KorService2:2782714→raw cpyrhtDivCd=Type3. 권리 유형 확인됨 — 상업·수정·출처 조건은 20A-2 정책 참조.
busan-K-00373,kto,http://tong.visitkorea.or.kr/cms/resource/94/2794294_image2_1.jpg,2782747,https://www.data.go.kr/data/15101578/openapi.do,cpyrhtDivCd,Type3,linked_source_keys_to_contentid_cpyrhtdivcd,auto_linkable,high,KorService2:2782747→raw cpyrhtDivCd=Type3. 권리 유형 확인됨 — 상업·수정·출처 조건은 20A-2 정책 참조.
busan-K-00374,kto,http://tong.visitkorea.or.kr/cms/resource/38/2794238_image2_1.jpg,2782750,https://www.data.go.kr/data/15101578/openapi.do,cpyrhtDivCd,Type3,linked_source_keys_to_contentid_cpyrhtdivcd,auto_linkable,high,KorService2:2782750→raw cpyrhtDivCd=Type3. 권리 유형 확인됨 — 상업·수정·출처 조건은 20A-2 정책 참조.
busan-K-00375,kto,http://tong.visitkorea.or.kr/cms/resource/97/2795997_image2_1.jpg,2782757,https://www.data.go.kr/data/15101578/openapi.do,cpyrhtDivCd,Type3,linked_source_keys_to_contentid_cpyrhtdivcd,auto_linkable,high,KorService2:2782757→raw cpyrhtDivCd=Type3. 권리 유형 확인됨 — 상업·수정·출처 조건은 20A-2 정책 참조.
busan-K-00376,kto,http://tong.visitkorea.or.kr/cms/resource/58/2794158_image2_1.jpg,2782765,https://www.data.go.kr/data/15101578/openapi.do,cpyrhtDivCd,Type3,linked_source_keys_to_contentid_cpyrhtdivcd,auto_linkable,high,KorService2:2782765→raw cpyrhtDivCd=Type3. 권리 유형 확인됨 — 상업·수정·출처 조건은 20A-2 정책 참조.
busan-K-00377,kto,http://tong.visitkorea.or.kr/cms/resource/08/2796008_image2_1.jpg,2782794,https://www.data.go.kr/data/15101578/openapi.do,cpyrhtDivCd,Type3,linked_source_keys_to_contentid_cpyrhtdivcd,auto_linkable,high,KorService2:2782794→raw cpyrhtDivCd=Type3. 권리 유형 확인됨 — 상업·수정·출처 조건은 20A-2 정책 참조.
busan-K-00378,kto,http://tong.visitkorea.or.kr/cms/resource/87/3500487_image2_1.jpg,2783308,https://www.data.go.kr/data/15101578/openapi.do,cpyrhtDivCd,Type3,linked_source_keys_to_contentid_cpyrhtdivcd,auto_linkable,high,KorService2:2783308→raw cpyrhtDivCd=Type3. 권리 유형 확인됨 — 상업·수정·출처 조건은 20A-2 정책 참조.
busan-K-00379,kto,http://tong.visitkorea.or.kr/cms/resource/51/2787651_image2_1.jpg,2783344,https://www.data.go.kr/data/15101578/openapi.do,cpyrhtDivCd,Type3,linked_source_keys_to_contentid_cpyrhtdivcd,auto_linkable,high,KorService2:2783344→raw cpyrhtDivCd=Type3. 권리 유형 확인됨 — 상업·수정·출처 조건은 20A-2 정책 참조.
busan-K-00380,kto,http://tong.visitkorea.or.kr/cms/resource/27/2795627_image2_1.jpg,2783360,https://www.data.go.kr/data/15101578/openapi.do,cpyrhtDivCd,Type3,linked_source_keys_to_contentid_cpyrhtdivcd,auto_linkable,high,KorService2:2783360→raw cpyrhtDivCd=Type3. 권리 유형 확인됨 — 상업·수정·출처 조건은 20A-2 정책 참조.
busan-K-00381,kto,http://tong.visitkorea.or.kr/cms/resource/56/2795656_image2_1.jpg,2783380,https://www.data.go.kr/data/15101578/openapi.do,cpyrhtDivCd,Type3,linked_source_keys_to_contentid_cpyrhtdivcd,auto_linkable,high,KorService2:2783380→raw cpyrhtDivCd=Type3. 권리 유형 확인됨 — 상업·수정·출처 조건은 20A-2 정책 참조.
busan-K-00382,kto,http://tong.visitkorea.or.kr/cms/resource/15/2795715_image2_1.jpg,2783646,https://www.data.go.kr/data/15101578/openapi.do,cpyrhtDivCd,Type3,linked_source_keys_to_contentid_cpyrhtdivcd,auto_linkable,high,KorService2:2783646→raw cpyrhtDivCd=Type3. 권리 유형 확인됨 — 상업·수정·출처 조건은 20A-2 정책 참조.
busan-K-00383,kto,http://tong.visitkorea.or.kr/cms/resource/72/2787972_image2_1.jpg,2784112,https://www.data.go.kr/data/15101578/openapi.do,cpyrhtDivCd,Type3,linked_source_keys_to_contentid_cpyrhtdivcd,auto_linkable,high,KorService2:2784112→raw cpyrhtDivCd=Type3. 권리 유형 확인됨 — 상업·수정·출처 조건은 20A-2 정책 참조.
busan-K-00386,kto,http://tong.visitkorea.or.kr/cms/resource/98/2787498_image2_1.jpg,2784325,https://www.data.go.kr/data/15101578/openapi.do,cpyrhtDivCd,Type3,linked_source_keys_to_contentid_cpyrhtdivcd,auto_linkable,high,KorService2:2784325→raw cpyrhtDivCd=Type3. 권리 유형 확인됨 — 상업·수정·출처 조건은 20A-2 정책 참조.
busan-K-00387,kto,http://tong.visitkorea.or.kr/cms/resource/22/3336622_image2_1.jpg,2784330,https://www.data.go.kr/data/15101578/openapi.do,cpyrhtDivCd,Type3,linked_source_keys_to_contentid_cpyrhtdivcd,auto_linkable,high,KorService2:2784330→raw cpyrhtDivCd=Type3. 권리 유형 확인됨 — 상업·수정·출처 조건은 20A-2 정책 참조.
busan-K-00388,kto,http://tong.visitkorea.or.kr/cms/resource/60/2787660_image2_1.jpg,2784351,https://www.data.go.kr/data/15101578/openapi.do,cpyrhtDivCd,Type3,linked_source_keys_to_contentid_cpyrhtdivcd,auto_linkable,high,KorService2:2784351→raw cpyrhtDivCd=Type3. 권리 유형 확인됨 — 상업·수정·출처 조건은 20A-2 정책 참조.
busan-K-00389,kto,http://tong.visitkorea.or.kr/cms/resource/04/2787704_image2_1.jpg,2784356,https://www.data.go.kr/data/15101578/openapi.do,cpyrhtDivCd,Type3,linked_source_keys_to_contentid_cpyrhtdivcd,auto_linkable,high,KorService2:2784356→raw cpyrhtDivCd=Type3. 권리 유형 확인됨 — 상업·수정·출처 조건은 20A-2 정책 참조.
busan-K-00391,kto,http://tong.visitkorea.or.kr/cms/resource/10/2790710_image2_1.JPG,2785265,https://www.data.go.kr/data/15101578/openapi.do,cpyrhtDivCd,Type3,linked_source_keys_to_contentid_cpyrhtdivcd,auto_linkable,high,KorService2:2785265→raw cpyrhtDivCd=Type3. 권리 유형 확인됨 — 상업·수정·출처 조건은 20A-2 정책 참조.
busan-K-00393,kto,http://tong.visitkorea.or.kr/cms/resource/90/2785290_image2_1.jpg,2785267,https://www.data.go.kr/data/15101578/openapi.do,cpyrhtDivCd,Type3,linked_source_keys_to_contentid_cpyrhtdivcd,auto_linkable,high,KorService2:2785267→raw cpyrhtDivCd=Type3. 권리 유형 확인됨 — 상업·수정·출처 조건은 20A-2 정책 참조.
busan-K-00394,kto,http://tong.visitkorea.or.kr/cms/resource/03/2785303_image2_1.jpg,2785269,https://www.data.go.kr/data/15101578/openapi.do,cpyrhtDivCd,Type3,linked_source_keys_to_contentid_cpyrhtdivcd,auto_linkable,high,KorService2:2785269→raw cpyrhtDivCd=Type3. 권리 유형 확인됨 — 상업·수정·출처 조건은 20A-2 정책 참조.
busan-K-00397,kto,http://tong.visitkorea.or.kr/cms/resource/03/2797503_image2_1.JPG,2785275,https://www.data.go.kr/data/15101578/openapi.do,cpyrhtDivCd,Type3,linked_source_keys_to_contentid_cpyrhtdivcd,auto_linkable,high,KorService2:2785275→raw cpyrhtDivCd=Type3. 권리 유형 확인됨 — 상업·수정·출처 조건은 20A-2 정책 참조.
busan-K-00399,kto,http://tong.visitkorea.or.kr/cms/resource/93/2790693_image2_1.JPG,2785277,https://www.data.go.kr/data/15101578/openapi.do,cpyrhtDivCd,Type3,linked_source_keys_to_contentid_cpyrhtdivcd,auto_linkable,high,KorService2:2785277→raw cpyrhtDivCd=Type3. 권리 유형 확인됨 — 상업·수정·출처 조건은 20A-2 정책 참조.
busan-K-00400,none,,,,,,,no_image,n/a,이미지 URL 없음
busan-K-00401,kto,http://tong.visitkorea.or.kr/cms/resource/56/2790956_image2_1.JPG,2785611,https://www.data.go.kr/data/15101578/openapi.do,cpyrhtDivCd,Type3,linked_source_keys_to_contentid_cpyrhtdivcd,auto_linkable,high,KorService2:2785611→raw cpyrhtDivCd=Type3. 권리 유형 확인됨 — 상업·수정·출처 조건은 20A-2 정책 참조.
busan-K-00402,kto,http://tong.visitkorea.or.kr/cms/resource/07/3370707_image2_1.jpg,2785762,https://www.data.go.kr/data/15101578/openapi.do,cpyrhtDivCd,Type1,linked_source_keys_to_contentid_cpyrhtdivcd,auto_linkable,high,KorService2:2785762→raw cpyrhtDivCd=Type1. 권리 유형 확인됨 — 상업·수정·출처 조건은 20A-2 정책 참조.
busan-K-00403,kto,http://tong.visitkorea.or.kr/cms/resource/24/2800524_image2_1.jpg,2785956,https://www.data.go.kr/data/15101578/openapi.do,cpyrhtDivCd,Type3,linked_source_keys_to_contentid_cpyrhtdivcd,auto_linkable,high,KorService2:2785956→raw cpyrhtDivCd=Type3. 권리 유형 확인됨 — 상업·수정·출처 조건은 20A-2 정책 참조.
busan-K-00404,kto,http://tong.visitkorea.or.kr/cms/resource/49/2800449_image2_1.JPG,2785965,https://www.data.go.kr/data/15101578/openapi.do,cpyrhtDivCd,Type3,linked_source_keys_to_contentid_cpyrhtdivcd,auto_linkable,high,KorService2:2785965→raw cpyrhtDivCd=Type3. 권리 유형 확인됨 — 상업·수정·출처 조건은 20A-2 정책 참조.
busan-K-00405,kto,http://tong.visitkorea.or.kr/cms/resource/62/2800462_image2_1.jpg,2785970,https://www.data.go.kr/data/15101578/openapi.do,cpyrhtDivCd,Type3,linked_source_keys_to_contentid_cpyrhtdivcd,auto_linkable,high,KorService2:2785970→raw cpyrhtDivCd=Type3. 권리 유형 확인됨 — 상업·수정·출처 조건은 20A-2 정책 참조.
busan-K-00406,kto,http://tong.visitkorea.or.kr/cms/resource/23/2792523_image2_1.jpg,2786008,https://www.data.go.kr/data/15101578/openapi.do,cpyrhtDivCd,Type3,linked_source_keys_to_contentid_cpyrhtdivcd,auto_linkable,high,KorService2:2786008→raw cpyrhtDivCd=Type3. 권리 유형 확인됨 — 상업·수정·출처 조건은 20A-2 정책 참조.
busan-K-00407,kto,http://tong.visitkorea.or.kr/cms/resource/14/2797514_image2_1.JPG,2786742,https://www.data.go.kr/data/15101578/openapi.do,cpyrhtDivCd,Type3,linked_source_keys_to_contentid_cpyrhtdivcd,auto_linkable,high,KorService2:2786742→raw cpyrhtDivCd=Type3. 권리 유형 확인됨 — 상업·수정·출처 조건은 20A-2 정책 참조.
busan-K-00408,kto,http://tong.visitkorea.or.kr/cms/resource/45/2797545_image2_1.JPG,2786766,https://www.data.go.kr/data/15101578/openapi.do,cpyrhtDivCd,Type3,linked_source_keys_to_contentid_cpyrhtdivcd,auto_linkable,high,KorService2:2786766→raw cpyrhtDivCd=Type3. 권리 유형 확인됨 — 상업·수정·출처 조건은 20A-2 정책 참조.
busan-K-00409,kto,http://tong.visitkorea.or.kr/cms/resource/66/2797566_image2_1.JPG,2786779,https://www.data.go.kr/data/15101578/openapi.do,cpyrhtDivCd,Type3,linked_source_keys_to_contentid_cpyrhtdivcd,auto_linkable,high,KorService2:2786779→raw cpyrhtDivCd=Type3. 권리 유형 확인됨 — 상업·수정·출처 조건은 20A-2 정책 참조.
busan-K-00410,kto,http://tong.visitkorea.or.kr/cms/resource/18/2798218_image2_1.JPG,2787109,https://www.data.go.kr/data/15101578/openapi.do,cpyrhtDivCd,Type3,linked_source_keys_to_contentid_cpyrhtdivcd,auto_linkable,high,KorService2:2787109→raw cpyrhtDivCd=Type3. 권리 유형 확인됨 — 상업·수정·출처 조건은 20A-2 정책 참조.
busan-K-00411,kto,http://tong.visitkorea.or.kr/cms/resource/28/2790928_image2_1.JPG,2787128,https://www.data.go.kr/data/15101578/openapi.do,cpyrhtDivCd,Type3,linked_source_keys_to_contentid_cpyrhtdivcd,auto_linkable,high,KorService2:2787128→raw cpyrhtDivCd=Type3. 권리 유형 확인됨 — 상업·수정·출처 조건은 20A-2 정책 참조.
busan-K-00412,kto,http://tong.visitkorea.or.kr/cms/resource/79/2791979_image2_1.jpg,2787137,https://www.data.go.kr/data/15101578/openapi.do,cpyrhtDivCd,Type3,linked_source_keys_to_contentid_cpyrhtdivcd,auto_linkable,high,KorService2:2787137→raw cpyrhtDivCd=Type3. 권리 유형 확인됨 — 상업·수정·출처 조건은 20A-2 정책 참조.
busan-K-00413,kto,http://tong.visitkorea.or.kr/cms/resource/53/2792153_image2_1.jpg,2787408,https://www.data.go.kr/data/15101578/openapi.do,cpyrhtDivCd,Type3,linked_source_keys_to_contentid_cpyrhtdivcd,auto_linkable,high,KorService2:2787408→raw cpyrhtDivCd=Type3. 권리 유형 확인됨 — 상업·수정·출처 조건은 20A-2 정책 참조.
busan-K-00414,kto,http://tong.visitkorea.or.kr/cms/resource/31/3587431_image2_1.jpg,2788392,https://www.data.go.kr/data/15101578/openapi.do,cpyrhtDivCd,Type3,linked_source_keys_to_contentid_cpyrhtdivcd,auto_linkable,high,KorService2:2788392→raw cpyrhtDivCd=Type3. 권리 유형 확인됨 — 상업·수정·출처 조건은 20A-2 정책 참조.
busan-K-00416,kto,http://tong.visitkorea.or.kr/cms/resource/25/3561525_image2_1.jpg,2788444,https://www.data.go.kr/data/15101578/openapi.do,cpyrhtDivCd,Type1,linked_source_keys_to_contentid_cpyrhtdivcd,auto_linkable,high,KorService2:2788444→raw cpyrhtDivCd=Type1. 권리 유형 확인됨 — 상업·수정·출처 조건은 20A-2 정책 참조.
busan-K-00417,kto,http://tong.visitkorea.or.kr/cms/resource/20/3561520_image2_1.jpg,2788451,https://www.data.go.kr/data/15101578/openapi.do,cpyrhtDivCd,Type1,linked_source_keys_to_contentid_cpyrhtdivcd,auto_linkable,high,KorService2:2788451→raw cpyrhtDivCd=Type1. 권리 유형 확인됨 — 상업·수정·출처 조건은 20A-2 정책 참조.
busan-K-00418,kto,http://tong.visitkorea.or.kr/cms/resource/11/3562011_image2_1.jpg,2788830,https://www.data.go.kr/data/15101578/openapi.do,cpyrhtDivCd,Type1,linked_source_keys_to_contentid_cpyrhtdivcd,auto_linkable,high,KorService2:2788830→raw cpyrhtDivCd=Type1. 권리 유형 확인됨 — 상업·수정·출처 조건은 20A-2 정책 참조.
busan-K-00419,kto,http://tong.visitkorea.or.kr/cms/resource/45/3337845_image2_1.jpg,2789334,https://www.data.go.kr/data/15101578/openapi.do,cpyrhtDivCd,Type3,linked_source_keys_to_contentid_cpyrhtdivcd,auto_linkable,high,KorService2:2789334→raw cpyrhtDivCd=Type3. 권리 유형 확인됨 — 상업·수정·출처 조건은 20A-2 정책 참조.
busan-K-00420,none,,,,,,,no_image,n/a,이미지 URL 없음
busan-K-00421,kto,http://tong.visitkorea.or.kr/cms/resource/26/2800426_image2_1.jpg,2789488,https://www.data.go.kr/data/15101578/openapi.do,cpyrhtDivCd,Type3,linked_source_keys_to_contentid_cpyrhtdivcd,auto_linkable,high,KorService2:2789488→raw cpyrhtDivCd=Type3. 권리 유형 확인됨 — 상업·수정·출처 조건은 20A-2 정책 참조.
busan-K-00422,kto,http://tong.visitkorea.or.kr/cms/resource/71/2790371_image2_1.jpg,2790332,https://www.data.go.kr/data/15101578/openapi.do,cpyrhtDivCd,Type3,linked_source_keys_to_contentid_cpyrhtdivcd,auto_linkable,high,KorService2:2790332→raw cpyrhtDivCd=Type3. 권리 유형 확인됨 — 상업·수정·출처 조건은 20A-2 정책 참조.
busan-K-00423,kto,http://tong.visitkorea.or.kr/cms/resource/96/2790996_image2_1.JPG,2790483,https://www.data.go.kr/data/15101578/openapi.do,cpyrhtDivCd,Type3,linked_source_keys_to_contentid_cpyrhtdivcd,auto_linkable,high,KorService2:2790483→raw cpyrhtDivCd=Type3. 권리 유형 확인됨 — 상업·수정·출처 조건은 20A-2 정책 참조.
busan-K-00424,kto,http://tong.visitkorea.or.kr/cms/resource/23/2794823_image2_1.jpg,2793181,https://www.data.go.kr/data/15101578/openapi.do,cpyrhtDivCd,Type3,linked_source_keys_to_contentid_cpyrhtdivcd,auto_linkable,high,KorService2:2793181→raw cpyrhtDivCd=Type3. 권리 유형 확인됨 — 상업·수정·출처 조건은 20A-2 정책 참조.
busan-K-00425,kto,http://tong.visitkorea.or.kr/cms/resource/11/2794811_image2_1.jpg,2794743,https://www.data.go.kr/data/15101578/openapi.do,cpyrhtDivCd,Type3,linked_source_keys_to_contentid_cpyrhtdivcd,auto_linkable,high,KorService2:2794743→raw cpyrhtDivCd=Type3. 권리 유형 확인됨 — 상업·수정·출처 조건은 20A-2 정책 참조.
busan-K-00426,kto,http://tong.visitkorea.or.kr/cms/resource/87/2800387_image2_1.jpg,2796940,https://www.data.go.kr/data/15101578/openapi.do,cpyrhtDivCd,Type3,linked_source_keys_to_contentid_cpyrhtdivcd,auto_linkable,high,KorService2:2796940→raw cpyrhtDivCd=Type3. 권리 유형 확인됨 — 상업·수정·출처 조건은 20A-2 정책 참조.
busan-K-00427,kto,http://tong.visitkorea.or.kr/cms/resource/82/2804082_image2_1.jpg,2804372,https://www.data.go.kr/data/15101578/openapi.do,cpyrhtDivCd,Type3,linked_source_keys_to_contentid_cpyrhtdivcd,auto_linkable,high,KorService2:2804372→raw cpyrhtDivCd=Type3. 권리 유형 확인됨 — 상업·수정·출처 조건은 20A-2 정책 참조.
busan-K-00430,none,,,,,,,no_image,n/a,이미지 URL 없음
busan-K-00431,none,,,,,,,no_image,n/a,이미지 URL 없음
busan-K-00432,none,,,,,,,no_image,n/a,이미지 URL 없음
busan-K-00434,none,,,,,,,no_image,n/a,이미지 URL 없음
busan-K-00435,kto,http://tong.visitkorea.or.kr/cms/resource/28/2808328_image2_1.png,2811461,https://www.data.go.kr/data/15101578/openapi.do,cpyrhtDivCd,Type3,linked_source_keys_to_contentid_cpyrhtdivcd,auto_linkable,high,KorService2:2811461→raw cpyrhtDivCd=Type3. 권리 유형 확인됨 — 상업·수정·출처 조건은 20A-2 정책 참조.
busan-K-00437,kto,http://tong.visitkorea.or.kr/cms/resource/61/2815961_image2_1.jpg,2816102,https://www.data.go.kr/data/15101578/openapi.do,cpyrhtDivCd,Type3,linked_source_keys_to_contentid_cpyrhtdivcd,auto_linkable,high,KorService2:2816102→raw cpyrhtDivCd=Type3. 권리 유형 확인됨 — 상업·수정·출처 조건은 20A-2 정책 참조.
busan-K-00438,none,,,,,,,no_image,n/a,이미지 URL 없음
busan-K-00439,kto,http://tong.visitkorea.or.kr/cms/resource/07/3529807_image2_1.jpg,2818890,https://www.data.go.kr/data/15101578/openapi.do,cpyrhtDivCd,Type3,linked_source_keys_to_contentid_cpyrhtdivcd,auto_linkable,high,KorService2:2818890→raw cpyrhtDivCd=Type3. 권리 유형 확인됨 — 상업·수정·출처 조건은 20A-2 정책 참조.
busan-K-00441,kto,http://tong.visitkorea.or.kr/cms/resource/33/2822333_image2_1.png,2822334,https://www.data.go.kr/data/15101578/openapi.do,cpyrhtDivCd,Type1,linked_source_keys_to_contentid_cpyrhtdivcd,auto_linkable,high,KorService2:2822334→raw cpyrhtDivCd=Type1. 권리 유형 확인됨 — 상업·수정·출처 조건은 20A-2 정책 참조.
busan-K-00442,kto,http://tong.visitkorea.or.kr/cms/resource/37/2822337_image2_1.png,2822343,https://www.data.go.kr/data/15101578/openapi.do,cpyrhtDivCd,Type1,linked_source_keys_to_contentid_cpyrhtdivcd,auto_linkable,high,KorService2:2822343→raw cpyrhtDivCd=Type1. 권리 유형 확인됨 — 상업·수정·출처 조건은 20A-2 정책 참조.
busan-K-00443,kto,http://tong.visitkorea.or.kr/cms/resource/98/2822898_image2_1.jpg,2822838,https://www.data.go.kr/data/15101578/openapi.do,cpyrhtDivCd,Type3,linked_source_keys_to_contentid_cpyrhtdivcd,auto_linkable,high,KorService2:2822838→raw cpyrhtDivCd=Type3. 권리 유형 확인됨 — 상업·수정·출처 조건은 20A-2 정책 참조.
busan-K-00445,kto,http://tong.visitkorea.or.kr/cms/resource/67/2822867_image2_1.jpg,2822910,https://www.data.go.kr/data/15101578/openapi.do,cpyrhtDivCd,Type3,linked_source_keys_to_contentid_cpyrhtdivcd,auto_linkable,high,KorService2:2822910→raw cpyrhtDivCd=Type3. 권리 유형 확인됨 — 상업·수정·출처 조건은 20A-2 정책 참조.
busan-K-00447,kto,http://tong.visitkorea.or.kr/cms/resource/05/3583005_image2_1.jpg,2825115,https://www.data.go.kr/data/15101578/openapi.do,cpyrhtDivCd,Type3,linked_source_keys_to_contentid_cpyrhtdivcd,auto_linkable,high,KorService2:2825115→raw cpyrhtDivCd=Type3. 권리 유형 확인됨 — 상업·수정·출처 조건은 20A-2 정책 참조.
busan-K-00448,kto,http://tong.visitkorea.or.kr/cms/resource/33/2832633_image2_1.jpg,2832636,https://www.data.go.kr/data/15101578/openapi.do,cpyrhtDivCd,Type3,linked_source_keys_to_contentid_cpyrhtdivcd,auto_linkable,high,KorService2:2832636→raw cpyrhtDivCd=Type3. 권리 유형 확인됨 — 상업·수정·출처 조건은 20A-2 정책 참조.
busan-K-00449,kto,http://tong.visitkorea.or.kr/cms/resource/39/2832639_image2_1.jpg,2832642,https://www.data.go.kr/data/15101578/openapi.do,cpyrhtDivCd,Type3,linked_source_keys_to_contentid_cpyrhtdivcd,auto_linkable,high,KorService2:2832642→raw cpyrhtDivCd=Type3. 권리 유형 확인됨 — 상업·수정·출처 조건은 20A-2 정책 참조.
busan-K-00450,kto,http://tong.visitkorea.or.kr/cms/resource/46/2832646_image2_1.jpg,2832649,https://www.data.go.kr/data/15101578/openapi.do,cpyrhtDivCd,Type3,linked_source_keys_to_contentid_cpyrhtdivcd,auto_linkable,high,KorService2:2832649→raw cpyrhtDivCd=Type3. 권리 유형 확인됨 — 상업·수정·출처 조건은 20A-2 정책 참조.
busan-K-00451,kto,http://tong.visitkorea.or.kr/cms/resource/54/2832654_image2_1.jpg,2832655,https://www.data.go.kr/data/15101578/openapi.do,cpyrhtDivCd,Type3,linked_source_keys_to_contentid_cpyrhtdivcd,auto_linkable,high,KorService2:2832655→raw cpyrhtDivCd=Type3. 권리 유형 확인됨 — 상업·수정·출처 조건은 20A-2 정책 참조.
busan-K-00453,kto,http://tong.visitkorea.or.kr/cms/resource/94/2832694_image2_1.jpg,2832700,https://www.data.go.kr/data/15101578/openapi.do,cpyrhtDivCd,Type3,linked_source_keys_to_contentid_cpyrhtdivcd,auto_linkable,high,KorService2:2832700→raw cpyrhtDivCd=Type3. 권리 유형 확인됨 — 상업·수정·출처 조건은 20A-2 정책 참조.
busan-K-00454,kto,http://tong.visitkorea.or.kr/cms/resource/06/2832706_image2_1.jpg,2832712,https://www.data.go.kr/data/15101578/openapi.do,cpyrhtDivCd,Type3,linked_source_keys_to_contentid_cpyrhtdivcd,auto_linkable,high,KorService2:2832712→raw cpyrhtDivCd=Type3. 권리 유형 확인됨 — 상업·수정·출처 조건은 20A-2 정책 참조.
busan-K-00455,kto,http://tong.visitkorea.or.kr/cms/resource/15/2832715_image2_1.jpg,2832717,https://www.data.go.kr/data/15101578/openapi.do,cpyrhtDivCd,Type3,linked_source_keys_to_contentid_cpyrhtdivcd,auto_linkable,high,KorService2:2832717→raw cpyrhtDivCd=Type3. 권리 유형 확인됨 — 상업·수정·출처 조건은 20A-2 정책 참조.
busan-K-00456,kto,http://tong.visitkorea.or.kr/cms/resource/22/2832722_image2_1.jpg,2832723,https://www.data.go.kr/data/15101578/openapi.do,cpyrhtDivCd,Type3,linked_source_keys_to_contentid_cpyrhtdivcd,auto_linkable,high,KorService2:2832723→raw cpyrhtDivCd=Type3. 권리 유형 확인됨 — 상업·수정·출처 조건은 20A-2 정책 참조.
busan-K-00458,kto,http://tong.visitkorea.or.kr/cms/resource/43/2833243_image2_1.jpg,2833257,https://www.data.go.kr/data/15101578/openapi.do,cpyrhtDivCd,Type3,linked_source_keys_to_contentid_cpyrhtdivcd,auto_linkable,high,KorService2:2833257→raw cpyrhtDivCd=Type3. 권리 유형 확인됨 — 상업·수정·출처 조건은 20A-2 정책 참조.
busan-K-00459,kto,http://tong.visitkorea.or.kr/cms/resource/60/2836060_image2_1.jpg,2834026,https://www.data.go.kr/data/15101578/openapi.do,cpyrhtDivCd,Type3,linked_source_keys_to_contentid_cpyrhtdivcd,auto_linkable,high,KorService2:2834026→raw cpyrhtDivCd=Type3. 권리 유형 확인됨 — 상업·수정·출처 조건은 20A-2 정책 참조.
busan-K-00460,kto,http://tong.visitkorea.or.kr/cms/resource/98/2836398_image2_1.jpg,2836405,https://www.data.go.kr/data/15101578/openapi.do,cpyrhtDivCd,Type3,linked_source_keys_to_contentid_cpyrhtdivcd,auto_linkable,high,KorService2:2836405→raw cpyrhtDivCd=Type3. 권리 유형 확인됨 — 상업·수정·출처 조건은 20A-2 정책 참조.
busan-K-00462,kto,http://tong.visitkorea.or.kr/cms/resource/16/2836416_image2_1.jpg,2836424,https://www.data.go.kr/data/15101578/openapi.do,cpyrhtDivCd,Type3,linked_source_keys_to_contentid_cpyrhtdivcd,auto_linkable,high,KorService2:2836424→raw cpyrhtDivCd=Type3. 권리 유형 확인됨 — 상업·수정·출처 조건은 20A-2 정책 참조.
busan-K-00463,kto,http://tong.visitkorea.or.kr/cms/resource/30/2836430_image2_1.jpg,2836431,https://www.data.go.kr/data/15101578/openapi.do,cpyrhtDivCd,Type3,linked_source_keys_to_contentid_cpyrhtdivcd,auto_linkable,high,KorService2:2836431→raw cpyrhtDivCd=Type3. 권리 유형 확인됨 — 상업·수정·출처 조건은 20A-2 정책 참조.
busan-K-00466,kto,http://tong.visitkorea.or.kr/cms/resource/04/2838404_image2_1.jpg,2838418,https://www.data.go.kr/data/15101578/openapi.do,cpyrhtDivCd,Type3,linked_source_keys_to_contentid_cpyrhtdivcd,auto_linkable,high,KorService2:2838418→raw cpyrhtDivCd=Type3. 권리 유형 확인됨 — 상업·수정·출처 조건은 20A-2 정책 참조.
busan-K-00467,kto,http://tong.visitkorea.or.kr/cms/resource/22/2838422_image2_1.jpg,2838432,https://www.data.go.kr/data/15101578/openapi.do,cpyrhtDivCd,Type3,linked_source_keys_to_contentid_cpyrhtdivcd,auto_linkable,high,KorService2:2838432→raw cpyrhtDivCd=Type3. 권리 유형 확인됨 — 상업·수정·출처 조건은 20A-2 정책 참조.
busan-K-00469,none,,,,,,,no_image,n/a,이미지 URL 없음
busan-K-00470,kto,http://tong.visitkorea.or.kr/cms/resource/00/2838800_image2_1.jpg,2838820,https://www.data.go.kr/data/15101578/openapi.do,cpyrhtDivCd,Type3,linked_source_keys_to_contentid_cpyrhtdivcd,auto_linkable,high,KorService2:2838820→raw cpyrhtDivCd=Type3. 권리 유형 확인됨 — 상업·수정·출처 조건은 20A-2 정책 참조.
busan-K-00472,kto,http://tong.visitkorea.or.kr/cms/resource/63/2838863_image2_1.jpg,2838872,https://www.data.go.kr/data/15101578/openapi.do,cpyrhtDivCd,Type3,linked_source_keys_to_contentid_cpyrhtdivcd,auto_linkable,high,KorService2:2838872→raw cpyrhtDivCd=Type3. 권리 유형 확인됨 — 상업·수정·출처 조건은 20A-2 정책 참조.
busan-K-00473,kto,http://tong.visitkorea.or.kr/cms/resource/78/2838878_image2_1.jpg,2838889,https://www.data.go.kr/data/15101578/openapi.do,cpyrhtDivCd,Type3,linked_source_keys_to_contentid_cpyrhtdivcd,auto_linkable,high,KorService2:2838889→raw cpyrhtDivCd=Type3. 권리 유형 확인됨 — 상업·수정·출처 조건은 20A-2 정책 참조.
busan-K-00474,kto,http://tong.visitkorea.or.kr/cms/resource/97/2838897_image2_1.jpg,2838907,https://www.data.go.kr/data/15101578/openapi.do,cpyrhtDivCd,Type3,linked_source_keys_to_contentid_cpyrhtdivcd,auto_linkable,high,KorService2:2838907→raw cpyrhtDivCd=Type3. 권리 유형 확인됨 — 상업·수정·출처 조건은 20A-2 정책 참조.
busan-K-00475,kto,http://tong.visitkorea.or.kr/cms/resource/29/2838929_image2_1.jpg,2838935,https://www.data.go.kr/data/15101578/openapi.do,cpyrhtDivCd,Type3,linked_source_keys_to_contentid_cpyrhtdivcd,auto_linkable,high,KorService2:2838935→raw cpyrhtDivCd=Type3. 권리 유형 확인됨 — 상업·수정·출처 조건은 20A-2 정책 참조.
busan-K-00476,kto,http://tong.visitkorea.or.kr/cms/resource/58/2838958_image2_1.jpg,2838973,https://www.data.go.kr/data/15101578/openapi.do,cpyrhtDivCd,Type3,linked_source_keys_to_contentid_cpyrhtdivcd,auto_linkable,high,KorService2:2838973→raw cpyrhtDivCd=Type3. 권리 유형 확인됨 — 상업·수정·출처 조건은 20A-2 정책 참조.
busan-K-00477,kto,http://tong.visitkorea.or.kr/cms/resource/60/2840860_image2_1.jpg,2840883,https://www.data.go.kr/data/15101578/openapi.do,cpyrhtDivCd,Type3,linked_source_keys_to_contentid_cpyrhtdivcd,auto_linkable,high,KorService2:2840883→raw cpyrhtDivCd=Type3. 권리 유형 확인됨 — 상업·수정·출처 조건은 20A-2 정책 참조.
busan-K-00478,kto,http://tong.visitkorea.or.kr/cms/resource/87/2840887_image2_1.jpg,2840901,https://www.data.go.kr/data/15101578/openapi.do,cpyrhtDivCd,Type3,linked_source_keys_to_contentid_cpyrhtdivcd,auto_linkable,high,KorService2:2840901→raw cpyrhtDivCd=Type3. 권리 유형 확인됨 — 상업·수정·출처 조건은 20A-2 정책 참조.
busan-K-00480,kto,http://tong.visitkorea.or.kr/cms/resource/33/2840933_image2_1.jpg,2840956,https://www.data.go.kr/data/15101578/openapi.do,cpyrhtDivCd,Type3,linked_source_keys_to_contentid_cpyrhtdivcd,auto_linkable,high,KorService2:2840956→raw cpyrhtDivCd=Type3. 권리 유형 확인됨 — 상업·수정·출처 조건은 20A-2 정책 참조.
busan-K-00482,kto,http://tong.visitkorea.or.kr/cms/resource/07/2841007_image2_1.jpg,2841018,https://www.data.go.kr/data/15101578/openapi.do,cpyrhtDivCd,Type3,linked_source_keys_to_contentid_cpyrhtdivcd,auto_linkable,high,KorService2:2841018→raw cpyrhtDivCd=Type3. 권리 유형 확인됨 — 상업·수정·출처 조건은 20A-2 정책 참조.
busan-K-00483,kto,http://tong.visitkorea.or.kr/cms/resource/24/2841024_image2_1.jpg,2841029,https://www.data.go.kr/data/15101578/openapi.do,cpyrhtDivCd,Type3,linked_source_keys_to_contentid_cpyrhtdivcd,auto_linkable,high,KorService2:2841029→raw cpyrhtDivCd=Type3. 권리 유형 확인됨 — 상업·수정·출처 조건은 20A-2 정책 참조.
busan-K-00484,kto,http://tong.visitkorea.or.kr/cms/resource/43/2841043_image2_1.jpg,2841052,https://www.data.go.kr/data/15101578/openapi.do,cpyrhtDivCd,Type3,linked_source_keys_to_contentid_cpyrhtdivcd,auto_linkable,high,KorService2:2841052→raw cpyrhtDivCd=Type3. 권리 유형 확인됨 — 상업·수정·출처 조건은 20A-2 정책 참조.
busan-K-00485,kto,http://tong.visitkorea.or.kr/cms/resource/58/2841058_image2_1.jpg,2841064,https://www.data.go.kr/data/15101578/openapi.do,cpyrhtDivCd,Type3,linked_source_keys_to_contentid_cpyrhtdivcd,auto_linkable,high,KorService2:2841064→raw cpyrhtDivCd=Type3. 권리 유형 확인됨 — 상업·수정·출처 조건은 20A-2 정책 참조.
busan-K-00486,kto,http://tong.visitkorea.or.kr/cms/resource/98/2841398_image2_1.jpg,2841417,https://www.data.go.kr/data/15101578/openapi.do,cpyrhtDivCd,Type3,linked_source_keys_to_contentid_cpyrhtdivcd,auto_linkable,high,KorService2:2841417→raw cpyrhtDivCd=Type3. 권리 유형 확인됨 — 상업·수정·출처 조건은 20A-2 정책 참조.
busan-K-00488,kto,http://tong.visitkorea.or.kr/cms/resource/76/2841476_image2_1.jpg,2841481,https://www.data.go.kr/data/15101578/openapi.do,cpyrhtDivCd,Type3,linked_source_keys_to_contentid_cpyrhtdivcd,auto_linkable,high,KorService2:2841481→raw cpyrhtDivCd=Type3. 권리 유형 확인됨 — 상업·수정·출처 조건은 20A-2 정책 참조.
busan-K-00489,kto,http://tong.visitkorea.or.kr/cms/resource/93/2841493_image2_1.jpg,2841499,https://www.data.go.kr/data/15101578/openapi.do,cpyrhtDivCd,Type3,linked_source_keys_to_contentid_cpyrhtdivcd,auto_linkable,high,KorService2:2841499→raw cpyrhtDivCd=Type3. 권리 유형 확인됨 — 상업·수정·출처 조건은 20A-2 정책 참조.
busan-K-00490,kto,http://tong.visitkorea.or.kr/cms/resource/09/2841509_image2_1.jpg,2841524,https://www.data.go.kr/data/15101578/openapi.do,cpyrhtDivCd,Type3,linked_source_keys_to_contentid_cpyrhtdivcd,auto_linkable,high,KorService2:2841524→raw cpyrhtDivCd=Type3. 권리 유형 확인됨 — 상업·수정·출처 조건은 20A-2 정책 참조.
busan-K-00491,kto,http://tong.visitkorea.or.kr/cms/resource/55/2844255_image2_1.jpg,2844259,https://www.data.go.kr/data/15101578/openapi.do,cpyrhtDivCd,Type3,linked_source_keys_to_contentid_cpyrhtdivcd,auto_linkable,high,KorService2:2844259→raw cpyrhtDivCd=Type3. 권리 유형 확인됨 — 상업·수정·출처 조건은 20A-2 정책 참조.
busan-K-00492,kto,http://tong.visitkorea.or.kr/cms/resource/32/2844632_image2_1.jpg,2844638,https://www.data.go.kr/data/15101578/openapi.do,cpyrhtDivCd,Type3,linked_source_keys_to_contentid_cpyrhtdivcd,auto_linkable,high,KorService2:2844638→raw cpyrhtDivCd=Type3. 권리 유형 확인됨 — 상업·수정·출처 조건은 20A-2 정책 참조.
busan-K-00493,kto,http://tong.visitkorea.or.kr/cms/resource/41/2844641_image2_1.jpg,2844643,https://www.data.go.kr/data/15101578/openapi.do,cpyrhtDivCd,Type3,linked_source_keys_to_contentid_cpyrhtdivcd,auto_linkable,high,KorService2:2844643→raw cpyrhtDivCd=Type3. 권리 유형 확인됨 — 상업·수정·출처 조건은 20A-2 정책 참조.
busan-K-00494,kto,http://tong.visitkorea.or.kr/cms/resource/74/2844674_image2_1.jpg,2844677,https://www.data.go.kr/data/15101578/openapi.do,cpyrhtDivCd,Type3,linked_source_keys_to_contentid_cpyrhtdivcd,auto_linkable,high,KorService2:2844677→raw cpyrhtDivCd=Type3. 권리 유형 확인됨 — 상업·수정·출처 조건은 20A-2 정책 참조.
busan-K-00495,kto,http://tong.visitkorea.or.kr/cms/resource/84/2844684_image2_1.jpg,2844687,https://www.data.go.kr/data/15101578/openapi.do,cpyrhtDivCd,Type3,linked_source_keys_to_contentid_cpyrhtdivcd,auto_linkable,high,KorService2:2844687→raw cpyrhtDivCd=Type3. 권리 유형 확인됨 — 상업·수정·출처 조건은 20A-2 정책 참조.
busan-K-00496,kto,http://tong.visitkorea.or.kr/cms/resource/96/2844696_image2_1.jpg,2844698,https://www.data.go.kr/data/15101578/openapi.do,cpyrhtDivCd,Type3,linked_source_keys_to_contentid_cpyrhtdivcd,auto_linkable,high,KorService2:2844698→raw cpyrhtDivCd=Type3. 권리 유형 확인됨 — 상업·수정·출처 조건은 20A-2 정책 참조.
busan-K-00497,kto,http://tong.visitkorea.or.kr/cms/resource/32/2844732_image2_1.jpg,2844738,https://www.data.go.kr/data/15101578/openapi.do,cpyrhtDivCd,Type3,linked_source_keys_to_contentid_cpyrhtdivcd,auto_linkable,high,KorService2:2844738→raw cpyrhtDivCd=Type3. 권리 유형 확인됨 — 상업·수정·출처 조건은 20A-2 정책 참조.
busan-K-00499,kto,http://tong.visitkorea.or.kr/cms/resource/05/2845005_image2_1.jpg,2845011,https://www.data.go.kr/data/15101578/openapi.do,cpyrhtDivCd,Type3,linked_source_keys_to_contentid_cpyrhtdivcd,auto_linkable,high,KorService2:2845011→raw cpyrhtDivCd=Type3. 권리 유형 확인됨 — 상업·수정·출처 조건은 20A-2 정책 참조.
busan-K-00500,kto,http://tong.visitkorea.or.kr/cms/resource/18/2845018_image2_1.jpg,2845027,https://www.data.go.kr/data/15101578/openapi.do,cpyrhtDivCd,Type3,linked_source_keys_to_contentid_cpyrhtdivcd,auto_linkable,high,KorService2:2845027→raw cpyrhtDivCd=Type3. 권리 유형 확인됨 — 상업·수정·출처 조건은 20A-2 정책 참조.
busan-K-00501,kto,http://tong.visitkorea.or.kr/cms/resource/33/2845033_image2_1.jpg,2845041,https://www.data.go.kr/data/15101578/openapi.do,cpyrhtDivCd,Type3,linked_source_keys_to_contentid_cpyrhtdivcd,auto_linkable,high,KorService2:2845041→raw cpyrhtDivCd=Type3. 권리 유형 확인됨 — 상업·수정·출처 조건은 20A-2 정책 참조.
busan-K-00502,kto,http://tong.visitkorea.or.kr/cms/resource/60/2845060_image2_1.jpg,2845069,https://www.data.go.kr/data/15101578/openapi.do,cpyrhtDivCd,Type3,linked_source_keys_to_contentid_cpyrhtdivcd,auto_linkable,high,KorService2:2845069→raw cpyrhtDivCd=Type3. 권리 유형 확인됨 — 상업·수정·출처 조건은 20A-2 정책 참조.
busan-K-00503,kto,http://tong.visitkorea.or.kr/cms/resource/78/2845078_image2_1.jpg,2845094,https://www.data.go.kr/data/15101578/openapi.do,cpyrhtDivCd,Type3,linked_source_keys_to_contentid_cpyrhtdivcd,auto_linkable,high,KorService2:2845094→raw cpyrhtDivCd=Type3. 권리 유형 확인됨 — 상업·수정·출처 조건은 20A-2 정책 참조.
busan-K-00504,kto,http://tong.visitkorea.or.kr/cms/resource/06/2845106_image2_1.jpg,2845123,https://www.data.go.kr/data/15101578/openapi.do,cpyrhtDivCd,Type3,linked_source_keys_to_contentid_cpyrhtdivcd,auto_linkable,high,KorService2:2845123→raw cpyrhtDivCd=Type3. 권리 유형 확인됨 — 상업·수정·출처 조건은 20A-2 정책 참조.
busan-K-00506,kto,http://tong.visitkorea.or.kr/cms/resource/70/2847870_image2_1.jpg,2847877,https://www.data.go.kr/data/15101578/openapi.do,cpyrhtDivCd,Type3,linked_source_keys_to_contentid_cpyrhtdivcd,auto_linkable,high,KorService2:2847877→raw cpyrhtDivCd=Type3. 권리 유형 확인됨 — 상업·수정·출처 조건은 20A-2 정책 참조.
busan-K-00507,kto,http://tong.visitkorea.or.kr/cms/resource/82/2847882_image2_1.jpg,2847893,https://www.data.go.kr/data/15101578/openapi.do,cpyrhtDivCd,Type3,linked_source_keys_to_contentid_cpyrhtdivcd,auto_linkable,high,KorService2:2847893→raw cpyrhtDivCd=Type3. 권리 유형 확인됨 — 상업·수정·출처 조건은 20A-2 정책 참조.
busan-K-00508,kto,http://tong.visitkorea.or.kr/cms/resource/99/2847899_image2_1.jpg,2847910,https://www.data.go.kr/data/15101578/openapi.do,cpyrhtDivCd,Type3,linked_source_keys_to_contentid_cpyrhtdivcd,auto_linkable,high,KorService2:2847910→raw cpyrhtDivCd=Type3. 권리 유형 확인됨 — 상업·수정·출처 조건은 20A-2 정책 참조.
busan-K-00510,kto,http://tong.visitkorea.or.kr/cms/resource/20/2848820_image2_1.jpg,2848924,https://www.data.go.kr/data/15101578/openapi.do,cpyrhtDivCd,Type3,linked_source_keys_to_contentid_cpyrhtdivcd,auto_linkable,high,KorService2:2848924→raw cpyrhtDivCd=Type3. 권리 유형 확인됨 — 상업·수정·출처 조건은 20A-2 정책 참조.
busan-K-00511,kto,http://tong.visitkorea.or.kr/cms/resource/93/2848793_image2_1.jpg,2848930,https://www.data.go.kr/data/15101578/openapi.do,cpyrhtDivCd,Type3,linked_source_keys_to_contentid_cpyrhtdivcd,auto_linkable,high,KorService2:2848930→raw cpyrhtDivCd=Type3. 권리 유형 확인됨 — 상업·수정·출처 조건은 20A-2 정책 참조.
busan-K-00512,kto,http://tong.visitkorea.or.kr/cms/resource/59/2848759_image2_1.jpg,2848939,https://www.data.go.kr/data/15101578/openapi.do,cpyrhtDivCd,Type3,linked_source_keys_to_contentid_cpyrhtdivcd,auto_linkable,high,KorService2:2848939→raw cpyrhtDivCd=Type3. 권리 유형 확인됨 — 상업·수정·출처 조건은 20A-2 정책 참조.
busan-K-00513,kto,http://tong.visitkorea.or.kr/cms/resource/92/2848692_image2_1.jpg,2848949,https://www.data.go.kr/data/15101578/openapi.do,cpyrhtDivCd,Type3,linked_source_keys_to_contentid_cpyrhtdivcd,auto_linkable,high,KorService2:2848949→raw cpyrhtDivCd=Type3. 권리 유형 확인됨 — 상업·수정·출처 조건은 20A-2 정책 참조.
busan-K-00514,kto,http://tong.visitkorea.or.kr/cms/resource/63/2848663_image2_1.jpg,2848952,https://www.data.go.kr/data/15101578/openapi.do,cpyrhtDivCd,Type3,linked_source_keys_to_contentid_cpyrhtdivcd,auto_linkable,high,KorService2:2848952→raw cpyrhtDivCd=Type3. 권리 유형 확인됨 — 상업·수정·출처 조건은 20A-2 정책 참조.
busan-K-00515,kto,http://tong.visitkorea.or.kr/cms/resource/74/2852174_image2_1.jpg,2852185,https://www.data.go.kr/data/15101578/openapi.do,cpyrhtDivCd,Type3,linked_source_keys_to_contentid_cpyrhtdivcd,auto_linkable,high,KorService2:2852185→raw cpyrhtDivCd=Type3. 권리 유형 확인됨 — 상업·수정·출처 조건은 20A-2 정책 참조.
busan-K-00516,kto,http://tong.visitkorea.or.kr/cms/resource/93/3072393_image2_1.jpg,2852200,https://www.data.go.kr/data/15101578/openapi.do,cpyrhtDivCd,Type3,linked_source_keys_to_contentid_cpyrhtdivcd,auto_linkable,high,KorService2:2852200→raw cpyrhtDivCd=Type3. 권리 유형 확인됨 — 상업·수정·출처 조건은 20A-2 정책 참조.
busan-K-00517,kto,http://tong.visitkorea.or.kr/cms/resource/30/2852230_image2_1.jpg,2852238,https://www.data.go.kr/data/15101578/openapi.do,cpyrhtDivCd,Type3,linked_source_keys_to_contentid_cpyrhtdivcd,auto_linkable,high,KorService2:2852238→raw cpyrhtDivCd=Type3. 권리 유형 확인됨 — 상업·수정·출처 조건은 20A-2 정책 참조.
busan-K-00518,kto,http://tong.visitkorea.or.kr/cms/resource/42/2852242_image2_1.jpg,2852250,https://www.data.go.kr/data/15101578/openapi.do,cpyrhtDivCd,Type3,linked_source_keys_to_contentid_cpyrhtdivcd,auto_linkable,high,KorService2:2852250→raw cpyrhtDivCd=Type3. 권리 유형 확인됨 — 상업·수정·출처 조건은 20A-2 정책 참조.
busan-K-00519,kto,http://tong.visitkorea.or.kr/cms/resource/56/2852256_image2_1.jpg,2852263,https://www.data.go.kr/data/15101578/openapi.do,cpyrhtDivCd,Type3,linked_source_keys_to_contentid_cpyrhtdivcd,auto_linkable,high,KorService2:2852263→raw cpyrhtDivCd=Type3. 권리 유형 확인됨 — 상업·수정·출처 조건은 20A-2 정책 참조.
busan-K-00520,kto,http://tong.visitkorea.or.kr/cms/resource/69/2852269_image2_1.jpg,2852277,https://www.data.go.kr/data/15101578/openapi.do,cpyrhtDivCd,Type3,linked_source_keys_to_contentid_cpyrhtdivcd,auto_linkable,high,KorService2:2852277→raw cpyrhtDivCd=Type3. 권리 유형 확인됨 — 상업·수정·출처 조건은 20A-2 정책 참조.
busan-K-00521,kto,http://tong.visitkorea.or.kr/cms/resource/85/2852285_image2_1.jpg,2852289,https://www.data.go.kr/data/15101578/openapi.do,cpyrhtDivCd,Type3,linked_source_keys_to_contentid_cpyrhtdivcd,auto_linkable,high,KorService2:2852289→raw cpyrhtDivCd=Type3. 권리 유형 확인됨 — 상업·수정·출처 조건은 20A-2 정책 참조.
busan-K-00522,kto,http://tong.visitkorea.or.kr/cms/resource/97/2852297_image2_1.jpg,2852301,https://www.data.go.kr/data/15101578/openapi.do,cpyrhtDivCd,Type3,linked_source_keys_to_contentid_cpyrhtdivcd,auto_linkable,high,KorService2:2852301→raw cpyrhtDivCd=Type3. 권리 유형 확인됨 — 상업·수정·출처 조건은 20A-2 정책 참조.
busan-K-00523,kto,http://tong.visitkorea.or.kr/cms/resource/08/2852308_image2_1.jpg,2852312,https://www.data.go.kr/data/15101578/openapi.do,cpyrhtDivCd,Type3,linked_source_keys_to_contentid_cpyrhtdivcd,auto_linkable,high,KorService2:2852312→raw cpyrhtDivCd=Type3. 권리 유형 확인됨 — 상업·수정·출처 조건은 20A-2 정책 참조.
busan-K-00524,kto,http://tong.visitkorea.or.kr/cms/resource/00/2852400_image2_1.jpg,2852402,https://www.data.go.kr/data/15101578/openapi.do,cpyrhtDivCd,Type3,linked_source_keys_to_contentid_cpyrhtdivcd,auto_linkable,high,KorService2:2852402→raw cpyrhtDivCd=Type3. 권리 유형 확인됨 — 상업·수정·출처 조건은 20A-2 정책 참조.
busan-K-00525,kto,http://tong.visitkorea.or.kr/cms/resource/06/2852406_image2_1.jpg,2852408,https://www.data.go.kr/data/15101578/openapi.do,cpyrhtDivCd,Type3,linked_source_keys_to_contentid_cpyrhtdivcd,auto_linkable,high,KorService2:2852408→raw cpyrhtDivCd=Type3. 권리 유형 확인됨 — 상업·수정·출처 조건은 20A-2 정책 참조.
busan-K-00527,kto,http://tong.visitkorea.or.kr/cms/resource/93/2852593_image2_1.jpg,2852602,https://www.data.go.kr/data/15101578/openapi.do,cpyrhtDivCd,Type3,linked_source_keys_to_contentid_cpyrhtdivcd,auto_linkable,high,KorService2:2852602→raw cpyrhtDivCd=Type3. 권리 유형 확인됨 — 상업·수정·출처 조건은 20A-2 정책 참조.
busan-K-00528,kto,http://tong.visitkorea.or.kr/cms/resource/13/2852613_image2_1.jpg,2852620,https://www.data.go.kr/data/15101578/openapi.do,cpyrhtDivCd,Type3,linked_source_keys_to_contentid_cpyrhtdivcd,auto_linkable,high,KorService2:2852620→raw cpyrhtDivCd=Type3. 권리 유형 확인됨 — 상업·수정·출처 조건은 20A-2 정책 참조.
busan-K-00530,kto,http://tong.visitkorea.or.kr/cms/resource/89/2852689_image2_1.jpg,2852696,https://www.data.go.kr/data/15101578/openapi.do,cpyrhtDivCd,Type3,linked_source_keys_to_contentid_cpyrhtdivcd,auto_linkable,high,KorService2:2852696→raw cpyrhtDivCd=Type3. 권리 유형 확인됨 — 상업·수정·출처 조건은 20A-2 정책 참조.
busan-K-00531,kto,http://tong.visitkorea.or.kr/cms/resource/02/2853002_image2_1.jpg,2853012,https://www.data.go.kr/data/15101578/openapi.do,cpyrhtDivCd,Type3,linked_source_keys_to_contentid_cpyrhtdivcd,auto_linkable,high,KorService2:2853012→raw cpyrhtDivCd=Type3. 권리 유형 확인됨 — 상업·수정·출처 조건은 20A-2 정책 참조.
busan-K-00532,kto,http://tong.visitkorea.or.kr/cms/resource/21/2853021_image2_1.jpg,2853031,https://www.data.go.kr/data/15101578/openapi.do,cpyrhtDivCd,Type3,linked_source_keys_to_contentid_cpyrhtdivcd,auto_linkable,high,KorService2:2853031→raw cpyrhtDivCd=Type3. 권리 유형 확인됨 — 상업·수정·출처 조건은 20A-2 정책 참조.
busan-K-00533,kto,http://tong.visitkorea.or.kr/cms/resource/42/2853042_image2_1.jpg,2853060,https://www.data.go.kr/data/15101578/openapi.do,cpyrhtDivCd,Type3,linked_source_keys_to_contentid_cpyrhtdivcd,auto_linkable,high,KorService2:2853060→raw cpyrhtDivCd=Type3. 권리 유형 확인됨 — 상업·수정·출처 조건은 20A-2 정책 참조.
busan-K-00534,kto,http://tong.visitkorea.or.kr/cms/resource/67/2853067_image2_1.jpg,2853079,https://www.data.go.kr/data/15101578/openapi.do,cpyrhtDivCd,Type3,linked_source_keys_to_contentid_cpyrhtdivcd,auto_linkable,high,KorService2:2853079→raw cpyrhtDivCd=Type3. 권리 유형 확인됨 — 상업·수정·출처 조건은 20A-2 정책 참조.
busan-K-00535,kto,http://tong.visitkorea.or.kr/cms/resource/78/2853078_image2_1.jpg,2853081,https://www.data.go.kr/data/15101578/openapi.do,cpyrhtDivCd,Type3,linked_source_keys_to_contentid_cpyrhtdivcd,auto_linkable,high,KorService2:2853081→raw cpyrhtDivCd=Type3. 권리 유형 확인됨 — 상업·수정·출처 조건은 20A-2 정책 참조.
busan-K-00536,kto,http://tong.visitkorea.or.kr/cms/resource/21/2853121_image2_1.jpg,2853131,https://www.data.go.kr/data/15101578/openapi.do,cpyrhtDivCd,Type3,linked_source_keys_to_contentid_cpyrhtdivcd,auto_linkable,high,KorService2:2853131→raw cpyrhtDivCd=Type3. 권리 유형 확인됨 — 상업·수정·출처 조건은 20A-2 정책 참조.
busan-K-00539,kto,http://tong.visitkorea.or.kr/cms/resource/52/2853152_image2_1.jpg,2853163,https://www.data.go.kr/data/15101578/openapi.do,cpyrhtDivCd,Type3,linked_source_keys_to_contentid_cpyrhtdivcd,auto_linkable,high,KorService2:2853163→raw cpyrhtDivCd=Type3. 권리 유형 확인됨 — 상업·수정·출처 조건은 20A-2 정책 참조.
busan-K-00540,kto,http://tong.visitkorea.or.kr/cms/resource/73/2853173_image2_1.jpg,2853185,https://www.data.go.kr/data/15101578/openapi.do,cpyrhtDivCd,Type3,linked_source_keys_to_contentid_cpyrhtdivcd,auto_linkable,high,KorService2:2853185→raw cpyrhtDivCd=Type3. 권리 유형 확인됨 — 상업·수정·출처 조건은 20A-2 정책 참조.
busan-K-00541,kto,http://tong.visitkorea.or.kr/cms/resource/27/2853227_image2_1.jpg,2853231,https://www.data.go.kr/data/15101578/openapi.do,cpyrhtDivCd,Type3,linked_source_keys_to_contentid_cpyrhtdivcd,auto_linkable,high,KorService2:2853231→raw cpyrhtDivCd=Type3. 권리 유형 확인됨 — 상업·수정·출처 조건은 20A-2 정책 참조.
busan-K-00542,kto,http://tong.visitkorea.or.kr/cms/resource/41/2853241_image2_1.jpg,2853243,https://www.data.go.kr/data/15101578/openapi.do,cpyrhtDivCd,Type3,linked_source_keys_to_contentid_cpyrhtdivcd,auto_linkable,high,KorService2:2853243→raw cpyrhtDivCd=Type3. 권리 유형 확인됨 — 상업·수정·출처 조건은 20A-2 정책 참조.
busan-K-00543,none,,,,,,,no_image,n/a,이미지 URL 없음
busan-K-00544,kto,http://tong.visitkorea.or.kr/cms/resource/84/3587884_image2_1.jpg,2855623,https://www.data.go.kr/data/15101578/openapi.do,cpyrhtDivCd,Type3,linked_source_keys_to_contentid_cpyrhtdivcd,auto_linkable,high,KorService2:2855623→raw cpyrhtDivCd=Type3. 권리 유형 확인됨 — 상업·수정·출처 조건은 20A-2 정책 참조.
busan-K-00545,kto,http://tong.visitkorea.or.kr/cms/resource/45/2781045_image2_1.jpg,2855624,https://www.data.go.kr/data/15101578/openapi.do,cpyrhtDivCd,Type3,linked_source_keys_to_contentid_cpyrhtdivcd,auto_linkable,high,KorService2:2855624→raw cpyrhtDivCd=Type3. 권리 유형 확인됨 — 상업·수정·출처 조건은 20A-2 정책 참조.
busan-K-00546,kto,http://tong.visitkorea.or.kr/cms/resource/53/3536453_image2_1.jpg,2856938,https://www.data.go.kr/data/15101578/openapi.do,cpyrhtDivCd,Type3,linked_source_keys_to_contentid_cpyrhtdivcd,auto_linkable,high,KorService2:2856938→raw cpyrhtDivCd=Type3. 권리 유형 확인됨 — 상업·수정·출처 조건은 20A-2 정책 참조.
busan-K-00547,kto,http://tong.visitkorea.or.kr/cms/resource/34/2858934_image2_1.jpg,2858936,https://www.data.go.kr/data/15101578/openapi.do,cpyrhtDivCd,Type3,linked_source_keys_to_contentid_cpyrhtdivcd,auto_linkable,high,KorService2:2858936→raw cpyrhtDivCd=Type3. 권리 유형 확인됨 — 상업·수정·출처 조건은 20A-2 정책 참조.
busan-K-00548,kto,http://tong.visitkorea.or.kr/cms/resource/44/2858944_image2_1.jpg,2858955,https://www.data.go.kr/data/15101578/openapi.do,cpyrhtDivCd,Type3,linked_source_keys_to_contentid_cpyrhtdivcd,auto_linkable,high,KorService2:2858955→raw cpyrhtDivCd=Type3. 권리 유형 확인됨 — 상업·수정·출처 조건은 20A-2 정책 참조.
busan-K-00550,kto,http://tong.visitkorea.or.kr/cms/resource/70/2859070_image2_1.jpg,2859073,https://www.data.go.kr/data/15101578/openapi.do,cpyrhtDivCd,Type3,linked_source_keys_to_contentid_cpyrhtdivcd,auto_linkable,high,KorService2:2859073→raw cpyrhtDivCd=Type3. 권리 유형 확인됨 — 상업·수정·출처 조건은 20A-2 정책 참조.
busan-K-00552,kto,http://tong.visitkorea.or.kr/cms/resource/00/2859100_image2_1.jpg,2859132,https://www.data.go.kr/data/15101578/openapi.do,cpyrhtDivCd,Type3,linked_source_keys_to_contentid_cpyrhtdivcd,auto_linkable,high,KorService2:2859132→raw cpyrhtDivCd=Type3. 권리 유형 확인됨 — 상업·수정·출처 조건은 20A-2 정책 참조.
busan-K-00553,kto,http://tong.visitkorea.or.kr/cms/resource/85/2859185_image2_1.jpg,2859188,https://www.data.go.kr/data/15101578/openapi.do,cpyrhtDivCd,Type3,linked_source_keys_to_contentid_cpyrhtdivcd,auto_linkable,high,KorService2:2859188→raw cpyrhtDivCd=Type3. 권리 유형 확인됨 — 상업·수정·출처 조건은 20A-2 정책 참조.
busan-K-00554,kto,http://tong.visitkorea.or.kr/cms/resource/43/2860743_image2_1.jpg,2860755,https://www.data.go.kr/data/15101578/openapi.do,cpyrhtDivCd,Type3,linked_source_keys_to_contentid_cpyrhtdivcd,auto_linkable,high,KorService2:2860755→raw cpyrhtDivCd=Type3. 권리 유형 확인됨 — 상업·수정·출처 조건은 20A-2 정책 참조.
busan-K-00555,kto,http://tong.visitkorea.or.kr/cms/resource/67/2860767_image2_1.jpg,2860782,https://www.data.go.kr/data/15101578/openapi.do,cpyrhtDivCd,Type3,linked_source_keys_to_contentid_cpyrhtdivcd,auto_linkable,high,KorService2:2860782→raw cpyrhtDivCd=Type3. 권리 유형 확인됨 — 상업·수정·출처 조건은 20A-2 정책 참조.
busan-K-00556,kto,http://tong.visitkorea.or.kr/cms/resource/16/2860816_image2_1.jpg,2860819,https://www.data.go.kr/data/15101578/openapi.do,cpyrhtDivCd,Type3,linked_source_keys_to_contentid_cpyrhtdivcd,auto_linkable,high,KorService2:2860819→raw cpyrhtDivCd=Type3. 권리 유형 확인됨 — 상업·수정·출처 조건은 20A-2 정책 참조.
busan-K-00557,kto,http://tong.visitkorea.or.kr/cms/resource/22/2860822_image2_1.jpg,2860823,https://www.data.go.kr/data/15101578/openapi.do,cpyrhtDivCd,Type3,linked_source_keys_to_contentid_cpyrhtdivcd,auto_linkable,high,KorService2:2860823→raw cpyrhtDivCd=Type3. 권리 유형 확인됨 — 상업·수정·출처 조건은 20A-2 정책 참조.
busan-K-00558,kto,http://tong.visitkorea.or.kr/cms/resource/26/2860826_image2_1.jpg,2860829,https://www.data.go.kr/data/15101578/openapi.do,cpyrhtDivCd,Type3,linked_source_keys_to_contentid_cpyrhtdivcd,auto_linkable,high,KorService2:2860829→raw cpyrhtDivCd=Type3. 권리 유형 확인됨 — 상업·수정·출처 조건은 20A-2 정책 참조.
busan-K-00559,kto,http://tong.visitkorea.or.kr/cms/resource/31/2860831_image2_1.jpg,2860833,https://www.data.go.kr/data/15101578/openapi.do,cpyrhtDivCd,Type3,linked_source_keys_to_contentid_cpyrhtdivcd,auto_linkable,high,KorService2:2860833→raw cpyrhtDivCd=Type3. 권리 유형 확인됨 — 상업·수정·출처 조건은 20A-2 정책 참조.
busan-K-00560,kto,http://tong.visitkorea.or.kr/cms/resource/37/2860837_image2_1.jpg,2860839,https://www.data.go.kr/data/15101578/openapi.do,cpyrhtDivCd,Type3,linked_source_keys_to_contentid_cpyrhtdivcd,auto_linkable,high,KorService2:2860839→raw cpyrhtDivCd=Type3. 권리 유형 확인됨 — 상업·수정·출처 조건은 20A-2 정책 참조.
busan-K-00561,kto,http://tong.visitkorea.or.kr/cms/resource/50/2860850_image2_1.jpg,2860851,https://www.data.go.kr/data/15101578/openapi.do,cpyrhtDivCd,Type3,linked_source_keys_to_contentid_cpyrhtdivcd,auto_linkable,high,KorService2:2860851→raw cpyrhtDivCd=Type3. 권리 유형 확인됨 — 상업·수정·출처 조건은 20A-2 정책 참조.
busan-K-00562,kto,http://tong.visitkorea.or.kr/cms/resource/29/3553829_image2_1.JPG,2860868,https://www.data.go.kr/data/15101578/openapi.do,cpyrhtDivCd,Type3,linked_source_keys_to_contentid_cpyrhtdivcd,auto_linkable,high,KorService2:2860868→raw cpyrhtDivCd=Type3. 권리 유형 확인됨 — 상업·수정·출처 조건은 20A-2 정책 참조.
busan-K-00564,kto,http://tong.visitkorea.or.kr/cms/resource/90/2861290_image2_1.jpg,2861291,https://www.data.go.kr/data/15101578/openapi.do,cpyrhtDivCd,Type3,linked_source_keys_to_contentid_cpyrhtdivcd,auto_linkable,high,KorService2:2861291→raw cpyrhtDivCd=Type3. 권리 유형 확인됨 — 상업·수정·출처 조건은 20A-2 정책 참조.
busan-K-00565,none,,,,,,,no_image,n/a,이미지 URL 없음
busan-K-00566,none,,,,,,,no_image,n/a,이미지 URL 없음
busan-K-00567,kto,http://tong.visitkorea.or.kr/cms/resource/31/2865231_image2_1.jpg,2865236,https://www.data.go.kr/data/15101578/openapi.do,cpyrhtDivCd,Type3,linked_source_keys_to_contentid_cpyrhtdivcd,auto_linkable,high,KorService2:2865236→raw cpyrhtDivCd=Type3. 권리 유형 확인됨 — 상업·수정·출처 조건은 20A-2 정책 참조.
busan-K-00568,kto,http://tong.visitkorea.or.kr/cms/resource/71/2865371_image2_1.jpg,2865384,https://www.data.go.kr/data/15101578/openapi.do,cpyrhtDivCd,Type3,linked_source_keys_to_contentid_cpyrhtdivcd,auto_linkable,high,KorService2:2865384→raw cpyrhtDivCd=Type3. 권리 유형 확인됨 — 상업·수정·출처 조건은 20A-2 정책 참조.
busan-K-00569,kto,http://tong.visitkorea.or.kr/cms/resource/88/2865388_image2_1.jpg,2865403,https://www.data.go.kr/data/15101578/openapi.do,cpyrhtDivCd,Type3,linked_source_keys_to_contentid_cpyrhtdivcd,auto_linkable,high,KorService2:2865403→raw cpyrhtDivCd=Type3. 권리 유형 확인됨 — 상업·수정·출처 조건은 20A-2 정책 참조.
busan-K-00570,kto,http://tong.visitkorea.or.kr/cms/resource/17/2865417_image2_1.jpg,2865435,https://www.data.go.kr/data/15101578/openapi.do,cpyrhtDivCd,Type3,linked_source_keys_to_contentid_cpyrhtdivcd,auto_linkable,high,KorService2:2865435→raw cpyrhtDivCd=Type3. 권리 유형 확인됨 — 상업·수정·출처 조건은 20A-2 정책 참조.
busan-K-00571,kto,http://tong.visitkorea.or.kr/cms/resource/16/2865916_image2_1.jpg,2865941,https://www.data.go.kr/data/15101578/openapi.do,cpyrhtDivCd,Type3,linked_source_keys_to_contentid_cpyrhtdivcd,auto_linkable,high,KorService2:2865941→raw cpyrhtDivCd=Type3. 권리 유형 확인됨 — 상업·수정·출처 조건은 20A-2 정책 참조.
busan-K-00572,kto,http://tong.visitkorea.or.kr/cms/resource/50/2865950_image2_1.jpg,2865975,https://www.data.go.kr/data/15101578/openapi.do,cpyrhtDivCd,Type3,linked_source_keys_to_contentid_cpyrhtdivcd,auto_linkable,high,KorService2:2865975→raw cpyrhtDivCd=Type3. 권리 유형 확인됨 — 상업·수정·출처 조건은 20A-2 정책 참조.
busan-K-00573,kto,http://tong.visitkorea.or.kr/cms/resource/60/2867160_image2_1.JPG,2867167,https://www.data.go.kr/data/15101578/openapi.do,cpyrhtDivCd,Type3,linked_source_keys_to_contentid_cpyrhtdivcd,auto_linkable,high,KorService2:2867167→raw cpyrhtDivCd=Type3. 권리 유형 확인됨 — 상업·수정·출처 조건은 20A-2 정책 참조.
busan-K-00574,kto,http://tong.visitkorea.or.kr/cms/resource/07/2867207_image2_1.JPG,2867215,https://www.data.go.kr/data/15101578/openapi.do,cpyrhtDivCd,Type3,linked_source_keys_to_contentid_cpyrhtdivcd,auto_linkable,high,KorService2:2867215→raw cpyrhtDivCd=Type3. 권리 유형 확인됨 — 상업·수정·출처 조건은 20A-2 정책 참조.
busan-K-00575,kto,http://tong.visitkorea.or.kr/cms/resource/11/2867511_image2_1.JPG,2867517,https://www.data.go.kr/data/15101578/openapi.do,cpyrhtDivCd,Type3,linked_source_keys_to_contentid_cpyrhtdivcd,auto_linkable,high,KorService2:2867517→raw cpyrhtDivCd=Type3. 권리 유형 확인됨 — 상업·수정·출처 조건은 20A-2 정책 참조.
busan-K-00576,kto,http://tong.visitkorea.or.kr/cms/resource/24/2867524_image2_1.JPG,2867542,https://www.data.go.kr/data/15101578/openapi.do,cpyrhtDivCd,Type3,linked_source_keys_to_contentid_cpyrhtdivcd,auto_linkable,high,KorService2:2867542→raw cpyrhtDivCd=Type3. 권리 유형 확인됨 — 상업·수정·출처 조건은 20A-2 정책 참조.
busan-K-00577,kto,http://tong.visitkorea.or.kr/cms/resource/90/2867590_image2_1.JPG,2867598,https://www.data.go.kr/data/15101578/openapi.do,cpyrhtDivCd,Type3,linked_source_keys_to_contentid_cpyrhtdivcd,auto_linkable,high,KorService2:2867598→raw cpyrhtDivCd=Type3. 권리 유형 확인됨 — 상업·수정·출처 조건은 20A-2 정책 참조.
busan-K-00578,kto,http://tong.visitkorea.or.kr/cms/resource/07/2867607_image2_1.JPG,2867626,https://www.data.go.kr/data/15101578/openapi.do,cpyrhtDivCd,Type3,linked_source_keys_to_contentid_cpyrhtdivcd,auto_linkable,high,KorService2:2867626→raw cpyrhtDivCd=Type3. 권리 유형 확인됨 — 상업·수정·출처 조건은 20A-2 정책 참조.
busan-K-00581,kto,http://tong.visitkorea.or.kr/cms/resource/89/2867689_image2_1.JPG,2867692,https://www.data.go.kr/data/15101578/openapi.do,cpyrhtDivCd,Type3,linked_source_keys_to_contentid_cpyrhtdivcd,auto_linkable,high,KorService2:2867692→raw cpyrhtDivCd=Type3. 권리 유형 확인됨 — 상업·수정·출처 조건은 20A-2 정책 참조.
busan-K-00582,kto,http://tong.visitkorea.or.kr/cms/resource/02/2867702_image2_1.JPG,2867715,https://www.data.go.kr/data/15101578/openapi.do,cpyrhtDivCd,Type3,linked_source_keys_to_contentid_cpyrhtdivcd,auto_linkable,high,KorService2:2867715→raw cpyrhtDivCd=Type3. 권리 유형 확인됨 — 상업·수정·출처 조건은 20A-2 정책 참조.
busan-K-00583,kto,http://tong.visitkorea.or.kr/cms/resource/29/2867729_image2_1.JPG,2867734,https://www.data.go.kr/data/15101578/openapi.do,cpyrhtDivCd,Type3,linked_source_keys_to_contentid_cpyrhtdivcd,auto_linkable,high,KorService2:2867734→raw cpyrhtDivCd=Type3. 권리 유형 확인됨 — 상업·수정·출처 조건은 20A-2 정책 참조.
busan-K-00584,kto,http://tong.visitkorea.or.kr/cms/resource/48/2867748_image2_1.JPG,2867762,https://www.data.go.kr/data/15101578/openapi.do,cpyrhtDivCd,Type3,linked_source_keys_to_contentid_cpyrhtdivcd,auto_linkable,high,KorService2:2867762→raw cpyrhtDivCd=Type3. 권리 유형 확인됨 — 상업·수정·출처 조건은 20A-2 정책 참조.
busan-K-00585,kto,http://tong.visitkorea.or.kr/cms/resource/01/2867901_image2_1.JPG,2867903,https://www.data.go.kr/data/15101578/openapi.do,cpyrhtDivCd,Type3,linked_source_keys_to_contentid_cpyrhtdivcd,auto_linkable,high,KorService2:2867903→raw cpyrhtDivCd=Type3. 권리 유형 확인됨 — 상업·수정·출처 조건은 20A-2 정책 참조.
busan-K-00586,kto,http://tong.visitkorea.or.kr/cms/resource/14/2867914_image2_1.JPG,2867934,https://www.data.go.kr/data/15101578/openapi.do,cpyrhtDivCd,Type3,linked_source_keys_to_contentid_cpyrhtdivcd,auto_linkable,high,KorService2:2867934→raw cpyrhtDivCd=Type3. 권리 유형 확인됨 — 상업·수정·출처 조건은 20A-2 정책 참조.
busan-K-00587,kto,http://tong.visitkorea.or.kr/cms/resource/48/2868348_image2_1.jpg,2868448,https://www.data.go.kr/data/15101578/openapi.do,cpyrhtDivCd,Type3,linked_source_keys_to_contentid_cpyrhtdivcd,auto_linkable,high,KorService2:2868448→raw cpyrhtDivCd=Type3. 권리 유형 확인됨 — 상업·수정·출처 조건은 20A-2 정책 참조.
busan-K-00588,kto,http://tong.visitkorea.or.kr/cms/resource/99/2868499_image2_1.jpg,2868507,https://www.data.go.kr/data/15101578/openapi.do,cpyrhtDivCd,Type3,linked_source_keys_to_contentid_cpyrhtdivcd,auto_linkable,high,KorService2:2868507→raw cpyrhtDivCd=Type3. 권리 유형 확인됨 — 상업·수정·출처 조건은 20A-2 정책 참조.
busan-K-00590,kto,http://tong.visitkorea.or.kr/cms/resource/30/2868630_image2_1.jpg,2868655,https://www.data.go.kr/data/15101578/openapi.do,cpyrhtDivCd,Type3,linked_source_keys_to_contentid_cpyrhtdivcd,auto_linkable,high,KorService2:2868655→raw cpyrhtDivCd=Type3. 권리 유형 확인됨 — 상업·수정·출처 조건은 20A-2 정책 참조.
busan-K-00591,kto,http://tong.visitkorea.or.kr/cms/resource/71/3553771_image2_1.jpg,2868776,https://www.data.go.kr/data/15101578/openapi.do,cpyrhtDivCd,Type3,linked_source_keys_to_contentid_cpyrhtdivcd,auto_linkable,high,KorService2:2868776→raw cpyrhtDivCd=Type3. 권리 유형 확인됨 — 상업·수정·출처 조건은 20A-2 정책 참조.
busan-K-00592,kto,http://tong.visitkorea.or.kr/cms/resource/40/2868740_image2_1.jpg,2868824,https://www.data.go.kr/data/15101578/openapi.do,cpyrhtDivCd,Type3,linked_source_keys_to_contentid_cpyrhtdivcd,auto_linkable,high,KorService2:2868824→raw cpyrhtDivCd=Type3. 권리 유형 확인됨 — 상업·수정·출처 조건은 20A-2 정책 참조.
busan-K-00593,kto,http://tong.visitkorea.or.kr/cms/resource/37/2868837_image2_1.jpg,2868850,https://www.data.go.kr/data/15101578/openapi.do,cpyrhtDivCd,Type3,linked_source_keys_to_contentid_cpyrhtdivcd,auto_linkable,high,KorService2:2868850→raw cpyrhtDivCd=Type3. 권리 유형 확인됨 — 상업·수정·출처 조건은 20A-2 정책 참조.
busan-K-00594,kto,http://tong.visitkorea.or.kr/cms/resource/03/2868903_image2_1.jpg,2868912,https://www.data.go.kr/data/15101578/openapi.do,cpyrhtDivCd,Type3,linked_source_keys_to_contentid_cpyrhtdivcd,auto_linkable,high,KorService2:2868912→raw cpyrhtDivCd=Type3. 권리 유형 확인됨 — 상업·수정·출처 조건은 20A-2 정책 참조.
busan-K-00595,kto,http://tong.visitkorea.or.kr/cms/resource/37/2868937_image2_1.jpg,2868940,https://www.data.go.kr/data/15101578/openapi.do,cpyrhtDivCd,Type3,linked_source_keys_to_contentid_cpyrhtdivcd,auto_linkable,high,KorService2:2868940→raw cpyrhtDivCd=Type3. 권리 유형 확인됨 — 상업·수정·출처 조건은 20A-2 정책 참조.
busan-K-00597,kto,http://tong.visitkorea.or.kr/cms/resource/15/2869115_image2_1.jpg,2869129,https://www.data.go.kr/data/15101578/openapi.do,cpyrhtDivCd,Type3,linked_source_keys_to_contentid_cpyrhtdivcd,auto_linkable,high,KorService2:2869129→raw cpyrhtDivCd=Type3. 권리 유형 확인됨 — 상업·수정·출처 조건은 20A-2 정책 참조.
busan-K-00598,kto,http://tong.visitkorea.or.kr/cms/resource/25/2869125_image2_1.JPG,2869135,https://www.data.go.kr/data/15101578/openapi.do,cpyrhtDivCd,Type3,linked_source_keys_to_contentid_cpyrhtdivcd,auto_linkable,high,KorService2:2869135→raw cpyrhtDivCd=Type3. 권리 유형 확인됨 — 상업·수정·출처 조건은 20A-2 정책 참조.
busan-K-00599,kto,http://tong.visitkorea.or.kr/cms/resource/32/2869132_image2_1.jpg,2869158,https://www.data.go.kr/data/15101578/openapi.do,cpyrhtDivCd,Type3,linked_source_keys_to_contentid_cpyrhtdivcd,auto_linkable,high,KorService2:2869158→raw cpyrhtDivCd=Type3. 권리 유형 확인됨 — 상업·수정·출처 조건은 20A-2 정책 참조.
busan-K-00600,kto,http://tong.visitkorea.or.kr/cms/resource/44/2869144_image2_1.jpg,2869159,https://www.data.go.kr/data/15101578/openapi.do,cpyrhtDivCd,Type3,linked_source_keys_to_contentid_cpyrhtdivcd,auto_linkable,high,KorService2:2869159→raw cpyrhtDivCd=Type3. 권리 유형 확인됨 — 상업·수정·출처 조건은 20A-2 정책 참조.
busan-K-00602,kto,http://tong.visitkorea.or.kr/cms/resource/78/2869178_image2_1.jpg,2869186,https://www.data.go.kr/data/15101578/openapi.do,cpyrhtDivCd,Type3,linked_source_keys_to_contentid_cpyrhtdivcd,auto_linkable,high,KorService2:2869186→raw cpyrhtDivCd=Type3. 권리 유형 확인됨 — 상업·수정·출처 조건은 20A-2 정책 참조.
busan-K-00604,kto,http://tong.visitkorea.or.kr/cms/resource/33/2869233_image2_1.JPG,2869241,https://www.data.go.kr/data/15101578/openapi.do,cpyrhtDivCd,Type3,linked_source_keys_to_contentid_cpyrhtdivcd,auto_linkable,high,KorService2:2869241→raw cpyrhtDivCd=Type3. 권리 유형 확인됨 — 상업·수정·출처 조건은 20A-2 정책 참조.
busan-K-00605,kto,http://tong.visitkorea.or.kr/cms/resource/06/2869206_image2_1.jpg,2869249,https://www.data.go.kr/data/15101578/openapi.do,cpyrhtDivCd,Type3,linked_source_keys_to_contentid_cpyrhtdivcd,auto_linkable,high,KorService2:2869249→raw cpyrhtDivCd=Type3. 권리 유형 확인됨 — 상업·수정·출처 조건은 20A-2 정책 참조.
busan-K-00606,kto,http://tong.visitkorea.or.kr/cms/resource/57/2869257_image2_1.JPG,2869279,https://www.data.go.kr/data/15101578/openapi.do,cpyrhtDivCd,Type3,linked_source_keys_to_contentid_cpyrhtdivcd,auto_linkable,high,KorService2:2869279→raw cpyrhtDivCd=Type3. 권리 유형 확인됨 — 상업·수정·출처 조건은 20A-2 정책 참조.
busan-K-00608,kto,http://tong.visitkorea.or.kr/cms/resource/29/2869329_image2_1.JPG,2869343,https://www.data.go.kr/data/15101578/openapi.do,cpyrhtDivCd,Type3,linked_source_keys_to_contentid_cpyrhtdivcd,auto_linkable,high,KorService2:2869343→raw cpyrhtDivCd=Type3. 권리 유형 확인됨 — 상업·수정·출처 조건은 20A-2 정책 참조.
busan-K-00609,kto,http://tong.visitkorea.or.kr/cms/resource/88/2869388_image2_1.jpg,2869405,https://www.data.go.kr/data/15101578/openapi.do,cpyrhtDivCd,Type3,linked_source_keys_to_contentid_cpyrhtdivcd,auto_linkable,high,KorService2:2869405→raw cpyrhtDivCd=Type3. 권리 유형 확인됨 — 상업·수정·출처 조건은 20A-2 정책 참조.
busan-K-00610,kto,http://tong.visitkorea.or.kr/cms/resource/30/2869430_image2_1.jpg,2869439,https://www.data.go.kr/data/15101578/openapi.do,cpyrhtDivCd,Type3,linked_source_keys_to_contentid_cpyrhtdivcd,auto_linkable,high,KorService2:2869439→raw cpyrhtDivCd=Type3. 권리 유형 확인됨 — 상업·수정·출처 조건은 20A-2 정책 참조.
busan-K-00613,kto,http://tong.visitkorea.or.kr/cms/resource/56/2869556_image2_1.JPG,2869572,https://www.data.go.kr/data/15101578/openapi.do,cpyrhtDivCd,Type3,linked_source_keys_to_contentid_cpyrhtdivcd,auto_linkable,high,KorService2:2869572→raw cpyrhtDivCd=Type3. 권리 유형 확인됨 — 상업·수정·출처 조건은 20A-2 정책 참조.
busan-K-00616,kto,http://tong.visitkorea.or.kr/cms/resource/70/2869870_image2_1.jpg,2869875,https://www.data.go.kr/data/15101578/openapi.do,cpyrhtDivCd,Type3,linked_source_keys_to_contentid_cpyrhtdivcd,auto_linkable,high,KorService2:2869875→raw cpyrhtDivCd=Type3. 권리 유형 확인됨 — 상업·수정·출처 조건은 20A-2 정책 참조.
busan-K-00617,kto,http://tong.visitkorea.or.kr/cms/resource/82/2869882_image2_1.jpg,2869896,https://www.data.go.kr/data/15101578/openapi.do,cpyrhtDivCd,Type3,linked_source_keys_to_contentid_cpyrhtdivcd,auto_linkable,high,KorService2:2869896→raw cpyrhtDivCd=Type3. 권리 유형 확인됨 — 상업·수정·출처 조건은 20A-2 정책 참조.
busan-K-00619,kto,http://tong.visitkorea.or.kr/cms/resource/73/2870273_image2_1.JPG,2870277,https://www.data.go.kr/data/15101578/openapi.do,cpyrhtDivCd,Type3,linked_source_keys_to_contentid_cpyrhtdivcd,auto_linkable,high,KorService2:2870277→raw cpyrhtDivCd=Type3. 권리 유형 확인됨 — 상업·수정·출처 조건은 20A-2 정책 참조.
busan-K-00620,kto,http://tong.visitkorea.or.kr/cms/resource/26/2870326_image2_1.JPG,2870354,https://www.data.go.kr/data/15101578/openapi.do,cpyrhtDivCd,Type3,linked_source_keys_to_contentid_cpyrhtdivcd,auto_linkable,high,KorService2:2870354→raw cpyrhtDivCd=Type3. 권리 유형 확인됨 — 상업·수정·출처 조건은 20A-2 정책 참조.
busan-K-00622,kto,http://tong.visitkorea.or.kr/cms/resource/58/2870658_image2_1.jpg,2870666,https://www.data.go.kr/data/15101578/openapi.do,cpyrhtDivCd,Type3,linked_source_keys_to_contentid_cpyrhtdivcd,auto_linkable,high,KorService2:2870666→raw cpyrhtDivCd=Type3. 권리 유형 확인됨 — 상업·수정·출처 조건은 20A-2 정책 참조.
busan-K-00624,kto,http://tong.visitkorea.or.kr/cms/resource/46/2870746_image2_1.jpg,2870751,https://www.data.go.kr/data/15101578/openapi.do,cpyrhtDivCd,Type3,linked_source_keys_to_contentid_cpyrhtdivcd,auto_linkable,high,KorService2:2870751→raw cpyrhtDivCd=Type3. 권리 유형 확인됨 — 상업·수정·출처 조건은 20A-2 정책 참조.
busan-K-00625,kto,http://tong.visitkorea.or.kr/cms/resource/67/2870767_image2_1.jpg,2870780,https://www.data.go.kr/data/15101578/openapi.do,cpyrhtDivCd,Type3,linked_source_keys_to_contentid_cpyrhtdivcd,auto_linkable,high,KorService2:2870780→raw cpyrhtDivCd=Type3. 권리 유형 확인됨 — 상업·수정·출처 조건은 20A-2 정책 참조.
busan-K-00626,kto,http://tong.visitkorea.or.kr/cms/resource/92/2870792_image2_1.jpg,2870800,https://www.data.go.kr/data/15101578/openapi.do,cpyrhtDivCd,Type3,linked_source_keys_to_contentid_cpyrhtdivcd,auto_linkable,high,KorService2:2870800→raw cpyrhtDivCd=Type3. 권리 유형 확인됨 — 상업·수정·출처 조건은 20A-2 정책 참조.
busan-K-00627,kto,http://tong.visitkorea.or.kr/cms/resource/19/2870819_image2_1.jpg,2870841,https://www.data.go.kr/data/15101578/openapi.do,cpyrhtDivCd,Type3,linked_source_keys_to_contentid_cpyrhtdivcd,auto_linkable,high,KorService2:2870841→raw cpyrhtDivCd=Type3. 권리 유형 확인됨 — 상업·수정·출처 조건은 20A-2 정책 참조.
busan-K-00629,kto,http://tong.visitkorea.or.kr/cms/resource/76/2870876_image2_1.jpg,2870885,https://www.data.go.kr/data/15101578/openapi.do,cpyrhtDivCd,Type3,linked_source_keys_to_contentid_cpyrhtdivcd,auto_linkable,high,KorService2:2870885→raw cpyrhtDivCd=Type3. 권리 유형 확인됨 — 상업·수정·출처 조건은 20A-2 정책 참조.
busan-K-00630,kto,http://tong.visitkorea.or.kr/cms/resource/73/3575773_image2_1.jpg,2872199,https://www.data.go.kr/data/15101578/openapi.do,cpyrhtDivCd,Type1,linked_source_keys_to_contentid_cpyrhtdivcd,auto_linkable,high,KorService2:2872199→raw cpyrhtDivCd=Type1. 권리 유형 확인됨 — 상업·수정·출처 조건은 20A-2 정책 참조.
busan-K-00631,kto,http://tong.visitkorea.or.kr/cms/resource/57/2872257_image2_1.JPG,2872258,https://www.data.go.kr/data/15101578/openapi.do,cpyrhtDivCd,Type3,linked_source_keys_to_contentid_cpyrhtdivcd,auto_linkable,high,KorService2:2872258→raw cpyrhtDivCd=Type3. 권리 유형 확인됨 — 상업·수정·출처 조건은 20A-2 정책 참조.
busan-K-00632,kto,http://tong.visitkorea.or.kr/cms/resource/67/2872267_image2_1.JPG,2872271,https://www.data.go.kr/data/15101578/openapi.do,cpyrhtDivCd,Type3,linked_source_keys_to_contentid_cpyrhtdivcd,auto_linkable,high,KorService2:2872271→raw cpyrhtDivCd=Type3. 권리 유형 확인됨 — 상업·수정·출처 조건은 20A-2 정책 참조.
busan-K-00633,kto,http://tong.visitkorea.or.kr/cms/resource/45/2872345_image2_1.JPG,2872353,https://www.data.go.kr/data/15101578/openapi.do,cpyrhtDivCd,Type3,linked_source_keys_to_contentid_cpyrhtdivcd,auto_linkable,high,KorService2:2872353→raw cpyrhtDivCd=Type3. 권리 유형 확인됨 — 상업·수정·출처 조건은 20A-2 정책 참조.
busan-K-00634,kto,http://tong.visitkorea.or.kr/cms/resource/86/2872386_image2_1.JPG,2872395,https://www.data.go.kr/data/15101578/openapi.do,cpyrhtDivCd,Type3,linked_source_keys_to_contentid_cpyrhtdivcd,auto_linkable,high,KorService2:2872395→raw cpyrhtDivCd=Type3. 권리 유형 확인됨 — 상업·수정·출처 조건은 20A-2 정책 참조.
busan-K-00635,kto,http://tong.visitkorea.or.kr/cms/resource/10/2872410_image2_1.JPG,2872442,https://www.data.go.kr/data/15101578/openapi.do,cpyrhtDivCd,Type3,linked_source_keys_to_contentid_cpyrhtdivcd,auto_linkable,high,KorService2:2872442→raw cpyrhtDivCd=Type3. 권리 유형 확인됨 — 상업·수정·출처 조건은 20A-2 정책 참조.
busan-K-00636,kto,http://tong.visitkorea.or.kr/cms/resource/72/2872472_image2_1.JPG,2872474,https://www.data.go.kr/data/15101578/openapi.do,cpyrhtDivCd,Type3,linked_source_keys_to_contentid_cpyrhtdivcd,auto_linkable,high,KorService2:2872474→raw cpyrhtDivCd=Type3. 권리 유형 확인됨 — 상업·수정·출처 조건은 20A-2 정책 참조.
busan-K-00637,kto,http://tong.visitkorea.or.kr/cms/resource/90/2872490_image2_1.JPG,2872496,https://www.data.go.kr/data/15101578/openapi.do,cpyrhtDivCd,Type3,linked_source_keys_to_contentid_cpyrhtdivcd,auto_linkable,high,KorService2:2872496→raw cpyrhtDivCd=Type3. 권리 유형 확인됨 — 상업·수정·출처 조건은 20A-2 정책 참조.
busan-K-00638,kto,http://tong.visitkorea.or.kr/cms/resource/10/2872510_image2_1.JPG,2872517,https://www.data.go.kr/data/15101578/openapi.do,cpyrhtDivCd,Type3,linked_source_keys_to_contentid_cpyrhtdivcd,auto_linkable,high,KorService2:2872517→raw cpyrhtDivCd=Type3. 권리 유형 확인됨 — 상업·수정·출처 조건은 20A-2 정책 참조.
busan-K-00639,kto,http://tong.visitkorea.or.kr/cms/resource/20/2872520_image2_1.JPG,2872534,https://www.data.go.kr/data/15101578/openapi.do,cpyrhtDivCd,Type3,linked_source_keys_to_contentid_cpyrhtdivcd,auto_linkable,high,KorService2:2872534→raw cpyrhtDivCd=Type3. 권리 유형 확인됨 — 상업·수정·출처 조건은 20A-2 정책 참조.
busan-K-00640,kto,http://tong.visitkorea.or.kr/cms/resource/45/2872545_image2_1.JPG,2872553,https://www.data.go.kr/data/15101578/openapi.do,cpyrhtDivCd,Type3,linked_source_keys_to_contentid_cpyrhtdivcd,auto_linkable,high,KorService2:2872553→raw cpyrhtDivCd=Type3. 권리 유형 확인됨 — 상업·수정·출처 조건은 20A-2 정책 참조.
busan-K-00641,kto,http://tong.visitkorea.or.kr/cms/resource/60/2872560_image2_1.JPG,2872574,https://www.data.go.kr/data/15101578/openapi.do,cpyrhtDivCd,Type3,linked_source_keys_to_contentid_cpyrhtdivcd,auto_linkable,high,KorService2:2872574→raw cpyrhtDivCd=Type3. 권리 유형 확인됨 — 상업·수정·출처 조건은 20A-2 정책 참조.
busan-K-00642,kto,http://tong.visitkorea.or.kr/cms/resource/73/2872573_image2_1.JPG,2872583,https://www.data.go.kr/data/15101578/openapi.do,cpyrhtDivCd,Type3,linked_source_keys_to_contentid_cpyrhtdivcd,auto_linkable,high,KorService2:2872583→raw cpyrhtDivCd=Type3. 권리 유형 확인됨 — 상업·수정·출처 조건은 20A-2 정책 참조.
busan-K-00643,kto,http://tong.visitkorea.or.kr/cms/resource/87/2872587_image2_1.JPG,2872590,https://www.data.go.kr/data/15101578/openapi.do,cpyrhtDivCd,Type3,linked_source_keys_to_contentid_cpyrhtdivcd,auto_linkable,high,KorService2:2872590→raw cpyrhtDivCd=Type3. 권리 유형 확인됨 — 상업·수정·출처 조건은 20A-2 정책 참조.
busan-K-00644,kto,http://tong.visitkorea.or.kr/cms/resource/95/2872595_image2_1.JPG,2872610,https://www.data.go.kr/data/15101578/openapi.do,cpyrhtDivCd,Type3,linked_source_keys_to_contentid_cpyrhtdivcd,auto_linkable,high,KorService2:2872610→raw cpyrhtDivCd=Type3. 권리 유형 확인됨 — 상업·수정·출처 조건은 20A-2 정책 참조.
busan-K-00646,kto,http://tong.visitkorea.or.kr/cms/resource/15/2872615_image2_1.JPG,2872626,https://www.data.go.kr/data/15101578/openapi.do,cpyrhtDivCd,Type3,linked_source_keys_to_contentid_cpyrhtdivcd,auto_linkable,high,KorService2:2872626→raw cpyrhtDivCd=Type3. 권리 유형 확인됨 — 상업·수정·출처 조건은 20A-2 정책 참조.
busan-K-00647,kto,http://tong.visitkorea.or.kr/cms/resource/23/2872623_image2_1.JPG,2872634,https://www.data.go.kr/data/15101578/openapi.do,cpyrhtDivCd,Type3,linked_source_keys_to_contentid_cpyrhtdivcd,auto_linkable,high,KorService2:2872634→raw cpyrhtDivCd=Type3. 권리 유형 확인됨 — 상업·수정·출처 조건은 20A-2 정책 참조.
busan-K-00648,kto,http://tong.visitkorea.or.kr/cms/resource/04/3531704_image2_1.png,2873292,https://www.data.go.kr/data/15101578/openapi.do,cpyrhtDivCd,Type3,linked_source_keys_to_contentid_cpyrhtdivcd,auto_linkable,high,KorService2:2873292→raw cpyrhtDivCd=Type3. 권리 유형 확인됨 — 상업·수정·출처 조건은 20A-2 정책 참조.
busan-K-00650,kto,http://tong.visitkorea.or.kr/cms/resource/87/2873487_image2_1.jpg,2873498,https://www.data.go.kr/data/15101578/openapi.do,cpyrhtDivCd,Type3,linked_source_keys_to_contentid_cpyrhtdivcd,auto_linkable,high,KorService2:2873498→raw cpyrhtDivCd=Type3. 권리 유형 확인됨 — 상업·수정·출처 조건은 20A-2 정책 참조.
busan-K-00651,kto,http://tong.visitkorea.or.kr/cms/resource/96/2875296_image2_1.JPG,2875311,https://www.data.go.kr/data/15101578/openapi.do,cpyrhtDivCd,Type3,linked_source_keys_to_contentid_cpyrhtdivcd,auto_linkable,high,KorService2:2875311→raw cpyrhtDivCd=Type3. 권리 유형 확인됨 — 상업·수정·출처 조건은 20A-2 정책 참조.
busan-K-00652,kto,http://tong.visitkorea.or.kr/cms/resource/38/2875338_image2_1.JPG,2875345,https://www.data.go.kr/data/15101578/openapi.do,cpyrhtDivCd,Type3,linked_source_keys_to_contentid_cpyrhtdivcd,auto_linkable,high,KorService2:2875345→raw cpyrhtDivCd=Type3. 권리 유형 확인됨 — 상업·수정·출처 조건은 20A-2 정책 참조.
busan-K-00653,kto,http://tong.visitkorea.or.kr/cms/resource/53/2875353_image2_1.JPG,2875364,https://www.data.go.kr/data/15101578/openapi.do,cpyrhtDivCd,Type3,linked_source_keys_to_contentid_cpyrhtdivcd,auto_linkable,high,KorService2:2875364→raw cpyrhtDivCd=Type3. 권리 유형 확인됨 — 상업·수정·출처 조건은 20A-2 정책 참조.
busan-K-00654,kto,http://tong.visitkorea.or.kr/cms/resource/15/2875715_image2_1.JPG,2875727,https://www.data.go.kr/data/15101578/openapi.do,cpyrhtDivCd,Type3,linked_source_keys_to_contentid_cpyrhtdivcd,auto_linkable,high,KorService2:2875727→raw cpyrhtDivCd=Type3. 권리 유형 확인됨 — 상업·수정·출처 조건은 20A-2 정책 참조.
busan-K-00658,kto,http://tong.visitkorea.or.kr/cms/resource/17/2875817_image2_1.JPG,2875819,https://www.data.go.kr/data/15101578/openapi.do,cpyrhtDivCd,Type3,linked_source_keys_to_contentid_cpyrhtdivcd,auto_linkable,high,KorService2:2875819→raw cpyrhtDivCd=Type3. 권리 유형 확인됨 — 상업·수정·출처 조건은 20A-2 정책 참조.
busan-K-00659,kto,http://tong.visitkorea.or.kr/cms/resource/24/2875824_image2_1.JPG,2875837,https://www.data.go.kr/data/15101578/openapi.do,cpyrhtDivCd,Type3,linked_source_keys_to_contentid_cpyrhtdivcd,auto_linkable,high,KorService2:2875837→raw cpyrhtDivCd=Type3. 권리 유형 확인됨 — 상업·수정·출처 조건은 20A-2 정책 참조.
busan-K-00660,kto,http://tong.visitkorea.or.kr/cms/resource/42/2875842_image2_1.JPG,2875849,https://www.data.go.kr/data/15101578/openapi.do,cpyrhtDivCd,Type3,linked_source_keys_to_contentid_cpyrhtdivcd,auto_linkable,high,KorService2:2875849→raw cpyrhtDivCd=Type3. 권리 유형 확인됨 — 상업·수정·출처 조건은 20A-2 정책 참조.
busan-K-00661,kto,http://tong.visitkorea.or.kr/cms/resource/50/2875850_image2_1.JPG,2875862,https://www.data.go.kr/data/15101578/openapi.do,cpyrhtDivCd,Type3,linked_source_keys_to_contentid_cpyrhtdivcd,auto_linkable,high,KorService2:2875862→raw cpyrhtDivCd=Type3. 권리 유형 확인됨 — 상업·수정·출처 조건은 20A-2 정책 참조.
busan-K-00662,kto,http://tong.visitkorea.or.kr/cms/resource/68/2875868_image2_1.JPG,2875886,https://www.data.go.kr/data/15101578/openapi.do,cpyrhtDivCd,Type3,linked_source_keys_to_contentid_cpyrhtdivcd,auto_linkable,high,KorService2:2875886→raw cpyrhtDivCd=Type3. 권리 유형 확인됨 — 상업·수정·출처 조건은 20A-2 정책 참조.
busan-K-00663,kto,http://tong.visitkorea.or.kr/cms/resource/40/2891740_image2_1.jpg,2891745,https://www.data.go.kr/data/15101578/openapi.do,cpyrhtDivCd,Type3,linked_source_keys_to_contentid_cpyrhtdivcd,auto_linkable,high,KorService2:2891745→raw cpyrhtDivCd=Type3. 권리 유형 확인됨 — 상업·수정·출처 조건은 20A-2 정책 참조.
busan-K-00665,kto,http://tong.visitkorea.or.kr/cms/resource/03/2891803_image2_1.jpg,2891814,https://www.data.go.kr/data/15101578/openapi.do,cpyrhtDivCd,Type3,linked_source_keys_to_contentid_cpyrhtdivcd,auto_linkable,high,KorService2:2891814→raw cpyrhtDivCd=Type3. 권리 유형 확인됨 — 상업·수정·출처 조건은 20A-2 정책 참조.
busan-K-00666,kto,http://tong.visitkorea.or.kr/cms/resource/20/2891820_image2_1.jpg,2891826,https://www.data.go.kr/data/15101578/openapi.do,cpyrhtDivCd,Type3,linked_source_keys_to_contentid_cpyrhtdivcd,auto_linkable,high,KorService2:2891826→raw cpyrhtDivCd=Type3. 권리 유형 확인됨 — 상업·수정·출처 조건은 20A-2 정책 참조.
busan-K-00667,kto,http://tong.visitkorea.or.kr/cms/resource/38/2891838_image2_1.jpg,2891849,https://www.data.go.kr/data/15101578/openapi.do,cpyrhtDivCd,Type3,linked_source_keys_to_contentid_cpyrhtdivcd,auto_linkable,high,KorService2:2891849→raw cpyrhtDivCd=Type3. 권리 유형 확인됨 — 상업·수정·출처 조건은 20A-2 정책 참조.
busan-K-00668,kto,http://tong.visitkorea.or.kr/cms/resource/57/2891857_image2_1.jpg,2891868,https://www.data.go.kr/data/15101578/openapi.do,cpyrhtDivCd,Type3,linked_source_keys_to_contentid_cpyrhtdivcd,auto_linkable,high,KorService2:2891868→raw cpyrhtDivCd=Type3. 권리 유형 확인됨 — 상업·수정·출처 조건은 20A-2 정책 참조.
busan-K-00669,kto,http://tong.visitkorea.or.kr/cms/resource/83/2891883_image2_1.jpg,2891887,https://www.data.go.kr/data/15101578/openapi.do,cpyrhtDivCd,Type3,linked_source_keys_to_contentid_cpyrhtdivcd,auto_linkable,high,KorService2:2891887→raw cpyrhtDivCd=Type3. 권리 유형 확인됨 — 상업·수정·출처 조건은 20A-2 정책 참조.
busan-K-00670,kto,http://tong.visitkorea.or.kr/cms/resource/62/2892562_image2_1.jpg,2892757,https://www.data.go.kr/data/15101578/openapi.do,cpyrhtDivCd,Type3,linked_source_keys_to_contentid_cpyrhtdivcd,auto_linkable,high,KorService2:2892757→raw cpyrhtDivCd=Type3. 권리 유형 확인됨 — 상업·수정·출처 조건은 20A-2 정책 참조.
busan-K-00671,kto,http://tong.visitkorea.or.kr/cms/resource/43/2903043_image2_1.JPG,2903049,https://www.data.go.kr/data/15101578/openapi.do,cpyrhtDivCd,Type3,linked_source_keys_to_contentid_cpyrhtdivcd,auto_linkable,high,KorService2:2903049→raw cpyrhtDivCd=Type3. 권리 유형 확인됨 — 상업·수정·출처 조건은 20A-2 정책 참조.
busan-K-00672,kto,http://tong.visitkorea.or.kr/cms/resource/98/2904898_image2_1.jpg,2904908,https://www.data.go.kr/data/15101578/openapi.do,cpyrhtDivCd,Type3,linked_source_keys_to_contentid_cpyrhtdivcd,auto_linkable,high,KorService2:2904908→raw cpyrhtDivCd=Type3. 권리 유형 확인됨 — 상업·수정·출처 조건은 20A-2 정책 참조.
busan-K-00673,kto,http://tong.visitkorea.or.kr/cms/resource/35/2905135_image2_1.jpg,2905141,https://www.data.go.kr/data/15101578/openapi.do,cpyrhtDivCd,Type3,linked_source_keys_to_contentid_cpyrhtdivcd,auto_linkable,high,KorService2:2905141→raw cpyrhtDivCd=Type3. 권리 유형 확인됨 — 상업·수정·출처 조건은 20A-2 정책 참조.
busan-K-00674,kto,http://tong.visitkorea.or.kr/cms/resource/82/2907082_image2_1.JPG,2907087,https://www.data.go.kr/data/15101578/openapi.do,cpyrhtDivCd,Type3,linked_source_keys_to_contentid_cpyrhtdivcd,auto_linkable,high,KorService2:2907087→raw cpyrhtDivCd=Type3. 권리 유형 확인됨 — 상업·수정·출처 조건은 20A-2 정책 참조.
busan-K-00675,kto,http://tong.visitkorea.or.kr/cms/resource/57/2928957_image2_1.jpg,2925797,https://www.data.go.kr/data/15101578/openapi.do,cpyrhtDivCd,Type3,linked_source_keys_to_contentid_cpyrhtdivcd,auto_linkable,high,KorService2:2925797→raw cpyrhtDivCd=Type3. 권리 유형 확인됨 — 상업·수정·출처 조건은 20A-2 정책 참조.
busan-K-00676,kto,http://tong.visitkorea.or.kr/cms/resource/22/2947122_image2_1.jpg,2944033,https://www.data.go.kr/data/15101578/openapi.do,cpyrhtDivCd,Type1,linked_source_keys_to_contentid_cpyrhtdivcd,auto_linkable,high,KorService2:2944033→raw cpyrhtDivCd=Type1. 권리 유형 확인됨 — 상업·수정·출처 조건은 20A-2 정책 참조.
busan-K-00677,kto,http://tong.visitkorea.or.kr/cms/resource/00/2947000_image2_1.jpg,2944336,https://www.data.go.kr/data/15101578/openapi.do,cpyrhtDivCd,Type1,linked_source_keys_to_contentid_cpyrhtdivcd,auto_linkable,high,KorService2:2944336→raw cpyrhtDivCd=Type1. 권리 유형 확인됨 — 상업·수정·출처 조건은 20A-2 정책 참조.
busan-K-00678,none,,,,,,,no_image,n/a,이미지 URL 없음
busan-K-00679,kto,http://tong.visitkorea.or.kr/cms/resource/43/2947043_image2_1.jpg,2946508,https://www.data.go.kr/data/15101578/openapi.do,cpyrhtDivCd,Type1,linked_source_keys_to_contentid_cpyrhtdivcd,auto_linkable,high,KorService2:2946508→raw cpyrhtDivCd=Type1. 권리 유형 확인됨 — 상업·수정·출처 조건은 20A-2 정책 참조.
busan-K-00681,kto,http://tong.visitkorea.or.kr/cms/resource/22/2952922_image2_1.jpg,2952936,https://www.data.go.kr/data/15101578/openapi.do,cpyrhtDivCd,Type3,linked_source_keys_to_contentid_cpyrhtdivcd,auto_linkable,high,KorService2:2952936→raw cpyrhtDivCd=Type3. 권리 유형 확인됨 — 상업·수정·출처 조건은 20A-2 정책 참조.
busan-K-00682,kto,http://tong.visitkorea.or.kr/cms/resource/05/2991005_image2_1.jpg,2991028,https://www.data.go.kr/data/15101578/openapi.do,cpyrhtDivCd,Type3,linked_source_keys_to_contentid_cpyrhtdivcd,auto_linkable,high,KorService2:2991028→raw cpyrhtDivCd=Type3. 권리 유형 확인됨 — 상업·수정·출처 조건은 20A-2 정책 참조.
busan-K-00684,kto,http://tong.visitkorea.or.kr/cms/resource/85/3589785_image2_1.jpg,2994364,https://www.data.go.kr/data/15101578/openapi.do,cpyrhtDivCd,Type1,linked_source_keys_to_contentid_cpyrhtdivcd,auto_linkable,high,KorService2:2994364→raw cpyrhtDivCd=Type1. 권리 유형 확인됨 — 상업·수정·출처 조건은 20A-2 정책 참조.
busan-K-00685,none,,,,,,,no_image,n/a,이미지 URL 없음
busan-K-00686,kto,http://tong.visitkorea.or.kr/cms/resource/08/3550808_image2_1.jpg,3001170,https://www.data.go.kr/data/15101578/openapi.do,cpyrhtDivCd,Type3,linked_source_keys_to_contentid_cpyrhtdivcd,auto_linkable,high,KorService2:3001170→raw cpyrhtDivCd=Type3. 권리 유형 확인됨 — 상업·수정·출처 조건은 20A-2 정책 참조.
busan-K-00687,kto,http://tong.visitkorea.or.kr/cms/resource/43/3537143_image2_1.jpg,3006246,https://www.data.go.kr/data/15101578/openapi.do,cpyrhtDivCd,Type3,linked_source_keys_to_contentid_cpyrhtdivcd,auto_linkable,high,KorService2:3006246→raw cpyrhtDivCd=Type3. 권리 유형 확인됨 — 상업·수정·출처 조건은 20A-2 정책 참조.
busan-K-00688,kto,http://tong.visitkorea.or.kr/cms/resource/19/3009019_image2_1.jpg,3009050,https://www.data.go.kr/data/15101578/openapi.do,cpyrhtDivCd,Type3,linked_source_keys_to_contentid_cpyrhtdivcd,auto_linkable,high,KorService2:3009050→raw cpyrhtDivCd=Type3. 권리 유형 확인됨 — 상업·수정·출처 조건은 20A-2 정책 참조.
busan-K-00689,kto,http://tong.visitkorea.or.kr/cms/resource/24/3016424_image2_1.jpg,3016434,https://www.data.go.kr/data/15101578/openapi.do,cpyrhtDivCd,Type3,linked_source_keys_to_contentid_cpyrhtdivcd,auto_linkable,high,KorService2:3016434→raw cpyrhtDivCd=Type3. 권리 유형 확인됨 — 상업·수정·출처 조건은 20A-2 정책 참조.
busan-K-00690,kto,http://tong.visitkorea.or.kr/cms/resource/47/3359047_image2_1.jpg,3016659,https://www.data.go.kr/data/15101578/openapi.do,cpyrhtDivCd,Type3,linked_source_keys_to_contentid_cpyrhtdivcd,auto_linkable,high,KorService2:3016659→raw cpyrhtDivCd=Type3. 권리 유형 확인됨 — 상업·수정·출처 조건은 20A-2 정책 참조.
busan-K-00691,kto,http://tong.visitkorea.or.kr/cms/resource/82/3017082_image2_1.JPG,3017112,https://www.data.go.kr/data/15101578/openapi.do,cpyrhtDivCd,Type3,linked_source_keys_to_contentid_cpyrhtdivcd,auto_linkable,high,KorService2:3017112→raw cpyrhtDivCd=Type3. 권리 유형 확인됨 — 상업·수정·출처 조건은 20A-2 정책 참조.
busan-K-00693,kto,http://tong.visitkorea.or.kr/cms/resource/53/3455153_image2_1.jpg,3017435,https://www.data.go.kr/data/15101578/openapi.do,cpyrhtDivCd,Type1,linked_source_keys_to_contentid_cpyrhtdivcd,auto_linkable,high,KorService2:3017435→raw cpyrhtDivCd=Type1. 권리 유형 확인됨 — 상업·수정·출처 조건은 20A-2 정책 참조.
busan-K-00694,kto,http://tong.visitkorea.or.kr/cms/resource/54/3549654_image2_1.png,3018117,https://www.data.go.kr/data/15101578/openapi.do,cpyrhtDivCd,Type3,linked_source_keys_to_contentid_cpyrhtdivcd,auto_linkable,high,KorService2:3018117→raw cpyrhtDivCd=Type3. 권리 유형 확인됨 — 상업·수정·출처 조건은 20A-2 정책 참조.
busan-K-00695,kto,http://tong.visitkorea.or.kr/cms/resource/48/3552448_image2_1.jpg,3020552,https://www.data.go.kr/data/15101578/openapi.do,cpyrhtDivCd,Type3,linked_source_keys_to_contentid_cpyrhtdivcd,auto_linkable,high,KorService2:3020552→raw cpyrhtDivCd=Type3. 권리 유형 확인됨 — 상업·수정·출처 조건은 20A-2 정책 참조.
busan-K-00696,kto,http://tong.visitkorea.or.kr/cms/resource/09/3023709_image2_1.JPG,3023734,https://www.data.go.kr/data/15101578/openapi.do,cpyrhtDivCd,Type3,linked_source_keys_to_contentid_cpyrhtdivcd,auto_linkable,high,KorService2:3023734→raw cpyrhtDivCd=Type3. 권리 유형 확인됨 — 상업·수정·출처 조건은 20A-2 정책 참조.
busan-K-00697,kto,http://tong.visitkorea.or.kr/cms/resource/14/3026914_image2_1.JPG,3026941,https://www.data.go.kr/data/15101578/openapi.do,cpyrhtDivCd,Type3,linked_source_keys_to_contentid_cpyrhtdivcd,auto_linkable,high,KorService2:3026941→raw cpyrhtDivCd=Type3. 권리 유형 확인됨 — 상업·수정·출처 조건은 20A-2 정책 참조.
busan-K-00698,kto,http://tong.visitkorea.or.kr/cms/resource/70/3026970_image2_1.JPG,3027022,https://www.data.go.kr/data/15101578/openapi.do,cpyrhtDivCd,Type3,linked_source_keys_to_contentid_cpyrhtdivcd,auto_linkable,high,KorService2:3027022→raw cpyrhtDivCd=Type3. 권리 유형 확인됨 — 상업·수정·출처 조건은 20A-2 정책 참조.
busan-K-00699,kto,http://tong.visitkorea.or.kr/cms/resource/77/3027077_image2_1.JPG,3027098,https://www.data.go.kr/data/15101578/openapi.do,cpyrhtDivCd,Type3,linked_source_keys_to_contentid_cpyrhtdivcd,auto_linkable,high,KorService2:3027098→raw cpyrhtDivCd=Type3. 권리 유형 확인됨 — 상업·수정·출처 조건은 20A-2 정책 참조.
busan-K-00700,kto,http://tong.visitkorea.or.kr/cms/resource/23/3027423_image2_1.JPG,3027444,https://www.data.go.kr/data/15101578/openapi.do,cpyrhtDivCd,Type3,linked_source_keys_to_contentid_cpyrhtdivcd,auto_linkable,high,KorService2:3027444→raw cpyrhtDivCd=Type3. 권리 유형 확인됨 — 상업·수정·출처 조건은 20A-2 정책 참조.
busan-K-00701,kto,http://tong.visitkorea.or.kr/cms/resource/53/3027653_image2_1.JPG,3027700,https://www.data.go.kr/data/15101578/openapi.do,cpyrhtDivCd,Type3,linked_source_keys_to_contentid_cpyrhtdivcd,auto_linkable,high,KorService2:3027700→raw cpyrhtDivCd=Type3. 권리 유형 확인됨 — 상업·수정·출처 조건은 20A-2 정책 참조.
busan-K-00702,kto,http://tong.visitkorea.or.kr/cms/resource/82/3028482_image2_1.JPG,3028497,https://www.data.go.kr/data/15101578/openapi.do,cpyrhtDivCd,Type3,linked_source_keys_to_contentid_cpyrhtdivcd,auto_linkable,high,KorService2:3028497→raw cpyrhtDivCd=Type3. 권리 유형 확인됨 — 상업·수정·출처 조건은 20A-2 정책 참조.
busan-K-00703,kto,http://tong.visitkorea.or.kr/cms/resource/73/3028573_image2_1.JPG,3028593,https://www.data.go.kr/data/15101578/openapi.do,cpyrhtDivCd,Type3,linked_source_keys_to_contentid_cpyrhtdivcd,auto_linkable,high,KorService2:3028593→raw cpyrhtDivCd=Type3. 권리 유형 확인됨 — 상업·수정·출처 조건은 20A-2 정책 참조.
busan-K-00704,none,,,,,,,no_image,n/a,이미지 URL 없음
busan-K-00705,kto,http://tong.visitkorea.or.kr/cms/resource/30/3054130_image2_1.jpg,3044634,https://www.data.go.kr/data/15101578/openapi.do,cpyrhtDivCd,Type1,linked_source_keys_to_contentid_cpyrhtdivcd,auto_linkable,high,KorService2:3044634→raw cpyrhtDivCd=Type1. 권리 유형 확인됨 — 상업·수정·출처 조건은 20A-2 정책 참조.
busan-K-00706,kto,http://tong.visitkorea.or.kr/cms/resource/18/3064818_image2_1.JPG,3064821,https://www.data.go.kr/data/15101578/openapi.do,cpyrhtDivCd,Type3,linked_source_keys_to_contentid_cpyrhtdivcd,auto_linkable,high,KorService2:3064821→raw cpyrhtDivCd=Type3. 권리 유형 확인됨 — 상업·수정·출처 조건은 20A-2 정책 참조.
busan-K-00708,kto,http://tong.visitkorea.or.kr/cms/resource/37/3065337_image2_1.JPG,3065360,https://www.data.go.kr/data/15101578/openapi.do,cpyrhtDivCd,Type3,linked_source_keys_to_contentid_cpyrhtdivcd,auto_linkable,high,KorService2:3065360→raw cpyrhtDivCd=Type3. 권리 유형 확인됨 — 상업·수정·출처 조건은 20A-2 정책 참조.
busan-K-00709,kto,http://tong.visitkorea.or.kr/cms/resource/44/3075344_image2_1.JPG,3075356,https://www.data.go.kr/data/15101578/openapi.do,cpyrhtDivCd,Type3,linked_source_keys_to_contentid_cpyrhtdivcd,auto_linkable,high,KorService2:3075356→raw cpyrhtDivCd=Type3. 권리 유형 확인됨 — 상업·수정·출처 조건은 20A-2 정책 참조.
busan-K-00710,kto,http://tong.visitkorea.or.kr/cms/resource/95/3080295_image2_1.JPG,3080300,https://www.data.go.kr/data/15101578/openapi.do,cpyrhtDivCd,Type3,linked_source_keys_to_contentid_cpyrhtdivcd,auto_linkable,high,KorService2:3080300→raw cpyrhtDivCd=Type3. 권리 유형 확인됨 — 상업·수정·출처 조건은 20A-2 정책 참조.
busan-K-00711,kto,http://tong.visitkorea.or.kr/cms/resource/06/3080306_image2_1.JPG,3080310,https://www.data.go.kr/data/15101578/openapi.do,cpyrhtDivCd,Type3,linked_source_keys_to_contentid_cpyrhtdivcd,auto_linkable,high,KorService2:3080310→raw cpyrhtDivCd=Type3. 권리 유형 확인됨 — 상업·수정·출처 조건은 20A-2 정책 참조.
busan-K-00712,kto,http://tong.visitkorea.or.kr/cms/resource/12/3080312_image2_1.JPG,3080317,https://www.data.go.kr/data/15101578/openapi.do,cpyrhtDivCd,Type3,linked_source_keys_to_contentid_cpyrhtdivcd,auto_linkable,high,KorService2:3080317→raw cpyrhtDivCd=Type3. 권리 유형 확인됨 — 상업·수정·출처 조건은 20A-2 정책 참조.
busan-K-00713,kto,http://tong.visitkorea.or.kr/cms/resource/70/3082370_image2_1.jpg,3081825,https://www.data.go.kr/data/15101578/openapi.do,cpyrhtDivCd,Type3,linked_source_keys_to_contentid_cpyrhtdivcd,auto_linkable,high,KorService2:3081825→raw cpyrhtDivCd=Type3. 권리 유형 확인됨 — 상업·수정·출처 조건은 20A-2 정책 참조.
busan-K-00714,kto,http://tong.visitkorea.or.kr/cms/resource/19/3084219_image2_1.jpg,3083398,https://www.data.go.kr/data/15101578/openapi.do,cpyrhtDivCd,Type3,linked_source_keys_to_contentid_cpyrhtdivcd,auto_linkable,high,KorService2:3083398→raw cpyrhtDivCd=Type3. 권리 유형 확인됨 — 상업·수정·출처 조건은 20A-2 정책 참조.
busan-K-00715,kto,http://tong.visitkorea.or.kr/cms/resource/07/3083407_image2_1.jpg,3083414,https://www.data.go.kr/data/15101578/openapi.do,cpyrhtDivCd,Type3,linked_source_keys_to_contentid_cpyrhtdivcd,auto_linkable,high,KorService2:3083414→raw cpyrhtDivCd=Type3. 권리 유형 확인됨 — 상업·수정·출처 조건은 20A-2 정책 참조.
busan-K-00716,kto,http://tong.visitkorea.or.kr/cms/resource/18/3083418_image2_1.jpg,3083428,https://www.data.go.kr/data/15101578/openapi.do,cpyrhtDivCd,Type3,linked_source_keys_to_contentid_cpyrhtdivcd,auto_linkable,high,KorService2:3083428→raw cpyrhtDivCd=Type3. 권리 유형 확인됨 — 상업·수정·출처 조건은 20A-2 정책 참조.
busan-K-00718,kto,http://tong.visitkorea.or.kr/cms/resource/21/3093621_image2_1.PNG,3093625,https://www.data.go.kr/data/15101578/openapi.do,cpyrhtDivCd,Type3,linked_source_keys_to_contentid_cpyrhtdivcd,auto_linkable,high,KorService2:3093625→raw cpyrhtDivCd=Type3. 권리 유형 확인됨 — 상업·수정·출처 조건은 20A-2 정책 참조.
busan-K-00719,kto,http://tong.visitkorea.or.kr/cms/resource/39/3335939_image2_1.png,3335951,https://www.data.go.kr/data/15101578/openapi.do,cpyrhtDivCd,Type3,linked_source_keys_to_contentid_cpyrhtdivcd,auto_linkable,high,KorService2:3335951→raw cpyrhtDivCd=Type3. 권리 유형 확인됨 — 상업·수정·출처 조건은 20A-2 정책 참조.
busan-K-00720,none,,,,,,,no_image,n/a,이미지 URL 없음
busan-K-00721,kto,http://tong.visitkorea.or.kr/cms/resource/25/3536625_image2_1.jpg,3345610,https://www.data.go.kr/data/15101578/openapi.do,cpyrhtDivCd,Type3,linked_source_keys_to_contentid_cpyrhtdivcd,auto_linkable,high,KorService2:3345610→raw cpyrhtDivCd=Type3. 권리 유형 확인됨 — 상업·수정·출처 조건은 20A-2 정책 참조.
busan-K-00722,kto,http://tong.visitkorea.or.kr/cms/resource/60/3532060_image2_1.JPG,3351515,https://www.data.go.kr/data/15101578/openapi.do,cpyrhtDivCd,Type3,linked_source_keys_to_contentid_cpyrhtdivcd,auto_linkable,high,KorService2:3351515→raw cpyrhtDivCd=Type3. 권리 유형 확인됨 — 상업·수정·출처 조건은 20A-2 정책 참조.
busan-K-00723,kto,http://tong.visitkorea.or.kr/cms/resource/89/3524089_image2_1.png,3356047,https://www.data.go.kr/data/15101578/openapi.do,cpyrhtDivCd,Type3,linked_source_keys_to_contentid_cpyrhtdivcd,auto_linkable,high,KorService2:3356047→raw cpyrhtDivCd=Type3. 권리 유형 확인됨 — 상업·수정·출처 조건은 20A-2 정책 참조.
busan-K-00724,kto,http://tong.visitkorea.or.kr/cms/resource/68/3533968_image2_1.jpg,3370514,https://www.data.go.kr/data/15101578/openapi.do,cpyrhtDivCd,Type3,linked_source_keys_to_contentid_cpyrhtdivcd,auto_linkable,high,KorService2:3370514→raw cpyrhtDivCd=Type3. 권리 유형 확인됨 — 상업·수정·출처 조건은 20A-2 정책 참조.
busan-K-00725,kto,http://tong.visitkorea.or.kr/cms/resource/21/3373621_image2_1.jpg,3373600,https://www.data.go.kr/data/15101578/openapi.do,cpyrhtDivCd,Type3,linked_source_keys_to_contentid_cpyrhtdivcd,auto_linkable,high,KorService2:3373600→raw cpyrhtDivCd=Type3. 권리 유형 확인됨 — 상업·수정·출처 조건은 20A-2 정책 참조.
busan-K-00726,kto,http://tong.visitkorea.or.kr/cms/resource/63/3412563_image2_1.jpg,3412613,https://www.data.go.kr/data/15101578/openapi.do,cpyrhtDivCd,Type3,linked_source_keys_to_contentid_cpyrhtdivcd,auto_linkable,high,KorService2:3412613→raw cpyrhtDivCd=Type3. 권리 유형 확인됨 — 상업·수정·출처 조건은 20A-2 정책 참조.
busan-K-00727,kto,http://tong.visitkorea.or.kr/cms/resource/91/3414191_image2_1.jpg,3414171,https://www.data.go.kr/data/15101578/openapi.do,cpyrhtDivCd,Type3,linked_source_keys_to_contentid_cpyrhtdivcd,auto_linkable,high,KorService2:3414171→raw cpyrhtDivCd=Type3. 권리 유형 확인됨 — 상업·수정·출처 조건은 20A-2 정책 참조.
busan-K-00728,kto,http://tong.visitkorea.or.kr/cms/resource/00/3415200_image2_1.jpg,3415203,https://www.data.go.kr/data/15101578/openapi.do,cpyrhtDivCd,Type3,linked_source_keys_to_contentid_cpyrhtdivcd,auto_linkable,high,KorService2:3415203→raw cpyrhtDivCd=Type3. 권리 유형 확인됨 — 상업·수정·출처 조건은 20A-2 정책 참조.
busan-K-00729,kto,http://tong.visitkorea.or.kr/cms/resource/96/3421696_image2_1.jpg,3421909,https://www.data.go.kr/data/15101578/openapi.do,cpyrhtDivCd,Type1,linked_source_keys_to_contentid_cpyrhtdivcd,auto_linkable,high,KorService2:3421909→raw cpyrhtDivCd=Type1. 권리 유형 확인됨 — 상업·수정·출처 조건은 20A-2 정책 참조.
busan-K-00730,kto,http://tong.visitkorea.or.kr/cms/resource/58/3579258_image2_1.jpg,3422647,https://www.data.go.kr/data/15101578/openapi.do,cpyrhtDivCd,Type3,linked_source_keys_to_contentid_cpyrhtdivcd,auto_linkable,high,KorService2:3422647→raw cpyrhtDivCd=Type3. 권리 유형 확인됨 — 상업·수정·출처 조건은 20A-2 정책 참조.
busan-K-00731,kto,http://tong.visitkorea.or.kr/cms/resource/72/3574272_image2_1.jpg,3434800,https://www.data.go.kr/data/15101578/openapi.do,cpyrhtDivCd,Type3,linked_source_keys_to_contentid_cpyrhtdivcd,auto_linkable,high,KorService2:3434800→raw cpyrhtDivCd=Type3. 권리 유형 확인됨 — 상업·수정·출처 조건은 20A-2 정책 참조.
busan-K-00732,kto,http://tong.visitkorea.or.kr/cms/resource/78/3569778_image2_1.jpg,3437916,https://www.data.go.kr/data/15101578/openapi.do,cpyrhtDivCd,Type3,linked_source_keys_to_contentid_cpyrhtdivcd,auto_linkable,high,KorService2:3437916→raw cpyrhtDivCd=Type3. 권리 유형 확인됨 — 상업·수정·출처 조건은 20A-2 정책 참조.
busan-K-00733,kto,http://tong.visitkorea.or.kr/cms/resource/07/3442507_image2_1.jpeg,3442423,https://www.data.go.kr/data/15101578/openapi.do,cpyrhtDivCd,Type1,linked_source_keys_to_contentid_cpyrhtdivcd,auto_linkable,high,KorService2:3442423→raw cpyrhtDivCd=Type1. 권리 유형 확인됨 — 상업·수정·출처 조건은 20A-2 정책 참조.
busan-K-00734,kto,http://tong.visitkorea.or.kr/cms/resource/54/3442954_image2_1.jpg,3442923,https://www.data.go.kr/data/15101578/openapi.do,cpyrhtDivCd,Type1,linked_source_keys_to_contentid_cpyrhtdivcd,auto_linkable,high,KorService2:3442923→raw cpyrhtDivCd=Type1. 권리 유형 확인됨 — 상업·수정·출처 조건은 20A-2 정책 참조.
busan-K-00735,kto,http://tong.visitkorea.or.kr/cms/resource/89/3443589_image2_1.jpeg,3443614,https://www.data.go.kr/data/15101578/openapi.do,cpyrhtDivCd,Type1,linked_source_keys_to_contentid_cpyrhtdivcd,auto_linkable,high,KorService2:3443614→raw cpyrhtDivCd=Type1. 권리 유형 확인됨 — 상업·수정·출처 조건은 20A-2 정책 참조.
busan-K-00736,kto,http://tong.visitkorea.or.kr/cms/resource/23/3444423_image2_1.JPG,3444416,https://www.data.go.kr/data/15101578/openapi.do,cpyrhtDivCd,Type1,linked_source_keys_to_contentid_cpyrhtdivcd,auto_linkable,high,KorService2:3444416→raw cpyrhtDivCd=Type1. 권리 유형 확인됨 — 상업·수정·출처 조건은 20A-2 정책 참조.
busan-K-00737,kto,http://tong.visitkorea.or.kr/cms/resource/71/3459571_image2_1.jpg,3451794,https://www.data.go.kr/data/15101578/openapi.do,cpyrhtDivCd,Type1,linked_source_keys_to_contentid_cpyrhtdivcd,auto_linkable,high,KorService2:3451794→raw cpyrhtDivCd=Type1. 권리 유형 확인됨 — 상업·수정·출처 조건은 20A-2 정책 참조.
busan-K-00738,kto,http://tong.visitkorea.or.kr/cms/resource/97/3451897_image2_1.jpg,3452014,https://www.data.go.kr/data/15101578/openapi.do,cpyrhtDivCd,Type1,linked_source_keys_to_contentid_cpyrhtdivcd,auto_linkable,high,KorService2:3452014→raw cpyrhtDivCd=Type1. 권리 유형 확인됨 — 상업·수정·출처 조건은 20A-2 정책 참조.
busan-K-00739,kto,http://tong.visitkorea.or.kr/cms/resource/06/3451506_image2_1.jpg,3452166,https://www.data.go.kr/data/15101578/openapi.do,cpyrhtDivCd,Type1,linked_source_keys_to_contentid_cpyrhtdivcd,auto_linkable,high,KorService2:3452166→raw cpyrhtDivCd=Type1. 권리 유형 확인됨 — 상업·수정·출처 조건은 20A-2 정책 참조.
busan-K-00740,kto,http://tong.visitkorea.or.kr/cms/resource/99/3453999_image2_1.jpg,3454074,https://www.data.go.kr/data/15101578/openapi.do,cpyrhtDivCd,Type1,linked_source_keys_to_contentid_cpyrhtdivcd,auto_linkable,high,KorService2:3454074→raw cpyrhtDivCd=Type1. 권리 유형 확인됨 — 상업·수정·출처 조건은 20A-2 정책 참조.
busan-K-00741,none,,,,,,,no_image,n/a,이미지 URL 없음
busan-K-00742,none,,,,,,,no_image,n/a,이미지 URL 없음
busan-K-00743,none,,,,,,,no_image,n/a,이미지 URL 없음
busan-K-00744,none,,,,,,,no_image,n/a,이미지 URL 없음
busan-K-00745,none,,,,,,,no_image,n/a,이미지 URL 없음
busan-K-00746,none,,,,,,,no_image,n/a,이미지 URL 없음
busan-K-00747,none,,,,,,,no_image,n/a,이미지 URL 없음
busan-K-00748,none,,,,,,,no_image,n/a,이미지 URL 없음
busan-K-00749,none,,,,,,,no_image,n/a,이미지 URL 없음
busan-K-00750,none,,,,,,,no_image,n/a,이미지 URL 없음
busan-K-00751,none,,,,,,,no_image,n/a,이미지 URL 없음
busan-K-00752,none,,,,,,,no_image,n/a,이미지 URL 없음
busan-K-00753,none,,,,,,,no_image,n/a,이미지 URL 없음
busan-K-00754,none,,,,,,,no_image,n/a,이미지 URL 없음
busan-K-00755,none,,,,,,,no_image,n/a,이미지 URL 없음
busan-K-00756,none,,,,,,,no_image,n/a,이미지 URL 없음
busan-K-00757,kto,http://tong.visitkorea.or.kr/cms/resource/10/3515310_image2_1.jpg,3515311,https://www.data.go.kr/data/15101578/openapi.do,cpyrhtDivCd,Type3,linked_source_keys_to_contentid_cpyrhtdivcd,auto_linkable,high,KorService2:3515311→raw cpyrhtDivCd=Type3. 권리 유형 확인됨 — 상업·수정·출처 조건은 20A-2 정책 참조.
busan-K-00758,kto,http://tong.visitkorea.or.kr/cms/resource/23/3524123_image2_1.jpg,3524130,https://www.data.go.kr/data/15101578/openapi.do,cpyrhtDivCd,Type3,linked_source_keys_to_contentid_cpyrhtdivcd,auto_linkable,high,KorService2:3524130→raw cpyrhtDivCd=Type3. 권리 유형 확인됨 — 상업·수정·출처 조건은 20A-2 정책 참조.
busan-K-00759,kto,http://tong.visitkorea.or.kr/cms/resource/62/3528962_image2_1.png,3528964,https://www.data.go.kr/data/15101578/openapi.do,cpyrhtDivCd,Type3,linked_source_keys_to_contentid_cpyrhtdivcd,auto_linkable,high,KorService2:3528964→raw cpyrhtDivCd=Type3. 권리 유형 확인됨 — 상업·수정·출처 조건은 20A-2 정책 참조.
busan-K-00760,none,,,,,,,no_image,n/a,이미지 URL 없음
busan-K-00761,none,,,,,,,no_image,n/a,이미지 URL 없음
busan-K-00762,none,,,,,,,no_image,n/a,이미지 URL 없음
busan-K-00763,none,,,,,,,no_image,n/a,이미지 URL 없음
busan-K-00764,none,,,,,,,no_image,n/a,이미지 URL 없음
busan-K-00765,none,,,,,,,no_image,n/a,이미지 URL 없음
busan-K-00766,kto,http://tong.visitkorea.or.kr/cms/resource/55/3532955_image2_1.jpg,3532971,https://www.data.go.kr/data/15101578/openapi.do,cpyrhtDivCd,Type3,linked_source_keys_to_contentid_cpyrhtdivcd,auto_linkable,high,KorService2:3532971→raw cpyrhtDivCd=Type3. 권리 유형 확인됨 — 상업·수정·출처 조건은 20A-2 정책 참조.
busan-K-00767,none,,,,,,,no_image,n/a,이미지 URL 없음
busan-K-00768,none,,,,,,,no_image,n/a,이미지 URL 없음
busan-K-00769,none,,,,,,,no_image,n/a,이미지 URL 없음
busan-K-00770,none,,,,,,,no_image,n/a,이미지 URL 없음
busan-K-00771,none,,,,,,,no_image,n/a,이미지 URL 없음
busan-K-00772,none,,,,,,,no_image,n/a,이미지 URL 없음
busan-K-00773,kto,http://tong.visitkorea.or.kr/cms/resource/52/3555352_image2_1.png,3555363,https://www.data.go.kr/data/15101578/openapi.do,cpyrhtDivCd,Type3,linked_source_keys_to_contentid_cpyrhtdivcd,auto_linkable,high,KorService2:3555363→raw cpyrhtDivCd=Type3. 권리 유형 확인됨 — 상업·수정·출처 조건은 20A-2 정책 참조.
busan-K-00774,kto,http://tong.visitkorea.or.kr/cms/resource/63/3559563_image2_1.jpg,3559571,https://www.data.go.kr/data/15101578/openapi.do,cpyrhtDivCd,Type3,linked_source_keys_to_contentid_cpyrhtdivcd,auto_linkable,high,KorService2:3559571→raw cpyrhtDivCd=Type3. 권리 유형 확인됨 — 상업·수정·출처 조건은 20A-2 정책 참조.
busan-K-00775,kto,http://tong.visitkorea.or.kr/cms/resource/05/3576405_image2_1.JPG,3576410,https://www.data.go.kr/data/15101578/openapi.do,cpyrhtDivCd,Type3,linked_source_keys_to_contentid_cpyrhtdivcd,auto_linkable,high,KorService2:3576410→raw cpyrhtDivCd=Type3. 권리 유형 확인됨 — 상업·수정·출처 조건은 20A-2 정책 참조.
busan-VB-2678,visitbusan,https://www.visitbusan.net/uploadImgs/files/cntnts/20260311171309981,2678,https://www.visitbusan.net/kr/index.do?menuCd=DOM_000000201001001000&uc_seq=2678&lang_cd=ko,kogl_mark_on_page,,uc_seq_direct,manual_review,high,uc_seq=2678 직접 보유. source_detail_url로 페이지 방문 후 공공누리 마크 여부 확인 필요.
busan-VB-2612,visitbusan,https://www.visitbusan.net/uploadImgs/files/cntnts/20251121173217035,2612,https://www.visitbusan.net/kr/index.do?menuCd=DOM_000000201001001000&uc_seq=2612&lang_cd=ko,kogl_mark_on_page,,uc_seq_direct,manual_review,high,uc_seq=2612 직접 보유. source_detail_url로 페이지 방문 후 공공누리 마크 여부 확인 필요.
busan-VB-2598,visitbusan,https://www.visitbusan.net/uploadImgs/files/cntnts/20251029154155656,2598,https://www.visitbusan.net/kr/index.do?menuCd=DOM_000000201001001000&uc_seq=2598&lang_cd=ko,kogl_mark_on_page,,uc_seq_direct,manual_review,high,uc_seq=2598 직접 보유. source_detail_url로 페이지 방문 후 공공누리 마크 여부 확인 필요.
busan-VB-2594,visitbusan,https://www.visitbusan.net/uploadImgs/files/cntnts/20251024154312500,2594,https://www.visitbusan.net/kr/index.do?menuCd=DOM_000000201001001000&uc_seq=2594&lang_cd=ko,kogl_mark_on_page,,uc_seq_direct,manual_review,high,uc_seq=2594 직접 보유. source_detail_url로 페이지 방문 후 공공누리 마크 여부 확인 필요.
busan-VB-2588,visitbusan,https://www.visitbusan.net/uploadImgs/files/cntnts/20251020171326961,2588,https://www.visitbusan.net/kr/index.do?menuCd=DOM_000000201001001000&uc_seq=2588&lang_cd=ko,kogl_mark_on_page,,uc_seq_direct,manual_review,high,uc_seq=2588 직접 보유. source_detail_url로 페이지 방문 후 공공누리 마크 여부 확인 필요.
busan-VB-2587,visitbusan,https://www.visitbusan.net/uploadImgs/files/cntnts/20251020162135473,2587,https://www.visitbusan.net/kr/index.do?menuCd=DOM_000000201001001000&uc_seq=2587&lang_cd=ko,kogl_mark_on_page,,uc_seq_direct,manual_review,high,uc_seq=2587 직접 보유. source_detail_url로 페이지 방문 후 공공누리 마크 여부 확인 필요.
busan-VB-2551,visitbusan,https://www.visitbusan.net/uploadImgs/files/cntnts/20250826175032196,2551,https://www.visitbusan.net/kr/index.do?menuCd=DOM_000000201001001000&uc_seq=2551&lang_cd=ko,kogl_mark_on_page,,uc_seq_direct,manual_review,high,uc_seq=2551 직접 보유. source_detail_url로 페이지 방문 후 공공누리 마크 여부 확인 필요.
busan-VB-2408,visitbusan,https://www.visitbusan.net/uploadImgs/files/cntnts/20250620121122146,2408,https://www.visitbusan.net/kr/index.do?menuCd=DOM_000000201001001000&uc_seq=2408&lang_cd=ko,kogl_mark_on_page,,uc_seq_direct,manual_review,high,uc_seq=2408 직접 보유. source_detail_url로 페이지 방문 후 공공누리 마크 여부 확인 필요.
busan-VB-2314,visitbusan,https://www.visitbusan.net/uploadImgs/files/cntnts/20250317141712864,2314,https://www.visitbusan.net/kr/index.do?menuCd=DOM_000000201001001000&uc_seq=2314&lang_cd=ko,kogl_mark_on_page,,uc_seq_direct,manual_review,high,uc_seq=2314 직접 보유. source_detail_url로 페이지 방문 후 공공누리 마크 여부 확인 필요.
busan-VB-2299,visitbusan,https://www.visitbusan.net/uploadImgs/files/cntnts/20250306115823313,2299,https://www.visitbusan.net/kr/index.do?menuCd=DOM_000000201001001000&uc_seq=2299&lang_cd=ko,kogl_mark_on_page,,uc_seq_direct,manual_review,high,uc_seq=2299 직접 보유. source_detail_url로 페이지 방문 후 공공누리 마크 여부 확인 필요.
busan-VB-2288,visitbusan,https://www.visitbusan.net/uploadImgs/files/cntnts/20250214183306081,2288,https://www.visitbusan.net/kr/index.do?menuCd=DOM_000000201001001000&uc_seq=2288&lang_cd=ko,kogl_mark_on_page,,uc_seq_direct,manual_review,high,uc_seq=2288 직접 보유. source_detail_url로 페이지 방문 후 공공누리 마크 여부 확인 필요.
busan-VB-2284,visitbusan,https://www.visitbusan.net/uploadImgs/files/cntnts/20250212112901695,2284,https://www.visitbusan.net/kr/index.do?menuCd=DOM_000000201001001000&uc_seq=2284&lang_cd=ko,kogl_mark_on_page,,uc_seq_direct,manual_review,high,uc_seq=2284 직접 보유. source_detail_url로 페이지 방문 후 공공누리 마크 여부 확인 필요.
busan-VB-2275,visitbusan,https://www.visitbusan.net/uploadImgs/files/cntnts/20250207155656641,2275,https://www.visitbusan.net/kr/index.do?menuCd=DOM_000000201001001000&uc_seq=2275&lang_cd=ko,kogl_mark_on_page,,uc_seq_direct,manual_review,high,uc_seq=2275 직접 보유. source_detail_url로 페이지 방문 후 공공누리 마크 여부 확인 필요.
busan-VB-2274,visitbusan,https://www.visitbusan.net/uploadImgs/files/cntnts/20250207152914813,2274,https://www.visitbusan.net/kr/index.do?menuCd=DOM_000000201001001000&uc_seq=2274&lang_cd=ko,kogl_mark_on_page,,uc_seq_direct,manual_review,high,uc_seq=2274 직접 보유. source_detail_url로 페이지 방문 후 공공누리 마크 여부 확인 필요.
busan-VB-2229,visitbusan,https://www.visitbusan.net/uploadImgs/files/cntnts/20250102170659652,2229,https://www.visitbusan.net/kr/index.do?menuCd=DOM_000000201001001000&uc_seq=2229&lang_cd=ko,kogl_mark_on_page,,uc_seq_direct,manual_review,high,uc_seq=2229 직접 보유. source_detail_url로 페이지 방문 후 공공누리 마크 여부 확인 필요.
busan-VB-2220,visitbusan,https://www.visitbusan.net/uploadImgs/files/cntnts/20241224115942076,2220,https://www.visitbusan.net/kr/index.do?menuCd=DOM_000000201001001000&uc_seq=2220&lang_cd=ko,kogl_mark_on_page,,uc_seq_direct,manual_review,high,uc_seq=2220 직접 보유. source_detail_url로 페이지 방문 후 공공누리 마크 여부 확인 필요.
busan-VB-2210,visitbusan,https://www.visitbusan.net/uploadImgs/files/cntnts/20241206181644634,2210,https://www.visitbusan.net/kr/index.do?menuCd=DOM_000000201001001000&uc_seq=2210&lang_cd=ko,kogl_mark_on_page,,uc_seq_direct,manual_review,high,uc_seq=2210 직접 보유. source_detail_url로 페이지 방문 후 공공누리 마크 여부 확인 필요.
busan-VB-2206,visitbusan,https://www.visitbusan.net/uploadImgs/files/cntnts/20241206151830093,2206,https://www.visitbusan.net/kr/index.do?menuCd=DOM_000000201001001000&uc_seq=2206&lang_cd=ko,kogl_mark_on_page,,uc_seq_direct,manual_review,high,uc_seq=2206 직접 보유. source_detail_url로 페이지 방문 후 공공누리 마크 여부 확인 필요.
busan-VB-2204,visitbusan,https://www.visitbusan.net/uploadImgs/files/cntnts/20241206140233984,2204,https://www.visitbusan.net/kr/index.do?menuCd=DOM_000000201001001000&uc_seq=2204&lang_cd=ko,kogl_mark_on_page,,uc_seq_direct,manual_review,high,uc_seq=2204 직접 보유. source_detail_url로 페이지 방문 후 공공누리 마크 여부 확인 필요.
busan-VB-2202,visitbusan,https://www.visitbusan.net/uploadImgs/files/cntnts/20241202150020813,2202,https://www.visitbusan.net/kr/index.do?menuCd=DOM_000000201001001000&uc_seq=2202&lang_cd=ko,kogl_mark_on_page,,uc_seq_direct,manual_review,high,uc_seq=2202 직접 보유. source_detail_url로 페이지 방문 후 공공누리 마크 여부 확인 필요.
busan-VB-2200,visitbusan,https://www.visitbusan.net/uploadImgs/files/cntnts/20241202143950023,2200,https://www.visitbusan.net/kr/index.do?menuCd=DOM_000000201001001000&uc_seq=2200&lang_cd=ko,kogl_mark_on_page,,uc_seq_direct,manual_review,high,uc_seq=2200 직접 보유. source_detail_url로 페이지 방문 후 공공누리 마크 여부 확인 필요.
busan-VB-2191,visitbusan,https://www.visitbusan.net/uploadImgs/files/cntnts/20241126144851008,2191,https://www.visitbusan.net/kr/index.do?menuCd=DOM_000000201001001000&uc_seq=2191&lang_cd=ko,kogl_mark_on_page,,uc_seq_direct,manual_review,high,uc_seq=2191 직접 보유. source_detail_url로 페이지 방문 후 공공누리 마크 여부 확인 필요.
busan-VB-2189,visitbusan,https://www.visitbusan.net/uploadImgs/files/cntnts/20241113145816999,2189,https://www.visitbusan.net/kr/index.do?menuCd=DOM_000000201001001000&uc_seq=2189&lang_cd=ko,kogl_mark_on_page,,uc_seq_direct,manual_review,high,uc_seq=2189 직접 보유. source_detail_url로 페이지 방문 후 공공누리 마크 여부 확인 필요.
busan-VB-2188,visitbusan,https://www.visitbusan.net/uploadImgs/files/cntnts/20241112150316938,2188,https://www.visitbusan.net/kr/index.do?menuCd=DOM_000000201001001000&uc_seq=2188&lang_cd=ko,kogl_mark_on_page,,uc_seq_direct,manual_review,high,uc_seq=2188 직접 보유. source_detail_url로 페이지 방문 후 공공누리 마크 여부 확인 필요.
busan-VB-2187,visitbusan,https://www.visitbusan.net/uploadImgs/files/cntnts/20241112141808956,2187,https://www.visitbusan.net/kr/index.do?menuCd=DOM_000000201001001000&uc_seq=2187&lang_cd=ko,kogl_mark_on_page,,uc_seq_direct,manual_review,high,uc_seq=2187 직접 보유. source_detail_url로 페이지 방문 후 공공누리 마크 여부 확인 필요.
busan-VB-2186,visitbusan,https://www.visitbusan.net/uploadImgs/files/cntnts/20241112125514341,2186,https://www.visitbusan.net/kr/index.do?menuCd=DOM_000000201001001000&uc_seq=2186&lang_cd=ko,kogl_mark_on_page,,uc_seq_direct,manual_review,high,uc_seq=2186 직접 보유. source_detail_url로 페이지 방문 후 공공누리 마크 여부 확인 필요.
busan-VB-2173,visitbusan,https://www.visitbusan.net/uploadImgs/files/cntnts/20241107142452622,2173,https://www.visitbusan.net/kr/index.do?menuCd=DOM_000000201001001000&uc_seq=2173&lang_cd=ko,kogl_mark_on_page,,uc_seq_direct,manual_review,high,uc_seq=2173 직접 보유. source_detail_url로 페이지 방문 후 공공누리 마크 여부 확인 필요.
busan-VB-2172,visitbusan,https://www.visitbusan.net/uploadImgs/files/cntnts/20241107133504063,2172,https://www.visitbusan.net/kr/index.do?menuCd=DOM_000000201001001000&uc_seq=2172&lang_cd=ko,kogl_mark_on_page,,uc_seq_direct,manual_review,high,uc_seq=2172 직접 보유. source_detail_url로 페이지 방문 후 공공누리 마크 여부 확인 필요.
busan-VB-2166,visitbusan,https://www.visitbusan.net/uploadImgs/files/cntnts/20241108142157400,2166,https://www.visitbusan.net/kr/index.do?menuCd=DOM_000000201001001000&uc_seq=2166&lang_cd=ko,kogl_mark_on_page,,uc_seq_direct,manual_review,high,uc_seq=2166 직접 보유. source_detail_url로 페이지 방문 후 공공누리 마크 여부 확인 필요.
busan-VB-2157,visitbusan,https://www.visitbusan.net/uploadImgs/files/cntnts/20241031180127634,2157,https://www.visitbusan.net/kr/index.do?menuCd=DOM_000000201001001000&uc_seq=2157&lang_cd=ko,kogl_mark_on_page,,uc_seq_direct,manual_review,high,uc_seq=2157 직접 보유. source_detail_url로 페이지 방문 후 공공누리 마크 여부 확인 필요.
busan-VB-2155,visitbusan,https://www.visitbusan.net/uploadImgs/files/cntnts/20241031151344958,2155,https://www.visitbusan.net/kr/index.do?menuCd=DOM_000000201001001000&uc_seq=2155&lang_cd=ko,kogl_mark_on_page,,uc_seq_direct,manual_review,high,uc_seq=2155 직접 보유. source_detail_url로 페이지 방문 후 공공누리 마크 여부 확인 필요.
busan-VB-2153,visitbusan,https://www.visitbusan.net/uploadImgs/files/cntnts/20241029182913498,2153,https://www.visitbusan.net/kr/index.do?menuCd=DOM_000000201001001000&uc_seq=2153&lang_cd=ko,kogl_mark_on_page,,uc_seq_direct,manual_review,high,uc_seq=2153 직접 보유. source_detail_url로 페이지 방문 후 공공누리 마크 여부 확인 필요.
busan-VB-2145,visitbusan,https://www.visitbusan.net/uploadImgs/files/cntnts/20241025105526827,2145,https://www.visitbusan.net/kr/index.do?menuCd=DOM_000000201001001000&uc_seq=2145&lang_cd=ko,kogl_mark_on_page,,uc_seq_direct,manual_review,high,uc_seq=2145 직접 보유. source_detail_url로 페이지 방문 후 공공누리 마크 여부 확인 필요.
busan-VB-2140,visitbusan,https://www.visitbusan.net/uploadImgs/files/cntnts/20241024113331184,2140,https://www.visitbusan.net/kr/index.do?menuCd=DOM_000000201001001000&uc_seq=2140&lang_cd=ko,kogl_mark_on_page,,uc_seq_direct,manual_review,high,uc_seq=2140 직접 보유. source_detail_url로 페이지 방문 후 공공누리 마크 여부 확인 필요.
busan-VB-2139,visitbusan,https://www.visitbusan.net/uploadImgs/files/cntnts/20241024131843096,2139,https://www.visitbusan.net/kr/index.do?menuCd=DOM_000000201001001000&uc_seq=2139&lang_cd=ko,kogl_mark_on_page,,uc_seq_direct,manual_review,high,uc_seq=2139 직접 보유. source_detail_url로 페이지 방문 후 공공누리 마크 여부 확인 필요.
busan-VB-2138,visitbusan,https://www.visitbusan.net/uploadImgs/files/cntnts/20241024114149701,2138,https://www.visitbusan.net/kr/index.do?menuCd=DOM_000000201001001000&uc_seq=2138&lang_cd=ko,kogl_mark_on_page,,uc_seq_direct,manual_review,high,uc_seq=2138 직접 보유. source_detail_url로 페이지 방문 후 공공누리 마크 여부 확인 필요.
busan-VB-2133,visitbusan,https://www.visitbusan.net/uploadImgs/files/cntnts/20241017115549245,2133,https://www.visitbusan.net/kr/index.do?menuCd=DOM_000000201001001000&uc_seq=2133&lang_cd=ko,kogl_mark_on_page,,uc_seq_direct,manual_review,high,uc_seq=2133 직접 보유. source_detail_url로 페이지 방문 후 공공누리 마크 여부 확인 필요.
busan-VB-2121,visitbusan,https://www.visitbusan.net/uploadImgs/files/cntnts/20241002101127462,2121,https://www.visitbusan.net/kr/index.do?menuCd=DOM_000000201001001000&uc_seq=2121&lang_cd=ko,kogl_mark_on_page,,uc_seq_direct,manual_review,high,uc_seq=2121 직접 보유. source_detail_url로 페이지 방문 후 공공누리 마크 여부 확인 필요.
busan-VB-2119,visitbusan,https://www.visitbusan.net/uploadImgs/files/cntnts/20240926181328093,2119,https://www.visitbusan.net/kr/index.do?menuCd=DOM_000000201001001000&uc_seq=2119&lang_cd=ko,kogl_mark_on_page,,uc_seq_direct,manual_review,high,uc_seq=2119 직접 보유. source_detail_url로 페이지 방문 후 공공누리 마크 여부 확인 필요.
busan-VB-2106,visitbusan,https://www.visitbusan.net/uploadImgs/files/cntnts/20240923150247468,2106,https://www.visitbusan.net/kr/index.do?menuCd=DOM_000000201001001000&uc_seq=2106&lang_cd=ko,kogl_mark_on_page,,uc_seq_direct,manual_review,high,uc_seq=2106 직접 보유. source_detail_url로 페이지 방문 후 공공누리 마크 여부 확인 필요.
busan-VB-2105,visitbusan,https://www.visitbusan.net/uploadImgs/files/cntnts/20240923144618796,2105,https://www.visitbusan.net/kr/index.do?menuCd=DOM_000000201001001000&uc_seq=2105&lang_cd=ko,kogl_mark_on_page,,uc_seq_direct,manual_review,high,uc_seq=2105 직접 보유. source_detail_url로 페이지 방문 후 공공누리 마크 여부 확인 필요.
busan-VB-2104,visitbusan,https://www.visitbusan.net/uploadImgs/files/cntnts/20240923142217173,2104,https://www.visitbusan.net/kr/index.do?menuCd=DOM_000000201001001000&uc_seq=2104&lang_cd=ko,kogl_mark_on_page,,uc_seq_direct,manual_review,high,uc_seq=2104 직접 보유. source_detail_url로 페이지 방문 후 공공누리 마크 여부 확인 필요.
busan-VB-2102,visitbusan,https://www.visitbusan.net/uploadImgs/files/cntnts/20240923115623200,2102,https://www.visitbusan.net/kr/index.do?menuCd=DOM_000000201001001000&uc_seq=2102&lang_cd=ko,kogl_mark_on_page,,uc_seq_direct,manual_review,high,uc_seq=2102 직접 보유. source_detail_url로 페이지 방문 후 공공누리 마크 여부 확인 필요.
busan-VB-2095,visitbusan,https://www.visitbusan.net/uploadImgs/files/cntnts/20240920110953518,2095,https://www.visitbusan.net/kr/index.do?menuCd=DOM_000000201001001000&uc_seq=2095&lang_cd=ko,kogl_mark_on_page,,uc_seq_direct,manual_review,high,uc_seq=2095 직접 보유. source_detail_url로 페이지 방문 후 공공누리 마크 여부 확인 필요.
busan-VB-2086,visitbusan,https://www.visitbusan.net/uploadImgs/files/cntnts/20240913175719812,2086,https://www.visitbusan.net/kr/index.do?menuCd=DOM_000000201001001000&uc_seq=2086&lang_cd=ko,kogl_mark_on_page,,uc_seq_direct,manual_review,high,uc_seq=2086 직접 보유. source_detail_url로 페이지 방문 후 공공누리 마크 여부 확인 필요.
busan-VB-2085,visitbusan,https://www.visitbusan.net/uploadImgs/files/cntnts/20240911180908467,2085,https://www.visitbusan.net/kr/index.do?menuCd=DOM_000000201001001000&uc_seq=2085&lang_cd=ko,kogl_mark_on_page,,uc_seq_direct,manual_review,high,uc_seq=2085 직접 보유. source_detail_url로 페이지 방문 후 공공누리 마크 여부 확인 필요.
busan-VB-2082,visitbusan,https://www.visitbusan.net/uploadImgs/files/cntnts/20240911173034092,2082,https://www.visitbusan.net/kr/index.do?menuCd=DOM_000000201001001000&uc_seq=2082&lang_cd=ko,kogl_mark_on_page,,uc_seq_direct,manual_review,high,uc_seq=2082 직접 보유. source_detail_url로 페이지 방문 후 공공누리 마크 여부 확인 필요.
busan-VB-2081,visitbusan,https://www.visitbusan.net/uploadImgs/files/cntnts/20240911140423764,2081,https://www.visitbusan.net/kr/index.do?menuCd=DOM_000000201001001000&uc_seq=2081&lang_cd=ko,kogl_mark_on_page,,uc_seq_direct,manual_review,high,uc_seq=2081 직접 보유. source_detail_url로 페이지 방문 후 공공누리 마크 여부 확인 필요.
busan-VB-2079,visitbusan,https://www.visitbusan.net/uploadImgs/files/cntnts/20240910171845448,2079,https://www.visitbusan.net/kr/index.do?menuCd=DOM_000000201001001000&uc_seq=2079&lang_cd=ko,kogl_mark_on_page,,uc_seq_direct,manual_review,high,uc_seq=2079 직접 보유. source_detail_url로 페이지 방문 후 공공누리 마크 여부 확인 필요.
busan-VB-2078,visitbusan,https://www.visitbusan.net/uploadImgs/files/cntnts/20240911101725976,2078,https://www.visitbusan.net/kr/index.do?menuCd=DOM_000000201001001000&uc_seq=2078&lang_cd=ko,kogl_mark_on_page,,uc_seq_direct,manual_review,high,uc_seq=2078 직접 보유. source_detail_url로 페이지 방문 후 공공누리 마크 여부 확인 필요.
busan-VB-2077,visitbusan,https://www.visitbusan.net/uploadImgs/files/cntnts/20240904145348246,2077,https://www.visitbusan.net/kr/index.do?menuCd=DOM_000000201001001000&uc_seq=2077&lang_cd=ko,kogl_mark_on_page,,uc_seq_direct,manual_review,high,uc_seq=2077 직접 보유. source_detail_url로 페이지 방문 후 공공누리 마크 여부 확인 필요.
busan-VB-2067,visitbusan,https://www.visitbusan.net/uploadImgs/files/cntnts/20240826154634475,2067,https://www.visitbusan.net/kr/index.do?menuCd=DOM_000000201001001000&uc_seq=2067&lang_cd=ko,kogl_mark_on_page,,uc_seq_direct,manual_review,high,uc_seq=2067 직접 보유. source_detail_url로 페이지 방문 후 공공누리 마크 여부 확인 필요.
busan-VB-2065,visitbusan,https://www.visitbusan.net/uploadImgs/files/cntnts/20240821134135301,2065,https://www.visitbusan.net/kr/index.do?menuCd=DOM_000000201001001000&uc_seq=2065&lang_cd=ko,kogl_mark_on_page,,uc_seq_direct,manual_review,high,uc_seq=2065 직접 보유. source_detail_url로 페이지 방문 후 공공누리 마크 여부 확인 필요.
busan-VB-2034,visitbusan,https://www.visitbusan.net/uploadImgs/files/cntnts/20240809171648007_oen,2034,https://www.visitbusan.net/kr/index.do?menuCd=DOM_000000201001001000&uc_seq=2034&lang_cd=ko,kogl_mark_on_page,,uc_seq_direct,manual_review,high,uc_seq=2034 직접 보유. source_detail_url로 페이지 방문 후 공공누리 마크 여부 확인 필요.
busan-VB-2024,visitbusan,https://www.visitbusan.net/uploadImgs/files/cntnts/20240809163409782_oen,2024,https://www.visitbusan.net/kr/index.do?menuCd=DOM_000000201001001000&uc_seq=2024&lang_cd=ko,kogl_mark_on_page,,uc_seq_direct,manual_review,high,uc_seq=2024 직접 보유. source_detail_url로 페이지 방문 후 공공누리 마크 여부 확인 필요.
busan-VB-2019,visitbusan,https://www.visitbusan.net/uploadImgs/files/cntnts/20240809163724512_oen,2019,https://www.visitbusan.net/kr/index.do?menuCd=DOM_000000201001001000&uc_seq=2019&lang_cd=ko,kogl_mark_on_page,,uc_seq_direct,manual_review,high,uc_seq=2019 직접 보유. source_detail_url로 페이지 방문 후 공공누리 마크 여부 확인 필요.
busan-VB-2013,visitbusan,https://www.visitbusan.net/uploadImgs/files/cntnts/20240809162015670_oen,2013,https://www.visitbusan.net/kr/index.do?menuCd=DOM_000000201001001000&uc_seq=2013&lang_cd=ko,kogl_mark_on_page,,uc_seq_direct,manual_review,high,uc_seq=2013 직접 보유. source_detail_url로 페이지 방문 후 공공누리 마크 여부 확인 필요.
busan-VB-1900,visitbusan,https://www.visitbusan.net/uploadImgs/files/cntnts/20240703180817497_oen,1900,https://www.visitbusan.net/kr/index.do?menuCd=DOM_000000201001001000&uc_seq=1900&lang_cd=ko,kogl_mark_on_page,,uc_seq_direct,manual_review,high,uc_seq=1900 직접 보유. source_detail_url로 페이지 방문 후 공공누리 마크 여부 확인 필요.
busan-VB-1890,visitbusan,https://www.visitbusan.net/uploadImgs/files/cntnts/20240626113937766,1890,https://www.visitbusan.net/kr/index.do?menuCd=DOM_000000201001001000&uc_seq=1890&lang_cd=ko,kogl_mark_on_page,,uc_seq_direct,manual_review,high,uc_seq=1890 직접 보유. source_detail_url로 페이지 방문 후 공공누리 마크 여부 확인 필요.
busan-VB-1881,visitbusan,https://www.visitbusan.net/uploadImgs/files/cntnts/20240605163754301,1881,https://www.visitbusan.net/kr/index.do?menuCd=DOM_000000201001001000&uc_seq=1881&lang_cd=ko,kogl_mark_on_page,,uc_seq_direct,manual_review,high,uc_seq=1881 직접 보유. source_detail_url로 페이지 방문 후 공공누리 마크 여부 확인 필요.
busan-VB-1868,visitbusan,https://www.visitbusan.net/uploadImgs/files/cntnts/20240527143901347,1868,https://www.visitbusan.net/kr/index.do?menuCd=DOM_000000201001001000&uc_seq=1868&lang_cd=ko,kogl_mark_on_page,,uc_seq_direct,manual_review,high,uc_seq=1868 직접 보유. source_detail_url로 페이지 방문 후 공공누리 마크 여부 확인 필요.
busan-VB-1867,visitbusan,https://www.visitbusan.net/uploadImgs/files/cntnts/20240528135430979,1867,https://www.visitbusan.net/kr/index.do?menuCd=DOM_000000201001001000&uc_seq=1867&lang_cd=ko,kogl_mark_on_page,,uc_seq_direct,manual_review,high,uc_seq=1867 직접 보유. source_detail_url로 페이지 방문 후 공공누리 마크 여부 확인 필요.
busan-VB-1866,visitbusan,https://www.visitbusan.net/uploadImgs/files/cntnts/20240528140620645,1866,https://www.visitbusan.net/kr/index.do?menuCd=DOM_000000201001001000&uc_seq=1866&lang_cd=ko,kogl_mark_on_page,,uc_seq_direct,manual_review,high,uc_seq=1866 직접 보유. source_detail_url로 페이지 방문 후 공공누리 마크 여부 확인 필요.
busan-VB-1862,visitbusan,https://www.visitbusan.net/uploadImgs/files/cntnts/20240528134839123,1862,https://www.visitbusan.net/kr/index.do?menuCd=DOM_000000201001001000&uc_seq=1862&lang_cd=ko,kogl_mark_on_page,,uc_seq_direct,manual_review,high,uc_seq=1862 직접 보유. source_detail_url로 페이지 방문 후 공공누리 마크 여부 확인 필요.
busan-VB-1857,visitbusan,https://www.visitbusan.net/uploadImgs/files/cntnts/20240503180255101,1857,https://www.visitbusan.net/kr/index.do?menuCd=DOM_000000201001001000&uc_seq=1857&lang_cd=ko,kogl_mark_on_page,,uc_seq_direct,manual_review,high,uc_seq=1857 직접 보유. source_detail_url로 페이지 방문 후 공공누리 마크 여부 확인 필요.
busan-VB-1772,visitbusan,https://www.visitbusan.net/uploadImgs/files/cntnts/20240103105345242,1772,https://www.visitbusan.net/kr/index.do?menuCd=DOM_000000201001001000&uc_seq=1772&lang_cd=ko,kogl_mark_on_page,,uc_seq_direct,manual_review,high,uc_seq=1772 직접 보유. source_detail_url로 페이지 방문 후 공공누리 마크 여부 확인 필요.
busan-VB-1449,visitbusan,https://www.visitbusan.net/uploadImgs/files/cntnts/20230531220739285,1449,https://www.visitbusan.net/kr/index.do?menuCd=DOM_000000201001001000&uc_seq=1449&lang_cd=ko,kogl_mark_on_page,,uc_seq_direct,manual_review,high,uc_seq=1449 직접 보유. source_detail_url로 페이지 방문 후 공공누리 마크 여부 확인 필요.
busan-VB-1444,visitbusan,https://www.visitbusan.net/uploadImgs/files/cntnts/20230602095512309,1444,https://www.visitbusan.net/kr/index.do?menuCd=DOM_000000201001001000&uc_seq=1444&lang_cd=ko,kogl_mark_on_page,,uc_seq_direct,manual_review,high,uc_seq=1444 직접 보유. source_detail_url로 페이지 방문 후 공공누리 마크 여부 확인 필요.
busan-VB-1440,visitbusan,https://www.visitbusan.net/uploadImgs/files/cntnts/20230525134753245,1440,https://www.visitbusan.net/kr/index.do?menuCd=DOM_000000201001001000&uc_seq=1440&lang_cd=ko,kogl_mark_on_page,,uc_seq_direct,manual_review,high,uc_seq=1440 직접 보유. source_detail_url로 페이지 방문 후 공공누리 마크 여부 확인 필요.
busan-VB-1434,visitbusan,https://www.visitbusan.net/uploadImgs/files/cntnts/20230519190619574,1434,https://www.visitbusan.net/kr/index.do?menuCd=DOM_000000201001001000&uc_seq=1434&lang_cd=ko,kogl_mark_on_page,,uc_seq_direct,manual_review,high,uc_seq=1434 직접 보유. source_detail_url로 페이지 방문 후 공공누리 마크 여부 확인 필요.
busan-VB-1422,visitbusan,https://www.visitbusan.net/uploadImgs/files/cntnts/20230508183214812,1422,https://www.visitbusan.net/kr/index.do?menuCd=DOM_000000201001001000&uc_seq=1422&lang_cd=ko,kogl_mark_on_page,,uc_seq_direct,manual_review,high,uc_seq=1422 직접 보유. source_detail_url로 페이지 방문 후 공공누리 마크 여부 확인 필요.
busan-VB-1185,visitbusan,https://www.visitbusan.net/uploadImgs/files/cntnts/20211123183743098,1185,https://www.visitbusan.net/kr/index.do?menuCd=DOM_000000201001001000&uc_seq=1185&lang_cd=ko,kogl_mark_on_page,,uc_seq_direct,manual_review,high,uc_seq=1185 직접 보유. source_detail_url로 페이지 방문 후 공공누리 마크 여부 확인 필요.
busan-VB-1179,visitbusan,https://www.visitbusan.net/uploadImgs/files/cntnts/20211116151308755,1179,https://www.visitbusan.net/kr/index.do?menuCd=DOM_000000201001001000&uc_seq=1179&lang_cd=ko,kogl_mark_on_page,,uc_seq_direct,manual_review,high,uc_seq=1179 직접 보유. source_detail_url로 페이지 방문 후 공공누리 마크 여부 확인 필요.
busan-VB-1142,visitbusan,https://www.visitbusan.net/uploadImgs/files/cntnts/20230202161355598,1142,https://www.visitbusan.net/kr/index.do?menuCd=DOM_000000201001001000&uc_seq=1142&lang_cd=ko,kogl_mark_on_page,,uc_seq_direct,manual_review,high,uc_seq=1142 직접 보유. source_detail_url로 페이지 방문 후 공공누리 마크 여부 확인 필요.
busan-VB-1031,visitbusan,https://www.visitbusan.net/uploadImgs/files/cntnts/20201216170753435,1031,https://www.visitbusan.net/kr/index.do?menuCd=DOM_000000201001001000&uc_seq=1031&lang_cd=ko,kogl_mark_on_page,,uc_seq_direct,manual_review,high,uc_seq=1031 직접 보유. source_detail_url로 페이지 방문 후 공공누리 마크 여부 확인 필요.
busan-VB-876,visitbusan,https://www.visitbusan.net/uploadImgs/files/cntnts/20200818133843206,876,https://www.visitbusan.net/kr/index.do?menuCd=DOM_000000201001001000&uc_seq=876&lang_cd=ko,kogl_mark_on_page,,uc_seq_direct,manual_review,high,uc_seq=876 직접 보유. source_detail_url로 페이지 방문 후 공공누리 마크 여부 확인 필요.
busan-VB-859,visitbusan,https://www.visitbusan.net/uploadImgs/files/cntnts/20200812172315522,859,https://www.visitbusan.net/kr/index.do?menuCd=DOM_000000201001001000&uc_seq=859&lang_cd=ko,kogl_mark_on_page,,uc_seq_direct,manual_review,high,uc_seq=859 직접 보유. source_detail_url로 페이지 방문 후 공공누리 마크 여부 확인 필요.
busan-VB-838,visitbusan,https://www.visitbusan.net/uploadImgs/files/cntnts/20200722140028489,838,https://www.visitbusan.net/kr/index.do?menuCd=DOM_000000201001001000&uc_seq=838&lang_cd=ko,kogl_mark_on_page,,uc_seq_direct,manual_review,high,uc_seq=838 직접 보유. source_detail_url로 페이지 방문 후 공공누리 마크 여부 확인 필요.
busan-VB-833,visitbusan,https://www.visitbusan.net/uploadImgs/files/cntnts/20200717114921294,833,https://www.visitbusan.net/kr/index.do?menuCd=DOM_000000201001001000&uc_seq=833&lang_cd=ko,kogl_mark_on_page,,uc_seq_direct,manual_review,high,uc_seq=833 직접 보유. source_detail_url로 페이지 방문 후 공공누리 마크 여부 확인 필요.
busan-VB-813,visitbusan,https://www.visitbusan.net/uploadImgs/files/cntnts/20200706134923010,813,https://www.visitbusan.net/kr/index.do?menuCd=DOM_000000201001001000&uc_seq=813&lang_cd=ko,kogl_mark_on_page,,uc_seq_direct,manual_review,high,uc_seq=813 직접 보유. source_detail_url로 페이지 방문 후 공공누리 마크 여부 확인 필요.
busan-VB-804,visitbusan,https://www.visitbusan.net/uploadImgs/files/cntnts/20200706141824447,804,https://www.visitbusan.net/kr/index.do?menuCd=DOM_000000201001001000&uc_seq=804&lang_cd=ko,kogl_mark_on_page,,uc_seq_direct,manual_review,high,uc_seq=804 직접 보유. source_detail_url로 페이지 방문 후 공공누리 마크 여부 확인 필요.
busan-VB-757,visitbusan,https://www.visitbusan.net/uploadImgs/files/cntnts/20200514115750295,757,https://www.visitbusan.net/kr/index.do?menuCd=DOM_000000201001001000&uc_seq=757&lang_cd=ko,kogl_mark_on_page,,uc_seq_direct,manual_review,high,uc_seq=757 직접 보유. source_detail_url로 페이지 방문 후 공공누리 마크 여부 확인 필요.
busan-VB-373,visitbusan,https://www.visitbusan.net/uploadImgs/files/cntnts/20191229153530528,373,https://www.visitbusan.net/kr/index.do?menuCd=DOM_000000201001001000&uc_seq=373&lang_cd=ko,kogl_mark_on_page,,uc_seq_direct,manual_review,high,uc_seq=373 직접 보유. source_detail_url로 페이지 방문 후 공공누리 마크 여부 확인 필요.
busan-VB-377,visitbusan,https://www.visitbusan.net/uploadImgs/files/cntnts/20191229160529389,377,https://www.visitbusan.net/kr/index.do?menuCd=DOM_000000201001001000&uc_seq=377&lang_cd=ko,kogl_mark_on_page,,uc_seq_direct,manual_review,high,uc_seq=377 직접 보유. source_detail_url로 페이지 방문 후 공공누리 마크 여부 확인 필요.
busan-VB-365,visitbusan,https://www.visitbusan.net/uploadImgs/files/cntnts/20191229142305006,365,https://www.visitbusan.net/kr/index.do?menuCd=DOM_000000201001001000&uc_seq=365&lang_cd=ko,kogl_mark_on_page,,uc_seq_direct,manual_review,high,uc_seq=365 직접 보유. source_detail_url로 페이지 방문 후 공공누리 마크 여부 확인 필요.
busan-VB-364,visitbusan,https://www.visitbusan.net/uploadImgs/files/cntnts/20191229141716592,364,https://www.visitbusan.net/kr/index.do?menuCd=DOM_000000201001001000&uc_seq=364&lang_cd=ko,kogl_mark_on_page,,uc_seq_direct,manual_review,high,uc_seq=364 직접 보유. source_detail_url로 페이지 방문 후 공공누리 마크 여부 확인 필요.
busan-VB-255,visitbusan,https://www.visitbusan.net/uploadImgs/files/cntnts/20191222164810529,255,https://www.visitbusan.net/kr/index.do?menuCd=DOM_000000201001001000&uc_seq=255&lang_cd=ko,kogl_mark_on_page,,uc_seq_direct,manual_review,high,uc_seq=255 직접 보유. source_detail_url로 페이지 방문 후 공공누리 마크 여부 확인 필요.
busan-VB-366,visitbusan,https://www.visitbusan.net/uploadImgs/files/cntnts/20191229143230630,366,https://www.visitbusan.net/kr/index.do?menuCd=DOM_000000201001001000&uc_seq=366&lang_cd=ko,kogl_mark_on_page,,uc_seq_direct,manual_review,high,uc_seq=366 직접 보유. source_detail_url로 페이지 방문 후 공공누리 마크 여부 확인 필요.
busan-VB-258,visitbusan,https://www.visitbusan.net/uploadImgs/files/cntnts/20191222180829962,258,https://www.visitbusan.net/kr/index.do?menuCd=DOM_000000201001001000&uc_seq=258&lang_cd=ko,kogl_mark_on_page,,uc_seq_direct,manual_review,high,uc_seq=258 직접 보유. source_detail_url로 페이지 방문 후 공공누리 마크 여부 확인 필요.
busan-VB-257,visitbusan,https://www.visitbusan.net/uploadImgs/files/cntnts/20191222175627506,257,https://www.visitbusan.net/kr/index.do?menuCd=DOM_000000201001001000&uc_seq=257&lang_cd=ko,kogl_mark_on_page,,uc_seq_direct,manual_review,high,uc_seq=257 직접 보유. source_detail_url로 페이지 방문 후 공공누리 마크 여부 확인 필요.
busan-VB-287,visitbusan,https://www.visitbusan.net/uploadImgs/files/cntnts/20191225180243523,287,https://www.visitbusan.net/kr/index.do?menuCd=DOM_000000201001001000&uc_seq=287&lang_cd=ko,kogl_mark_on_page,,uc_seq_direct,manual_review,high,uc_seq=287 직접 보유. source_detail_url로 페이지 방문 후 공공누리 마크 여부 확인 필요.
busan-VB-286,visitbusan,https://www.visitbusan.net/uploadImgs/files/cntnts/20191225175459392,286,https://www.visitbusan.net/kr/index.do?menuCd=DOM_000000201001001000&uc_seq=286&lang_cd=ko,kogl_mark_on_page,,uc_seq_direct,manual_review,high,uc_seq=286 직접 보유. source_detail_url로 페이지 방문 후 공공누리 마크 여부 확인 필요.
busan-VB-280,visitbusan,https://www.visitbusan.net/uploadImgs/files/cntnts/20230630185239164,280,https://www.visitbusan.net/kr/index.do?menuCd=DOM_000000201001001000&uc_seq=280&lang_cd=ko,kogl_mark_on_page,,uc_seq_direct,manual_review,high,uc_seq=280 직접 보유. source_detail_url로 페이지 방문 후 공공누리 마크 여부 확인 필요.
busan-VB-278,visitbusan,https://www.visitbusan.net/uploadImgs/files/cntnts/20191225164921130,278,https://www.visitbusan.net/kr/index.do?menuCd=DOM_000000201001001000&uc_seq=278&lang_cd=ko,kogl_mark_on_page,,uc_seq_direct,manual_review,high,uc_seq=278 직접 보유. source_detail_url로 페이지 방문 후 공공누리 마크 여부 확인 필요.
busan-VB-326,visitbusan,https://www.visitbusan.net/uploadImgs/files/cntnts/20191227112720050,326,https://www.visitbusan.net/kr/index.do?menuCd=DOM_000000201001001000&uc_seq=326&lang_cd=ko,kogl_mark_on_page,,uc_seq_direct,manual_review,high,uc_seq=326 직접 보유. source_detail_url로 페이지 방문 후 공공누리 마크 여부 확인 필요.
busan-VB-354,visitbusan,https://www.visitbusan.net/uploadImgs/files/cntnts/20191227194942971,354,https://www.visitbusan.net/kr/index.do?menuCd=DOM_000000201001001000&uc_seq=354&lang_cd=ko,kogl_mark_on_page,,uc_seq_direct,manual_review,high,uc_seq=354 직접 보유. source_detail_url로 페이지 방문 후 공공누리 마크 여부 확인 필요.
busan-VB-368,visitbusan,https://www.visitbusan.net/uploadImgs/files/cntnts/20191229145728609,368,https://www.visitbusan.net/kr/index.do?menuCd=DOM_000000201001001000&uc_seq=368&lang_cd=ko,kogl_mark_on_page,,uc_seq_direct,manual_review,high,uc_seq=368 직접 보유. source_detail_url로 페이지 방문 후 공공누리 마크 여부 확인 필요.
busan-VB-261,visitbusan,https://www.visitbusan.net/uploadImgs/files/cntnts/20191222190823385,261,https://www.visitbusan.net/kr/index.do?menuCd=DOM_000000201001001000&uc_seq=261&lang_cd=ko,kogl_mark_on_page,,uc_seq_direct,manual_review,high,uc_seq=261 직접 보유. source_detail_url로 페이지 방문 후 공공누리 마크 여부 확인 필요.
busan-VB-259,visitbusan,https://www.visitbusan.net/uploadImgs/files/cntnts/20191222181829937,259,https://www.visitbusan.net/kr/index.do?menuCd=DOM_000000201001001000&uc_seq=259&lang_cd=ko,kogl_mark_on_page,,uc_seq_direct,manual_review,high,uc_seq=259 직접 보유. source_detail_url로 페이지 방문 후 공공누리 마크 여부 확인 필요.
busan-VB-348,visitbusan,https://www.visitbusan.net/uploadImgs/files/cntnts/20191227190325222,348,https://www.visitbusan.net/kr/index.do?menuCd=DOM_000000201001001000&uc_seq=348&lang_cd=ko,kogl_mark_on_page,,uc_seq_direct,manual_review,high,uc_seq=348 직접 보유. source_detail_url로 페이지 방문 후 공공누리 마크 여부 확인 필요.
busan-VB-371,visitbusan,https://www.visitbusan.net/uploadImgs/files/cntnts/20191229151710512,371,https://www.visitbusan.net/kr/index.do?menuCd=DOM_000000201001001000&uc_seq=371&lang_cd=ko,kogl_mark_on_page,,uc_seq_direct,manual_review,high,uc_seq=371 직접 보유. source_detail_url로 페이지 방문 후 공공누리 마크 여부 확인 필요.
busan-VB-369,visitbusan,https://www.visitbusan.net/uploadImgs/files/cntnts/20191229150331682,369,https://www.visitbusan.net/kr/index.do?menuCd=DOM_000000201001001000&uc_seq=369&lang_cd=ko,kogl_mark_on_page,,uc_seq_direct,manual_review,high,uc_seq=369 직접 보유. source_detail_url로 페이지 방문 후 공공누리 마크 여부 확인 필요.
busan-VB-272,visitbusan,https://www.visitbusan.net/uploadImgs/files/cntnts/20191225154726785,272,https://www.visitbusan.net/kr/index.do?menuCd=DOM_000000201001001000&uc_seq=272&lang_cd=ko,kogl_mark_on_page,,uc_seq_direct,manual_review,high,uc_seq=272 직접 보유. source_detail_url로 페이지 방문 후 공공누리 마크 여부 확인 필요.
busan-VB-325,visitbusan,https://www.visitbusan.net/uploadImgs/files/cntnts/20230602100722403,325,https://www.visitbusan.net/kr/index.do?menuCd=DOM_000000201001001000&uc_seq=325&lang_cd=ko,kogl_mark_on_page,,uc_seq_direct,manual_review,high,uc_seq=325 직접 보유. source_detail_url로 페이지 방문 후 공공누리 마크 여부 확인 필요.
busan-VB-402,visitbusan,https://www.visitbusan.net/uploadImgs/files/cntnts/20191230190101989,402,https://www.visitbusan.net/kr/index.do?menuCd=DOM_000000201001001000&uc_seq=402&lang_cd=ko,kogl_mark_on_page,,uc_seq_direct,manual_review,high,uc_seq=402 직접 보유. source_detail_url로 페이지 방문 후 공공누리 마크 여부 확인 필요.
busan-VB-333,visitbusan,https://www.visitbusan.net/uploadImgs/files/cntnts/20191227160751479,333,https://www.visitbusan.net/kr/index.do?menuCd=DOM_000000201001001000&uc_seq=333&lang_cd=ko,kogl_mark_on_page,,uc_seq_direct,manual_review,high,uc_seq=333 직접 보유. source_detail_url로 페이지 방문 후 공공누리 마크 여부 확인 필요.
busan-VB-285,visitbusan,https://www.visitbusan.net/uploadImgs/files/cntnts/20191225174730014,285,https://www.visitbusan.net/kr/index.do?menuCd=DOM_000000201001001000&uc_seq=285&lang_cd=ko,kogl_mark_on_page,,uc_seq_direct,manual_review,high,uc_seq=285 직접 보유. source_detail_url로 페이지 방문 후 공공누리 마크 여부 확인 필요.
busan-VB-335,visitbusan,https://www.visitbusan.net/uploadImgs/files/cntnts/20191227163229549,335,https://www.visitbusan.net/kr/index.do?menuCd=DOM_000000201001001000&uc_seq=335&lang_cd=ko,kogl_mark_on_page,,uc_seq_direct,manual_review,high,uc_seq=335 직접 보유. source_detail_url로 페이지 방문 후 공공누리 마크 여부 확인 필요.
busan-VB-396,visitbusan,https://www.visitbusan.net/uploadImgs/files/cntnts/20191230180640227,396,https://www.visitbusan.net/kr/index.do?menuCd=DOM_000000201001001000&uc_seq=396&lang_cd=ko,kogl_mark_on_page,,uc_seq_direct,manual_review,high,uc_seq=396 직접 보유. source_detail_url로 페이지 방문 후 공공누리 마크 여부 확인 필요.
busan-VB-264,visitbusan,https://www.visitbusan.net/uploadImgs/files/cntnts/20191224171115847,264,https://www.visitbusan.net/kr/index.do?menuCd=DOM_000000201001001000&uc_seq=264&lang_cd=ko,kogl_mark_on_page,,uc_seq_direct,manual_review,high,uc_seq=264 직접 보유. source_detail_url로 페이지 방문 후 공공누리 마크 여부 확인 필요.
busan-VB-334,visitbusan,https://www.visitbusan.net/uploadImgs/files/cntnts/20191227161822663,334,https://www.visitbusan.net/kr/index.do?menuCd=DOM_000000201001001000&uc_seq=334&lang_cd=ko,kogl_mark_on_page,,uc_seq_direct,manual_review,high,uc_seq=334 직접 보유. source_detail_url로 페이지 방문 후 공공누리 마크 여부 확인 필요.
busan-VB-444,visitbusan,https://www.visitbusan.net/uploadImgs/files/cntnts/20191231180337567,444,https://www.visitbusan.net/kr/index.do?menuCd=DOM_000000201001001000&uc_seq=444&lang_cd=ko,kogl_mark_on_page,,uc_seq_direct,manual_review,high,uc_seq=444 직접 보유. source_detail_url로 페이지 방문 후 공공누리 마크 여부 확인 필요.
busan-VB-273,visitbusan,https://www.visitbusan.net/uploadImgs/files/cntnts/20250929174908393,273,https://www.visitbusan.net/kr/index.do?menuCd=DOM_000000201001001000&uc_seq=273&lang_cd=ko,kogl_mark_on_page,,uc_seq_direct,manual_review,high,uc_seq=273 직접 보유. source_detail_url로 페이지 방문 후 공공누리 마크 여부 확인 필요.
busan-VB-274,visitbusan,https://www.visitbusan.net/uploadImgs/files/cntnts/20191225160959194,274,https://www.visitbusan.net/kr/index.do?menuCd=DOM_000000201001001000&uc_seq=274&lang_cd=ko,kogl_mark_on_page,,uc_seq_direct,manual_review,high,uc_seq=274 직접 보유. source_detail_url로 페이지 방문 후 공공누리 마크 여부 확인 필요.
busan-VB-340,visitbusan,https://www.visitbusan.net/uploadImgs/files/cntnts/20230901132543063,340,https://www.visitbusan.net/kr/index.do?menuCd=DOM_000000201001001000&uc_seq=340&lang_cd=ko,kogl_mark_on_page,,uc_seq_direct,manual_review,high,uc_seq=340 직접 보유. source_detail_url로 페이지 방문 후 공공누리 마크 여부 확인 필요.
busan-VB-256,visitbusan,https://www.visitbusan.net/uploadImgs/files/cntnts/20191222171209005,256,https://www.visitbusan.net/kr/index.do?menuCd=DOM_000000201001001000&uc_seq=256&lang_cd=ko,kogl_mark_on_page,,uc_seq_direct,manual_review,high,uc_seq=256 직접 보유. source_detail_url로 페이지 방문 후 공공누리 마크 여부 확인 필요.
busan-VB-409,visitbusan,https://www.visitbusan.net/uploadImgs/files/cntnts/20191230194923757,409,https://www.visitbusan.net/kr/index.do?menuCd=DOM_000000201001001000&uc_seq=409&lang_cd=ko,kogl_mark_on_page,,uc_seq_direct,manual_review,high,uc_seq=409 직접 보유. source_detail_url로 페이지 방문 후 공공누리 마크 여부 확인 필요.
busan-VB-419,visitbusan,https://www.visitbusan.net/uploadImgs/files/cntnts/20191230205640434,419,https://www.visitbusan.net/kr/index.do?menuCd=DOM_000000201001001000&uc_seq=419&lang_cd=ko,kogl_mark_on_page,,uc_seq_direct,manual_review,high,uc_seq=419 직접 보유. source_detail_url로 페이지 방문 후 공공누리 마크 여부 확인 필요.
busan-VB-362,visitbusan,https://www.visitbusan.net/uploadImgs/files/cntnts/20191227204420832,362,https://www.visitbusan.net/kr/index.do?menuCd=DOM_000000201001001000&uc_seq=362&lang_cd=ko,kogl_mark_on_page,,uc_seq_direct,manual_review,high,uc_seq=362 직접 보유. source_detail_url로 페이지 방문 후 공공누리 마크 여부 확인 필요.
busan-VB-372,visitbusan,https://www.visitbusan.net/uploadImgs/files/cntnts/20191229152254942,372,https://www.visitbusan.net/kr/index.do?menuCd=DOM_000000201001001000&uc_seq=372&lang_cd=ko,kogl_mark_on_page,,uc_seq_direct,manual_review,high,uc_seq=372 직접 보유. source_detail_url로 페이지 방문 후 공공누리 마크 여부 확인 필요.
busan-VB-426,visitbusan,https://www.visitbusan.net/uploadImgs/files/cntnts/20191231092729834,426,https://www.visitbusan.net/kr/index.do?menuCd=DOM_000000201001001000&uc_seq=426&lang_cd=ko,kogl_mark_on_page,,uc_seq_direct,manual_review,high,uc_seq=426 직접 보유. source_detail_url로 페이지 방문 후 공공누리 마크 여부 확인 필요.
busan-VB-277,visitbusan,https://www.visitbusan.net/uploadImgs/files/cntnts/20191225164342360,277,https://www.visitbusan.net/kr/index.do?menuCd=DOM_000000201001001000&uc_seq=277&lang_cd=ko,kogl_mark_on_page,,uc_seq_direct,manual_review,high,uc_seq=277 직접 보유. source_detail_url로 페이지 방문 후 공공누리 마크 여부 확인 필요.
busan-VB-276,visitbusan,https://www.visitbusan.net/uploadImgs/files/cntnts/20191225163741459,276,https://www.visitbusan.net/kr/index.do?menuCd=DOM_000000201001001000&uc_seq=276&lang_cd=ko,kogl_mark_on_page,,uc_seq_direct,manual_review,high,uc_seq=276 직접 보유. source_detail_url로 페이지 방문 후 공공누리 마크 여부 확인 필요.
busan-VB-289,visitbusan,https://www.visitbusan.net/uploadImgs/files/cntnts/20191226100545553,289,https://www.visitbusan.net/kr/index.do?menuCd=DOM_000000201001001000&uc_seq=289&lang_cd=ko,kogl_mark_on_page,,uc_seq_direct,manual_review,high,uc_seq=289 직접 보유. source_detail_url로 페이지 방문 후 공공누리 마크 여부 확인 필요.
busan-VB-421,visitbusan,https://www.visitbusan.net/uploadImgs/files/cntnts/20191230210358362,421,https://www.visitbusan.net/kr/index.do?menuCd=DOM_000000201001001000&uc_seq=421&lang_cd=ko,kogl_mark_on_page,,uc_seq_direct,manual_review,high,uc_seq=421 직접 보유. source_detail_url로 페이지 방문 후 공공누리 마크 여부 확인 필요.
busan-VB-420,visitbusan,https://www.visitbusan.net/uploadImgs/files/cntnts/20191230210019945,420,https://www.visitbusan.net/kr/index.do?menuCd=DOM_000000201001001000&uc_seq=420&lang_cd=ko,kogl_mark_on_page,,uc_seq_direct,manual_review,high,uc_seq=420 직접 보유. source_detail_url로 페이지 방문 후 공공누리 마크 여부 확인 필요.
busan-VB-415,visitbusan,https://www.visitbusan.net/uploadImgs/files/cntnts/20191230203235198,415,https://www.visitbusan.net/kr/index.do?menuCd=DOM_000000201001001000&uc_seq=415&lang_cd=ko,kogl_mark_on_page,,uc_seq_direct,manual_review,high,uc_seq=415 직접 보유. source_detail_url로 페이지 방문 후 공공누리 마크 여부 확인 필요.
busan-VB-433,visitbusan,https://www.visitbusan.net/uploadImgs/files/cntnts/20191231102223413,433,https://www.visitbusan.net/kr/index.do?menuCd=DOM_000000201001001000&uc_seq=433&lang_cd=ko,kogl_mark_on_page,,uc_seq_direct,manual_review,high,uc_seq=433 직접 보유. source_detail_url로 페이지 방문 후 공공누리 마크 여부 확인 필요.
busan-VB-430,visitbusan,https://www.visitbusan.net/uploadImgs/files/cntnts/20191231100856743,430,https://www.visitbusan.net/kr/index.do?menuCd=DOM_000000201001001000&uc_seq=430&lang_cd=ko,kogl_mark_on_page,,uc_seq_direct,manual_review,high,uc_seq=430 직접 보유. source_detail_url로 페이지 방문 후 공공누리 마크 여부 확인 필요.
busan-VB-344,visitbusan,https://www.visitbusan.net/uploadImgs/files/cntnts/20191227180139517,344,https://www.visitbusan.net/kr/index.do?menuCd=DOM_000000201001001000&uc_seq=344&lang_cd=ko,kogl_mark_on_page,,uc_seq_direct,manual_review,high,uc_seq=344 직접 보유. source_detail_url로 페이지 방문 후 공공누리 마크 여부 확인 필요.
busan-VB-463,visitbusan,https://www.visitbusan.net/uploadImgs/files/cntnts/20251201114557109,463,https://www.visitbusan.net/kr/index.do?menuCd=DOM_000000201001001000&uc_seq=463&lang_cd=ko,kogl_mark_on_page,,uc_seq_direct,manual_review,high,uc_seq=463 직접 보유. source_detail_url로 페이지 방문 후 공공누리 마크 여부 확인 필요.
busan-VB-445,visitbusan,https://www.visitbusan.net/uploadImgs/files/cntnts/20191231181104098,445,https://www.visitbusan.net/kr/index.do?menuCd=DOM_000000201001001000&uc_seq=445&lang_cd=ko,kogl_mark_on_page,,uc_seq_direct,manual_review,high,uc_seq=445 직접 보유. source_detail_url로 페이지 방문 후 공공누리 마크 여부 확인 필요.
busan-VB-279,visitbusan,https://www.visitbusan.net/uploadImgs/files/cntnts/20191225165635368,279,https://www.visitbusan.net/kr/index.do?menuCd=DOM_000000201001001000&uc_seq=279&lang_cd=ko,kogl_mark_on_page,,uc_seq_direct,manual_review,high,uc_seq=279 직접 보유. source_detail_url로 페이지 방문 후 공공누리 마크 여부 확인 필요.
busan-VB-288,visitbusan,https://www.visitbusan.net/uploadImgs/files/cntnts/20191226093554532,288,https://www.visitbusan.net/kr/index.do?menuCd=DOM_000000201001001000&uc_seq=288&lang_cd=ko,kogl_mark_on_page,,uc_seq_direct,manual_review,high,uc_seq=288 직접 보유. source_detail_url로 페이지 방문 후 공공누리 마크 여부 확인 필요.
busan-VB-260,visitbusan,https://www.visitbusan.net/uploadImgs/files/cntnts/20191222185645736,260,https://www.visitbusan.net/kr/index.do?menuCd=DOM_000000201001001000&uc_seq=260&lang_cd=ko,kogl_mark_on_page,,uc_seq_direct,manual_review,high,uc_seq=260 직접 보유. source_detail_url로 페이지 방문 후 공공누리 마크 여부 확인 필요.
busan-VB-275,visitbusan,https://www.visitbusan.net/uploadImgs/files/cntnts/20191225162953256,275,https://www.visitbusan.net/kr/index.do?menuCd=DOM_000000201001001000&uc_seq=275&lang_cd=ko,kogl_mark_on_page,,uc_seq_direct,manual_review,high,uc_seq=275 직접 보유. source_detail_url로 페이지 방문 후 공공누리 마크 여부 확인 필요.
busan-VB-262,visitbusan,https://www.visitbusan.net/uploadImgs/files/cntnts/20191224093809621,262,https://www.visitbusan.net/kr/index.do?menuCd=DOM_000000201001001000&uc_seq=262&lang_cd=ko,kogl_mark_on_page,,uc_seq_direct,manual_review,high,uc_seq=262 직접 보유. source_detail_url로 페이지 방문 후 공공누리 마크 여부 확인 필요.
busan-VB-432,visitbusan,https://www.visitbusan.net/uploadImgs/files/cntnts/20191231101745599,432,https://www.visitbusan.net/kr/index.do?menuCd=DOM_000000201001001000&uc_seq=432&lang_cd=ko,kogl_mark_on_page,,uc_seq_direct,manual_review,high,uc_seq=432 직접 보유. source_detail_url로 페이지 방문 후 공공누리 마크 여부 확인 필요.
busan-VB-359,visitbusan,https://www.visitbusan.net/uploadImgs/files/cntnts/20191227202829011,359,https://www.visitbusan.net/kr/index.do?menuCd=DOM_000000201001001000&uc_seq=359&lang_cd=ko,kogl_mark_on_page,,uc_seq_direct,manual_review,high,uc_seq=359 직접 보유. source_detail_url로 페이지 방문 후 공공누리 마크 여부 확인 필요.
busan-VB-425,visitbusan,https://www.visitbusan.net/uploadImgs/files/cntnts/20191231091948765,425,https://www.visitbusan.net/kr/index.do?menuCd=DOM_000000201001001000&uc_seq=425&lang_cd=ko,kogl_mark_on_page,,uc_seq_direct,manual_review,high,uc_seq=425 직접 보유. source_detail_url로 페이지 방문 후 공공누리 마크 여부 확인 필요.
busan-VB-358,visitbusan,https://www.visitbusan.net/uploadImgs/files/cntnts/20191227202219554,358,https://www.visitbusan.net/kr/index.do?menuCd=DOM_000000201001001000&uc_seq=358&lang_cd=ko,kogl_mark_on_page,,uc_seq_direct,manual_review,high,uc_seq=358 직접 보유. source_detail_url로 페이지 방문 후 공공누리 마크 여부 확인 필요.
busan-VB-281,visitbusan,https://www.visitbusan.net/uploadImgs/files/cntnts/20191225170855698,281,https://www.visitbusan.net/kr/index.do?menuCd=DOM_000000201001001000&uc_seq=281&lang_cd=ko,kogl_mark_on_page,,uc_seq_direct,manual_review,high,uc_seq=281 직접 보유. source_detail_url로 페이지 방문 후 공공누리 마크 여부 확인 필요.
busan-VB-343,visitbusan,https://www.visitbusan.net/uploadImgs/files/cntnts/20191227175243198,343,https://www.visitbusan.net/kr/index.do?menuCd=DOM_000000201001001000&uc_seq=343&lang_cd=ko,kogl_mark_on_page,,uc_seq_direct,manual_review,high,uc_seq=343 직접 보유. source_detail_url로 페이지 방문 후 공공누리 마크 여부 확인 필요.
busan-VB-361,visitbusan,https://www.visitbusan.net/uploadImgs/files/cntnts/20191227203859552,361,https://www.visitbusan.net/kr/index.do?menuCd=DOM_000000201001001000&uc_seq=361&lang_cd=ko,kogl_mark_on_page,,uc_seq_direct,manual_review,high,uc_seq=361 직접 보유. source_detail_url로 페이지 방문 후 공공누리 마크 여부 확인 필요.
busan-VB-347,visitbusan,https://www.visitbusan.net/uploadImgs/files/cntnts/20191227184611977,347,https://www.visitbusan.net/kr/index.do?menuCd=DOM_000000201001001000&uc_seq=347&lang_cd=ko,kogl_mark_on_page,,uc_seq_direct,manual_review,high,uc_seq=347 직접 보유. source_detail_url로 페이지 방문 후 공공누리 마크 여부 확인 필요.
busan-VB-290,visitbusan,https://www.visitbusan.net/uploadImgs/files/cntnts/20191226101451768,290,https://www.visitbusan.net/kr/index.do?menuCd=DOM_000000201001001000&uc_seq=290&lang_cd=ko,kogl_mark_on_page,,uc_seq_direct,manual_review,high,uc_seq=290 직접 보유. source_detail_url로 페이지 방문 후 공공누리 마크 여부 확인 필요.
busan-VB-458,visitbusan,https://www.visitbusan.net/uploadImgs/files/cntnts/20191231193124555,458,https://www.visitbusan.net/kr/index.do?menuCd=DOM_000000201001001000&uc_seq=458&lang_cd=ko,kogl_mark_on_page,,uc_seq_direct,manual_review,high,uc_seq=458 직접 보유. source_detail_url로 페이지 방문 후 공공누리 마크 여부 확인 필요.
busan-VB-459,visitbusan,https://www.visitbusan.net/uploadImgs/files/cntnts/20191231193736138,459,https://www.visitbusan.net/kr/index.do?menuCd=DOM_000000201001001000&uc_seq=459&lang_cd=ko,kogl_mark_on_page,,uc_seq_direct,manual_review,high,uc_seq=459 직접 보유. source_detail_url로 페이지 방문 후 공공누리 마크 여부 확인 필요.
busan-VB-397,visitbusan,https://www.visitbusan.net/uploadImgs/files/cntnts/20191230181126685,397,https://www.visitbusan.net/kr/index.do?menuCd=DOM_000000201001001000&uc_seq=397&lang_cd=ko,kogl_mark_on_page,,uc_seq_direct,manual_review,high,uc_seq=397 직접 보유. source_detail_url로 페이지 방문 후 공공누리 마크 여부 확인 필요.
busan-VB-527,visitbusan,https://www.visitbusan.net/uploadImgs/files/cntnts/20200110144727057,527,https://www.visitbusan.net/kr/index.do?menuCd=DOM_000000201001001000&uc_seq=527&lang_cd=ko,kogl_mark_on_page,,uc_seq_direct,manual_review,high,uc_seq=527 직접 보유. source_detail_url로 페이지 방문 후 공공누리 마크 여부 확인 필요.
busan-VB-313,visitbusan,https://www.visitbusan.net/uploadImgs/files/cntnts/20191226182356876,313,https://www.visitbusan.net/kr/index.do?menuCd=DOM_000000201001001000&uc_seq=313&lang_cd=ko,kogl_mark_on_page,,uc_seq_direct,manual_review,high,uc_seq=313 직접 보유. source_detail_url로 페이지 방문 후 공공누리 마크 여부 확인 필요.
busan-VB-298,visitbusan,https://www.visitbusan.net/uploadImgs/files/cntnts/20191226113720642,298,https://www.visitbusan.net/kr/index.do?menuCd=DOM_000000201001001000&uc_seq=298&lang_cd=ko,kogl_mark_on_page,,uc_seq_direct,manual_review,high,uc_seq=298 직접 보유. source_detail_url로 페이지 방문 후 공공누리 마크 여부 확인 필요.
busan-VB-456,visitbusan,https://www.visitbusan.net/uploadImgs/files/cntnts/20191231192024538,456,https://www.visitbusan.net/kr/index.do?menuCd=DOM_000000201001001000&uc_seq=456&lang_cd=ko,kogl_mark_on_page,,uc_seq_direct,manual_review,high,uc_seq=456 직접 보유. source_detail_url로 페이지 방문 후 공공누리 마크 여부 확인 필요.
busan-VB-296,visitbusan,https://www.visitbusan.net/uploadImgs/files/cntnts/20191226110347271,296,https://www.visitbusan.net/kr/index.do?menuCd=DOM_000000201001001000&uc_seq=296&lang_cd=ko,kogl_mark_on_page,,uc_seq_direct,manual_review,high,uc_seq=296 직접 보유. source_detail_url로 페이지 방문 후 공공누리 마크 여부 확인 필요.
busan-VB-439,visitbusan,https://www.visitbusan.net/uploadImgs/files/cntnts/20191231111302355,439,https://www.visitbusan.net/kr/index.do?menuCd=DOM_000000201001001000&uc_seq=439&lang_cd=ko,kogl_mark_on_page,,uc_seq_direct,manual_review,high,uc_seq=439 직접 보유. source_detail_url로 페이지 방문 후 공공누리 마크 여부 확인 필요.
busan-VB-302,visitbusan,https://www.visitbusan.net/uploadImgs/files/cntnts/20191226132812226,302,https://www.visitbusan.net/kr/index.do?menuCd=DOM_000000201001001000&uc_seq=302&lang_cd=ko,kogl_mark_on_page,,uc_seq_direct,manual_review,high,uc_seq=302 직접 보유. source_detail_url로 페이지 방문 후 공공누리 마크 여부 확인 필요.
busan-VB-314,visitbusan,https://www.visitbusan.net/uploadImgs/files/cntnts/20191226183133502,314,https://www.visitbusan.net/kr/index.do?menuCd=DOM_000000201001001000&uc_seq=314&lang_cd=ko,kogl_mark_on_page,,uc_seq_direct,manual_review,high,uc_seq=314 직접 보유. source_detail_url로 페이지 방문 후 공공누리 마크 여부 확인 필요.
busan-VB-315,visitbusan,https://www.visitbusan.net/uploadImgs/files/cntnts/20191226184130120,315,https://www.visitbusan.net/kr/index.do?menuCd=DOM_000000201001001000&uc_seq=315&lang_cd=ko,kogl_mark_on_page,,uc_seq_direct,manual_review,high,uc_seq=315 직접 보유. source_detail_url로 페이지 방문 후 공공누리 마크 여부 확인 필요.
busan-VB-508,visitbusan,https://www.visitbusan.net/uploadImgs/files/cntnts/20200102141456051,508,https://www.visitbusan.net/kr/index.do?menuCd=DOM_000000201001001000&uc_seq=508&lang_cd=ko,kogl_mark_on_page,,uc_seq_direct,manual_review,high,uc_seq=508 직접 보유. source_detail_url로 페이지 방문 후 공공누리 마크 여부 확인 필요.
busan-VB-511,visitbusan,https://www.visitbusan.net/uploadImgs/files/cntnts/20200102142920888,511,https://www.visitbusan.net/kr/index.do?menuCd=DOM_000000201001001000&uc_seq=511&lang_cd=ko,kogl_mark_on_page,,uc_seq_direct,manual_review,high,uc_seq=511 직접 보유. source_detail_url로 페이지 방문 후 공공누리 마크 여부 확인 필요.
busan-VB-291,visitbusan,https://www.visitbusan.net/uploadImgs/files/cntnts/20191226102157667,291,https://www.visitbusan.net/kr/index.do?menuCd=DOM_000000201001001000&uc_seq=291&lang_cd=ko,kogl_mark_on_page,,uc_seq_direct,manual_review,high,uc_seq=291 직접 보유. source_detail_url로 페이지 방문 후 공공누리 마크 여부 확인 필요.
busan-VB-301,visitbusan,https://www.visitbusan.net/uploadImgs/files/cntnts/20191226132135171,301,https://www.visitbusan.net/kr/index.do?menuCd=DOM_000000201001001000&uc_seq=301&lang_cd=ko,kogl_mark_on_page,,uc_seq_direct,manual_review,high,uc_seq=301 직접 보유. source_detail_url로 페이지 방문 후 공공누리 마크 여부 확인 필요.
busan-VB-295,visitbusan,https://www.visitbusan.net/uploadImgs/files/cntnts/20191226105751809,295,https://www.visitbusan.net/kr/index.do?menuCd=DOM_000000201001001000&uc_seq=295&lang_cd=ko,kogl_mark_on_page,,uc_seq_direct,manual_review,high,uc_seq=295 직접 보유. source_detail_url로 페이지 방문 후 공공누리 마크 여부 확인 필요.
busan-VB-297,visitbusan,https://www.visitbusan.net/uploadImgs/files/cntnts/20191226110901484,297,https://www.visitbusan.net/kr/index.do?menuCd=DOM_000000201001001000&uc_seq=297&lang_cd=ko,kogl_mark_on_page,,uc_seq_direct,manual_review,high,uc_seq=297 직접 보유. source_detail_url로 페이지 방문 후 공공누리 마크 여부 확인 필요.
busan-VB-418,visitbusan,https://www.visitbusan.net/uploadImgs/files/cntnts/20191230205059771,418,https://www.visitbusan.net/kr/index.do?menuCd=DOM_000000201001001000&uc_seq=418&lang_cd=ko,kogl_mark_on_page,,uc_seq_direct,manual_review,high,uc_seq=418 직접 보유. source_detail_url로 페이지 방문 후 공공누리 마크 여부 확인 필요.
busan-VB-299,visitbusan,https://www.visitbusan.net/uploadImgs/files/cntnts/20191226115628787,299,https://www.visitbusan.net/kr/index.do?menuCd=DOM_000000201001001000&uc_seq=299&lang_cd=ko,kogl_mark_on_page,,uc_seq_direct,manual_review,high,uc_seq=299 직접 보유. source_detail_url로 페이지 방문 후 공공누리 마크 여부 확인 필요.
busan-VB-501,visitbusan,https://www.visitbusan.net/uploadImgs/files/cntnts/20200102125306322,501,https://www.visitbusan.net/kr/index.do?menuCd=DOM_000000201001001000&uc_seq=501&lang_cd=ko,kogl_mark_on_page,,uc_seq_direct,manual_review,high,uc_seq=501 직접 보유. source_detail_url로 페이지 방문 후 공공누리 마크 여부 확인 필요.
busan-VB-268,visitbusan,https://www.visitbusan.net/uploadImgs/files/cntnts/20191225150936833,268,https://www.visitbusan.net/kr/index.do?menuCd=DOM_000000201001001000&uc_seq=268&lang_cd=ko,kogl_mark_on_page,,uc_seq_direct,manual_review,high,uc_seq=268 직접 보유. source_detail_url로 페이지 방문 후 공공누리 마크 여부 확인 필요.
busan-VB-457,visitbusan,https://www.visitbusan.net/uploadImgs/files/cntnts/20191231192531286,457,https://www.visitbusan.net/kr/index.do?menuCd=DOM_000000201001001000&uc_seq=457&lang_cd=ko,kogl_mark_on_page,,uc_seq_direct,manual_review,high,uc_seq=457 직접 보유. source_detail_url로 페이지 방문 후 공공누리 마크 여부 확인 필요.
busan-VB-483,visitbusan,https://www.visitbusan.net/uploadImgs/files/cntnts/20200101164518953,483,https://www.visitbusan.net/kr/index.do?menuCd=DOM_000000201001001000&uc_seq=483&lang_cd=ko,kogl_mark_on_page,,uc_seq_direct,manual_review,high,uc_seq=483 직접 보유. source_detail_url로 페이지 방문 후 공공누리 마크 여부 확인 필요.
busan-VB-450,visitbusan,https://www.visitbusan.net/uploadImgs/files/cntnts/20191231184354051,450,https://www.visitbusan.net/kr/index.do?menuCd=DOM_000000201001001000&uc_seq=450&lang_cd=ko,kogl_mark_on_page,,uc_seq_direct,manual_review,high,uc_seq=450 직접 보유. source_detail_url로 페이지 방문 후 공공누리 마크 여부 확인 필요.
busan-VB-1808,visitbusan,https://www.visitbusan.net/uploadImgs/files/cntnts/20240416142348310,1808,https://www.visitbusan.net/kr/index.do?menuCd=DOM_000000201002001000&uc_seq=1808&lang_cd=ko,kogl_mark_on_page,,uc_seq_direct,manual_review,high,uc_seq=1808 직접 보유. source_detail_url로 페이지 방문 후 공공누리 마크 여부 확인 필요.
busan-VB-1508,visitbusan,https://www.visitbusan.net/uploadImgs/files/cntnts/20230605160757154,1508,https://www.visitbusan.net/kr/index.do?menuCd=DOM_000000201002001000&uc_seq=1508&lang_cd=ko,kogl_mark_on_page,,uc_seq_direct,manual_review,high,uc_seq=1508 직접 보유. source_detail_url로 페이지 방문 후 공공누리 마크 여부 확인 필요.
busan-VB-1489,visitbusan,https://www.visitbusan.net/uploadImgs/files/cntnts/20240419105032027,1489,https://www.visitbusan.net/kr/index.do?menuCd=DOM_000000201002001000&uc_seq=1489&lang_cd=ko,kogl_mark_on_page,,uc_seq_direct,manual_review,high,uc_seq=1489 직접 보유. source_detail_url로 페이지 방문 후 공공누리 마크 여부 확인 필요.
busan-VB-1262,visitbusan,https://www.visitbusan.net/uploadImgs/files/cntnts/20240416173708292,1262,https://www.visitbusan.net/kr/index.do?menuCd=DOM_000000201002001000&uc_seq=1262&lang_cd=ko,kogl_mark_on_page,,uc_seq_direct,manual_review,high,uc_seq=1262 직접 보유. source_detail_url로 페이지 방문 후 공공누리 마크 여부 확인 필요.
busan-VB-1248,visitbusan,https://www.visitbusan.net/uploadImgs/files/cntnts/20220511141322616,1248,https://www.visitbusan.net/kr/index.do?menuCd=DOM_000000201002001000&uc_seq=1248&lang_cd=ko,kogl_mark_on_page,,uc_seq_direct,manual_review,high,uc_seq=1248 직접 보유. source_detail_url로 페이지 방문 후 공공누리 마크 여부 확인 필요.
busan-VB-1137,visitbusan,https://www.visitbusan.net/uploadImgs/files/cntnts/20240419110909568,1137,https://www.visitbusan.net/kr/index.do?menuCd=DOM_000000201002001000&uc_seq=1137&lang_cd=ko,kogl_mark_on_page,,uc_seq_direct,manual_review,high,uc_seq=1137 직접 보유. source_detail_url로 페이지 방문 후 공공누리 마크 여부 확인 필요.
busan-VB-1133,visitbusan,https://www.visitbusan.net/uploadImgs/files/cntnts/20240418141930357,1133,https://www.visitbusan.net/kr/index.do?menuCd=DOM_000000201002001000&uc_seq=1133&lang_cd=ko,kogl_mark_on_page,,uc_seq_direct,manual_review,high,uc_seq=1133 직접 보유. source_detail_url로 페이지 방문 후 공공누리 마크 여부 확인 필요.
busan-VB-960,visitbusan,https://www.visitbusan.net/uploadImgs/files/cntnts/20200819132345743,960,https://www.visitbusan.net/kr/index.do?menuCd=DOM_000000201002001000&uc_seq=960&lang_cd=ko,kogl_mark_on_page,,uc_seq_direct,manual_review,high,uc_seq=960 직접 보유. source_detail_url로 페이지 방문 후 공공누리 마크 여부 확인 필요.
busan-VB-218,visitbusan,https://www.visitbusan.net/uploadImgs/files/cntnts/20240416153630841,218,https://www.visitbusan.net/kr/index.do?menuCd=DOM_000000201002001000&uc_seq=218&lang_cd=ko,kogl_mark_on_page,,uc_seq_direct,manual_review,high,uc_seq=218 직접 보유. source_detail_url로 페이지 방문 후 공공누리 마크 여부 확인 필요.
busan-VB-2670,visitbusan,https://www.visitbusan.net/uploadImgs/files/cntnts/20260202190204222,2670,https://www.visitbusan.net/kr/index.do?menuCd=DOM_000000201003001000&uc_seq=2670&lang_cd=ko,kogl_mark_on_page,,uc_seq_direct,manual_review,high,uc_seq=2670 직접 보유. source_detail_url로 페이지 방문 후 공공누리 마크 여부 확인 필요.
busan-VB-2662,visitbusan,https://www.visitbusan.net/uploadImgs/files/cntnts/20260106123023905,2662,https://www.visitbusan.net/kr/index.do?menuCd=DOM_000000201003001000&uc_seq=2662&lang_cd=ko,kogl_mark_on_page,,uc_seq_direct,manual_review,high,uc_seq=2662 직접 보유. source_detail_url로 페이지 방문 후 공공누리 마크 여부 확인 필요.
busan-VB-2589,visitbusan,https://www.visitbusan.net/uploadImgs/files/cntnts/20251020180018486,2589,https://www.visitbusan.net/kr/index.do?menuCd=DOM_000000201003001000&uc_seq=2589&lang_cd=ko,kogl_mark_on_page,,uc_seq_direct,manual_review,high,uc_seq=2589 직접 보유. source_detail_url로 페이지 방문 후 공공누리 마크 여부 확인 필요.
busan-VB-2581,visitbusan,https://www.visitbusan.net/uploadImgs/files/cntnts/20250929183544348,2581,https://www.visitbusan.net/kr/index.do?menuCd=DOM_000000201003001000&uc_seq=2581&lang_cd=ko,kogl_mark_on_page,,uc_seq_direct,manual_review,high,uc_seq=2581 직접 보유. source_detail_url로 페이지 방문 후 공공누리 마크 여부 확인 필요.
busan-VB-2580,visitbusan,https://www.visitbusan.net/uploadImgs/files/cntnts/20250929170130368,2580,https://www.visitbusan.net/kr/index.do?menuCd=DOM_000000201003001000&uc_seq=2580&lang_cd=ko,kogl_mark_on_page,,uc_seq_direct,manual_review,high,uc_seq=2580 직접 보유. source_detail_url로 페이지 방문 후 공공누리 마크 여부 확인 필요.
busan-VB-2579,visitbusan,https://www.visitbusan.net/uploadImgs/files/cntnts/20250929152448617,2579,https://www.visitbusan.net/kr/index.do?menuCd=DOM_000000201003001000&uc_seq=2579&lang_cd=ko,kogl_mark_on_page,,uc_seq_direct,manual_review,high,uc_seq=2579 직접 보유. source_detail_url로 페이지 방문 후 공공누리 마크 여부 확인 필요.
busan-VB-2555,visitbusan,https://www.visitbusan.net/uploadImgs/files/cntnts/20250903122354098,2555,https://www.visitbusan.net/kr/index.do?menuCd=DOM_000000201003001000&uc_seq=2555&lang_cd=ko,kogl_mark_on_page,,uc_seq_direct,manual_review,high,uc_seq=2555 직접 보유. source_detail_url로 페이지 방문 후 공공누리 마크 여부 확인 필요.
busan-VB-2541,visitbusan,https://www.visitbusan.net/uploadImgs/files/cntnts/20250814180238089,2541,https://www.visitbusan.net/kr/index.do?menuCd=DOM_000000201003001000&uc_seq=2541&lang_cd=ko,kogl_mark_on_page,,uc_seq_direct,manual_review,high,uc_seq=2541 직접 보유. source_detail_url로 페이지 방문 후 공공누리 마크 여부 확인 필요.
busan-VB-2539,visitbusan,https://www.visitbusan.net/uploadImgs/files/cntnts/20250808153850223,2539,https://www.visitbusan.net/kr/index.do?menuCd=DOM_000000201003001000&uc_seq=2539&lang_cd=ko,kogl_mark_on_page,,uc_seq_direct,manual_review,high,uc_seq=2539 직접 보유. source_detail_url로 페이지 방문 후 공공누리 마크 여부 확인 필요.
busan-VB-2537,visitbusan,https://www.visitbusan.net/uploadImgs/files/cntnts/20250808151250876,2537,https://www.visitbusan.net/kr/index.do?menuCd=DOM_000000201003001000&uc_seq=2537&lang_cd=ko,kogl_mark_on_page,,uc_seq_direct,manual_review,high,uc_seq=2537 직접 보유. source_detail_url로 페이지 방문 후 공공누리 마크 여부 확인 필요.
busan-VB-2417,visitbusan,https://www.visitbusan.net/uploadImgs/files/cntnts/20250718181629841,2417,https://www.visitbusan.net/kr/index.do?menuCd=DOM_000000201003001000&uc_seq=2417&lang_cd=ko,kogl_mark_on_page,,uc_seq_direct,manual_review,high,uc_seq=2417 직접 보유. source_detail_url로 페이지 방문 후 공공누리 마크 여부 확인 필요.
busan-VB-2398,visitbusan,https://www.visitbusan.net/uploadImgs/files/cntnts/20250616202404573,2398,https://www.visitbusan.net/kr/index.do?menuCd=DOM_000000201003001000&uc_seq=2398&lang_cd=ko,kogl_mark_on_page,,uc_seq_direct,manual_review,high,uc_seq=2398 직접 보유. source_detail_url로 페이지 방문 후 공공누리 마크 여부 확인 필요.
busan-VB-2252,visitbusan,https://www.visitbusan.net/uploadImgs/files/cntnts/20250117102719733,2252,https://www.visitbusan.net/kr/index.do?menuCd=DOM_000000201003001000&uc_seq=2252&lang_cd=ko,kogl_mark_on_page,,uc_seq_direct,manual_review,high,uc_seq=2252 직접 보유. source_detail_url로 페이지 방문 후 공공누리 마크 여부 확인 필요.
busan-VB-2241,visitbusan,https://www.visitbusan.net/uploadImgs/files/cntnts/20250114135947738,2241,https://www.visitbusan.net/kr/index.do?menuCd=DOM_000000201003001000&uc_seq=2241&lang_cd=ko,kogl_mark_on_page,,uc_seq_direct,manual_review,high,uc_seq=2241 직접 보유. source_detail_url로 페이지 방문 후 공공누리 마크 여부 확인 필요.
busan-VB-2165,visitbusan,https://www.visitbusan.net/uploadImgs/files/cntnts/20241107114741461,2165,https://www.visitbusan.net/kr/index.do?menuCd=DOM_000000201003001000&uc_seq=2165&lang_cd=ko,kogl_mark_on_page,,uc_seq_direct,manual_review,high,uc_seq=2165 직접 보유. source_detail_url로 페이지 방문 후 공공누리 마크 여부 확인 필요.
busan-VB-1964,visitbusan,https://www.visitbusan.net/uploadImgs/files/cntnts/20240805142935400,1964,https://www.visitbusan.net/kr/index.do?menuCd=DOM_000000201003001000&uc_seq=1964&lang_cd=ko,kogl_mark_on_page,,uc_seq_direct,manual_review,high,uc_seq=1964 직접 보유. source_detail_url로 페이지 방문 후 공공누리 마크 여부 확인 필요.
busan-VB-1667,visitbusan,https://www.visitbusan.net/uploadImgs/files/cntnts/20230630182744054,1667,https://www.visitbusan.net/kr/index.do?menuCd=DOM_000000201003001000&uc_seq=1667&lang_cd=ko,kogl_mark_on_page,,uc_seq_direct,manual_review,high,uc_seq=1667 직접 보유. source_detail_url로 페이지 방문 후 공공누리 마크 여부 확인 필요.
busan-VB-1666,visitbusan,https://www.visitbusan.net/uploadImgs/files/cntnts/20230630173529014,1666,https://www.visitbusan.net/kr/index.do?menuCd=DOM_000000201003001000&uc_seq=1666&lang_cd=ko,kogl_mark_on_page,,uc_seq_direct,manual_review,high,uc_seq=1666 직접 보유. source_detail_url로 페이지 방문 후 공공누리 마크 여부 확인 필요.
busan-VB-1323,visitbusan,https://www.visitbusan.net/uploadImgs/files/cntnts/20230613163604135,1323,https://www.visitbusan.net/kr/index.do?menuCd=DOM_000000201003001000&uc_seq=1323&lang_cd=ko,kogl_mark_on_page,,uc_seq_direct,manual_review,high,uc_seq=1323 직접 보유. source_detail_url로 페이지 방문 후 공공누리 마크 여부 확인 필요.
busan-VB-819,visitbusan,https://www.visitbusan.net/uploadImgs/files/cntnts/20200709174128221,819,https://www.visitbusan.net/kr/index.do?menuCd=DOM_000000201003001000&uc_seq=819&lang_cd=ko,kogl_mark_on_page,,uc_seq_direct,manual_review,high,uc_seq=819 직접 보유. source_detail_url로 페이지 방문 후 공공누리 마크 여부 확인 필요.
busan-VB-552,visitbusan,https://www.visitbusan.net/uploadImgs/files/cntnts/20200213181053895,552,https://www.visitbusan.net/kr/index.do?menuCd=DOM_000000201003001000&uc_seq=552&lang_cd=ko,kogl_mark_on_page,,uc_seq_direct,manual_review,high,uc_seq=552 직접 보유. source_detail_url로 페이지 방문 후 공공누리 마크 여부 확인 필요.
busan-VB-548,visitbusan,https://www.visitbusan.net/uploadImgs/files/cntnts/20200205165858664,548,https://www.visitbusan.net/kr/index.do?menuCd=DOM_000000201003001000&uc_seq=548&lang_cd=ko,kogl_mark_on_page,,uc_seq_direct,manual_review,high,uc_seq=548 직접 보유. source_detail_url로 페이지 방문 후 공공누리 마크 여부 확인 필요.
busan-VB-546,visitbusan,https://www.visitbusan.net/uploadImgs/files/cntnts/20200207110846432,546,https://www.visitbusan.net/kr/index.do?menuCd=DOM_000000201003001000&uc_seq=546&lang_cd=ko,kogl_mark_on_page,,uc_seq_direct,manual_review,high,uc_seq=546 직접 보유. source_detail_url로 페이지 방문 후 공공누리 마크 여부 확인 필요.
busan-VB-545,visitbusan,https://www.visitbusan.net/uploadImgs/files/cntnts/20230703144706665,545,https://www.visitbusan.net/kr/index.do?menuCd=DOM_000000201003001000&uc_seq=545&lang_cd=ko,kogl_mark_on_page,,uc_seq_direct,manual_review,high,uc_seq=545 직접 보유. source_detail_url로 페이지 방문 후 공공누리 마크 여부 확인 필요.
busan-VB-541,visitbusan,https://www.visitbusan.net/uploadImgs/files/cntnts/20200214134014426,541,https://www.visitbusan.net/kr/index.do?menuCd=DOM_000000201003001000&uc_seq=541&lang_cd=ko,kogl_mark_on_page,,uc_seq_direct,manual_review,high,uc_seq=541 직접 보유. source_detail_url로 페이지 방문 후 공공누리 마크 여부 확인 필요.
busan-VB-506,visitbusan,https://www.visitbusan.net/uploadImgs/files/cntnts/20200102140051300,506,https://www.visitbusan.net/kr/index.do?menuCd=DOM_000000201003001000&uc_seq=506&lang_cd=ko,kogl_mark_on_page,,uc_seq_direct,manual_review,high,uc_seq=506 직접 보유. source_detail_url로 페이지 방문 후 공공누리 마크 여부 확인 필요.
busan-VB-413,visitbusan,https://www.visitbusan.net/uploadImgs/files/cntnts/20191230201722863,413,https://www.visitbusan.net/kr/index.do?menuCd=DOM_000000201003001000&uc_seq=413&lang_cd=ko,kogl_mark_on_page,,uc_seq_direct,manual_review,high,uc_seq=413 직접 보유. source_detail_url로 페이지 방문 후 공공누리 마크 여부 확인 필요.
busan-VB-540,visitbusan,https://www.visitbusan.net/uploadImgs/files/cntnts/20200207150233726,540,https://www.visitbusan.net/kr/index.do?menuCd=DOM_000000201003001000&uc_seq=540&lang_cd=ko,kogl_mark_on_page,,uc_seq_direct,manual_review,high,uc_seq=540 직접 보유. source_detail_url로 페이지 방문 후 공공누리 마크 여부 확인 필요.
busan-VB-539,visitbusan,https://www.visitbusan.net/uploadImgs/files/cntnts/20200204175104893,539,https://www.visitbusan.net/kr/index.do?menuCd=DOM_000000201003001000&uc_seq=539&lang_cd=ko,kogl_mark_on_page,,uc_seq_direct,manual_review,high,uc_seq=539 직접 보유. source_detail_url로 페이지 방문 후 공공누리 마크 여부 확인 필요.
busan-VB-537,visitbusan,https://www.visitbusan.net/uploadImgs/files/cntnts/20240416151650754,537,https://www.visitbusan.net/kr/index.do?menuCd=DOM_000000201003001000&uc_seq=537&lang_cd=ko,kogl_mark_on_page,,uc_seq_direct,manual_review,high,uc_seq=537 직접 보유. source_detail_url로 페이지 방문 후 공공누리 마크 여부 확인 필요.
busan-VB-422,visitbusan,https://www.visitbusan.net/uploadImgs/files/cntnts/20191230210800496,422,https://www.visitbusan.net/kr/index.do?menuCd=DOM_000000201003001000&uc_seq=422&lang_cd=ko,kogl_mark_on_page,,uc_seq_direct,manual_review,high,uc_seq=422 직접 보유. source_detail_url로 페이지 방문 후 공공누리 마크 여부 확인 필요.
busan-VB-328,visitbusan,https://www.visitbusan.net/uploadImgs/files/cntnts/20191227114043326,328,https://www.visitbusan.net/kr/index.do?menuCd=DOM_000000201003001000&uc_seq=328&lang_cd=ko,kogl_mark_on_page,,uc_seq_direct,manual_review,high,uc_seq=328 직접 보유. source_detail_url로 페이지 방문 후 공공누리 마크 여부 확인 필요.
busan-VB-294,visitbusan,https://www.visitbusan.net/uploadImgs/files/cntnts/20191226105015522,294,https://www.visitbusan.net/kr/index.do?menuCd=DOM_000000201003001000&uc_seq=294&lang_cd=ko,kogl_mark_on_page,,uc_seq_direct,manual_review,high,uc_seq=294 직접 보유. source_detail_url로 페이지 방문 후 공공누리 마크 여부 확인 필요.
busan-VB-293,visitbusan,https://www.visitbusan.net/uploadImgs/files/cntnts/20191226104226159,293,https://www.visitbusan.net/kr/index.do?menuCd=DOM_000000201003001000&uc_seq=293&lang_cd=ko,kogl_mark_on_page,,uc_seq_direct,manual_review,high,uc_seq=293 직접 보유. source_detail_url로 페이지 방문 후 공공누리 마크 여부 확인 필요.
busan-VB-292,visitbusan,https://www.visitbusan.net/uploadImgs/files/cntnts/20191226103342213,292,https://www.visitbusan.net/kr/index.do?menuCd=DOM_000000201003001000&uc_seq=292&lang_cd=ko,kogl_mark_on_page,,uc_seq_direct,manual_review,high,uc_seq=292 직접 보유. source_detail_url로 페이지 방문 후 공공누리 마크 여부 확인 필요.
busan-VB-547,visitbusan,https://www.visitbusan.net/uploadImgs/files/cntnts/20200207111009687,547,https://www.visitbusan.net/kr/index.do?menuCd=DOM_000000201003001000&uc_seq=547&lang_cd=ko,kogl_mark_on_page,,uc_seq_direct,manual_review,high,uc_seq=547 직접 보유. source_detail_url로 페이지 방문 후 공공누리 마크 여부 확인 필요.
busan-VB-555,visitbusan,https://www.visitbusan.net/uploadImgs/files/cntnts/20200214112440464,555,https://www.visitbusan.net/kr/index.do?menuCd=DOM_000000201003001000&uc_seq=555&lang_cd=ko,kogl_mark_on_page,,uc_seq_direct,manual_review,high,uc_seq=555 직접 보유. source_detail_url로 페이지 방문 후 공공누리 마크 여부 확인 필요.
busan-VB-554,visitbusan,https://www.visitbusan.net/uploadImgs/files/cntnts/20200214105929005,554,https://www.visitbusan.net/kr/index.do?menuCd=DOM_000000201003001000&uc_seq=554&lang_cd=ko,kogl_mark_on_page,,uc_seq_direct,manual_review,high,uc_seq=554 직접 보유. source_detail_url로 페이지 방문 후 공공누리 마크 여부 확인 필요.
busan-VB-2763,visitbusan,https://www.visitbusan.net/uploadImgs/files/cntnts/20260623162720635,2763,https://www.visitbusan.net/kr/index.do?menuCd=DOM_000000202008001000&uc_seq=2763&lang_cd=ko,kogl_mark_on_page,,uc_seq_direct,manual_review,high,uc_seq=2763 직접 보유. source_detail_url로 페이지 방문 후 공공누리 마크 여부 확인 필요.
busan-VB-2755,visitbusan,https://www.visitbusan.net/uploadImgs/files/cntnts/20260612173153701,2755,https://www.visitbusan.net/kr/index.do?menuCd=DOM_000000202008001000&uc_seq=2755&lang_cd=ko,kogl_mark_on_page,,uc_seq_direct,manual_review,high,uc_seq=2755 직접 보유. source_detail_url로 페이지 방문 후 공공누리 마크 여부 확인 필요.
busan-VB-2704,visitbusan,https://www.visitbusan.net/uploadImgs/files/cntnts/20260421164020088,2704,https://www.visitbusan.net/kr/index.do?menuCd=DOM_000000202008001000&uc_seq=2704&lang_cd=ko,kogl_mark_on_page,,uc_seq_direct,manual_review,high,uc_seq=2704 직접 보유. source_detail_url로 페이지 방문 후 공공누리 마크 여부 확인 필요.
busan-VB-2703,visitbusan,https://www.visitbusan.net/uploadImgs/files/cntnts/20260420170933345,2703,https://www.visitbusan.net/kr/index.do?menuCd=DOM_000000202008001000&uc_seq=2703&lang_cd=ko,kogl_mark_on_page,,uc_seq_direct,manual_review,high,uc_seq=2703 직접 보유. source_detail_url로 페이지 방문 후 공공누리 마크 여부 확인 필요.
busan-VB-2586,visitbusan,https://www.visitbusan.net/uploadImgs/files/cntnts/20251016125923325,2586,https://www.visitbusan.net/kr/index.do?menuCd=DOM_000000202008001000&uc_seq=2586&lang_cd=ko,kogl_mark_on_page,,uc_seq_direct,manual_review,high,uc_seq=2586 직접 보유. source_detail_url로 페이지 방문 후 공공누리 마크 여부 확인 필요.
busan-VB-2557,visitbusan,https://www.visitbusan.net/uploadImgs/files/cntnts/20250918113704394,2557,https://www.visitbusan.net/kr/index.do?menuCd=DOM_000000202008001000&uc_seq=2557&lang_cd=ko,kogl_mark_on_page,,uc_seq_direct,manual_review,high,uc_seq=2557 직접 보유. source_detail_url로 페이지 방문 후 공공누리 마크 여부 확인 필요.
busan-VB-2401,visitbusan,https://www.visitbusan.net/uploadImgs/files/cntnts/20250618140541037,2401,https://www.visitbusan.net/kr/index.do?menuCd=DOM_000000202008001000&uc_seq=2401&lang_cd=ko,kogl_mark_on_page,,uc_seq_direct,manual_review,high,uc_seq=2401 직접 보유. source_detail_url로 페이지 방문 후 공공누리 마크 여부 확인 필요.
busan-VB-2397,visitbusan,https://www.visitbusan.net/uploadImgs/files/cntnts/20250613140232407,2397,https://www.visitbusan.net/kr/index.do?menuCd=DOM_000000202008001000&uc_seq=2397&lang_cd=ko,kogl_mark_on_page,,uc_seq_direct,manual_review,high,uc_seq=2397 직접 보유. source_detail_url로 페이지 방문 후 공공누리 마크 여부 확인 필요.
busan-VB-2309,visitbusan,https://www.visitbusan.net/uploadImgs/files/cntnts/20250317111802531,2309,https://www.visitbusan.net/kr/index.do?menuCd=DOM_000000202008001000&uc_seq=2309&lang_cd=ko,kogl_mark_on_page,,uc_seq_direct,manual_review,high,uc_seq=2309 직접 보유. source_detail_url로 페이지 방문 후 공공누리 마크 여부 확인 필요.
busan-VB-2308,visitbusan,https://www.visitbusan.net/uploadImgs/files/cntnts/20250310154007771,2308,https://www.visitbusan.net/kr/index.do?menuCd=DOM_000000202008001000&uc_seq=2308&lang_cd=ko,kogl_mark_on_page,,uc_seq_direct,manual_review,high,uc_seq=2308 직접 보유. source_detail_url로 페이지 방문 후 공공누리 마크 여부 확인 필요.
busan-VB-2307,visitbusan,https://www.visitbusan.net/uploadImgs/files/cntnts/20250306144807516,2307,https://www.visitbusan.net/kr/index.do?menuCd=DOM_000000202008001000&uc_seq=2307&lang_cd=ko,kogl_mark_on_page,,uc_seq_direct,manual_review,high,uc_seq=2307 직접 보유. source_detail_url로 페이지 방문 후 공공누리 마크 여부 확인 필요.
busan-VB-2306,visitbusan,https://www.visitbusan.net/uploadImgs/files/cntnts/20250306143925873,2306,https://www.visitbusan.net/kr/index.do?menuCd=DOM_000000202008001000&uc_seq=2306&lang_cd=ko,kogl_mark_on_page,,uc_seq_direct,manual_review,high,uc_seq=2306 직접 보유. source_detail_url로 페이지 방문 후 공공누리 마크 여부 확인 필요.
busan-VB-2304,visitbusan,https://www.visitbusan.net/uploadImgs/files/cntnts/20250306141559591,2304,https://www.visitbusan.net/kr/index.do?menuCd=DOM_000000202008001000&uc_seq=2304&lang_cd=ko,kogl_mark_on_page,,uc_seq_direct,manual_review,high,uc_seq=2304 직접 보유. source_detail_url로 페이지 방문 후 공공누리 마크 여부 확인 필요.
busan-VB-2302,visitbusan,https://www.visitbusan.net/uploadImgs/files/cntnts/20250306134128145,2302,https://www.visitbusan.net/kr/index.do?menuCd=DOM_000000202008001000&uc_seq=2302&lang_cd=ko,kogl_mark_on_page,,uc_seq_direct,manual_review,high,uc_seq=2302 직접 보유. source_detail_url로 페이지 방문 후 공공누리 마크 여부 확인 필요.
busan-VB-2301,visitbusan,https://www.visitbusan.net/uploadImgs/files/cntnts/20250306133034109,2301,https://www.visitbusan.net/kr/index.do?menuCd=DOM_000000202008001000&uc_seq=2301&lang_cd=ko,kogl_mark_on_page,,uc_seq_direct,manual_review,high,uc_seq=2301 직접 보유. source_detail_url로 페이지 방문 후 공공누리 마크 여부 확인 필요.
busan-VB-2300,visitbusan,https://www.visitbusan.net/uploadImgs/files/cntnts/20250306131206462,2300,https://www.visitbusan.net/kr/index.do?menuCd=DOM_000000202008001000&uc_seq=2300&lang_cd=ko,kogl_mark_on_page,,uc_seq_direct,manual_review,high,uc_seq=2300 직접 보유. source_detail_url로 페이지 방문 후 공공누리 마크 여부 확인 필요.
busan-VB-2298,visitbusan,https://www.visitbusan.net/uploadImgs/files/cntnts/20250306114841117,2298,https://www.visitbusan.net/kr/index.do?menuCd=DOM_000000202008001000&uc_seq=2298&lang_cd=ko,kogl_mark_on_page,,uc_seq_direct,manual_review,high,uc_seq=2298 직접 보유. source_detail_url로 페이지 방문 후 공공누리 마크 여부 확인 필요.
busan-VB-2297,visitbusan,https://www.visitbusan.net/uploadImgs/files/cntnts/20250306113644043,2297,https://www.visitbusan.net/kr/index.do?menuCd=DOM_000000202008001000&uc_seq=2297&lang_cd=ko,kogl_mark_on_page,,uc_seq_direct,manual_review,high,uc_seq=2297 직접 보유. source_detail_url로 페이지 방문 후 공공누리 마크 여부 확인 필요.
busan-VB-2294,visitbusan,https://www.visitbusan.net/uploadImgs/files/cntnts/20250228102301359,2294,https://www.visitbusan.net/kr/index.do?menuCd=DOM_000000202008001000&uc_seq=2294&lang_cd=ko,kogl_mark_on_page,,uc_seq_direct,manual_review,high,uc_seq=2294 직접 보유. source_detail_url로 페이지 방문 후 공공누리 마크 여부 확인 필요.
busan-VB-2293,visitbusan,https://www.visitbusan.net/uploadImgs/files/cntnts/20250228155206632,2293,https://www.visitbusan.net/kr/index.do?menuCd=DOM_000000202008001000&uc_seq=2293&lang_cd=ko,kogl_mark_on_page,,uc_seq_direct,manual_review,high,uc_seq=2293 직접 보유. source_detail_url로 페이지 방문 후 공공누리 마크 여부 확인 필요.
busan-VB-2277,visitbusan,https://www.visitbusan.net/uploadImgs/files/cntnts/20250210174721955,2277,https://www.visitbusan.net/kr/index.do?menuCd=DOM_000000202008001000&uc_seq=2277&lang_cd=ko,kogl_mark_on_page,,uc_seq_direct,manual_review,high,uc_seq=2277 직접 보유. source_detail_url로 페이지 방문 후 공공누리 마크 여부 확인 필요.
busan-VB-2273,visitbusan,https://www.visitbusan.net/uploadImgs/files/cntnts/20250207140135001,2273,https://www.visitbusan.net/kr/index.do?menuCd=DOM_000000202008001000&uc_seq=2273&lang_cd=ko,kogl_mark_on_page,,uc_seq_direct,manual_review,high,uc_seq=2273 직접 보유. source_detail_url로 페이지 방문 후 공공누리 마크 여부 확인 필요.
busan-VB-2270,visitbusan,https://www.visitbusan.net/uploadImgs/files/cntnts/20250210184020306,2270,https://www.visitbusan.net/kr/index.do?menuCd=DOM_000000202008001000&uc_seq=2270&lang_cd=ko,kogl_mark_on_page,,uc_seq_direct,manual_review,high,uc_seq=2270 직접 보유. source_detail_url로 페이지 방문 후 공공누리 마크 여부 확인 필요.
busan-VB-2259,visitbusan,https://www.visitbusan.net/uploadImgs/files/cntnts/20250120134438551,2259,https://www.visitbusan.net/kr/index.do?menuCd=DOM_000000202008001000&uc_seq=2259&lang_cd=ko,kogl_mark_on_page,,uc_seq_direct,manual_review,high,uc_seq=2259 직접 보유. source_detail_url로 페이지 방문 후 공공누리 마크 여부 확인 필요.
busan-VB-2249,visitbusan,https://www.visitbusan.net/uploadImgs/files/cntnts/20250115175704114,2249,https://www.visitbusan.net/kr/index.do?menuCd=DOM_000000202008001000&uc_seq=2249&lang_cd=ko,kogl_mark_on_page,,uc_seq_direct,manual_review,high,uc_seq=2249 직접 보유. source_detail_url로 페이지 방문 후 공공누리 마크 여부 확인 필요.
busan-VB-2244,visitbusan,https://www.visitbusan.net/uploadImgs/files/cntnts/20250114175925376,2244,https://www.visitbusan.net/kr/index.do?menuCd=DOM_000000202008001000&uc_seq=2244&lang_cd=ko,kogl_mark_on_page,,uc_seq_direct,manual_review,high,uc_seq=2244 직접 보유. source_detail_url로 페이지 방문 후 공공누리 마크 여부 확인 필요.
busan-VB-2243,visitbusan,https://www.visitbusan.net/uploadImgs/files/cntnts/20250114175054655,2243,https://www.visitbusan.net/kr/index.do?menuCd=DOM_000000202008001000&uc_seq=2243&lang_cd=ko,kogl_mark_on_page,,uc_seq_direct,manual_review,high,uc_seq=2243 직접 보유. source_detail_url로 페이지 방문 후 공공누리 마크 여부 확인 필요.
busan-VB-2209,visitbusan,https://www.visitbusan.net/uploadImgs/files/cntnts/20241206180824811,2209,https://www.visitbusan.net/kr/index.do?menuCd=DOM_000000202008001000&uc_seq=2209&lang_cd=ko,kogl_mark_on_page,,uc_seq_direct,manual_review,high,uc_seq=2209 직접 보유. source_detail_url로 페이지 방문 후 공공누리 마크 여부 확인 필요.
busan-VB-2181,visitbusan,https://www.visitbusan.net/uploadImgs/files/cntnts/20241111175758396,2181,https://www.visitbusan.net/kr/index.do?menuCd=DOM_000000202008001000&uc_seq=2181&lang_cd=ko,kogl_mark_on_page,,uc_seq_direct,manual_review,high,uc_seq=2181 직접 보유. source_detail_url로 페이지 방문 후 공공누리 마크 여부 확인 필요.
busan-VB-2159,visitbusan,https://www.visitbusan.net/uploadImgs/files/cntnts/20241104120013962,2159,https://www.visitbusan.net/kr/index.do?menuCd=DOM_000000202008001000&uc_seq=2159&lang_cd=ko,kogl_mark_on_page,,uc_seq_direct,manual_review,high,uc_seq=2159 직접 보유. source_detail_url로 페이지 방문 후 공공누리 마크 여부 확인 필요.
busan-VB-2142,visitbusan,https://www.visitbusan.net/uploadImgs/files/cntnts/20241024140519757,2142,https://www.visitbusan.net/kr/index.do?menuCd=DOM_000000202008001000&uc_seq=2142&lang_cd=ko,kogl_mark_on_page,,uc_seq_direct,manual_review,high,uc_seq=2142 직접 보유. source_detail_url로 페이지 방문 후 공공누리 마크 여부 확인 필요.
busan-VB-2135,visitbusan,https://www.visitbusan.net/uploadImgs/files/cntnts/20241016172928383,2135,https://www.visitbusan.net/kr/index.do?menuCd=DOM_000000202008001000&uc_seq=2135&lang_cd=ko,kogl_mark_on_page,,uc_seq_direct,manual_review,high,uc_seq=2135 직접 보유. source_detail_url로 페이지 방문 후 공공누리 마크 여부 확인 필요.
busan-VB-2134,visitbusan,https://www.visitbusan.net/uploadImgs/files/cntnts/20241017115850389,2134,https://www.visitbusan.net/kr/index.do?menuCd=DOM_000000202008001000&uc_seq=2134&lang_cd=ko,kogl_mark_on_page,,uc_seq_direct,manual_review,high,uc_seq=2134 직접 보유. source_detail_url로 페이지 방문 후 공공누리 마크 여부 확인 필요.
busan-VB-2132,visitbusan,https://www.visitbusan.net/uploadImgs/files/cntnts/20241017115729408,2132,https://www.visitbusan.net/kr/index.do?menuCd=DOM_000000202008001000&uc_seq=2132&lang_cd=ko,kogl_mark_on_page,,uc_seq_direct,manual_review,high,uc_seq=2132 직접 보유. source_detail_url로 페이지 방문 후 공공누리 마크 여부 확인 필요.
busan-VB-2109,visitbusan,https://www.visitbusan.net/uploadImgs/files/cntnts/20240926133248318,2109,https://www.visitbusan.net/kr/index.do?menuCd=DOM_000000202008001000&uc_seq=2109&lang_cd=ko,kogl_mark_on_page,,uc_seq_direct,manual_review,high,uc_seq=2109 직접 보유. source_detail_url로 페이지 방문 후 공공누리 마크 여부 확인 필요.
busan-VB-2103,visitbusan,https://www.visitbusan.net/uploadImgs/files/cntnts/20240923140840157,2103,https://www.visitbusan.net/kr/index.do?menuCd=DOM_000000202008001000&uc_seq=2103&lang_cd=ko,kogl_mark_on_page,,uc_seq_direct,manual_review,high,uc_seq=2103 직접 보유. source_detail_url로 페이지 방문 후 공공누리 마크 여부 확인 필요.
busan-VB-2097,visitbusan,https://www.visitbusan.net/uploadImgs/files/cntnts/20240920113847678,2097,https://www.visitbusan.net/kr/index.do?menuCd=DOM_000000202008001000&uc_seq=2097&lang_cd=ko,kogl_mark_on_page,,uc_seq_direct,manual_review,high,uc_seq=2097 직접 보유. source_detail_url로 페이지 방문 후 공공누리 마크 여부 확인 필요.
busan-VB-2091,visitbusan,https://www.visitbusan.net/uploadImgs/files/cntnts/20240912162609179,2091,https://www.visitbusan.net/kr/index.do?menuCd=DOM_000000202008001000&uc_seq=2091&lang_cd=ko,kogl_mark_on_page,,uc_seq_direct,manual_review,high,uc_seq=2091 직접 보유. source_detail_url로 페이지 방문 후 공공누리 마크 여부 확인 필요.
busan-VB-2080,visitbusan,https://www.visitbusan.net/uploadImgs/files/cntnts/20240910181815427,2080,https://www.visitbusan.net/kr/index.do?menuCd=DOM_000000202008001000&uc_seq=2080&lang_cd=ko,kogl_mark_on_page,,uc_seq_direct,manual_review,high,uc_seq=2080 직접 보유. source_detail_url로 페이지 방문 후 공공누리 마크 여부 확인 필요.
busan-VB-2066,visitbusan,https://www.visitbusan.net/uploadImgs/files/cntnts/20240822153539931,2066,https://www.visitbusan.net/kr/index.do?menuCd=DOM_000000202008001000&uc_seq=2066&lang_cd=ko,kogl_mark_on_page,,uc_seq_direct,manual_review,high,uc_seq=2066 직접 보유. source_detail_url로 페이지 방문 후 공공누리 마크 여부 확인 필요.
busan-VB-1965,visitbusan,https://www.visitbusan.net/uploadImgs/files/cntnts/20240805144354930,1965,https://www.visitbusan.net/kr/index.do?menuCd=DOM_000000202008001000&uc_seq=1965&lang_cd=ko,kogl_mark_on_page,,uc_seq_direct,manual_review,high,uc_seq=1965 직접 보유. source_detail_url로 페이지 방문 후 공공누리 마크 여부 확인 필요.
busan-VB-1963,visitbusan,https://www.visitbusan.net/uploadImgs/files/cntnts/20240805145854969,1963,https://www.visitbusan.net/kr/index.do?menuCd=DOM_000000202008001000&uc_seq=1963&lang_cd=ko,kogl_mark_on_page,,uc_seq_direct,manual_review,high,uc_seq=1963 직접 보유. source_detail_url로 페이지 방문 후 공공누리 마크 여부 확인 필요.
busan-VB-1955,visitbusan,https://www.visitbusan.net/uploadImgs/files/cntnts/20240725103101802,1955,https://www.visitbusan.net/kr/index.do?menuCd=DOM_000000202008001000&uc_seq=1955&lang_cd=ko,kogl_mark_on_page,,uc_seq_direct,manual_review,high,uc_seq=1955 직접 보유. source_detail_url로 페이지 방문 후 공공누리 마크 여부 확인 필요.
busan-VB-1908,visitbusan,https://www.visitbusan.net/uploadImgs/files/cntnts/20240712140651629,1908,https://www.visitbusan.net/kr/index.do?menuCd=DOM_000000202008001000&uc_seq=1908&lang_cd=ko,kogl_mark_on_page,,uc_seq_direct,manual_review,high,uc_seq=1908 직접 보유. source_detail_url로 페이지 방문 후 공공누리 마크 여부 확인 필요.
busan-VB-1906,visitbusan,https://www.visitbusan.net/uploadImgs/files/cntnts/20240718113143752,1906,https://www.visitbusan.net/kr/index.do?menuCd=DOM_000000202008001000&uc_seq=1906&lang_cd=ko,kogl_mark_on_page,,uc_seq_direct,manual_review,high,uc_seq=1906 직접 보유. source_detail_url로 페이지 방문 후 공공누리 마크 여부 확인 필요.
busan-VB-1869,visitbusan,https://www.visitbusan.net/uploadImgs/files/cntnts/20240523122821289,1869,https://www.visitbusan.net/kr/index.do?menuCd=DOM_000000202008001000&uc_seq=1869&lang_cd=ko,kogl_mark_on_page,,uc_seq_direct,manual_review,high,uc_seq=1869 직접 보유. source_detail_url로 페이지 방문 후 공공누리 마크 여부 확인 필요.
busan-VB-1860,visitbusan,https://www.visitbusan.net/uploadImgs/files/cntnts/20240509112935155,1860,https://www.visitbusan.net/kr/index.do?menuCd=DOM_000000202008001000&uc_seq=1860&lang_cd=ko,kogl_mark_on_page,,uc_seq_direct,manual_review,high,uc_seq=1860 직접 보유. source_detail_url로 페이지 방문 후 공공누리 마크 여부 확인 필요.
busan-VB-1855,visitbusan,https://www.visitbusan.net/uploadImgs/files/cntnts/20240426162016150,1855,https://www.visitbusan.net/kr/index.do?menuCd=DOM_000000202008001000&uc_seq=1855&lang_cd=ko,kogl_mark_on_page,,uc_seq_direct,manual_review,high,uc_seq=1855 직접 보유. source_detail_url로 페이지 방문 후 공공누리 마크 여부 확인 필요.
busan-VB-1854,visitbusan,https://www.visitbusan.net/uploadImgs/files/cntnts/20240426152203003,1854,https://www.visitbusan.net/kr/index.do?menuCd=DOM_000000202008001000&uc_seq=1854&lang_cd=ko,kogl_mark_on_page,,uc_seq_direct,manual_review,high,uc_seq=1854 직접 보유. source_detail_url로 페이지 방문 후 공공누리 마크 여부 확인 필요.
busan-VB-1853,visitbusan,https://www.visitbusan.net/uploadImgs/files/cntnts/20240426150248689,1853,https://www.visitbusan.net/kr/index.do?menuCd=DOM_000000202008001000&uc_seq=1853&lang_cd=ko,kogl_mark_on_page,,uc_seq_direct,manual_review,high,uc_seq=1853 직접 보유. source_detail_url로 페이지 방문 후 공공누리 마크 여부 확인 필요.
busan-VB-1852,visitbusan,https://www.visitbusan.net/uploadImgs/files/cntnts/20240426143708267,1852,https://www.visitbusan.net/kr/index.do?menuCd=DOM_000000202008001000&uc_seq=1852&lang_cd=ko,kogl_mark_on_page,,uc_seq_direct,manual_review,high,uc_seq=1852 직접 보유. source_detail_url로 페이지 방문 후 공공누리 마크 여부 확인 필요.
busan-VB-1799,visitbusan,https://www.visitbusan.net/uploadImgs/files/cntnts/20240401190118004,1799,https://www.visitbusan.net/kr/index.do?menuCd=DOM_000000202008001000&uc_seq=1799&lang_cd=ko,kogl_mark_on_page,,uc_seq_direct,manual_review,high,uc_seq=1799 직접 보유. source_detail_url로 페이지 방문 후 공공누리 마크 여부 확인 필요.
busan-VB-1769,visitbusan,https://www.visitbusan.net/uploadImgs/files/cntnts/20240126145805570,1769,https://www.visitbusan.net/kr/index.do?menuCd=DOM_000000202008001000&uc_seq=1769&lang_cd=ko,kogl_mark_on_page,,uc_seq_direct,manual_review,high,uc_seq=1769 직접 보유. source_detail_url로 페이지 방문 후 공공누리 마크 여부 확인 필요.
busan-VB-1754,visitbusan,https://www.visitbusan.net/uploadImgs/files/cntnts/20231122102746866,1754,https://www.visitbusan.net/kr/index.do?menuCd=DOM_000000202008001000&uc_seq=1754&lang_cd=ko,kogl_mark_on_page,,uc_seq_direct,manual_review,high,uc_seq=1754 직접 보유. source_detail_url로 페이지 방문 후 공공누리 마크 여부 확인 필요.
busan-VB-1753,visitbusan,https://www.visitbusan.net/uploadImgs/files/cntnts/20231122100844072,1753,https://www.visitbusan.net/kr/index.do?menuCd=DOM_000000202008001000&uc_seq=1753&lang_cd=ko,kogl_mark_on_page,,uc_seq_direct,manual_review,high,uc_seq=1753 직접 보유. source_detail_url로 페이지 방문 후 공공누리 마크 여부 확인 필요.
busan-VB-1748,visitbusan,https://www.visitbusan.net/uploadImgs/files/cntnts/20231109125150172,1748,https://www.visitbusan.net/kr/index.do?menuCd=DOM_000000202008001000&uc_seq=1748&lang_cd=ko,kogl_mark_on_page,,uc_seq_direct,manual_review,high,uc_seq=1748 직접 보유. source_detail_url로 페이지 방문 후 공공누리 마크 여부 확인 필요.
busan-VB-1747,visitbusan,https://www.visitbusan.net/uploadImgs/files/cntnts/20231108170648764,1747,https://www.visitbusan.net/kr/index.do?menuCd=DOM_000000202008001000&uc_seq=1747&lang_cd=ko,kogl_mark_on_page,,uc_seq_direct,manual_review,high,uc_seq=1747 직접 보유. source_detail_url로 페이지 방문 후 공공누리 마크 여부 확인 필요.
busan-VB-1743,visitbusan,https://www.visitbusan.net/uploadImgs/files/cntnts/20231103152837809,1743,https://www.visitbusan.net/kr/index.do?menuCd=DOM_000000202008001000&uc_seq=1743&lang_cd=ko,kogl_mark_on_page,,uc_seq_direct,manual_review,high,uc_seq=1743 직접 보유. source_detail_url로 페이지 방문 후 공공누리 마크 여부 확인 필요.
busan-VB-1742,visitbusan,https://www.visitbusan.net/uploadImgs/files/cntnts/20231102150518289,1742,https://www.visitbusan.net/kr/index.do?menuCd=DOM_000000202008001000&uc_seq=1742&lang_cd=ko,kogl_mark_on_page,,uc_seq_direct,manual_review,high,uc_seq=1742 직접 보유. source_detail_url로 페이지 방문 후 공공누리 마크 여부 확인 필요.
busan-VB-1739,visitbusan,https://www.visitbusan.net/uploadImgs/files/cntnts/20231102145311420,1739,https://www.visitbusan.net/kr/index.do?menuCd=DOM_000000202008001000&uc_seq=1739&lang_cd=ko,kogl_mark_on_page,,uc_seq_direct,manual_review,high,uc_seq=1739 직접 보유. source_detail_url로 페이지 방문 후 공공누리 마크 여부 확인 필요.
busan-VB-1737,visitbusan,https://www.visitbusan.net/uploadImgs/files/cntnts/20231101135638906,1737,https://www.visitbusan.net/kr/index.do?menuCd=DOM_000000202008001000&uc_seq=1737&lang_cd=ko,kogl_mark_on_page,,uc_seq_direct,manual_review,high,uc_seq=1737 직접 보유. source_detail_url로 페이지 방문 후 공공누리 마크 여부 확인 필요.
busan-VB-1733,visitbusan,https://www.visitbusan.net/uploadImgs/files/cntnts/20231102143906919,1733,https://www.visitbusan.net/kr/index.do?menuCd=DOM_000000202008001000&uc_seq=1733&lang_cd=ko,kogl_mark_on_page,,uc_seq_direct,manual_review,high,uc_seq=1733 직접 보유. source_detail_url로 페이지 방문 후 공공누리 마크 여부 확인 필요.
busan-VB-1729,visitbusan,https://www.visitbusan.net/uploadImgs/files/cntnts/20240116112643283,1729,https://www.visitbusan.net/kr/index.do?menuCd=DOM_000000202008001000&uc_seq=1729&lang_cd=ko,kogl_mark_on_page,,uc_seq_direct,manual_review,high,uc_seq=1729 직접 보유. source_detail_url로 페이지 방문 후 공공누리 마크 여부 확인 필요.
busan-VB-1721,visitbusan,https://www.visitbusan.net/uploadImgs/files/cntnts/20240115181405769,1721,https://www.visitbusan.net/kr/index.do?menuCd=DOM_000000202008001000&uc_seq=1721&lang_cd=ko,kogl_mark_on_page,,uc_seq_direct,manual_review,high,uc_seq=1721 직접 보유. source_detail_url로 페이지 방문 후 공공누리 마크 여부 확인 필요.
busan-VB-1710,visitbusan,https://www.visitbusan.net/uploadImgs/files/cntnts/20230918105645593,1710,https://www.visitbusan.net/kr/index.do?menuCd=DOM_000000202008001000&uc_seq=1710&lang_cd=ko,kogl_mark_on_page,,uc_seq_direct,manual_review,high,uc_seq=1710 직접 보유. source_detail_url로 페이지 방문 후 공공누리 마크 여부 확인 필요.
busan-VB-1695,visitbusan,https://www.visitbusan.net/uploadImgs/files/cntnts/20230818110625569,1695,https://www.visitbusan.net/kr/index.do?menuCd=DOM_000000202008001000&uc_seq=1695&lang_cd=ko,kogl_mark_on_page,,uc_seq_direct,manual_review,high,uc_seq=1695 직접 보유. source_detail_url로 페이지 방문 후 공공누리 마크 여부 확인 필요.
busan-VB-1680,visitbusan,https://www.visitbusan.net/uploadImgs/files/cntnts/20230803111638709,1680,https://www.visitbusan.net/kr/index.do?menuCd=DOM_000000202008001000&uc_seq=1680&lang_cd=ko,kogl_mark_on_page,,uc_seq_direct,manual_review,high,uc_seq=1680 직접 보유. source_detail_url로 페이지 방문 후 공공누리 마크 여부 확인 필요.
busan-VB-1624,visitbusan,https://www.visitbusan.net/uploadImgs/files/cntnts/20230613161356984,1624,https://www.visitbusan.net/kr/index.do?menuCd=DOM_000000202008001000&uc_seq=1624&lang_cd=ko,kogl_mark_on_page,,uc_seq_direct,manual_review,high,uc_seq=1624 직접 보유. source_detail_url로 페이지 방문 후 공공누리 마크 여부 확인 필요.
busan-VB-1364,visitbusan,https://www.visitbusan.net/uploadImgs/files/cntnts/20230202161545695,1364,https://www.visitbusan.net/kr/index.do?menuCd=DOM_000000202008001000&uc_seq=1364&lang_cd=ko,kogl_mark_on_page,,uc_seq_direct,manual_review,high,uc_seq=1364 직접 보유. source_detail_url로 페이지 방문 후 공공누리 마크 여부 확인 필요.
busan-VB-1316,visitbusan,https://www.visitbusan.net/uploadImgs/files/cntnts/20230919092725268,1316,https://www.visitbusan.net/kr/index.do?menuCd=DOM_000000202008001000&uc_seq=1316&lang_cd=ko,kogl_mark_on_page,,uc_seq_direct,manual_review,high,uc_seq=1316 직접 보유. source_detail_url로 페이지 방문 후 공공누리 마크 여부 확인 필요.
busan-VB-1315,visitbusan,https://www.visitbusan.net/uploadImgs/files/cntnts/20220901105625348,1315,https://www.visitbusan.net/kr/index.do?menuCd=DOM_000000202008001000&uc_seq=1315&lang_cd=ko,kogl_mark_on_page,,uc_seq_direct,manual_review,high,uc_seq=1315 직접 보유. source_detail_url로 페이지 방문 후 공공누리 마크 여부 확인 필요.
busan-VB-1157,visitbusan,https://www.visitbusan.net/uploadImgs/files/cntnts/20211029150212666,1157,https://www.visitbusan.net/kr/index.do?menuCd=DOM_000000202008001000&uc_seq=1157&lang_cd=ko,kogl_mark_on_page,,uc_seq_direct,manual_review,high,uc_seq=1157 직접 보유. source_detail_url로 페이지 방문 후 공공누리 마크 여부 확인 필요.
busan-VB-1093,visitbusan,https://www.visitbusan.net/uploadImgs/files/cntnts/20210906193401204,1093,https://www.visitbusan.net/kr/index.do?menuCd=DOM_000000202008001000&uc_seq=1093&lang_cd=ko,kogl_mark_on_page,,uc_seq_direct,manual_review,high,uc_seq=1093 직접 보유. source_detail_url로 페이지 방문 후 공공누리 마크 여부 확인 필요.
busan-VB-1066,visitbusan,https://www.visitbusan.net/uploadImgs/files/cntnts/20210415141932215,1066,https://www.visitbusan.net/kr/index.do?menuCd=DOM_000000202008001000&uc_seq=1066&lang_cd=ko,kogl_mark_on_page,,uc_seq_direct,manual_review,high,uc_seq=1066 직접 보유. source_detail_url로 페이지 방문 후 공공누리 마크 여부 확인 필요.
busan-VB-1063,visitbusan,https://www.visitbusan.net/uploadImgs/files/cntnts/20210415094749661,1063,https://www.visitbusan.net/kr/index.do?menuCd=DOM_000000202008001000&uc_seq=1063&lang_cd=ko,kogl_mark_on_page,,uc_seq_direct,manual_review,high,uc_seq=1063 직접 보유. source_detail_url로 페이지 방문 후 공공누리 마크 여부 확인 필요.
busan-VB-1057,visitbusan,https://www.visitbusan.net/uploadImgs/files/cntnts/20210224093512296,1057,https://www.visitbusan.net/kr/index.do?menuCd=DOM_000000202008001000&uc_seq=1057&lang_cd=ko,kogl_mark_on_page,,uc_seq_direct,manual_review,high,uc_seq=1057 직접 보유. source_detail_url로 페이지 방문 후 공공누리 마크 여부 확인 필요.
busan-VB-1034,visitbusan,https://www.visitbusan.net/uploadImgs/files/cntnts/20210119092002319,1034,https://www.visitbusan.net/kr/index.do?menuCd=DOM_000000202008001000&uc_seq=1034&lang_cd=ko,kogl_mark_on_page,,uc_seq_direct,manual_review,high,uc_seq=1034 직접 보유. source_detail_url로 페이지 방문 후 공공누리 마크 여부 확인 필요.
busan-VB-996,visitbusan,https://www.visitbusan.net/uploadImgs/files/cntnts/20200914115047550,996,https://www.visitbusan.net/kr/index.do?menuCd=DOM_000000202008001000&uc_seq=996&lang_cd=ko,kogl_mark_on_page,,uc_seq_direct,manual_review,high,uc_seq=996 직접 보유. source_detail_url로 페이지 방문 후 공공누리 마크 여부 확인 필요.
busan-VB-986,visitbusan,https://www.visitbusan.net/uploadImgs/files/cntnts/20200831115036280,986,https://www.visitbusan.net/kr/index.do?menuCd=DOM_000000202008001000&uc_seq=986&lang_cd=ko,kogl_mark_on_page,,uc_seq_direct,manual_review,high,uc_seq=986 직접 보유. source_detail_url로 페이지 방문 후 공공누리 마크 여부 확인 필요.
busan-VB-839,visitbusan,https://www.visitbusan.net/uploadImgs/files/cntnts/20240716142750561,839,https://www.visitbusan.net/kr/index.do?menuCd=DOM_000000202008001000&uc_seq=839&lang_cd=ko,kogl_mark_on_page,,uc_seq_direct,manual_review,high,uc_seq=839 직접 보유. source_detail_url로 페이지 방문 후 공공누리 마크 여부 확인 필요.
busan-VB-44,visitbusan,https://www.visitbusan.net/uploadImgs/files/cntnts/20230602101327668,44,https://www.visitbusan.net/kr/index.do?menuCd=DOM_000000202008001000&uc_seq=44&lang_cd=ko,kogl_mark_on_page,,uc_seq_direct,manual_review,high,uc_seq=44 직접 보유. source_detail_url로 페이지 방문 후 공공누리 마크 여부 확인 필요.
busan-VB-339,visitbusan,https://www.visitbusan.net/uploadImgs/files/cntnts/20191227171546642,339,https://www.visitbusan.net/kr/index.do?menuCd=DOM_000000202008001000&uc_seq=339&lang_cd=ko,kogl_mark_on_page,,uc_seq_direct,manual_review,high,uc_seq=339 직접 보유. source_detail_url로 페이지 방문 후 공공누리 마크 여부 확인 필요.
busan-VB-43,visitbusan,https://www.visitbusan.net/uploadImgs/files/cntnts/20191225152141281,43,https://www.visitbusan.net/kr/index.do?menuCd=DOM_000000202008001000&uc_seq=43&lang_cd=ko,kogl_mark_on_page,,uc_seq_direct,manual_review,high,uc_seq=43 직접 보유. source_detail_url로 페이지 방문 후 공공누리 마크 여부 확인 필요.
busan-VB-448,visitbusan,https://www.visitbusan.net/uploadImgs/files/cntnts/20191231183025713,448,https://www.visitbusan.net/kr/index.do?menuCd=DOM_000000202008001000&uc_seq=448&lang_cd=ko,kogl_mark_on_page,,uc_seq_direct,manual_review,high,uc_seq=448 직접 보유. source_detail_url로 페이지 방문 후 공공누리 마크 여부 확인 필요.
busan-VB-446,visitbusan,https://www.visitbusan.net/uploadImgs/files/cntnts/20191231181815748,446,https://www.visitbusan.net/kr/index.do?menuCd=DOM_000000202008001000&uc_seq=446&lang_cd=ko,kogl_mark_on_page,,uc_seq_direct,manual_review,high,uc_seq=446 직접 보유. source_detail_url로 페이지 방문 후 공공누리 마크 여부 확인 필요.
busan-VB-518,visitbusan,https://www.visitbusan.net/uploadImgs/files/cntnts/20200102221926917,518,https://www.visitbusan.net/kr/index.do?menuCd=DOM_000000202008001000&uc_seq=518&lang_cd=ko,kogl_mark_on_page,,uc_seq_direct,manual_review,high,uc_seq=518 직접 보유. source_detail_url로 페이지 방문 후 공공누리 마크 여부 확인 필요.
busan-VB-336,visitbusan,https://www.visitbusan.net/uploadImgs/files/cntnts/20191227164117189,336,https://www.visitbusan.net/kr/index.do?menuCd=DOM_000000202008001000&uc_seq=336&lang_cd=ko,kogl_mark_on_page,,uc_seq_direct,manual_review,high,uc_seq=336 직접 보유. source_detail_url로 페이지 방문 후 공공누리 마크 여부 확인 필요.
busan-VB-139,visitbusan,https://www.visitbusan.net/uploadImgs/files/cntnts/20191218132613831,139,https://www.visitbusan.net/kr/index.do?menuCd=DOM_000000202008001000&uc_seq=139&lang_cd=ko,kogl_mark_on_page,,uc_seq_direct,manual_review,high,uc_seq=139 직접 보유. source_detail_url로 페이지 방문 후 공공누리 마크 여부 확인 필요.
busan-VB-429,visitbusan,https://www.visitbusan.net/uploadImgs/files/cntnts/20191231100658927,429,https://www.visitbusan.net/kr/index.do?menuCd=DOM_000000202008001000&uc_seq=429&lang_cd=ko,kogl_mark_on_page,,uc_seq_direct,manual_review,high,uc_seq=429 직접 보유. source_detail_url로 페이지 방문 후 공공누리 마크 여부 확인 필요.
busan-VB-140,visitbusan,https://www.visitbusan.net/uploadImgs/files/cntnts/20191218141129672,140,https://www.visitbusan.net/kr/index.do?menuCd=DOM_000000202008001000&uc_seq=140&lang_cd=ko,kogl_mark_on_page,,uc_seq_direct,manual_review,high,uc_seq=140 직접 보유. source_detail_url로 페이지 방문 후 공공누리 마크 여부 확인 필요.
busan-VB-482,visitbusan,https://www.visitbusan.net/uploadImgs/files/cntnts/20200101163824503,482,https://www.visitbusan.net/kr/index.do?menuCd=DOM_000000202008001000&uc_seq=482&lang_cd=ko,kogl_mark_on_page,,uc_seq_direct,manual_review,high,uc_seq=482 직접 보유. source_detail_url로 페이지 방문 후 공공누리 마크 여부 확인 필요.
busan-VB-530,visitbusan,https://www.visitbusan.net/uploadImgs/files/cntnts/20200110155525744,530,https://www.visitbusan.net/kr/index.do?menuCd=DOM_000000202008001000&uc_seq=530&lang_cd=ko,kogl_mark_on_page,,uc_seq_direct,manual_review,high,uc_seq=530 직접 보유. source_detail_url로 페이지 방문 후 공공누리 마크 여부 확인 필요.
busan-VB-436,visitbusan,https://www.visitbusan.net/uploadImgs/files/cntnts/20191231105906594,436,https://www.visitbusan.net/kr/index.do?menuCd=DOM_000000202008001000&uc_seq=436&lang_cd=ko,kogl_mark_on_page,,uc_seq_direct,manual_review,high,uc_seq=436 직접 보유. source_detail_url로 페이지 방문 후 공공누리 마크 여부 확인 필요.