candidate_id,title_ko,primary_status,pg_high_count,pg_manual_count,best_pg_confidence,representative_photo_id,representative_photo_url,representative_title,selection_score,classification,reason
busan-A-00001,흰여울문화마을,review_required,93,0,high,2732264,http://tong.visitkorea.or.kr/cms2/website/64/2732264.jpg,흰여울문화마을,20,review_required,"primary rights unknown (dec=""review_required""); PG match=high"
busan-A-00002,깡깡이 예술마을,review_required,3,0,high,2927498,https://tong.visitkorea.or.kr/cms/resource_photo/98/2927498_image2_1.jpg,깡깡이예술마을,20,review_required,"primary rights unknown (dec=""review_required""); PG match=high"
busan-A-00003,"국립해양박물관(한,영,중간,중번,일)",review_required,0,45,manual_review,,,,0,review_required,"primary rights unknown (dec=""review_required""); PG match=manual_review"
busan-A-00004,태종대,review_required,38,50,high,1932664,http://tong.visitkorea.or.kr/cms2/website/64/1932664.jpg,태종대,20,review_required,"primary rights unknown (dec=""review_required""); PG match=high"
busan-A-00005,죽성성당,review_required,14,5,high,2011967,http://tong.visitkorea.or.kr/cms2/website/67/2011967.jpg,죽성성당,20,review_required,"primary rights unknown (dec=""review_required""); PG match=high"
busan-A-00006,"아홉산 숲 (한,영,중간,중번,일)",review_required,0,0,no_match,,,,0,keep_primary,primary=review_required; no supplementary action needed
busan-A-00007,"해동용궁사 (한,영,중간,중번,일)",review_required,0,19,manual_review,,,,0,review_required,"primary rights unknown (dec=""review_required""); PG match=manual_review"
busan-A-00008,임랑해수욕장,review_required,0,2,manual_review,,,,0,review_required,"primary rights unknown (dec=""review_required""); PG match=manual_review"
busan-A-00009,"문화공감 수정, 초량1941(한,영,중간,중번,일)",review_required,0,1,manual_review,,,,0,review_required,"primary rights unknown (dec=""review_required""); PG match=manual_review"
busan-A-00010,"부산바다의 과거와 현재, 일광해수욕장",review_required,0,1,manual_review,,,,0,review_required,"primary rights unknown (dec=""review_required""); PG match=manual_review"
busan-A-00011,"구 백제병원 (한,영,중간,중번,일)",review_required,0,0,no_match,,,,0,keep_primary,primary=review_required; no supplementary action needed
busan-A-00012,백산기념관,review_required,1,0,high,2927816,https://tong.visitkorea.or.kr/cms/resource_photo/16/2927816_image2_1.jpg,백산기념관,20,review_required,"primary rights unknown (dec=""review_required""); PG match=high"
busan-A-00013,"한성1918 부산생활문화센터(한,영,중간,중번,일)",review_required,0,0,no_match,,,,0,keep_primary,primary=review_required; no supplementary action needed
busan-A-00014,"조선통신사역사관(한,영,중간,중번,일)",review_required,0,30,manual_review,,,,0,review_required,"primary rights unknown (dec=""review_required""); PG match=manual_review"
busan-A-00015,부산해양자연사박물관,review_required,1,0,high,2928430,https://tong.visitkorea.or.kr/cms/resource_photo/30/2928430_image2_1.jpg,부산해양자연사박물관,20,review_required,"primary rights unknown (dec=""review_required""); PG match=high"
busan-A-00016,보수동책방골목,review_required,0,1,manual_review,,,,0,review_required,"primary rights unknown (dec=""review_required""); PG match=manual_review"
busan-A-00017,"임시수도기념관(한,영,중간,중번,일)",review_required,0,4,manual_review,,,,0,review_required,"primary rights unknown (dec=""review_required""); PG match=manual_review"
busan-A-00018,"동아대석당박물관(한,영,중간,중번,일)",review_required,0,1,manual_review,,,,0,review_required,"primary rights unknown (dec=""review_required""); PG match=manual_review"
busan-A-00019,"국립일제강제동원역사관(한,영,중간,중번,일)",review_required,0,2,manual_review,,,,0,review_required,"primary rights unknown (dec=""review_required""); PG match=manual_review"
busan-A-00020,부산박물관,review_required,73,0,high,1707611,http://tong.visitkorea.or.kr/cms2/website/11/1707611.jpg,부산박물관,20,review_required,"primary rights unknown (dec=""review_required""); PG match=high"
busan-A-00021,"유엔기념공원, 유엔평화기념관(한,영,중간,중번,일)",review_required,0,0,no_match,,,,0,keep_primary,primary=review_required; no supplementary action needed
busan-A-00022,오륙도,review_required,44,34,high,1826726,http://tong.visitkorea.or.kr/cms2/website/26/1826726.jpg,오륙도,20,review_required,"primary rights unknown (dec=""review_required""); PG match=high"
busan-A-00023,신선대,review_required,1,1,high,2928594,https://tong.visitkorea.or.kr/cms/resource_photo/94/2928594_image2_1.jpg,신선대,20,review_required,"primary rights unknown (dec=""review_required""); PG match=high"
busan-A-00024,"송정해수욕장, 죽도공원",review_required,0,0,no_match,,,,0,keep_primary,primary=review_required; no supplementary action needed
busan-A-00025,"아난티 코브 이터널저니(한,영,중간,중번,일)",review_required,0,0,no_match,,,,0,keep_primary,primary=review_required; no supplementary action needed
busan-A-00026,민락수변공원,review_required,4,0,high,2928206,https://tong.visitkorea.or.kr/cms/resource_photo/06/2928206_image2_1.jpg,민락수변공원,20,review_required,"primary rights unknown (dec=""review_required""); PG match=high"
busan-A-00027,"송도해수욕장(한,영,중간,중번,일)",review_required,0,1,manual_review,,,,0,review_required,"primary rights unknown (dec=""review_required""); PG match=manual_review"
busan-A-00028,아미산전망대,review_required,24,3,high,1989156,http://tong.visitkorea.or.kr/cms2/website/56/1989156.jpg,아미산전망대,24,review_required,"primary rights unknown (dec=""review_required""); PG match=high"
busan-A-00029,아미동 비석마을,review_required,2,0,high,2927944,https://tong.visitkorea.or.kr/cms/resource_photo/44/2927944_image2_1.jpg,아미동비석마을,20,review_required,"primary rights unknown (dec=""review_required""); PG match=high"
busan-A-00030,부산시립미술관,review_required,7,0,high,1708012,http://tong.visitkorea.or.kr/cms2/website/12/1708012.jpg,부산시립미술관,20,review_required,"primary rights unknown (dec=""review_required""); PG match=high"
busan-A-00031,오랑대공원,review_required,1,0,high,2928407,https://tong.visitkorea.or.kr/cms/resource_photo/07/2928407_image2_1.jpg,오랑대공원,20,review_required,"primary rights unknown (dec=""review_required""); PG match=high"
busan-A-00032,국립수산과학관,review_required,0,1,manual_review,,,,0,review_required,"primary rights unknown (dec=""review_required""); PG match=manual_review"
busan-A-00033,요산문학관,review_required,1,0,high,2927481,https://tong.visitkorea.or.kr/cms/resource_photo/81/2927481_image2_1.jpg,요산문학관,20,review_required,"primary rights unknown (dec=""review_required""); PG match=high"
busan-A-00034,박차정의사 생가,review_required,1,0,high,2928426,https://tong.visitkorea.or.kr/cms/resource_photo/26/2928426_image2_1.jpg,박차정 의사 생가,20,review_required,"primary rights unknown (dec=""review_required""); PG match=high"
busan-A-00035,우장춘 기념관,review_required,1,0,high,2928433,https://tong.visitkorea.or.kr/cms/resource_photo/33/2928433_image2_1.jpg,우장춘기념관,20,review_required,"primary rights unknown (dec=""review_required""); PG match=high"
busan-A-00036,누리바라기전망대,review_required,0,0,no_match,,,,0,keep_primary,primary=review_required; no supplementary action needed
busan-A-00037,"최민식갤러리(한,영,중간,중번,일)",review_required,0,1,manual_review,,,,0,review_required,"primary rights unknown (dec=""review_required""); PG match=manual_review"
busan-A-00038,수영사적공원,review_required,15,0,high,2928180,https://tong.visitkorea.or.kr/cms/resource_photo/80/2928180_image2_1.jpg,수영사적공원,20,review_required,"primary rights unknown (dec=""review_required""); PG match=high"
busan-A-00039,부산기상관측소,review_required,5,0,high,2927784,https://tong.visitkorea.or.kr/cms/resource_photo/84/2927784_image2_1.jpg,부산기상관측소,20,review_required,"primary rights unknown (dec=""review_required""); PG match=high"
busan-A-00040,"철새와 함께하는 아름다운 문화의 향연, 을숙도(한,영,중간,중번,일)",review_required,0,0,no_match,,,,0,keep_primary,primary=review_required; no supplementary action needed
busan-A-00041,부산시청자미디어센터,review_required,1,0,high,2928065,https://tong.visitkorea.or.kr/cms/resource_photo/65/2928065_image2_1.jpg,부산시청자미디어센터,20,review_required,"primary rights unknown (dec=""review_required""); PG match=high"
busan-A-00042,"구포어린이교통공원(한,영,중간,중번,일)",review_required,0,1,manual_review,,,,0,review_required,"primary rights unknown (dec=""review_required""); PG match=manual_review"
busan-A-00043,부산솔로몬로파크,review_required,1,0,high,2928795,https://tong.visitkorea.or.kr/cms/resource_photo/95/2928795_image2_1.jpg,부산솔로몬로파크,20,review_required,"primary rights unknown (dec=""review_required""); PG match=high"
busan-A-00044,부산어촌민속관,review_required,1,0,high,2928796,https://tong.visitkorea.or.kr/cms/resource_photo/96/2928796_image2_1.jpg,부산어촌민속관,20,review_required,"primary rights unknown (dec=""review_required""); PG match=high"
busan-A-00045,삼락생태공원,review_required,0,4,manual_review,,,,0,review_required,"primary rights unknown (dec=""review_required""); PG match=manual_review"
busan-A-00046,"암남공원, 송도해안볼레길",review_required,0,3,manual_review,,,,0,review_required,"primary rights unknown (dec=""review_required""); PG match=manual_review"
busan-A-00047,장림포구 (부네치아),review_required,0,29,manual_review,,,,0,review_required,"primary rights unknown (dec=""review_required""); PG match=manual_review"
busan-A-00048,가덕도,review_required,0,2,manual_review,,,,0,review_required,"primary rights unknown (dec=""review_required""); PG match=manual_review"
busan-A-00049,렛츠런파크 부산경남,review_required,0,1,manual_review,,,,0,review_required,"primary rights unknown (dec=""review_required""); PG match=manual_review"
busan-A-00050,국립부산과학관,review_required,1,0,high,2928390,https://tong.visitkorea.or.kr/cms/resource_photo/90/2928390_image2_1.jpg,국립부산과학관,20,review_required,"primary rights unknown (dec=""review_required""); PG match=high"
busan-A-00051,송상현광장,review_required,1,0,high,2928651,https://tong.visitkorea.or.kr/cms/resource_photo/51/2928651_image2_1.jpg,송상현광장,20,review_required,"primary rights unknown (dec=""review_required""); PG match=high"
busan-A-00052,어린이대공원,review_required,1,4,high,2928653,https://tong.visitkorea.or.kr/cms/resource_photo/53/2928653_image2_1.jpg,어린이대공원,20,review_required,"primary rights unknown (dec=""review_required""); PG match=high"
busan-A-00053,국립부산국악원,review_required,0,0,no_match,,,,0,keep_primary,primary=review_required; no supplementary action needed
busan-A-00054,삼광사,review_required,0,5,manual_review,,,,0,review_required,"primary rights unknown (dec=""review_required""); PG match=manual_review"
busan-A-00055,청사포와 미포,review_required,0,24,manual_review,,,,0,review_required,"primary rights unknown (dec=""review_required""); PG match=manual_review"
busan-A-00056,부산시민공원,review_required,0,13,manual_review,,,,0,review_required,"primary rights unknown (dec=""review_required""); PG match=manual_review"
busan-A-00057,"호천마을(한,영,중간,중번,일)",review_required,0,0,no_match,,,,0,keep_primary,primary=review_required; no supplementary action needed
busan-A-00058,"봉래산(한,영,중간,중번,일)",review_required,0,27,manual_review,,,,0,review_required,"primary rights unknown (dec=""review_required""); PG match=manual_review"
busan-A-00059,영화의 거리,review_required,0,7,manual_review,,,,0,review_required,"primary rights unknown (dec=""review_required""); PG match=manual_review"
busan-A-00060,APEC나루공원,review_required,2,0,high,2928038,https://tong.visitkorea.or.kr/cms/resource_photo/38/2928038_image2_1.jpg,APEC 나루공원,20,review_required,"primary rights unknown (dec=""review_required""); PG match=high"
busan-A-00061,"40계단, 문화관",review_required,0,0,no_match,,,,0,keep_primary,primary=review_required; no supplementary action needed
busan-A-00062,감천문화마을,review_required,64,15,high,2540925,http://tong.visitkorea.or.kr/cms2/website/25/2540925.jpg,감천문화마을,20,review_required,"primary rights unknown (dec=""review_required""); PG match=high"
busan-A-00063,다대포 해수욕장,review_required,59,16,high,2443421,http://tong.visitkorea.or.kr/cms2/website/21/2443421.jpg,다대포해수욕장,20,review_required,"primary rights unknown (dec=""review_required""); PG match=high"
busan-A-00064,부산영화체험박물관/씨네뮤지엄,review_required,0,10,manual_review,,,,0,review_required,"primary rights unknown (dec=""review_required""); PG match=manual_review"
busan-A-00065,"용두산공원(한,영,중간,중번,일)",review_required,0,112,manual_review,,,,0,review_required,"primary rights unknown (dec=""review_required""); PG match=manual_review"
busan-A-00066,영도다리,review_required,0,0,no_match,,,,0,keep_primary,primary=review_required; no supplementary action needed
busan-A-00067,"중앙공원, 민주공원",review_required,0,0,no_match,,,,0,keep_primary,primary=review_required; no supplementary action needed
busan-A-00068,"황령산 전망쉼터(한,영,중간,중번,일)",review_required,0,4,manual_review,,,,0,review_required,"primary rights unknown (dec=""review_required""); PG match=manual_review"
busan-A-00069,F1963,review_required,25,0,high,2669593,http://tong.visitkorea.or.kr/cms2/website/93/2669593.jpg,F1963,20,review_required,"primary rights unknown (dec=""review_required""); PG match=high"
busan-A-00070,해운대,review_required,0,369,manual_review,,,,0,review_required,"primary rights unknown (dec=""review_required""); PG match=manual_review"
busan-A-00071,광안리해수욕장,review_required,25,2,high,2569148,http://tong.visitkorea.or.kr/cms2/website/48/2569148.jpg,광안리해수욕장,20,review_required,"primary rights unknown (dec=""review_required""); PG match=high"
busan-A-00072,금정산,review_required,0,43,manual_review,,,,0,review_required,"primary rights unknown (dec=""review_required""); PG match=manual_review"
busan-A-00073,금강공원&식물원,review_required,0,6,manual_review,,,,0,review_required,"primary rights unknown (dec=""review_required""); PG match=manual_review"
busan-A-00074,"범어사 (한,영,중간,중번,일)",review_required,0,4,manual_review,,,,0,review_required,"primary rights unknown (dec=""review_required""); PG match=manual_review"
busan-A-00075,동래읍성,review_required,0,45,manual_review,,,,0,review_required,"primary rights unknown (dec=""review_required""); PG match=manual_review"
busan-A-00076,상해거리,review_required,0,0,no_match,,,,0,keep_primary,primary=review_required; no supplementary action needed
busan-A-00077,"이중섭문화거리(한,영,중간,중번,일)",review_required,0,1,manual_review,,,,0,review_required,"primary rights unknown (dec=""review_required""); PG match=manual_review"
busan-A-00078,"복천박물관, 복천동고분군",review_required,0,0,no_match,,,,0,keep_primary,primary=review_required; no supplementary action needed
busan-A-00079,벡스코,review_required,11,20,high,1931385,http://tong.visitkorea.or.kr/cms2/website/85/1931385.jpg,벡스코,20,review_required,"primary rights unknown (dec=""review_required""); PG match=high"
busan-A-00080,"영화의 전당(한,영,중간,중번,일)",review_required,0,33,manual_review,,,,0,review_required,"primary rights unknown (dec=""review_required""); PG match=manual_review"
busan-A-00081,"장안사(한,영,중간,중번,일)",review_required,0,0,no_match,,,,0,keep_primary,primary=review_required; no supplementary action needed
busan-A-00082,백양산,review_required,0,4,manual_review,,,,0,review_required,"primary rights unknown (dec=""review_required""); PG match=manual_review"
busan-A-00083,성지곡수원지,review_required,0,3,manual_review,,,,0,review_required,"primary rights unknown (dec=""review_required""); PG match=manual_review"
busan-A-00084,"장산(한,영,중간,중번,일)",review_required,0,2,manual_review,,,,0,review_required,"primary rights unknown (dec=""review_required""); PG match=manual_review"
busan-A-00085,석불사,review_required,1,15,high,1345251,http://tong.visitkorea.or.kr/cms2/website/51/1345251.jpg,석불사,24,review_required,"primary rights unknown (dec=""review_required""); PG match=high"
busan-A-00086,"동래향교, 기장향교(한,영,중간,중번,일)",review_required,0,0,no_match,,,,0,keep_primary,primary=review_required; no supplementary action needed
busan-A-00087,"가덕도 연대봉(한,영,중간,중번,일)",review_required,0,0,no_match,,,,0,keep_primary,primary=review_required; no supplementary action needed
busan-A-00088,승학산 억새평원,review_required,1,0,high,2927649,https://tong.visitkorea.or.kr/cms/resource_photo/49/2927649_image2_1.jpg,승학산억새평원,20,review_required,"primary rights unknown (dec=""review_required""); PG match=high"
busan-A-00089,"대룡마을(한,영,중간,중번,일)",review_required,0,0,no_match,,,,0,keep_primary,primary=review_required; no supplementary action needed
busan-A-00090,대신공원,review_required,1,0,high,2927936,https://tong.visitkorea.or.kr/cms/resource_photo/36/2927936_image2_1.jpg,대신공원,20,review_required,"primary rights unknown (dec=""review_required""); PG match=high"
busan-A-00091,"화명수목원(한,영,중간,중번,일)",review_required,0,0,no_match,,,,0,keep_primary,primary=review_required; no supplementary action needed
busan-A-00092,선암사,review_required,1,4,high,2928646,https://tong.visitkorea.or.kr/cms/resource_photo/46/2928646_image2_1.jpg,선암사,20,review_required,"primary rights unknown (dec=""review_required""); PG match=high"
busan-A-00093,운수사,review_required,0,12,manual_review,,,,0,review_required,"primary rights unknown (dec=""review_required""); PG match=manual_review"
busan-A-00094,"스포원파크(한,영,중간,중번,일)",review_required,0,0,no_match,,,,0,keep_primary,primary=review_required; no supplementary action needed
busan-A-00095,"우암동 소막마을(한,영,중간,중번,일)",review_required,0,1,manual_review,,,,0,review_required,"primary rights unknown (dec=""review_required""); PG match=manual_review"
busan-A-00096,"충렬사(한,영,중간,중번,일)",review_required,0,0,no_match,,,,0,keep_primary,primary=review_required; no supplementary action needed
busan-A-00097,부산커피박물관,review_required,0,0,no_match,,,,0,keep_primary,primary=review_required; no supplementary action needed
busan-A-00098,사상생활사박물관,review_required,0,0,no_match,,,,0,keep_primary,primary=review_required; no supplementary action needed
busan-A-00099,사직야구장,review_required,0,0,no_match,,,,0,keep_primary,primary=review_required; no supplementary action needed
busan-A-00100,"부산타워(한,영,중간,중번,일)",review_required,0,1,manual_review,,,,0,review_required,"primary rights unknown (dec=""review_required""); PG match=manual_review"
busan-A-00101,"신평소공원(한, 영)",review_required,0,13,manual_review,,,,0,review_required,"primary rights unknown (dec=""review_required""); PG match=manual_review"
busan-A-00102,기장 도예 관광 힐링촌 테마숲(한),review_required,0,1,manual_review,,,,0,review_required,"primary rights unknown (dec=""review_required""); PG match=manual_review"
busan-A-00103,부산신발이야기(한),review_required,0,0,no_match,,,,0,keep_primary,primary=review_required; no supplementary action needed
busan-A-00104,"오션블루 가덕휴게소(한, 중간)",review_required,0,0,no_match,,,,0,keep_primary,primary=review_required; no supplementary action needed
busan-A-00106,"정승빈작가-우암동 소막마을(한,영,중간,중번,일)",review_required,0,0,no_match,,,,0,keep_primary,primary=review_required; no supplementary action needed
busan-A-00107,"부산치유의 숲(한, 영)",review_required,0,4,manual_review,,,,0,review_required,"primary rights unknown (dec=""review_required""); PG match=manual_review"
busan-A-00108,구덕문화공원(한),review_required,0,9,manual_review,,,,0,review_required,"primary rights unknown (dec=""review_required""); PG match=manual_review"
busan-A-00109,"정승빈작가-아미동비석마을(한,영,중간,중번,일)",review_required,0,0,no_match,,,,0,keep_primary,primary=review_required; no supplementary action needed
busan-A-00110,"힐링하기 좋은 부산 어촌마을 (한,영,중간,중번,일)",review_required,0,0,no_match,,,,0,keep_primary,primary=review_required; no supplementary action needed
busan-A-00111,"턴투워드부산(한,영,중간,중번,일)",review_required,0,0,no_match,,,,0,keep_primary,primary=review_required; no supplementary action needed
busan-A-00112,"기장 달음산 자연휴양림(한,영,중간,중번,일)",review_required,0,0,no_match,,,,0,keep_primary,primary=review_required; no supplementary action needed
busan-A-00113,"부산도서관(한,영,중간,중번,일)",review_required,0,2,manual_review,,,,0,review_required,"primary rights unknown (dec=""review_required""); PG match=manual_review"
busan-A-00114,"해운대수목원 (한,영,중간,중번,일)",review_required,0,0,no_match,,,,0,keep_primary,primary=review_required; no supplementary action needed
busan-A-00115,"영도 봉산마을(한,영,중간,중번,일)",review_required,0,0,no_match,,,,0,keep_primary,primary=review_required; no supplementary action needed
busan-A-00116,"KT&G상상마당 부산(한,영,중간,중번,일)",review_required,0,0,no_match,,,,0,keep_primary,primary=review_required; no supplementary action needed
busan-A-00117,"광안종합시장 (한,영,중간,중번,일)",review_required,0,3,manual_review,,,,0,review_required,"primary rights unknown (dec=""review_required""); PG match=manual_review"
busan-A-00118,"롯데월드 어드벤처 부산 (한,영,중간,중번,일)",review_required,0,1,manual_review,,,,0,review_required,"primary rights unknown (dec=""review_required""); PG match=manual_review"
busan-A-00119,"현대 모터스튜디오 부산(한,영,중간,중번,일)",review_required,0,10,manual_review,,,,0,review_required,"primary rights unknown (dec=""review_required""); PG match=manual_review"
busan-A-00120,"힙함 가득한 전포공구길(한,영,중간,중번,일)",review_required,0,0,no_match,,,,0,keep_primary,primary=review_required; no supplementary action needed
busan-A-00121,"송도해상케이블카(한,영,중간,중번,일)",review_required,0,0,no_match,,,,0,keep_primary,primary=review_required; no supplementary action needed
busan-A-00122,"화명생태공원(한,영,중간,중번,일)",review_required,0,0,no_match,,,,0,keep_primary,primary=review_required; no supplementary action needed
busan-A-00123,"태종대자동차극장(한,영,중간,중번,일)",review_required,0,0,no_match,,,,0,keep_primary,primary=review_required; no supplementary action needed
busan-A-00124,"부산근현대역사관 별관(한,영,중간,중번,일)",review_required,0,0,no_match,,,,0,keep_primary,primary=review_required; no supplementary action needed
busan-A-00125,"우암동 도시숲(한,영,중간,중번,일)",review_required,0,26,manual_review,,,,0,review_required,"primary rights unknown (dec=""review_required""); PG match=manual_review"
busan-A-00126,"서면미술관(한,영,중간,중번,일)",review_required,0,0,no_match,,,,0,keep_primary,primary=review_required; no supplementary action needed
busan-A-00127,"부산현대미술관(한,영,중간,중번,일)",review_required,0,4,manual_review,,,,0,review_required,"primary rights unknown (dec=""review_required""); PG match=manual_review"
busan-A-00128,"대저생태공원(한,영,중간,중번,일)",review_required,0,11,manual_review,,,,0,review_required,"primary rights unknown (dec=""review_required""); PG match=manual_review"
busan-A-00129,"맥도생태공원(한,영,중간,중번,일)",review_required,0,0,no_match,,,,0,keep_primary,primary=review_required; no supplementary action needed
busan-A-00130,"금빛노을브릿지(한,영,중간,중번,일)",review_required,0,0,no_match,,,,0,keep_primary,primary=review_required; no supplementary action needed
busan-A-00131,"감전야생화단지(한,영,중간,중번,일)",review_required,0,9,manual_review,,,,0,review_required,"primary rights unknown (dec=""review_required""); PG match=manual_review"
busan-A-00132,"국제커피박물관(한,영,중간,중번,일)",review_required,0,0,no_match,,,,0,keep_primary,primary=review_required; no supplementary action needed
busan-A-00133,"박태준기념관(한,영,중간,중번,일)",review_required,0,0,no_match,,,,0,keep_primary,primary=review_required; no supplementary action needed
busan-A-00134,"다대포해변공원(한,영,중간,중번,일)",review_required,0,2,manual_review,,,,0,review_required,"primary rights unknown (dec=""review_required""); PG match=manual_review"
busan-A-00135,"유엔평화공원(한,영,중간,중번,일)",review_required,0,3,manual_review,,,,0,review_required,"primary rights unknown (dec=""review_required""); PG match=manual_review"
busan-A-00136,"정중앙공원(한,영,중간,중번,일)",review_required,0,0,no_match,,,,0,keep_primary,primary=review_required; no supplementary action needed
busan-A-00137,"복천사(한,영,중간,중번,일)",review_required,0,0,no_match,,,,0,keep_primary,primary=review_required; no supplementary action needed
busan-A-00138,"인공철새서식지 명품둘레길(한,영,중간,중번,일)",review_required,0,0,no_match,,,,0,keep_primary,primary=review_required; no supplementary action needed
busan-A-00139,"목련꽃 가득 안은 성암사, 나만 알고 싶은 봄꽃 성지(한,영,중간,중번,일)",review_required,0,0,no_match,,,,0,keep_primary,primary=review_required; no supplementary action needed
busan-A-00140,"땅뫼산 황토숲길(한,영,중간,중번,일)",review_required,0,0,no_match,,,,0,keep_primary,primary=review_required; no supplementary action needed
busan-A-00141,"인도문화원(한,영,중간,중번,일)",review_required,0,0,no_match,,,,0,keep_primary,primary=review_required; no supplementary action needed
busan-A-00142,"KF아세안문화원(한,영,중간,중번,일)",review_required,0,0,no_match,,,,0,keep_primary,primary=review_required; no supplementary action needed
busan-A-00143,"오초량(한,영,중간,중번,일)",review_required,0,0,no_match,,,,0,keep_primary,primary=review_required; no supplementary action needed
busan-A-00144,"부산이슬람성원(한,영,중간,중번,일)",review_required,0,0,no_match,,,,0,keep_primary,primary=review_required; no supplementary action needed
busan-A-00145,"친환경스카이웨이전망대(한,영,중간,중번,일)",review_required,0,4,manual_review,,,,0,review_required,"primary rights unknown (dec=""review_required""); PG match=manual_review"
busan-A-00146,"부산근현대역사관 본관(한,영,중간,중번,일)",review_required,0,0,no_match,,,,0,keep_primary,primary=review_required; no supplementary action needed
busan-A-00147,"무사이(한, 영, 중간, 중번, 일)",review_required,0,0,no_match,,,,0,keep_primary,primary=review_required; no supplementary action needed
busan-A-00148,"부산 트래블라운지 (한, 영, 중간, 중번, 일)",review_required,0,0,no_match,,,,0,keep_primary,primary=review_required; no supplementary action needed
busan-A-00149,"반여 초록공원 장산계곡(한,영,중간,중번,일)",review_required,0,1,manual_review,,,,0,review_required,"primary rights unknown (dec=""review_required""); PG match=manual_review"
busan-A-00150,"중앙공원(구 대신공원) 대신계곡(한,영,중간,중번,일)",review_required,0,0,no_match,,,,0,keep_primary,primary=review_required; no supplementary action needed
busan-A-00151,"구덕야영장 계곡(한,영,중간,중번,일)",review_required,0,0,no_match,,,,0,keep_primary,primary=review_required; no supplementary action needed
busan-A-00152,"범어사 용성계곡(한,영,중간,중번,일)",review_required,0,0,no_match,,,,0,keep_primary,primary=review_required; no supplementary action needed
busan-A-00153,"용소웰빙공원(한,영,중간,중번,일)",review_required,0,0,no_match,,,,0,keep_primary,primary=review_required; no supplementary action needed
busan-A-00154,"국립부산국악원 국악체험관(한,영,중간,중번,일)",review_required,0,0,no_match,,,,0,keep_primary,primary=review_required; no supplementary action needed
busan-A-00155,"부산수학문화관(한,영,중간,중번,일)",review_required,0,0,no_match,,,,0,keep_primary,primary=review_required; no supplementary action needed
busan-A-00156,"마하사(한,영,중간,중번,일)",review_required,0,0,no_match,,,,0,keep_primary,primary=review_required; no supplementary action needed
busan-A-00157,"이바구길 사진관(한,영,중간,중번,일)",review_required,0,0,no_match,,,,0,keep_primary,primary=review_required; no supplementary action needed
busan-A-00158,"북항 친수공원(한,영,중간,중번,일)",review_required,0,0,no_match,,,,0,keep_primary,primary=review_required; no supplementary action needed
busan-A-00159,"북항재개발 홍보관(한,영,중간,중번,일)",review_required,0,0,no_match,,,,0,keep_primary,primary=review_required; no supplementary action needed
busan-A-00160,"문화예술플랫폼(한,영,중간,중번,일)",review_required,0,0,no_match,,,,0,keep_primary,primary=review_required; no supplementary action needed
busan-A-00161,"북두칠성도서관(한,영,중간,중번,일)",review_required,0,0,no_match,,,,0,keep_primary,primary=review_required; no supplementary action needed
busan-A-00162,"송정 구덕포길(한,영,중간,중번,일)",review_required,0,0,no_match,,,,0,keep_primary,primary=review_required; no supplementary action needed
busan-A-00163,"망양로 산복도로 전시관(한,영,중간,중번,일)",review_required,0,2,manual_review,,,,0,review_required,"primary rights unknown (dec=""review_required""); PG match=manual_review"
busan-A-00164,"닥밭골 벽화마을(한,영,중간,중번,일)",review_required,0,0,no_match,,,,0,keep_primary,primary=review_required; no supplementary action needed
busan-A-00165,"대청스카이전망대(한,영,중간,중번,일)",review_required,0,0,no_match,,,,0,keep_primary,primary=review_required; no supplementary action needed
busan-A-00166,"색채마을(한,영,중간,중번,일)",review_required,0,0,no_match,,,,0,keep_primary,primary=review_required; no supplementary action needed
busan-A-00167,"뮤직컴플렉스 서울 부산점(한,영,중간,중번,일)",review_required,0,0,no_match,,,,0,keep_primary,primary=review_required; no supplementary action needed
busan-A-00168,"누리마루 APEC하우스 (한,영,중간,중번,일)",review_required,0,13,manual_review,,,,0,review_required,"primary rights unknown (dec=""review_required""); PG match=manual_review"
busan-A-00169,"용호 별빛공원(한,영,중간,중번,일)",review_required,0,0,no_match,,,,0,keep_primary,primary=review_required; no supplementary action needed
busan-A-00170,"부산 워케이션 거점센터(한,영,중간,중번,일)",review_required,0,0,no_match,,,,0,keep_primary,primary=review_required; no supplementary action needed
busan-A-00171,"더휴일X데스커 워케이션 센터(한,영,중간,중번,일)",review_required,0,0,no_match,,,,0,keep_primary,primary=review_required; no supplementary action needed
busan-A-00172,"씨씨윗북 북스토어(한,영,중간,중번,일)",review_required,0,0,no_match,,,,0,keep_primary,primary=review_required; no supplementary action needed
busan-A-00173,"패스파인더 남포점(한,영,중간,중번,일)",review_required,0,0,no_match,,,,0,keep_primary,primary=review_required; no supplementary action needed
busan-A-00174,"도모헌(한,영,중간,중번,일)",review_required,0,0,no_match,,,,0,keep_primary,primary=review_required; no supplementary action needed
busan-A-00175,"동삼동패총전시관(한,영,중간,중번,일)",review_required,0,0,no_match,,,,0,keep_primary,primary=review_required; no supplementary action needed
busan-A-00176,"부산시민공원 역사문화관(한,영,중간,중번,일)",review_required,0,0,no_match,,,,0,keep_primary,primary=review_required; no supplementary action needed
busan-A-00177,"다대포 바다누리길(한,영,중간,중번,일)",review_required,0,0,no_match,,,,0,keep_primary,primary=review_required; no supplementary action needed
busan-A-00178,"광안리 골방(한,영,중간,중번,일)",review_required,0,0,no_match,,,,0,keep_primary,primary=review_required; no supplementary action needed
busan-A-00179,"오시리아 해안 산책로(한,영,중간,중번,일)",review_required,0,0,no_match,,,,0,keep_primary,primary=review_required; no supplementary action needed
busan-A-00180,"홍티아트센터(한,영,중간,중번,일)",review_required,0,0,no_match,,,,0,keep_primary,primary=review_required; no supplementary action needed
busan-A-00181,"일광 광산마을(한,영,중간,중번,일)",review_required,0,0,no_match,,,,0,keep_primary,primary=review_required; no supplementary action needed
busan-A-00182,"부산항 제 1부두(한,영,중간,중번,일)",review_required,0,27,manual_review,,,,0,review_required,"primary rights unknown (dec=""review_required""); PG match=manual_review"
busan-A-00183,"유엔평화기념관(한,영,중간,중번,일)",review_required,0,0,no_match,,,,0,keep_primary,primary=review_required; no supplementary action needed
busan-A-00184,"명지 철새 탐조대(한,영,중간,중번,일)",review_required,0,0,no_match,,,,0,keep_primary,primary=review_required; no supplementary action needed
busan-A-00185,"포디움다이브엠(한,영,중간,중번,일)",review_required,0,0,no_match,,,,0,keep_primary,primary=review_required; no supplementary action needed
busan-A-00186,"갤러리 수정(한,영,중간,중번,일)",review_required,0,0,no_match,,,,0,keep_primary,primary=review_required; no supplementary action needed
busan-A-00187,"이바구캠프(한,영,중간,중번,일)",review_required,0,0,no_match,,,,0,keep_primary,primary=review_required; no supplementary action needed
busan-A-00188,"디오티미술관(한,영,중간,중번,일)",review_required,0,0,no_match,,,,0,keep_primary,primary=review_required; no supplementary action needed
busan-A-00189,"오륜대 순교자 성지(한,영,중간,중번,일)",review_required,0,0,no_match,,,,0,keep_primary,primary=review_required; no supplementary action needed
busan-A-00190,"갤러리 플레이리스트(한,영,중간,중번,일)",review_required,0,0,no_match,,,,0,keep_primary,primary=review_required; no supplementary action needed
busan-A-00191,"영도해돋이전망대 (한,영,중간,중번,일)",review_required,0,0,no_match,,,,0,keep_primary,primary=review_required; no supplementary action needed
busan-A-00192,"해광사(한,영,중간,중번,일)",review_required,0,0,no_match,,,,0,keep_primary,primary=review_required; no supplementary action needed
busan-A-00193,"륜 빌리지 (한,영,중간,중번,일)",review_required,0,0,no_match,,,,0,keep_primary,primary=review_required; no supplementary action needed
busan-A-00194,"내원정사(한,영,중간,중번,일)",review_required,0,0,no_match,,,,0,keep_primary,primary=review_required; no supplementary action needed
busan-A-00195,"홍법사(한,영,중간,중번,일)",review_required,0,12,manual_review,,,,0,review_required,"primary rights unknown (dec=""review_required""); PG match=manual_review"
busan-A-00196,"부산어린이대공원 치유의숲(한,영,중간,중번,일)",review_required,0,0,no_match,,,,0,keep_primary,primary=review_required; no supplementary action needed
busan-A-00197,"동백섬(한,영,중간,중번,일)",review_required,0,0,no_match,,,,0,keep_primary,primary=review_required; no supplementary action needed
busan-A-00198,"중사도(한,영,중간,중번,일)",review_required,0,0,no_match,,,,0,keep_primary,primary=review_required; no supplementary action needed
busan-A-00199,"모퉁이극장(한,영,중간,중번,일)",review_required,0,0,no_match,,,,0,keep_primary,primary=review_required; no supplementary action needed
busan-A-00200,"영주맨션(한,영,중간,중번,일)",review_required,0,0,no_match,,,,0,keep_primary,primary=review_required; no supplementary action needed
busan-A-00201,"황령산레포츠공원(한,영,중간,중번,일)",review_required,0,0,no_match,,,,0,keep_primary,primary=review_required; no supplementary action needed
busan-A-00202,"범어사 성보박물관(한,영,중간,중번,일)",review_required,0,0,no_match,,,,0,keep_primary,primary=review_required; no supplementary action needed
busan-A-00203,대룡마을,review_required,1,0,high,2928399,https://tong.visitkorea.or.kr/cms/resource_photo/99/2928399_image2_1.jpg,대룡마을,20,review_required,"primary rights unknown (dec=""review_required""); PG match=high"
busan-A-00204,"남포, 광복지하도상가",review_required,0,0,no_match,,,,0,keep_primary,primary=review_required; no supplementary action needed
busan-A-00205,황령산봉수전망대,review_required,0,0,no_match,,,,0,keep_primary,primary=review_required; no supplementary action needed
busan-A-00206,1934 기차 동래역,review_required,0,0,no_match,,,,0,keep_primary,primary=review_required; no supplementary action needed
busan-A-00207,대항 어항동 방파제 등대,review_required,0,0,no_match,,,,0,keep_primary,primary=review_required; no supplementary action needed
busan-A-00208,충무동 해안시장,review_required,0,0,no_match,,,,0,keep_primary,primary=review_required; no supplementary action needed
busan-A-00209,초량 이바구길,review_required,0,55,manual_review,,,,0,review_required,"primary rights unknown (dec=""review_required""); PG match=manual_review"
busan-A-00210,고려제강기념관,review_required,0,0,no_match,,,,0,keep_primary,primary=review_required; no supplementary action needed
busan-A-00211,회동수원지,review_required,0,8,manual_review,,,,0,review_required,"primary rights unknown (dec=""review_required""); PG match=manual_review"
busan-A-00212,리틀 프린스 하우스,review_required,0,0,no_match,,,,0,keep_primary,primary=review_required; no supplementary action needed
busan-A-00213,지그재그아트센터,review_required,0,0,no_match,,,,0,keep_primary,primary=review_required; no supplementary action needed
busan-E-00001,"부산바다축제(한,영, 중간,중번,일)",review_required,0,0,no_match,,,,0,keep_primary,primary=review_required; no supplementary action needed
busan-E-00002,"수국축제(한,영,중간,중번,일)",review_required,0,0,no_match,,,,0,keep_primary,primary=review_required; no supplementary action needed
busan-E-00003,"센텀맥주축제(한,영,중간,중번,일)",review_required,0,0,no_match,,,,0,keep_primary,primary=review_required; no supplementary action needed
busan-E-00004,"금정산성축제(한,영,중간,중번,일)",review_required,0,0,no_match,,,,0,keep_primary,primary=review_required; no supplementary action needed
busan-E-00005,"낙동강구포나루축제(한,영,중간,중번,일)",review_required,0,0,no_match,,,,0,keep_primary,primary=review_required; no supplementary action needed
busan-E-00006,"부산불꽃축제(한, 영, 중간, 중번, 일)",review_required,0,16,manual_review,,,,0,review_required,"primary rights unknown (dec=""review_required""); PG match=manual_review"
busan-E-00007,"삼광사 연등축제(한,영,중간,중번,일)",review_required,0,0,no_match,,,,0,keep_primary,primary=review_required; no supplementary action needed
busan-E-00008,"해운대모래축제(한,영,중간,중번,일)",review_required,0,0,no_match,,,,0,keep_primary,primary=review_required; no supplementary action needed
busan-E-00009,"부산항축제(한,영,중간,중번,일)",review_required,0,0,no_match,,,,0,keep_primary,primary=review_required; no supplementary action needed
busan-E-00010,"동래읍성 역사축제(한, 영, 중간, 중번, 일)",review_required,0,0,no_match,,,,0,keep_primary,primary=review_required; no supplementary action needed
busan-E-00011,"부산자갈치축제(한,영,중간,중번,일)",review_required,0,0,no_match,,,,0,keep_primary,primary=review_required; no supplementary action needed
busan-E-00012,"차이나타운특구 문화축제(한,영,중간,중번,일)",review_required,0,1,manual_review,,,,0,review_required,"primary rights unknown (dec=""review_required""); PG match=manual_review"
busan-E-00013,"부산바다미술제(한,영,중간,중번,일)",review_required,0,1,manual_review,,,,0,review_required,"primary rights unknown (dec=""review_required""); PG match=manual_review"
busan-E-00014,"해운대 빛축제(한,영,중간,중번,일)",review_required,0,0,no_match,,,,0,keep_primary,primary=review_required; no supplementary action needed
busan-E-00015,"기장미역다시마축제(한, 영, 중간, 중번, 일)",review_required,0,0,no_match,,,,0,keep_primary,primary=review_required; no supplementary action needed
busan-E-00016,"광안리어방축제(한,영,중간,중번,일)",review_required,0,0,no_match,,,,0,keep_primary,primary=review_required; no supplementary action needed
busan-E-00017,"기장멸치축제(한, 영, 중간, 중번, 일)",review_required,0,0,no_match,,,,0,keep_primary,primary=review_required; no supplementary action needed
busan-E-00018,"광복로 겨울빛 트리축제(한,영,중간,중번,일)",review_required,0,0,no_match,,,,0,keep_primary,primary=review_required; no supplementary action needed
busan-E-00019,"부산국제록페스티벌(한,영, 중간,중번,일)",review_required,0,0,no_match,,,,0,keep_primary,primary=review_required; no supplementary action needed
busan-E-00020,"대저토마토축제(한, 영, 중간, 중번, 일)",review_required,0,0,no_match,,,,0,keep_primary,primary=review_required; no supplementary action needed
busan-E-00021,"낙동강 정원 벚꽃축제(한,영,중간,중번,일)",review_required,0,1,manual_review,,,,0,review_required,"primary rights unknown (dec=""review_required""); PG match=manual_review"
busan-E-00022,"사상강변축제(한,영,중간,중번,일)",review_required,0,0,no_match,,,,0,keep_primary,primary=review_required; no supplementary action needed
busan-E-00023,"해운대달맞이온천축제(한,영,중간,중번,일)",review_required,0,0,no_match,,,,0,keep_primary,primary=review_required; no supplementary action needed
busan-E-00024,"해운대북극곰축제(한,영,중간,중번,일)",review_required,0,0,no_match,,,,0,keep_primary,primary=review_required; no supplementary action needed
busan-E-00025,"조선통신사축제(한,영,중간,중번,일)",review_required,0,0,no_match,,,,0,keep_primary,primary=review_required; no supplementary action needed
busan-E-00026,"부산국제영화제(한, 영, 중간, 중번, 일)",review_required,0,7,manual_review,,,,0,review_required,"primary rights unknown (dec=""review_required""); PG match=manual_review"
busan-E-00027,"감천문화마을골목축제(한,영,중간,중번,일)",review_required,0,0,no_match,,,,0,keep_primary,primary=review_required; no supplementary action needed
busan-E-00029,"부산연등회(한,영,중간,중번,일)",review_required,0,0,no_match,,,,0,keep_primary,primary=review_required; no supplementary action needed
busan-E-00030,"부산수제맥주마스터스챌린지(한,영,중간,중번,일)",review_required,0,0,no_match,,,,0,keep_primary,primary=review_required; no supplementary action needed
busan-E-00031,"나이트레이스 인 부산(한, 영, 중간, 중번, 일)",review_required,0,0,no_match,,,,0,keep_primary,primary=review_required; no supplementary action needed
busan-E-00033,부산국제마케팅광고제(한),review_required,0,0,no_match,,,,0,keep_primary,primary=review_required; no supplementary action needed
busan-E-00034,부산국제어린이청소년영화제,review_required,0,0,no_match,,,,0,keep_primary,primary=review_required; no supplementary action needed
busan-E-00035,2024 용두산 썸머 비치,review_required,0,0,no_match,,,,0,keep_primary,primary=review_required; no supplementary action needed
busan-E-00036,"서면 빛 축제(한,영,중간,중번,일)",review_required,0,0,no_match,,,,0,keep_primary,primary=review_required; no supplementary action needed
busan-E-00037,2026 원아시아페스티벌(BOF),review_required,0,0,no_match,,,,0,keep_primary,primary=review_required; no supplementary action needed
busan-E-00038,택슐랭,review_required,0,0,no_match,,,,0,keep_primary,primary=review_required; no supplementary action needed
busan-E-00039,부산콘서트홀 개관 페스티벌,review_required,0,0,no_match,,,,0,keep_primary,primary=review_required; no supplementary action needed
busan-E-00040,김해공항 Welcome to Busan 환대 행사,review_required,0,0,no_match,,,,0,keep_primary,primary=review_required; no supplementary action needed
busan-F-00001,만드리곤드레밥,review_required,0,0,no_match,,,,0,keep_primary,primary=review_required; no supplementary action needed
busan-F-00002,만호갈미샤브샤브,review_required,0,0,no_match,,,,0,keep_primary,primary=review_required; no supplementary action needed
busan-F-00003,민물가든,review_required,0,0,no_match,,,,0,keep_primary,primary=review_required; no supplementary action needed
busan-F-00004,부흥식당,review_required,0,0,no_match,,,,0,keep_primary,primary=review_required; no supplementary action needed
busan-F-00005,사미헌,review_required,0,0,no_match,,,,0,keep_primary,primary=review_required; no supplementary action needed
busan-F-00006,원조할매집,review_required,0,0,no_match,,,,0,keep_primary,primary=review_required; no supplementary action needed
busan-F-00007,가야할매밀면,review_required,0,10,manual_review,,,,0,review_required,"primary rights unknown (dec=""review_required""); PG match=manual_review"
busan-F-00008,국제밀면본점,review_required,0,0,no_match,,,,0,keep_primary,primary=review_required; no supplementary action needed
busan-F-00009,할매가야밀면,review_required,0,0,no_match,,,,0,keep_primary,primary=review_required; no supplementary action needed
busan-F-00010,거인통닭,review_required,0,0,no_match,,,,0,keep_primary,primary=review_required; no supplementary action needed
busan-F-00011,김해식당,review_required,0,0,no_match,,,,0,keep_primary,primary=review_required; no supplementary action needed
busan-F-00012,물꽁식당,review_required,0,0,no_match,,,,0,keep_primary,primary=review_required; no supplementary action needed
busan-F-00013,부산명물횟집,review_required,0,0,no_match,,,,0,keep_primary,primary=review_required; no supplementary action needed
busan-F-00014,부산꼼장어맛집 성일집,review_required,0,0,no_match,,,,0,keep_primary,primary=review_required; no supplementary action needed
busan-F-00015,이재모피자 본점,review_required,0,0,no_match,,,,0,keep_primary,primary=review_required; no supplementary action needed
busan-F-00016,모모스커피,review_required,0,0,no_match,,,,0,keep_primary,primary=review_required; no supplementary action needed
busan-F-00017,배비장보쌈구서본점,review_required,0,0,no_match,,,,0,keep_primary,primary=review_required; no supplementary action needed
busan-F-00018,장수장 꼬리곰탕,review_required,0,0,no_match,,,,0,keep_primary,primary=review_required; no supplementary action needed
busan-F-00019,거대갈비,review_required,0,0,no_match,,,,0,keep_primary,primary=review_required; no supplementary action needed
busan-F-00020,금수복국 해운대본점,review_required,0,5,manual_review,,,,0,review_required,"primary rights unknown (dec=""review_required""); PG match=manual_review"
busan-F-00021,다온 한정식,review_required,0,0,no_match,,,,0,keep_primary,primary=review_required; no supplementary action needed
busan-F-00022,동백섬횟집,review_required,0,0,no_match,,,,0,keep_primary,primary=review_required; no supplementary action needed
busan-F-00023,르꽁비브,review_required,0,0,no_match,,,,0,keep_primary,primary=review_required; no supplementary action needed
busan-F-00024,파니니브런치본점,review_required,0,0,no_match,,,,0,keep_primary,primary=review_required; no supplementary action needed
busan-F-00025,문스시,review_required,0,0,no_match,,,,0,keep_primary,primary=review_required; no supplementary action needed
busan-F-00026,할매재첩국집,review_required,0,0,no_match,,,,0,keep_primary,primary=review_required; no supplementary action needed
busan-F-00027,예이제,review_required,0,0,no_match,,,,0,keep_primary,primary=review_required; no supplementary action needed
busan-F-00028,합천일류돼지국밥,review_required,0,2,manual_review,,,,0,review_required,"primary rights unknown (dec=""review_required""); PG match=manual_review"
busan-F-00029,원조석대추어탕,review_required,0,0,no_match,,,,0,keep_primary,primary=review_required; no supplementary action needed
busan-F-00030,웨이브온커피,review_required,0,0,no_match,,,,0,keep_primary,primary=review_required; no supplementary action needed
busan-F-00031,대티물꽁,review_required,0,0,no_match,,,,0,keep_primary,primary=review_required; no supplementary action needed
busan-F-00032,원조18번완당,review_required,0,0,no_match,,,,0,keep_primary,primary=review_required; no supplementary action needed
busan-F-00033,할매복국,review_required,0,0,no_match,,,,0,keep_primary,primary=review_required; no supplementary action needed
busan-F-00034,젠스시,review_required,0,0,no_match,,,,0,keep_primary,primary=review_required; no supplementary action needed
busan-F-00035,신창국밥 본점,review_required,0,0,no_match,,,,0,keep_primary,primary=review_required; no supplementary action needed
busan-F-00036,옛날오막집,review_required,0,0,no_match,,,,0,keep_primary,primary=review_required; no supplementary action needed
busan-F-00037,평안도족발,review_required,0,0,no_match,,,,0,keep_primary,primary=review_required; no supplementary action needed
busan-F-00038,한우숯불양곱창,review_required,0,0,no_match,,,,0,keep_primary,primary=review_required; no supplementary action needed
busan-F-00039,쌍둥이돼지국밥 본점,review_required,0,0,no_match,,,,0,keep_primary,primary=review_required; no supplementary action needed
busan-F-00040,국이네낙지볶음,review_required,0,0,no_match,,,,0,keep_primary,primary=review_required; no supplementary action needed
busan-F-00041,베지나랑,review_required,0,0,no_match,,,,0,keep_primary,primary=review_required; no supplementary action needed
busan-F-00042,광안리신라횟집,review_required,0,0,no_match,,,,0,keep_primary,primary=review_required; no supplementary action needed
busan-F-00043,이층집 564-9,review_required,0,0,no_match,,,,0,keep_primary,primary=review_required; no supplementary action needed
busan-F-00044,초원복국,review_required,0,0,no_match,,,,0,keep_primary,primary=review_required; no supplementary action needed
busan-F-00045,석화한정식,review_required,0,0,no_match,,,,0,keep_primary,primary=review_required; no supplementary action needed
busan-F-00046,내당,review_required,0,0,no_match,,,,0,keep_primary,primary=review_required; no supplementary action needed
busan-F-00047,봉식당,review_required,0,0,no_match,,,,0,keep_primary,primary=review_required; no supplementary action needed
busan-F-00048,신발원,review_required,0,0,no_match,,,,0,keep_primary,primary=review_required; no supplementary action needed
busan-F-00049,초량1941,review_required,0,0,no_match,,,,0,keep_primary,primary=review_required; no supplementary action needed
busan-F-00050,60년 전통 할매국밥,review_required,0,0,no_match,,,,0,keep_primary,primary=review_required; no supplementary action needed
busan-F-00051,함경면옥,review_required,0,0,no_match,,,,0,keep_primary,primary=review_required; no supplementary action needed
busan-F-00052,김유순대구뽈찜,review_required,0,0,no_match,,,,0,keep_primary,primary=review_required; no supplementary action needed
busan-F-00053,백산키친,review_required,0,0,no_match,,,,0,keep_primary,primary=review_required; no supplementary action needed
busan-F-00054,왔다식당,review_required,0,0,no_match,,,,0,keep_primary,primary=review_required; no supplementary action needed
busan-F-00055,영변횟집,review_required,0,0,no_match,,,,0,keep_primary,primary=review_required; no supplementary action needed
busan-F-00056,방코,review_required,0,0,no_match,,,,0,keep_primary,primary=review_required; no supplementary action needed
busan-F-00057,구포촌국수,review_required,0,0,no_match,,,,0,keep_primary,primary=review_required; no supplementary action needed
busan-F-00058,얼크니손칼국수,review_required,0,0,no_match,,,,0,keep_primary,primary=review_required; no supplementary action needed
busan-F-00059,탐복,review_required,0,0,no_match,,,,0,keep_primary,primary=review_required; no supplementary action needed
busan-F-00060,곤국,review_required,0,0,no_match,,,,0,keep_primary,primary=review_required; no supplementary action needed
busan-F-00061,다이닝센 부산본점,review_required,0,0,no_match,,,,0,keep_primary,primary=review_required; no supplementary action needed
busan-F-00062,오륙도 가원,review_required,0,0,no_match,,,,0,keep_primary,primary=review_required; no supplementary action needed
busan-F-00063,해남식당 부산용호동W스퀘어점,review_required,0,0,no_match,,,,0,keep_primary,primary=review_required; no supplementary action needed
busan-F-00064,범일빈대떡,review_required,0,1,manual_review,,,,0,review_required,"primary rights unknown (dec=""review_required""); PG match=manual_review"
busan-F-00065,금강만두,review_required,0,1,manual_review,,,,0,review_required,"primary rights unknown (dec=""review_required""); PG match=manual_review"
busan-F-00066,석화정,review_required,0,0,no_match,,,,0,keep_primary,primary=review_required; no supplementary action needed
busan-F-00067,에테르,review_required,0,0,no_match,,,,0,keep_primary,primary=review_required; no supplementary action needed
busan-F-00068,디저트시네마,review_required,0,0,no_match,,,,0,keep_primary,primary=review_required; no supplementary action needed
busan-F-00069,북경,review_required,0,0,no_match,,,,0,keep_primary,primary=review_required; no supplementary action needed
busan-F-00070,연산낙지해물탕,review_required,0,0,no_match,,,,0,keep_primary,primary=review_required; no supplementary action needed
busan-F-00071,옻바다전복삼계탕,review_required,0,0,no_match,,,,0,keep_primary,primary=review_required; no supplementary action needed
busan-F-00072,팔미초밥,review_required,0,0,no_match,,,,0,keep_primary,primary=review_required; no supplementary action needed
busan-F-00073,다리집 본점,review_required,0,0,no_match,,,,0,keep_primary,primary=review_required; no supplementary action needed
busan-F-00074,남촌,review_required,0,0,no_match,,,,0,keep_primary,primary=review_required; no supplementary action needed
busan-F-00075,북경의자전거,review_required,0,0,no_match,,,,0,keep_primary,primary=review_required; no supplementary action needed
busan-F-00076,광안리 언양불고기 부산집,review_required,0,0,no_match,,,,0,keep_primary,primary=review_required; no supplementary action needed
busan-F-00077,식당 3선 덕천점,review_required,0,0,no_match,,,,0,keep_primary,primary=review_required; no supplementary action needed
busan-F-00078,함경면옥 덕천점,review_required,0,0,no_match,,,,0,keep_primary,primary=review_required; no supplementary action needed
busan-F-00079,홍옥당,review_required,0,0,no_match,,,,0,keep_primary,primary=review_required; no supplementary action needed
busan-F-00080,디에이블 송도점,review_required,0,0,no_match,,,,0,keep_primary,primary=review_required; no supplementary action needed
busan-F-00081,몽실종가돼지국밥 감천문화마을 본점,review_required,0,0,no_match,,,,0,keep_primary,primary=review_required; no supplementary action needed
busan-F-00082,식당 토성동,review_required,0,0,no_match,,,,0,keep_primary,primary=review_required; no supplementary action needed
busan-F-00083,청죽,review_required,0,0,no_match,,,,0,keep_primary,primary=review_required; no supplementary action needed
busan-F-00084,편의방,review_required,0,0,no_match,,,,0,keep_primary,primary=review_required; no supplementary action needed
busan-F-00085,동원장수촌,review_required,0,0,no_match,,,,0,keep_primary,primary=review_required; no supplementary action needed
busan-F-00086,포항가자미물회국수말이전문점,review_required,0,0,no_match,,,,0,keep_primary,primary=review_required; no supplementary action needed
busan-F-00087,괘법쭈꾸미전문점,review_required,0,0,no_match,,,,0,keep_primary,primary=review_required; no supplementary action needed
busan-F-00088,삼진어묵 본점,review_required,0,0,no_match,,,,0,keep_primary,primary=review_required; no supplementary action needed
busan-F-00089,광명집,review_required,0,0,no_match,,,,0,keep_primary,primary=review_required; no supplementary action needed
busan-F-00090,명지첫집 국제신도시본점,review_required,0,0,no_match,,,,0,keep_primary,primary=review_required; no supplementary action needed
busan-F-00091,명품외식 육면정,review_required,0,0,no_match,,,,0,keep_primary,primary=review_required; no supplementary action needed
busan-F-00092,호포갈비 문현점,review_required,0,0,no_match,,,,0,keep_primary,primary=review_required; no supplementary action needed
busan-F-00093,평산옥,review_required,0,0,no_match,,,,0,keep_primary,primary=review_required; no supplementary action needed
busan-F-00094,공감식당,review_required,0,0,no_match,,,,0,keep_primary,primary=review_required; no supplementary action needed
busan-F-00095,다옴 서면 삼정타워점,review_required,0,0,no_match,,,,0,keep_primary,primary=review_required; no supplementary action needed
busan-F-00096,당감밀면,review_required,0,0,no_match,,,,0,keep_primary,primary=review_required; no supplementary action needed
busan-F-00097,버거샵 서면,review_required,0,0,no_match,,,,0,keep_primary,primary=review_required; no supplementary action needed
busan-F-00098,소수인,review_required,0,0,no_match,,,,0,keep_primary,primary=review_required; no supplementary action needed
busan-F-00099,양평칼국수 본점,review_required,0,0,no_match,,,,0,keep_primary,primary=review_required; no supplementary action needed
busan-F-00100,영진돼지국밥 본점,review_required,0,0,no_match,,,,0,keep_primary,primary=review_required; no supplementary action needed
busan-F-00101,신흥반점,review_required,0,0,no_match,,,,0,keep_primary,primary=review_required; no supplementary action needed
busan-F-00102,동원숯불갈비,review_required,0,0,no_match,,,,0,keep_primary,primary=review_required; no supplementary action needed
busan-F-00103,도날드,review_required,0,0,no_match,,,,0,keep_primary,primary=review_required; no supplementary action needed
busan-F-00104,영도우,review_required,0,0,no_match,,,,0,keep_primary,primary=review_required; no supplementary action needed
busan-F-00105,함흥보쌈사계절냉면,review_required,0,0,no_match,,,,0,keep_primary,primary=review_required; no supplementary action needed
busan-F-00106,원산면옥,review_required,0,0,no_match,,,,0,keep_primary,primary=review_required; no supplementary action needed
busan-F-00107,개미집신도시점,review_required,0,0,no_match,,,,0,keep_primary,primary=review_required; no supplementary action needed
busan-F-00108,오리한상 명지본점,review_required,0,0,no_match,,,,0,keep_primary,primary=review_required; no supplementary action needed
busan-F-00109,만포밀면옥,review_required,0,0,no_match,,,,0,keep_primary,primary=review_required; no supplementary action needed
busan-F-00110,맛사랑채,review_required,0,0,no_match,,,,0,keep_primary,primary=review_required; no supplementary action needed
busan-F-00111,우정까망촌돼지,review_required,0,0,no_match,,,,0,keep_primary,primary=review_required; no supplementary action needed
busan-F-00112,금랑횟집 광안리본점,review_required,0,0,no_match,,,,0,keep_primary,primary=review_required; no supplementary action needed
busan-F-00113,난파센,review_required,0,0,no_match,,,,0,keep_primary,primary=review_required; no supplementary action needed
busan-F-00114,화국반점,review_required,0,0,no_match,,,,0,keep_primary,primary=review_required; no supplementary action needed
busan-F-00115,로얄경양식&스테이크 광안점,review_required,0,0,no_match,,,,0,keep_primary,primary=review_required; no supplementary action needed
busan-F-00116,본참치,review_required,0,0,no_match,,,,0,keep_primary,primary=review_required; no supplementary action needed
busan-F-00117,무궁화,review_required,0,0,no_match,,,,0,keep_primary,primary=review_required; no supplementary action needed
busan-F-00118,어가초밥,review_required,0,0,no_match,,,,0,keep_primary,primary=review_required; no supplementary action needed
busan-F-00119,배꼽시계,review_required,0,0,no_match,,,,0,keep_primary,primary=review_required; no supplementary action needed
busan-F-00120,사랑도횟집,review_required,0,0,no_match,,,,0,keep_primary,primary=review_required; no supplementary action needed
busan-F-00121,삼송초밥 부산남포본점,review_required,0,0,no_match,,,,0,keep_primary,primary=review_required; no supplementary action needed
busan-F-00122,솔리보,review_required,0,0,no_match,,,,0,keep_primary,primary=review_required; no supplementary action needed
busan-F-00123,부산족발,review_required,0,0,no_match,,,,0,keep_primary,primary=review_required; no supplementary action needed
busan-F-00124,포에버얌 부산기장점,review_required,0,0,no_match,,,,0,keep_primary,primary=review_required; no supplementary action needed
busan-F-00125,물레방아 즉석구이,review_required,0,0,no_match,,,,0,keep_primary,primary=review_required; no supplementary action needed
busan-F-00126,양귀빈 식당 3호점,review_required,0,0,no_match,,,,0,keep_primary,primary=review_required; no supplementary action needed
busan-F-00127,고민끝에여기,review_required,0,0,no_match,,,,0,keep_primary,primary=review_required; no supplementary action needed
busan-F-00128,명송초밥,review_required,0,0,no_match,,,,0,keep_primary,primary=review_required; no supplementary action needed
busan-F-00129,다께,review_required,0,0,no_match,,,,0,keep_primary,primary=review_required; no supplementary action needed
busan-F-00130,남포삼계탕,review_required,0,0,no_match,,,,0,keep_primary,primary=review_required; no supplementary action needed
busan-F-00131,지에이비148,review_required,0,0,no_match,,,,0,keep_primary,primary=review_required; no supplementary action needed
busan-F-00132,대수정,review_required,0,0,no_match,,,,0,keep_primary,primary=review_required; no supplementary action needed
busan-F-00133,목장원,review_required,0,0,no_match,,,,0,keep_primary,primary=review_required; no supplementary action needed
busan-F-00134,톤쇼우 광안점,review_required,0,0,no_match,,,,0,keep_primary,primary=review_required; no supplementary action needed
busan-F-00135,그라치에,review_required,0,0,no_match,,,,0,keep_primary,primary=review_required; no supplementary action needed
busan-F-00136,동촌황정순수육전골,review_required,0,1,manual_review,,,,0,review_required,"primary rights unknown (dec=""review_required""); PG match=manual_review"
busan-F-00137,소우닭계,review_required,0,0,no_match,,,,0,keep_primary,primary=review_required; no supplementary action needed
busan-F-00138,양지추어탕,review_required,0,0,no_match,,,,0,keep_primary,primary=review_required; no supplementary action needed
busan-F-00139,초량통닭,review_required,0,0,no_match,,,,0,keep_primary,primary=review_required; no supplementary action needed
busan-F-00140,홍성방 본점,review_required,0,0,no_match,,,,0,keep_primary,primary=review_required; no supplementary action needed
busan-F-00141,먹음직 온천천점,review_required,0,0,no_match,,,,0,keep_primary,primary=review_required; no supplementary action needed
busan-F-00142,미미루,review_required,0,0,no_match,,,,0,keep_primary,primary=review_required; no supplementary action needed
busan-F-00143,밀보스79,review_required,0,0,no_match,,,,0,keep_primary,primary=review_required; no supplementary action needed
busan-F-00144,세연정,review_required,0,0,no_match,,,,0,keep_primary,primary=review_required; no supplementary action needed
busan-F-00145,조방낙지마당,review_required,0,0,no_match,,,,0,keep_primary,primary=review_required; no supplementary action needed
busan-F-00146,초록담미역국,review_required,0,1,manual_review,,,,0,review_required,"primary rights unknown (dec=""review_required""); PG match=manual_review"
busan-F-00147,타이빈,review_required,0,0,no_match,,,,0,keep_primary,primary=review_required; no supplementary action needed
busan-F-00148,경찰서옆초밥집,review_required,0,0,no_match,,,,0,keep_primary,primary=review_required; no supplementary action needed
busan-F-00149,동백아가씨1961 서면점,review_required,0,0,no_match,,,,0,keep_primary,primary=review_required; no supplementary action needed
busan-F-00150,장어촌,review_required,0,0,no_match,,,,0,keep_primary,primary=review_required; no supplementary action needed
busan-F-00151,전통음식점 원양,review_required,0,0,no_match,,,,0,keep_primary,primary=review_required; no supplementary action needed
busan-F-00152,구공탄,review_required,0,0,no_match,,,,0,keep_primary,primary=review_required; no supplementary action needed
busan-F-00153,금용만두,review_required,0,0,no_match,,,,0,keep_primary,primary=review_required; no supplementary action needed
busan-F-00154,웅천집,review_required,0,0,no_match,,,,0,keep_primary,primary=review_required; no supplementary action needed
busan-F-00155,평양집,review_required,0,0,no_match,,,,0,keep_primary,primary=review_required; no supplementary action needed
busan-F-00156,대왕불맛,review_required,0,0,no_match,,,,0,keep_primary,primary=review_required; no supplementary action needed
busan-F-00157,전골그집 주례본점,review_required,0,0,no_match,,,,0,keep_primary,primary=review_required; no supplementary action needed
busan-F-00158,함양본가어탕국수,review_required,0,0,no_match,,,,0,keep_primary,primary=review_required; no supplementary action needed
busan-F-00159,오공떵번,review_required,0,0,no_match,,,,0,keep_primary,primary=review_required; no supplementary action needed
busan-F-00160,우연횟집,review_required,0,0,no_match,,,,0,keep_primary,primary=review_required; no supplementary action needed
busan-F-00161,마파람해물찜해물탕 구서본점,review_required,0,0,no_match,,,,0,keep_primary,primary=review_required; no supplementary action needed
busan-F-00162,청해수산,review_required,0,0,no_match,,,,0,keep_primary,primary=review_required; no supplementary action needed
busan-F-00163,궁중해물탕 조씨집 대연본점,review_required,0,0,no_match,,,,0,keep_primary,primary=review_required; no supplementary action needed
busan-F-00164,까치횟집,review_required,0,0,no_match,,,,0,keep_primary,primary=review_required; no supplementary action needed
busan-F-00165,미청식당,review_required,0,0,no_match,,,,0,keep_primary,primary=review_required; no supplementary action needed
busan-F-00166,피아크 카페&베이커리,review_required,0,0,no_match,,,,0,keep_primary,primary=review_required; no supplementary action needed
busan-F-00167,큐제,review_required,0,0,no_match,,,,0,keep_primary,primary=review_required; no supplementary action needed
busan-F-00168,커피스가모 인 서면,review_required,0,2,manual_review,,,,0,review_required,"primary rights unknown (dec=""review_required""); PG match=manual_review"
busan-F-00169,칠암사계,review_required,0,0,no_match,,,,0,keep_primary,primary=review_required; no supplementary action needed
busan-F-00170,초량온당,review_required,0,0,no_match,,,,0,keep_primary,primary=review_required; no supplementary action needed
busan-F-00171,원조 바다집,review_required,0,0,no_match,,,,0,keep_primary,primary=review_required; no supplementary action needed
busan-F-00172,이흥용과자점 부산대직영점,review_required,0,0,no_match,,,,0,keep_primary,primary=review_required; no supplementary action needed
busan-F-00173,소문난원조조방낙지본점,review_required,0,0,no_match,,,,0,keep_primary,primary=review_required; no supplementary action needed
busan-F-00174,오대양횟집,review_required,0,0,no_match,,,,0,keep_primary,primary=review_required; no supplementary action needed
busan-F-00175,오륙도낙지 범일본점,review_required,0,0,no_match,,,,0,keep_primary,primary=review_required; no supplementary action needed
busan-F-00176,일미아구찜,review_required,0,0,no_match,,,,0,keep_primary,primary=review_required; no supplementary action needed
busan-F-00177,제주복국,review_required,0,0,no_match,,,,0,keep_primary,primary=review_required; no supplementary action needed
busan-F-00178,1966정원 천성항점,review_required,0,0,no_match,,,,0,keep_primary,primary=review_required; no supplementary action needed
busan-F-00179,용호동할매팥빙수단팥죽 본점,review_required,0,2,manual_review,,,,0,review_required,"primary rights unknown (dec=""review_required""); PG match=manual_review"
busan-F-00180,올드머그,review_required,0,0,no_match,,,,0,keep_primary,primary=review_required; no supplementary action needed
busan-F-00181,아데초이,review_required,0,0,no_match,,,,0,keep_primary,primary=review_required; no supplementary action needed
busan-F-00182,빌라빌레쿨라,review_required,0,0,no_match,,,,0,keep_primary,primary=review_required; no supplementary action needed
busan-F-00183,브리타니,review_required,0,0,no_match,,,,0,keep_primary,primary=review_required; no supplementary action needed
busan-F-00184,브레이크인커피,review_required,0,0,no_match,,,,0,keep_primary,primary=review_required; no supplementary action needed
busan-F-00185,bread365,review_required,0,0,no_match,,,,0,keep_primary,primary=review_required; no supplementary action needed
busan-F-00186,보리종파티세리 본점,review_required,0,0,no_match,,,,0,keep_primary,primary=review_required; no supplementary action needed
busan-F-00187,바우노바,review_required,0,0,no_match,,,,0,keep_primary,primary=review_required; no supplementary action needed
busan-F-00188,부산대 포맨티코 본점,review_required,0,0,no_match,,,,0,keep_primary,primary=review_required; no supplementary action needed
busan-F-00189,명란브랜드연구소,review_required,0,0,no_match,,,,0,keep_primary,primary=review_required; no supplementary action needed
busan-F-00190,육화목,review_required,0,0,no_match,,,,0,keep_primary,primary=review_required; no supplementary action needed
busan-F-00191,어밤부,review_required,0,0,no_match,,,,0,keep_primary,primary=review_required; no supplementary action needed
busan-F-00192,우토피아,review_required,0,0,no_match,,,,0,keep_primary,primary=review_required; no supplementary action needed
busan-F-00193,우봉,review_required,0,3,manual_review,,,,0,review_required,"primary rights unknown (dec=""review_required""); PG match=manual_review"
busan-F-00194,굿모닝홍콩,review_required,0,0,no_match,,,,0,keep_primary,primary=review_required; no supplementary action needed
busan-F-00195,버거인뉴욕,review_required,0,0,no_match,,,,0,keep_primary,primary=review_required; no supplementary action needed
busan-F-00196,반핀 서면전포점,review_required,0,0,no_match,,,,0,keep_primary,primary=review_required; no supplementary action needed
busan-F-00197,복성반점,review_required,0,0,no_match,,,,0,keep_primary,primary=review_required; no supplementary action needed
busan-F-00198,쉐프리,review_required,0,0,no_match,,,,0,keep_primary,primary=review_required; no supplementary action needed
busan-F-00199,부우사안,review_required,0,0,no_match,,,,0,keep_primary,primary=review_required; no supplementary action needed
busan-F-00200,스톤스트리트,review_required,0,0,no_match,,,,0,keep_primary,primary=review_required; no supplementary action needed
busan-F-00201,산동완탕교자관,review_required,0,0,no_match,,,,0,keep_primary,primary=review_required; no supplementary action needed
busan-F-00202,삼형제오리 부산1호점,review_required,0,0,no_match,,,,0,keep_primary,primary=review_required; no supplementary action needed
busan-F-00203,동광동 석기시대 본점,review_required,0,0,no_match,,,,0,keep_primary,primary=review_required; no supplementary action needed
busan-F-00204,음주양식당 오스테리아 어부,review_required,0,0,no_match,,,,0,keep_primary,primary=review_required; no supplementary action needed
busan-F-00205,칸웨이,review_required,0,0,no_match,,,,0,keep_primary,primary=review_required; no supplementary action needed
busan-F-00206,고옥,review_required,0,0,no_match,,,,0,keep_primary,primary=review_required; no supplementary action needed
busan-F-00207,글라스앤보틀,review_required,0,0,no_match,,,,0,keep_primary,primary=review_required; no supplementary action needed
busan-F-00208,앙탄,review_required,0,0,no_match,,,,0,keep_primary,primary=review_required; no supplementary action needed
busan-F-00209,교토돈부리 본점,review_required,0,0,no_match,,,,0,keep_primary,primary=review_required; no supplementary action needed
busan-F-00210,나가하마만게츠,review_required,0,0,no_match,,,,0,keep_primary,primary=review_required; no supplementary action needed
busan-F-00211,노는바다,review_required,0,0,no_match,,,,0,keep_primary,primary=review_required; no supplementary action needed
busan-F-00212,동경밥상,review_required,0,0,no_match,,,,0,keep_primary,primary=review_required; no supplementary action needed
busan-F-00213,슌,review_required,0,0,no_match,,,,0,keep_primary,primary=review_required; no supplementary action needed
busan-F-00214,스시미르네 본점,review_required,0,0,no_match,,,,0,keep_primary,primary=review_required; no supplementary action needed
busan-F-00215,스시심 타카이,review_required,0,0,no_match,,,,0,keep_primary,primary=review_required; no supplementary action needed
busan-F-00216,야스마루 쇼쿠도,review_required,0,0,no_match,,,,0,keep_primary,primary=review_required; no supplementary action needed
busan-F-00217,중앙모밀,review_required,0,0,no_match,,,,0,keep_primary,primary=review_required; no supplementary action needed
busan-F-00218,킹콩스시,review_required,0,0,no_match,,,,0,keep_primary,primary=review_required; no supplementary action needed
busan-F-00219,타이가 텐푸라,review_required,0,0,no_match,,,,0,keep_primary,primary=review_required; no supplementary action needed
busan-F-00220,톤쇼우 부산대점,review_required,0,0,no_match,,,,0,keep_primary,primary=review_required; no supplementary action needed
busan-F-00221,삼성밀면,review_required,0,0,no_match,,,,0,keep_primary,primary=review_required; no supplementary action needed
busan-F-00222,부산약콩밀면 이기대본점,review_required,0,13,manual_review,,,,0,review_required,"primary rights unknown (dec=""review_required""); PG match=manual_review"
busan-F-00223,면채움,review_required,0,0,no_match,,,,0,keep_primary,primary=review_required; no supplementary action needed
busan-F-00224,대연밀면,review_required,0,0,no_match,,,,0,keep_primary,primary=review_required; no supplementary action needed
busan-F-00225,합천국밥집,review_required,0,0,no_match,,,,0,keep_primary,primary=review_required; no supplementary action needed
busan-F-00226,정짓간 돼지국밥 & 막국수,review_required,0,0,no_match,,,,0,keep_primary,primary=review_required; no supplementary action needed
busan-F-00227,우리돼지국밥,review_required,0,0,no_match,,,,0,keep_primary,primary=review_required; no supplementary action needed
busan-F-00228,수복돼지국밥,review_required,0,0,no_match,,,,0,keep_primary,primary=review_required; no supplementary action needed
busan-F-00229,부광돼지국밥전문점,review_required,0,0,no_match,,,,0,keep_primary,primary=review_required; no supplementary action needed
busan-F-00230,행복을 짓는 수향촌밥상,review_required,0,0,no_match,,,,0,keep_primary,primary=review_required; no supplementary action needed
busan-F-00231,해물왕창칼국수,review_required,0,0,no_match,,,,0,keep_primary,primary=review_required; no supplementary action needed
busan-F-00232,할매재첩국부산본점,review_required,0,0,no_match,,,,0,keep_primary,primary=review_required; no supplementary action needed
busan-F-00233,동래할매파전,review_required,0,0,no_match,,,,0,keep_primary,primary=review_required; no supplementary action needed
busan-F-00234,박해윤통영해물밥상,review_required,0,0,no_match,,,,0,keep_primary,primary=review_required; no supplementary action needed
busan-F-00235,원조꼬리곰집,review_required,0,0,no_match,,,,0,keep_primary,primary=review_required; no supplementary action needed
busan-F-00236,하동재첩국,review_required,0,0,no_match,,,,0,keep_primary,primary=review_required; no supplementary action needed
busan-F-00237,하기연진주냉면,review_required,0,1,manual_review,,,,0,review_required,"primary rights unknown (dec=""review_required""); PG match=manual_review"
busan-F-00238,장안집,review_required,0,0,no_match,,,,0,keep_primary,primary=review_required; no supplementary action needed
busan-F-00239,이가네칼국수,review_required,0,0,no_match,,,,0,keep_primary,primary=review_required; no supplementary action needed
busan-F-00240,이가네떡볶이,review_required,0,13,manual_review,,,,0,review_required,"primary rights unknown (dec=""review_required""); PG match=manual_review"
busan-F-00241,우성삼계탕,review_required,0,0,no_match,,,,0,keep_primary,primary=review_required; no supplementary action needed
busan-F-00242,몽뜰,review_required,0,0,no_match,,,,0,keep_primary,primary=review_required; no supplementary action needed
busan-F-00243,조광심민속왕순대,review_required,0,0,no_match,,,,0,keep_primary,primary=review_required; no supplementary action needed
busan-F-00244,할매집회국수,review_required,0,0,no_match,,,,0,keep_primary,primary=review_required; no supplementary action needed
busan-F-00245,나탄약선요리,review_required,0,0,no_match,,,,0,keep_primary,primary=review_required; no supplementary action needed
busan-F-00246,부다면옥,review_required,0,0,no_match,,,,0,keep_primary,primary=review_required; no supplementary action needed
busan-F-00247,본 고갈비,review_required,0,6,manual_review,,,,0,review_required,"primary rights unknown (dec=""review_required""); PG match=manual_review"
busan-F-00248,88돼지갈비,review_required,0,4,manual_review,,,,0,review_required,"primary rights unknown (dec=""review_required""); PG match=manual_review"
busan-F-00249,돌솥밥집,review_required,0,1,manual_review,,,,0,review_required,"primary rights unknown (dec=""review_required""); PG match=manual_review"
busan-F-00250,맹여사육전육회,review_required,0,1,manual_review,,,,0,review_required,"primary rights unknown (dec=""review_required""); PG match=manual_review"
busan-F-00251,은하갈비,no_image,0,0,no_match,,,,0,unresolved,primary=no_image; no useful PG match
busan-F-00252,합천국밥집,review_required,0,0,no_match,,,,0,keep_primary,primary=review_required; no supplementary action needed
busan-F-00253,기장손칼국수,no_image,0,0,no_match,,,,0,unresolved,primary=no_image; no useful PG match
busan-F-00254,쌍둥이돼지국밥,review_required,0,2,manual_review,,,,0,review_required,"primary rights unknown (dec=""review_required""); PG match=manual_review"
busan-F-00255,삼오불고기,no_image,0,0,no_match,,,,0,unresolved,primary=no_image; no useful PG match
busan-F-00256,언양불고기부산집,no_image,0,0,no_match,,,,0,unresolved,primary=no_image; no useful PG match
busan-F-00257,은해갈치,review_required,0,0,no_match,,,,0,keep_primary,primary=review_required; no supplementary action needed
busan-F-00258,동백섬횟집,review_required,0,0,no_match,,,,0,keep_primary,primary=review_required; no supplementary action needed
busan-F-00259,새총횟집,no_image,0,0,no_match,,,,0,unresolved,primary=no_image; no useful PG match
busan-F-00260,초필살돼지구이,no_image,0,0,no_match,,,,0,unresolved,primary=no_image; no useful PG match
busan-F-00261,거대숯불구이,review_required,0,0,no_match,,,,0,keep_primary,primary=review_required; no supplementary action needed
busan-F-00262,부다면옥,no_image,0,0,no_match,,,,0,unresolved,primary=no_image; no useful PG match
busan-F-00263,아저씨대구탕,review_required,0,0,no_match,,,,0,keep_primary,primary=review_required; no supplementary action needed
busan-F-00264,영남돼지,no_image,0,0,no_match,,,,0,unresolved,primary=no_image; no useful PG match
busan-F-00265,무진장횟집,review_required,0,0,no_match,,,,0,keep_primary,primary=review_required; no supplementary action needed
busan-F-00266,탐복,no_image,0,0,no_match,,,,0,unresolved,primary=no_image; no useful PG match
busan-F-00267,미미루,review_required,0,0,no_match,,,,0,keep_primary,primary=review_required; no supplementary action needed
busan-F-00268,부우사안,review_required,0,0,no_match,,,,0,keep_primary,primary=review_required; no supplementary action needed
busan-F-00269,산동완탕교자관,no_image,0,0,no_match,,,,0,unresolved,primary=no_image; no useful PG match
busan-F-00270,동경밥상,review_required,0,0,no_match,,,,0,keep_primary,primary=review_required; no supplementary action needed
busan-F-00271,모즈,review_required,0,0,no_match,,,,0,keep_primary,primary=review_required; no supplementary action needed
busan-F-00272,쇼진,review_required,0,0,no_match,,,,0,keep_primary,primary=review_required; no supplementary action needed
busan-F-00273,스시시안,no_image,0,0,no_match,,,,0,unresolved,primary=no_image; no useful PG match
busan-F-00274,스시이루카,review_required,0,0,no_match,,,,0,keep_primary,primary=review_required; no supplementary action needed
busan-F-00275,야키토리해공,no_image,0,0,no_match,,,,0,unresolved,primary=no_image; no useful PG match
busan-F-00276,제로베이스,review_required,0,0,no_match,,,,0,keep_primary,primary=review_required; no supplementary action needed
busan-F-00277,떼떼오네,review_required,0,0,no_match,,,,0,keep_primary,primary=review_required; no supplementary action needed
busan-F-00278,라꽁띠,no_image,0,0,no_match,,,,0,unresolved,primary=no_image; no useful PG match
busan-F-00279,리오네,no_image,0,0,no_match,,,,0,unresolved,primary=no_image; no useful PG match
busan-F-00280,쉐프리,review_required,0,0,no_match,,,,0,keep_primary,primary=review_required; no supplementary action needed
busan-F-00281,음주양식당오스테리아어부,no_image,0,0,no_match,,,,0,unresolved,primary=no_image; no useful PG match
busan-F-00282,이재모피자,no_image,0,0,no_match,,,,0,unresolved,primary=no_image; no useful PG match
busan-F-00283,레땅,review_required,0,0,no_match,,,,0,keep_primary,primary=review_required; no supplementary action needed
busan-F-00284,라이옥,review_required,0,0,no_match,,,,0,keep_primary,primary=review_required; no supplementary action needed
busan-F-00285,달타이,no_image,0,0,no_match,,,,0,unresolved,primary=no_image; no useful PG match
busan-F-00286,알로이타이레스토랑,review_required,0,0,no_match,,,,0,keep_primary,primary=review_required; no supplementary action needed
busan-F-00287,카파도키아,review_required,0,0,no_match,,,,0,keep_primary,primary=review_required; no supplementary action needed
busan-F-00288,거북선횟집,no_image,0,0,no_match,,,,0,unresolved,primary=no_image; no useful PG match
busan-F-00289,고스락,no_image,0,22,manual_review,,,,0,review_required,primary=no_image; PG manual match needs verification
busan-F-00290,규우정,no_image,0,0,no_match,,,,0,unresolved,primary=no_image; no useful PG match
busan-F-00291,금랑횟집,review_required,0,0,no_match,,,,0,keep_primary,primary=review_required; no supplementary action needed
busan-F-00292,뉼리,no_image,0,0,no_match,,,,0,unresolved,primary=no_image; no useful PG match
busan-F-00293,맥퀸즈라운지,review_required,0,0,no_match,,,,0,keep_primary,primary=review_required; no supplementary action needed
busan-F-00294,목장원,review_required,0,0,no_match,,,,0,keep_primary,primary=review_required; no supplementary action needed
busan-F-00295,오륙도가원,review_required,0,0,no_match,,,,0,keep_primary,primary=review_required; no supplementary action needed
busan-F-00296,이레옥,review_required,0,0,no_match,,,,0,keep_primary,primary=review_required; no supplementary action needed
busan-F-00297,칠성횟집,no_image,0,0,no_match,,,,0,unresolved,primary=no_image; no useful PG match
busan-F-00298,남풍,review_required,0,0,no_match,,,,0,keep_primary,primary=review_required; no supplementary action needed
busan-F-00299,랩24바이쿠무다,review_required,0,0,no_match,,,,0,keep_primary,primary=review_required; no supplementary action needed
busan-F-00300,르도헤,review_required,0,0,no_match,,,,0,keep_primary,primary=review_required; no supplementary action needed
busan-F-00301,마이클어반팜테이블,review_required,0,0,no_match,,,,0,keep_primary,primary=review_required; no supplementary action needed
busan-F-00302,모리,review_required,0,0,no_match,,,,0,keep_primary,primary=review_required; no supplementary action needed
busan-F-00303,무궁화,no_image,0,0,no_match,,,,0,unresolved,primary=no_image; no useful PG match
busan-F-00304,사까에,review_required,0,0,no_match,,,,0,keep_primary,primary=review_required; no supplementary action needed
busan-F-00305,셔블,no_image,0,0,no_match,,,,0,unresolved,primary=no_image; no useful PG match
busan-F-00306,아쁘앙,review_required,0,0,no_match,,,,0,keep_primary,primary=review_required; no supplementary action needed
busan-F-00307,아오모리,no_image,0,0,no_match,,,,0,unresolved,primary=no_image; no useful PG match
busan-F-00308,율링,review_required,0,0,no_match,,,,0,keep_primary,primary=review_required; no supplementary action needed
busan-F-00309,차오란,no_image,0,0,no_match,,,,0,unresolved,primary=no_image; no useful PG match
busan-F-00310,팔레드신,no_image,0,0,no_match,,,,0,unresolved,primary=no_image; no useful PG match
busan-F-00311,팔레트,review_required,0,0,no_match,,,,0,keep_primary,primary=review_required; no supplementary action needed
busan-F-00312,하레마,review_required,0,0,no_match,,,,0,keep_primary,primary=review_required; no supplementary action needed
busan-F-00313,60년전통할매국밥,review_required,0,0,no_match,,,,0,keep_primary,primary=review_required; no supplementary action needed
busan-F-00314,개금밀면,review_required,0,0,no_match,,,,0,keep_primary,primary=review_required; no supplementary action needed
busan-F-00315,구포촌국수,no_image,0,0,no_match,,,,0,unresolved,primary=no_image; no useful PG match
busan-F-00316,금수복국,review_required,0,0,no_match,,,,0,keep_primary,primary=review_required; no supplementary action needed
busan-F-00317,금용,no_image,0,0,no_match,,,,0,unresolved,primary=no_image; no useful PG match
busan-F-00318,기장곰장어,no_image,0,0,no_match,,,,0,unresolved,primary=no_image; no useful PG match
busan-F-00319,동래할매파전,review_required,0,0,no_match,,,,0,keep_primary,primary=review_required; no supplementary action needed
busan-F-00320,물꽁식당,review_required,0,0,no_match,,,,0,keep_primary,primary=review_required; no supplementary action needed
busan-F-00321,박옥희할매집원조복국,review_required,0,0,no_match,,,,0,keep_primary,primary=review_required; no supplementary action needed
busan-F-00322,배종관동래삼계탕,review_required,0,0,no_match,,,,0,keep_primary,primary=review_required; no supplementary action needed
busan-F-00323,백구당,review_required,0,0,no_match,,,,0,keep_primary,primary=review_required; no supplementary action needed
busan-F-00324,부산명물횟집,review_required,0,0,no_match,,,,0,keep_primary,primary=review_required; no supplementary action needed
busan-F-00325,비엔씨,review_required,0,0,no_match,,,,0,keep_primary,primary=review_required; no supplementary action needed
busan-F-00326,새진주식당,no_image,0,0,no_match,,,,0,unresolved,primary=no_image; no useful PG match
busan-F-00327,서울깍두기,review_required,0,0,no_match,,,,0,keep_primary,primary=review_required; no supplementary action needed
busan-F-00328,송정3대국밥,no_image,0,0,no_match,,,,0,unresolved,primary=no_image; no useful PG match
busan-F-00329,신발원,review_required,0,0,no_match,,,,0,keep_primary,primary=review_required; no supplementary action needed
busan-F-00330,신창국밥,review_required,0,0,no_match,,,,0,keep_primary,primary=review_required; no supplementary action needed
busan-F-00331,신흥관,review_required,0,0,no_match,,,,0,keep_primary,primary=review_required; no supplementary action needed
busan-F-00332,옛날오막집,review_required,0,0,no_match,,,,0,keep_primary,primary=review_required; no supplementary action needed
busan-F-00333,원조할매낙지,no_image,0,0,no_match,,,,0,unresolved,primary=no_image; no useful PG match
busan-F-00334,초원복국,review_required,0,0,no_match,,,,0,keep_primary,primary=review_required; no supplementary action needed
busan-F-00335,평산옥,review_required,0,0,no_match,,,,0,keep_primary,primary=review_required; no supplementary action needed
busan-F-00336,할매재첩국,no_image,0,0,no_match,,,,0,unresolved,primary=no_image; no useful PG match
busan-F-00337,해운대소문난암소갈비집,review_required,0,0,no_match,,,,0,keep_primary,primary=review_required; no supplementary action needed
busan-F-00338,레망파티쓰리,no_image,0,0,no_match,,,,0,unresolved,primary=no_image; no useful PG match
busan-F-00339,머그디저트랩,review_required,0,0,no_match,,,,0,keep_primary,primary=review_required; no supplementary action needed
busan-F-00340,무슈뱅상,review_required,0,0,no_match,,,,0,keep_primary,primary=review_required; no supplementary action needed
busan-F-00341,보느파티쓰 리,no_image,0,0,no_match,,,,0,unresolved,primary=no_image; no useful PG match
busan-F-00342,브레드365,no_image,0,0,no_match,,,,0,unresolved,primary=no_image; no useful PG match
busan-F-00343,브리앙,review_required,0,0,no_match,,,,0,keep_primary,primary=review_required; no supplementary action needed
busan-F-00344,옵스,no_image,0,0,no_match,,,,0,unresolved,primary=no_image; no useful PG match
busan-F-00345,모모스커피,review_required,0,0,no_match,,,,0,keep_primary,primary=review_required; no supplementary action needed
busan-F-00346,베르크로스터스,review_required,0,0,no_match,,,,0,keep_primary,primary=review_required; no supplementary action needed
busan-F-00347,블랙업커피,review_required,0,0,no_match,,,,0,keep_primary,primary=review_required; no supplementary action needed
busan-F-00348,히떼로스터리,review_required,0,0,no_match,,,,0,keep_primary,primary=review_required; no supplementary action needed
busan-F-00349,쥬가정효,no_image,0,0,no_match,,,,0,unresolved,primary=no_image; no useful PG match
busan-F-00350,톤쇼우,no_image,0,0,no_match,,,,0,unresolved,primary=no_image; no useful PG match
busan-F-00351,토북베이커리,review_required,0,0,no_match,,,,0,keep_primary,primary=review_required; no supplementary action needed
busan-F-00352,카페호밀,review_required,0,0,no_match,,,,0,keep_primary,primary=review_required; no supplementary action needed
busan-F-00353,고향연화,review_required,0,0,no_match,,,,0,keep_primary,primary=review_required; no supplementary action needed
busan-F-00354,대성칼치찌개구이,review_required,0,0,no_match,,,,0,keep_primary,primary=review_required; no supplementary action needed
busan-F-00355,무진장횟집 기장점,review_required,0,0,no_match,,,,0,keep_primary,primary=review_required; no supplementary action needed
busan-F-00356,올바릇식당 본점,review_required,0,0,no_match,,,,0,keep_primary,primary=review_required; no supplementary action needed
busan-F-00357,알천순대곱창전골전문점,review_required,0,0,no_match,,,,0,keep_primary,primary=review_required; no supplementary action needed
busan-F-00358,태화반점,review_required,0,0,no_match,,,,0,keep_primary,primary=review_required; no supplementary action needed
busan-F-00359,팔레트,review_required,0,0,no_match,,,,0,keep_primary,primary=review_required; no supplementary action needed
busan-F-00360,공담 파스타,review_required,0,0,no_match,,,,0,keep_primary,primary=review_required; no supplementary action needed
busan-F-00361,배종관동래삼계탕,review_required,0,0,no_match,,,,0,keep_primary,primary=review_required; no supplementary action needed
busan-F-00362,신가네 호떡 김밥 떡볶이,review_required,0,2,manual_review,,,,0,review_required,"primary rights unknown (dec=""review_required""); PG match=manual_review"
busan-F-00363,칙투칙,review_required,0,0,no_match,,,,0,keep_primary,primary=review_required; no supplementary action needed
busan-F-00364,프랑스 과자점  브리앙,review_required,0,0,no_match,,,,0,keep_primary,primary=review_required; no supplementary action needed
busan-F-00365,기장손칼국수,review_required,0,0,no_match,,,,0,keep_primary,primary=review_required; no supplementary action needed
busan-F-00366,두번째 늘해랑,review_required,0,0,no_match,,,,0,keep_primary,primary=review_required; no supplementary action needed
busan-F-00367,베르크로스터스,review_required,0,0,no_match,,,,0,keep_primary,primary=review_required; no supplementary action needed
busan-F-00368,코르 파스타 바,review_required,0,0,no_match,,,,0,keep_primary,primary=review_required; no supplementary action needed
busan-F-00369,곰보식당,review_required,0,0,no_match,,,,0,keep_primary,primary=review_required; no supplementary action needed
busan-F-00370,611WoodFire,review_required,0,0,no_match,,,,0,keep_primary,primary=review_required; no supplementary action needed
busan-F-00371,골목포차,review_required,0,0,no_match,,,,0,keep_primary,primary=review_required; no supplementary action needed
busan-F-00372,뉼리 광안리점,review_required,0,0,no_match,,,,0,keep_primary,primary=review_required; no supplementary action needed
busan-F-00373,다이도코로 광안리본점,review_required,0,0,no_match,,,,0,keep_primary,primary=review_required; no supplementary action needed
busan-F-00374,더스모코,review_required,0,0,no_match,,,,0,keep_primary,primary=review_required; no supplementary action needed
busan-F-00375,램지,review_required,0,0,no_match,,,,0,keep_primary,primary=review_required; no supplementary action needed
busan-F-00376,무슈뱅상,review_required,0,0,no_match,,,,0,keep_primary,primary=review_required; no supplementary action needed
busan-F-00377,샤브남바완,review_required,0,0,no_match,,,,0,keep_primary,primary=review_required; no supplementary action needed
busan-F-00378,아웃트로 바이 비토,review_required,0,0,no_match,,,,0,keep_primary,primary=review_required; no supplementary action needed
busan-F-00379,제로베이스,review_required,0,0,no_match,,,,0,keep_primary,primary=review_required; no supplementary action needed
busan-F-00380,고등어다찌  연산본점,review_required,0,1,manual_review,,,,0,review_required,"primary rights unknown (dec=""review_required""); PG match=manual_review"
busan-F-00381,재기돼지국밥,review_required,0,0,no_match,,,,0,keep_primary,primary=review_required; no supplementary action needed
busan-F-00382,그리다부부,review_required,0,0,no_match,,,,0,keep_primary,primary=review_required; no supplementary action needed
busan-F-00383,동화반점,review_required,0,0,no_match,,,,0,keep_primary,primary=review_required; no supplementary action needed
busan-F-00384,연경재,review_required,0,0,no_match,,,,0,keep_primary,primary=review_required; no supplementary action needed
busan-F-00385,김정연분식 면옥향천,review_required,0,0,no_match,,,,0,keep_primary,primary=review_required; no supplementary action needed
busan-F-00386,랩24 바이 쿠무다,review_required,0,0,no_match,,,,0,keep_primary,primary=review_required; no supplementary action needed
busan-F-00387,르도헤,review_required,0,0,no_match,,,,0,keep_primary,primary=review_required; no supplementary action needed
busan-F-00388,모리,review_required,0,0,no_match,,,,0,keep_primary,primary=review_required; no supplementary action needed
busan-F-00389,비비비당,review_required,2,0,high,2927267,https://tong.visitkorea.or.kr/cms/resource_photo/67/2927267_image2_1.jpg,비비비당,20,review_required,"primary rights unknown (dec=""review_required""); PG match=high"
busan-F-00390,소공간,review_required,0,0,no_match,,,,0,keep_primary,primary=review_required; no supplementary action needed
busan-F-00391,쇼진,review_required,0,0,no_match,,,,0,keep_primary,primary=review_required; no supplementary action needed
busan-F-00392,우봉 샤브 청사포점,review_required,0,0,no_match,,,,0,keep_primary,primary=review_required; no supplementary action needed
busan-F-00393,초필살돼지구이 해운대 본점,review_required,0,0,no_match,,,,0,keep_primary,primary=review_required; no supplementary action needed
busan-F-00394,하레마,review_required,0,0,no_match,,,,0,keep_primary,primary=review_required; no supplementary action needed
busan-F-00395,백가백반,review_required,0,1,manual_review,,,,0,review_required,"primary rights unknown (dec=""review_required""); PG match=manual_review"
busan-F-00396,밀양갈비,review_required,0,0,no_match,,,,0,keep_primary,primary=review_required; no supplementary action needed
busan-F-00397,가야포차선지국밥 본점,review_required,0,0,no_match,,,,0,keep_primary,primary=review_required; no supplementary action needed
busan-F-00398,30년전통가마솥석쇠돼지갈비,review_required,0,0,no_match,,,,0,keep_primary,primary=review_required; no supplementary action needed
busan-F-00399,달타이,review_required,0,0,no_match,,,,0,keep_primary,primary=review_required; no supplementary action needed
busan-F-00400,란아한,review_required,0,0,no_match,,,,0,keep_primary,primary=review_required; no supplementary action needed
busan-F-00401,바오하우스,review_required,0,0,no_match,,,,0,keep_primary,primary=review_required; no supplementary action needed
busan-F-00402,롯데호텔 부산 블루헤이븐,review_required,0,0,no_match,,,,0,keep_primary,primary=review_required; no supplementary action needed
busan-F-00403,못난이식당 해운대점,review_required,0,0,no_match,,,,0,keep_primary,primary=review_required; no supplementary action needed
busan-F-00404,손내향미,review_required,0,0,no_match,,,,0,keep_primary,primary=review_required; no supplementary action needed
busan-F-00405,선창횟집,review_required,0,0,no_match,,,,0,keep_primary,primary=review_required; no supplementary action needed
busan-F-00406,수블,review_required,0,0,no_match,,,,0,keep_primary,primary=review_required; no supplementary action needed
busan-F-00407,스시시안,review_required,0,0,no_match,,,,0,keep_primary,primary=review_required; no supplementary action needed
busan-F-00408,쥬가,review_required,0,0,no_match,,,,0,keep_primary,primary=review_required; no supplementary action needed
busan-F-00409,쿠지라멘,review_required,0,0,no_match,,,,0,keep_primary,primary=review_required; no supplementary action needed
busan-F-00410,팔레트,review_required,0,0,no_match,,,,0,keep_primary,primary=review_required; no supplementary action needed
busan-F-00411,1969부원동칼국수 부산본점,review_required,0,0,no_match,,,,0,keep_primary,primary=review_required; no supplementary action needed
busan-F-00412,고등어연구소 본점,review_required,0,0,no_match,,,,0,keep_primary,primary=review_required; no supplementary action needed
busan-F-00413,동삼정,review_required,0,0,no_match,,,,0,keep_primary,primary=review_required; no supplementary action needed
busan-F-00414,유원,review_required,0,8,manual_review,,,,0,review_required,"primary rights unknown (dec=""review_required""); PG match=manual_review"
busan-F-00415,야스마루 닌니쿠,review_required,0,0,no_match,,,,0,keep_primary,primary=review_required; no supplementary action needed
busan-F-00416,지즈,review_required,0,0,no_match,,,,0,keep_primary,primary=review_required; no supplementary action needed
busan-F-00417,순사이쿠보,review_required,0,0,no_match,,,,0,keep_primary,primary=review_required; no supplementary action needed
busan-F-00418,델리봉,review_required,0,0,no_match,,,,0,keep_primary,primary=review_required; no supplementary action needed
busan-F-00419,보느파티쓰리,review_required,0,0,no_match,,,,0,keep_primary,primary=review_required; no supplementary action needed
busan-F-00420,남천면가,review_required,0,0,no_match,,,,0,keep_primary,primary=review_required; no supplementary action needed
busan-F-00421,닭발의 지존,review_required,0,0,no_match,,,,0,keep_primary,primary=review_required; no supplementary action needed
busan-F-00422,데일리럭키,review_required,0,0,no_match,,,,0,keep_primary,primary=review_required; no supplementary action needed
busan-F-00423,백일평냉,review_required,0,0,no_match,,,,0,keep_primary,primary=review_required; no supplementary action needed
busan-F-00424,아펙트,review_required,0,0,no_match,,,,0,keep_primary,primary=review_required; no supplementary action needed
busan-F-00425,야키토리 백탄,review_required,0,0,no_match,,,,0,keep_primary,primary=review_required; no supplementary action needed
busan-F-00426,야키토리 해공,review_required,0,0,no_match,,,,0,keep_primary,primary=review_required; no supplementary action needed
busan-F-00427,우리포차,review_required,0,0,no_match,,,,0,keep_primary,primary=review_required; no supplementary action needed
busan-F-00428,으뜸이로리바타,review_required,0,0,no_match,,,,0,keep_primary,primary=review_required; no supplementary action needed
busan-F-00429,자매국밥,review_required,0,0,no_match,,,,0,keep_primary,primary=review_required; no supplementary action needed
busan-F-00430,조이풀조이풀(골드핀치by조이풀조이풀),review_required,0,0,no_match,,,,0,keep_primary,primary=review_required; no supplementary action needed
busan-F-00431,청산1954,review_required,0,0,no_match,,,,0,keep_primary,primary=review_required; no supplementary action needed
busan-F-00432,해운대암소갈비집,review_required,0,0,no_match,,,,0,keep_primary,primary=review_required; no supplementary action needed
busan-F-00433,연화제과,review_required,0,0,no_match,,,,0,keep_primary,primary=review_required; no supplementary action needed
busan-F-00434,대성갈치찌개구이,review_required,0,0,no_match,,,,0,keep_primary,primary=review_required; no supplementary action needed
busan-F-00435,고기형,review_required,0,0,no_match,,,,0,keep_primary,primary=review_required; no supplementary action needed
busan-F-00436,우봉샤브,review_required,0,0,no_match,,,,0,keep_primary,primary=review_required; no supplementary action needed
busan-F-00437,히떼로스터리 전포점,review_required,0,0,no_match,,,,0,keep_primary,primary=review_required; no supplementary action needed
busan-K-00001,금정산,usable,0,0,no_match,,,,0,keep_primary,primary=usable; no supplementary action needed
busan-K-00002,해운대온천센터,usable,0,0,no_match,,,,0,keep_primary,primary=usable; no supplementary action needed
busan-K-00003,부산 송도해수욕장,usable,14,0,high,2731671,http://tong.visitkorea.or.kr/cms2/website/71/2731671.jpg,부산 송도해수욕장,20,supplement_candidate,primary=usable; PG high match adds value
busan-K-00004,부산동명불원,usable,0,0,no_match,,,,0,keep_primary,primary=usable; no supplementary action needed
busan-K-00005,25의용단,no_image,0,0,no_match,,,,0,unresolved,primary=no_image; no useful PG match
busan-K-00006,부산 중앙공원,usable,6,0,high,2826901,https://tong.visitkorea.or.kr/cms/resource_photo/01/2826901_image2_1.jpg,부산 중앙공원,20,supplement_candidate,primary=usable; PG high match adds value
busan-K-00007,광복로패션거리,usable,0,0,no_match,,,,0,keep_primary,primary=usable; no supplementary action needed
busan-K-00009,민주공원,usable,32,0,high,2549607,http://tong.visitkorea.or.kr/cms2/website/07/2549607.jpg,민주공원,20,supplement_candidate,primary=usable; PG high match adds value
busan-K-00010,태종대온천찜질방,usable,0,0,no_match,,,,0,keep_primary,primary=usable; no supplementary action needed
busan-K-00011,대천천,usable,2,0,high,2928808,https://tong.visitkorea.or.kr/cms/resource_photo/08/2928808_image2_1.jpg,대천천,20,supplement_candidate,primary=usable; PG high match adds value
busan-K-00012,광안리해변 테마거리,usable,0,0,no_match,,,,0,keep_primary,primary=usable; no supplementary action needed
busan-K-00015,스포원파크,usable,1,0,high,2927480,https://tong.visitkorea.or.kr/cms/resource_photo/80/2927480_image2_1.jpg,스포원파크,20,supplement_candidate,primary=usable; PG high match adds value
busan-K-00016,옥련선원,usable,0,0,no_match,,,,0,keep_primary,primary=usable; no supplementary action needed
busan-K-00017,부산광안대교,usable,53,1,high,1144068,http://tong.visitkorea.or.kr/cms2/website/68/1144068.jpg,부산 광안대교,20,supplement_candidate,primary=usable; PG high match adds value
busan-K-00019,대항 어촌체험 휴양마을,usable,0,0,no_match,,,,0,keep_primary,primary=usable; no supplementary action needed
busan-K-00020,공수어촌체험마을,usable,0,0,no_match,,,,0,keep_primary,primary=usable; no supplementary action needed
busan-K-00021,동백공원,usable,0,0,no_match,,,,0,keep_primary,primary=usable; no supplementary action needed
busan-K-00022,금강식물원,usable,0,0,no_match,,,,0,keep_primary,primary=usable; no supplementary action needed
busan-K-00023,홍법사(부산),usable,0,0,no_match,,,,0,keep_primary,primary=usable; no supplementary action needed
busan-K-00024,송도마을,usable,0,0,no_match,,,,0,keep_primary,primary=usable; no supplementary action needed
busan-K-00025,금련산,usable,0,0,no_match,,,,0,keep_primary,primary=usable; no supplementary action needed
busan-K-00026,가덕도 등대,usable,0,0,no_match,,,,0,keep_primary,primary=usable; no supplementary action needed
busan-K-00027,죽도공원,usable,5,1,high,1074635,http://tong.visitkorea.or.kr/cms2/website/35/1074635.jpg,죽도공원,20,supplement_candidate,primary=usable; PG high match adds value
busan-K-00028,경상좌수영성지,usable,0,0,no_match,,,,0,keep_primary,primary=usable; no supplementary action needed
busan-K-00029,부산문화회관,usable,0,0,no_match,,,,0,keep_primary,primary=usable; no supplementary action needed
busan-K-00031,구덕민속예술관,usable,0,0,no_match,,,,0,keep_primary,primary=usable; no supplementary action needed
busan-K-00032,부산 강서문화원,usable,0,0,no_match,,,,0,keep_primary,primary=usable; no supplementary action needed
busan-K-00033,기장문화원,usable,0,0,no_match,,,,0,keep_primary,primary=usable; no supplementary action needed
busan-K-00034,동래문화원,usable,0,0,no_match,,,,0,keep_primary,primary=usable; no supplementary action needed
busan-K-00035,사상문화원,no_image,0,0,no_match,,,,0,unresolved,primary=no_image; no useful PG match
busan-K-00036,금정문화원,usable,0,0,no_match,,,,0,keep_primary,primary=usable; no supplementary action needed
busan-K-00037,조현화랑,usable,0,0,no_match,,,,0,keep_primary,primary=usable; no supplementary action needed
busan-K-00039,부산자유회관(부산통일관),usable,0,0,no_match,,,,0,keep_primary,primary=usable; no supplementary action needed
busan-K-00040,부산광역시립 명장도서관,usable,0,0,no_match,,,,0,keep_primary,primary=usable; no supplementary action needed
busan-K-00041,부산광역시립 시민도서관,usable,0,0,no_match,,,,0,keep_primary,primary=usable; no supplementary action needed
busan-K-00043,부산광역시 영도도서관,usable,0,0,no_match,,,,0,keep_primary,primary=usable; no supplementary action needed
busan-K-00044,부산광역시립 중앙도서관,usable,0,0,no_match,,,,0,keep_primary,primary=usable; no supplementary action needed
busan-K-00045,반여도서관,usable,0,0,no_match,,,,0,keep_primary,primary=usable; no supplementary action needed
busan-K-00046,부산광역시립 연산도서관,usable,0,0,no_match,,,,0,keep_primary,primary=usable; no supplementary action needed
busan-K-00047,부산 동구도서관,usable,0,0,no_match,,,,0,keep_primary,primary=usable; no supplementary action needed
busan-K-00048,부산광역시 기장도서관,usable,0,0,no_match,,,,0,keep_primary,primary=usable; no supplementary action needed
busan-K-00049,부산점자도서관,usable,0,0,no_match,,,,0,keep_primary,primary=usable; no supplementary action needed
busan-K-00050,용호동일대 바다낚시,usable,0,1,manual_review,,,,0,review_required,primary=usable; PG manual match needs verification
busan-K-00051,부산광역시교육청학생인성교육원,usable,0,0,no_match,,,,0,keep_primary,primary=usable; no supplementary action needed
busan-K-00052,함지골청소년수련관,no_image,0,0,no_match,,,,0,unresolved,primary=no_image; no useful PG match
busan-K-00053,영도관광실탄사격장,no_image,0,0,no_match,,,,0,unresolved,primary=no_image; no useful PG match
busan-K-00054,남포동 지하도상가,usable,0,0,no_match,,,,0,keep_primary,primary=usable; no supplementary action needed
busan-K-00055,부전마켓타운,usable,3,0,high,2012095,http://tong.visitkorea.or.kr/cms2/website/95/2012095.jpg,부전마켓타운,20,supplement_candidate,primary=usable; PG high match adds value
busan-K-00056,부산진시장,usable,0,0,no_match,,,,0,keep_primary,primary=usable; no supplementary action needed
busan-K-00057,부산 자갈치시장,usable,0,88,manual_review,,,,0,review_required,primary=usable; PG manual match needs verification
busan-K-00058,국제시장,no_image,0,49,manual_review,,,,0,review_required,primary=no_image; PG manual match needs verification
busan-K-00059,부산 자유도매시장,usable,0,0,no_match,,,,0,keep_primary,primary=usable; no supplementary action needed
busan-K-00060,부산 엄궁농산물도매시장,usable,0,0,no_match,,,,0,keep_primary,primary=usable; no supplementary action needed
busan-K-00061,부평동한복거리,usable,0,0,no_match,,,,0,keep_primary,primary=usable; no supplementary action needed
busan-K-00062,부산 중앙시장,usable,0,0,no_match,,,,0,keep_primary,primary=usable; no supplementary action needed
busan-K-00063,광복 지하도상가,usable,0,0,no_match,,,,0,keep_primary,primary=usable; no supplementary action needed
busan-K-00064,신동아 수산물시장,usable,0,0,no_match,,,,0,keep_primary,primary=usable; no supplementary action needed
busan-K-00068,18번완당집,no_image,0,0,no_match,,,,0,unresolved,primary=no_image; no useful PG match
busan-K-00070,대궐안집,no_image,0,0,no_match,,,,0,unresolved,primary=no_image; no useful PG match
busan-K-00072,원조소문난산곰장어,no_image,0,0,no_match,,,,0,unresolved,primary=no_image; no useful PG match
busan-K-00073,금문,no_image,0,0,no_match,,,,0,unresolved,primary=no_image; no useful PG match
busan-K-00074,산성청송가든,no_image,0,0,no_match,,,,0,unresolved,primary=no_image; no useful PG match
busan-K-00075,구덕민속촌,no_image,0,0,no_match,,,,0,unresolved,primary=no_image; no useful PG match
busan-K-00077,코모도 호텔 부산,usable,0,0,no_match,,,,0,keep_primary,primary=usable; no supplementary action needed
busan-K-00078,파라다이스 호텔 부산,usable,0,0,no_match,,,,0,keep_primary,primary=usable; no supplementary action needed
busan-K-00079,라메르호텔,usable,0,0,no_match,,,,0,keep_primary,primary=usable; no supplementary action needed
busan-K-00080,리베로호텔,usable,0,0,no_match,,,,0,keep_primary,primary=usable; no supplementary action needed
busan-K-00081,롯데호텔 부산,usable,0,0,no_match,,,,0,keep_primary,primary=usable; no supplementary action needed
busan-K-00082,씨라이프부산아쿠아리움,usable,0,23,manual_review,,,,0,review_required,primary=usable; PG manual match needs verification
busan-K-00083,부산 복천동 고분군,usable,2,0,high,2928428,https://tong.visitkorea.or.kr/cms/resource_photo/28/2928428_image2_1.jpg,부산 복천동 고분군,20,supplement_candidate,primary=usable; PG high match adds value
busan-K-00084,망산도·유주암,usable,0,0,no_match,,,,0,keep_primary,primary=usable; no supplementary action needed
busan-K-00086,절영해안산책로,no_image,24,1,high,2443438,http://tong.visitkorea.or.kr/cms2/website/38/2443438.jpg,절영해안산책로,20,replace_candidate,primary=no_image; PG high match available
busan-K-00087,부산대교,usable,0,0,no_match,,,,0,keep_primary,primary=usable; no supplementary action needed
busan-K-00088,감천사(부산),usable,0,0,no_match,,,,0,keep_primary,primary=usable; no supplementary action needed
busan-K-00089,국청사(부산),usable,0,1,manual_review,,,,0,review_required,primary=usable; PG manual match needs verification
busan-K-00090,금수사(부산),usable,0,0,no_match,,,,0,keep_primary,primary=usable; no supplementary action needed
busan-K-00091,금용암(부산),usable,0,0,no_match,,,,0,keep_primary,primary=usable; no supplementary action needed
busan-K-00092,마하사(부산),usable,0,0,no_match,,,,0,keep_primary,primary=usable; no supplementary action needed
busan-K-00093,묘심사(부산),usable,0,0,no_match,,,,0,keep_primary,primary=usable; no supplementary action needed
busan-K-00094,미륵사(부산),usable,0,0,no_match,,,,0,keep_primary,primary=usable; no supplementary action needed
busan-K-00095,법륜사(부산),usable,0,0,no_match,,,,0,keep_primary,primary=usable; no supplementary action needed
busan-K-00096,성암사(부산),usable,0,0,no_match,,,,0,keep_primary,primary=usable; no supplementary action needed
busan-K-00097,안적사(부산),usable,0,0,no_match,,,,0,keep_primary,primary=usable; no supplementary action needed
busan-K-00098,약수암(부산),usable,0,0,no_match,,,,0,keep_primary,primary=usable; no supplementary action needed
busan-K-00099,영주암(부산),usable,0,0,no_match,,,,0,keep_primary,primary=usable; no supplementary action needed
busan-K-00101,월명사(부산),usable,0,0,no_match,,,,0,keep_primary,primary=usable; no supplementary action needed
busan-K-00102,토비코,no_image,0,0,no_match,,,,0,unresolved,primary=no_image; no useful PG match
busan-K-00105,청량사(부산),usable,0,0,no_match,,,,0,keep_primary,primary=usable; no supplementary action needed
busan-K-00106,남성관,usable,0,0,no_match,,,,0,keep_primary,primary=usable; no supplementary action needed
busan-K-00107,아시아드 컨트리클럽,usable,0,0,no_match,,,,0,keep_primary,primary=usable; no supplementary action needed
busan-K-00109,아미산,no_image,0,15,manual_review,,,,0,review_required,primary=no_image; PG manual match needs verification
busan-K-00110,신세계백화점 센텀시티점,usable,0,0,no_match,,,,0,keep_primary,primary=usable; no supplementary action needed
busan-K-00111,다대포 꿈의 낙조분수,usable,2,0,high,2365657,http://tong.visitkorea.or.kr/cms2/website/57/2365657.jpg,다대포 꿈의 낙조분수,20,supplement_candidate,primary=usable; PG high match adds value
busan-K-00114,클라우드32,usable,0,0,no_match,,,,0,keep_primary,primary=usable; no supplementary action needed
busan-K-00117,급행장,no_image,0,0,no_match,,,,0,unresolved,primary=no_image; no useful PG match
busan-K-00118,꺼먹동네횟집,usable,0,0,no_match,,,,0,keep_primary,primary=usable; no supplementary action needed
busan-K-00119,다원,no_image,0,31,manual_review,,,,0,review_required,primary=no_image; PG manual match needs verification
busan-K-00120,명수정,no_image,0,0,no_match,,,,0,unresolved,primary=no_image; no useful PG match
busan-K-00121,조방본가낙지,no_image,0,0,no_match,,,,0,unresolved,primary=no_image; no useful PG match
busan-K-00122,오사카,no_image,0,0,no_match,,,,0,unresolved,primary=no_image; no useful PG match
busan-K-00123,외식1번가,no_image,0,0,no_match,,,,0,unresolved,primary=no_image; no useful PG match
busan-K-00124,용궁해물야채쟁반짜장,no_image,0,0,no_match,,,,0,unresolved,primary=no_image; no useful PG match
busan-K-00125,원조 범일동 매떡,no_image,0,0,no_match,,,,0,unresolved,primary=no_image; no useful PG match
busan-K-00126,장성향,no_image,0,0,no_match,,,,0,unresolved,primary=no_image; no useful PG match
busan-K-00127,정림전통한정식,usable,0,0,no_match,,,,0,keep_primary,primary=usable; no supplementary action needed
busan-K-00128,상국이네,no_image,0,0,no_match,,,,0,unresolved,primary=no_image; no useful PG match
busan-K-00129,신센,usable,0,0,no_match,,,,0,keep_primary,primary=usable; no supplementary action needed
busan-K-00130,문화쌈밥,no_image,0,0,no_match,,,,0,unresolved,primary=no_image; no useful PG match
busan-K-00131,일품한우,no_image,0,0,no_match,,,,0,unresolved,primary=no_image; no useful PG match
busan-K-00133,미술의거리,usable,0,0,no_match,,,,0,keep_primary,primary=usable; no supplementary action needed
busan-K-00134,남포동건어물도매시장,usable,0,0,no_match,,,,0,keep_primary,primary=usable; no supplementary action needed
busan-K-00135,해운대 동백섬,usable,12,0,high,2554507,http://tong.visitkorea.or.kr/cms2/website/07/2554507.jpg,해운대 동백섬,20,supplement_candidate,primary=usable; PG high match adds value
busan-K-00136,광주요,usable,0,0,no_match,,,,0,keep_primary,primary=usable; no supplementary action needed
busan-K-00137,아이하시 (수제젓가락공예),usable,0,0,no_match,,,,0,keep_primary,primary=usable; no supplementary action needed
busan-K-00138,만물의거리,usable,0,0,no_match,,,,0,keep_primary,primary=usable; no supplementary action needed
busan-K-00139,아리랑거리,usable,0,0,no_match,,,,0,keep_primary,primary=usable; no supplementary action needed
busan-K-00140,조명의거리,usable,0,0,no_match,,,,0,keep_primary,primary=usable; no supplementary action needed
busan-K-00141,국제시장 먹자골목,usable,0,0,no_match,,,,0,keep_primary,primary=usable; no supplementary action needed
busan-K-00142,센텀시티 아이스링크,usable,1,31,high,1709398,http://tong.visitkorea.or.kr/cms2/website/98/1709398.jpg,센텀시티 아이스링크,24,supplement_candidate,primary=usable; PG high match adds value
busan-K-00143,영도다리축제,usable,0,0,no_match,,,,0,keep_primary,primary=usable; no supplementary action needed
busan-K-00144,스포원파크재난안전체험관,usable,0,0,no_match,,,,0,keep_primary,primary=usable; no supplementary action needed
busan-K-00145,송정전통재래시장,usable,0,0,no_match,,,,0,keep_primary,primary=usable; no supplementary action needed
busan-K-00146,토요코인호텔 부산서면,usable,0,0,no_match,,,,0,keep_primary,primary=usable; no supplementary action needed
busan-K-00147,부산 센트럴호텔,usable,0,0,no_match,,,,0,keep_primary,primary=usable; no supplementary action needed
busan-K-00148,구포시장,usable,0,0,no_match,,,,0,keep_primary,primary=usable; no supplementary action needed
busan-K-00150,초원농원,no_image,0,0,no_match,,,,0,unresolved,primary=no_image; no useful PG match
busan-K-00151,부산 르네시떼,usable,0,0,no_match,,,,0,keep_primary,primary=usable; no supplementary action needed
busan-K-00152,구서오시게시장,usable,0,0,no_match,,,,0,keep_primary,primary=usable; no supplementary action needed
busan-K-00153,남천 해변시장,usable,0,0,no_match,,,,0,keep_primary,primary=usable; no supplementary action needed
busan-K-00154,해운대 로데오거리,usable,0,0,no_match,,,,0,keep_primary,primary=usable; no supplementary action needed
busan-K-00155,좌천동 가구거리,usable,0,0,no_match,,,,0,keep_primary,primary=usable; no supplementary action needed
busan-K-00157,부산고등어축제,usable,0,0,no_match,,,,0,keep_primary,primary=usable; no supplementary action needed
busan-K-00158,이비스 앰배서더 부산 시티센터,usable,0,0,no_match,,,,0,keep_primary,primary=usable; no supplementary action needed
busan-K-00159,부산대학교 박물관,usable,0,0,no_match,,,,0,keep_primary,primary=usable; no supplementary action needed
busan-K-00160,보광사(부산),usable,0,0,no_match,,,,0,keep_primary,primary=usable; no supplementary action needed
busan-K-00161,소림사(부산),usable,0,0,no_match,,,,0,keep_primary,primary=usable; no supplementary action needed
busan-K-00163,금강사(부산),usable,0,1,manual_review,,,,0,review_required,primary=usable; PG manual match needs verification
busan-K-00164,태종사,usable,4,0,high,2927503,https://tong.visitkorea.or.kr/cms/resource_photo/03/2927503_image2_1.jpg,태종사,20,supplement_candidate,primary=usable; PG high match adds value
busan-K-00165,북구문화예술회관 공연장,usable,0,0,no_match,,,,0,keep_primary,primary=usable; no supplementary action needed
busan-K-00166,을숙도문화회관,usable,1,19,high,1932584,http://tong.visitkorea.or.kr/cms2/website/84/1932584.jpg,을숙도문화회관,24,supplement_candidate,primary=usable; PG high match adds value
busan-K-00167,해운대문화회관,usable,0,0,no_match,,,,0,keep_primary,primary=usable; no supplementary action needed
busan-K-00169,일번지자갈치산곰장어,no_image,0,0,no_match,,,,0,unresolved,primary=no_image; no useful PG match
busan-K-00170,해동횟집,no_image,0,0,no_match,,,,0,unresolved,primary=no_image; no useful PG match
busan-K-00171,수민이네,no_image,0,0,no_match,,,,0,unresolved,primary=no_image; no useful PG match
busan-K-00172,속시원한 대구탕,usable,0,0,no_match,,,,0,keep_primary,primary=usable; no supplementary action needed
busan-K-00173,아델라7,no_image,0,0,no_match,,,,0,unresolved,primary=no_image; no useful PG match
busan-K-00174,남도해양열차 에스트레인(S-train),usable,0,0,no_match,,,,0,keep_primary,primary=usable; no supplementary action needed
busan-K-00175,부전돼지국밥,no_image,0,0,no_match,,,,0,unresolved,primary=no_image; no useful PG match
busan-K-00176,부평깡통시장,usable,0,0,no_match,,,,0,keep_primary,primary=usable; no supplementary action needed
busan-K-00177,[부산 갈맷길] 2코스 2구간,usable,0,0,no_match,,,,0,keep_primary,primary=usable; no supplementary action needed
busan-K-00186,가톨릭 특성화 거리,usable,0,0,no_match,,,,0,keep_primary,primary=usable; no supplementary action needed
busan-K-00187,대각사(부산),usable,0,0,no_match,,,,0,keep_primary,primary=usable; no supplementary action needed
busan-K-00188,초량교회,usable,0,0,no_match,,,,0,keep_primary,primary=usable; no supplementary action needed
busan-K-00189,수리조선소길,usable,0,0,no_match,,,,0,keep_primary,primary=usable; no supplementary action needed
busan-K-00190,남항시장,usable,0,0,no_match,,,,0,keep_primary,primary=usable; no supplementary action needed
busan-K-00191,남선창고터,usable,0,0,no_match,,,,0,keep_primary,primary=usable; no supplementary action needed
busan-K-00192,이바구공작소,usable,0,0,no_match,,,,0,keep_primary,primary=usable; no supplementary action needed
busan-K-00193,영도봉래시장,usable,0,0,no_match,,,,0,keep_primary,primary=usable; no supplementary action needed
busan-K-00194,관수옥과 초량왜관 터,usable,0,0,no_match,,,,0,keep_primary,primary=usable; no supplementary action needed
busan-K-00199,장기려기념 더 나눔센터,usable,0,0,no_match,,,,0,keep_primary,primary=usable; no supplementary action needed
busan-K-00200,기장향교,usable,1,0,high,2928396,https://tong.visitkorea.or.kr/cms/resource_photo/96/2928396_image2_1.jpg,기장향교,20,supplement_candidate,primary=usable; PG high match adds value
busan-K-00201,용두산 자갈치 관광특구,usable,0,0,no_match,,,,0,keep_primary,primary=usable; no supplementary action needed
busan-K-00202,부산 자갈치 양곱창 골목,usable,0,0,no_match,,,,0,keep_primary,primary=usable; no supplementary action needed
busan-K-00203,롯데프리미엄아울렛 동부산점,usable,0,0,no_match,,,,0,keep_primary,primary=usable; no supplementary action needed
busan-K-00204,대한민국 국제해양레저위크(KIMA WEEK),usable,0,0,no_match,,,,0,keep_primary,primary=usable; no supplementary action needed
busan-K-00206,사상강변축제,usable,0,0,no_match,,,,0,keep_primary,primary=usable; no supplementary action needed
busan-K-00210,코오롱 씨클라우드 호텔,usable,0,0,no_match,,,,0,keep_primary,primary=usable; no supplementary action needed
busan-K-00211,해운대 빛축제,usable,0,0,no_match,,,,0,keep_primary,primary=usable; no supplementary action needed
busan-K-00213,호텔포레 더 스파,usable,0,0,no_match,,,,0,keep_primary,primary=usable; no supplementary action needed
busan-K-00215,부산영화촬영스튜디오,usable,0,0,no_match,,,,0,keep_primary,primary=usable; no supplementary action needed
busan-K-00216,문탠로드,usable,0,0,no_match,,,,0,keep_primary,primary=usable; no supplementary action needed
busan-K-00218,아홉산숲,usable,9,7,high,2669621,http://tong.visitkorea.or.kr/cms2/website/21/2669621.jpg,아홉산숲,20,supplement_candidate,primary=usable; PG high match adds value
busan-K-00220,렛츠런파크 부산경남,usable,0,0,no_match,,,,0,keep_primary,primary=usable; no supplementary action needed
busan-K-00221,부산 영화의 전당,usable,0,0,no_match,,,,0,keep_primary,primary=usable; no supplementary action needed
busan-K-00222,삼진어묵 체험·역사과학관,usable,0,1,manual_review,,,,0,review_required,primary=usable; PG manual match needs verification
busan-K-00223,키자니아 부산,usable,0,0,no_match,,,,0,keep_primary,primary=usable; no supplementary action needed
busan-K-00224,아난티 앳 부산 코브,usable,0,0,no_match,,,,0,keep_primary,primary=usable; no supplementary action needed
busan-K-00225,부산 송도해상케이블카,usable,46,0,high,2527236,http://tong.visitkorea.or.kr/cms2/website/36/2527236.jpg,부산 송도해상케이블카,20,supplement_candidate,primary=usable; PG high match adds value
busan-K-00226,지엔비호텔(GNB호텔),usable,0,0,no_match,,,,0,keep_primary,primary=usable; no supplementary action needed
busan-K-00227,오막집,no_image,0,0,no_match,,,,0,unresolved,primary=no_image; no useful PG match
busan-K-00228,더파크 게스트하우스(The Park Guesthouse),usable,0,0,no_match,,,,0,keep_primary,primary=usable; no supplementary action needed
busan-K-00229,신세계사이먼 부산 프리미엄 아울렛,usable,0,6,manual_review,,,,0,review_required,primary=usable; PG manual match needs verification
busan-K-00230,한국기독교선교박물관,usable,0,0,no_match,,,,0,keep_primary,primary=usable; no supplementary action needed
busan-K-00232,깡깡이 예술마을,usable,0,0,no_match,,,,0,keep_primary,primary=usable; no supplementary action needed
busan-K-00233,범어사 성보박물관,usable,0,0,no_match,,,,0,keep_primary,primary=usable; no supplementary action needed
busan-K-00234,낙동강문화관,usable,10,0,high,1932568,http://tong.visitkorea.or.kr/cms2/website/68/1932568.jpg,낙동강문화관,20,supplement_candidate,primary=usable; PG high match adds value
busan-K-00235,정관박물관,usable,0,0,no_match,,,,0,keep_primary,primary=usable; no supplementary action needed
busan-K-00236,송도 구름산책로,usable,13,0,high,2554377,http://tong.visitkorea.or.kr/cms2/website/77/2554377.jpg,송도구름산책로,20,supplement_candidate,primary=usable; PG high match adds value
busan-K-00237,부산국제공연예술제,usable,0,0,no_match,,,,0,keep_primary,primary=usable; no supplementary action needed
busan-K-00238,헬로메이커,usable,0,0,no_match,,,,0,keep_primary,primary=usable; no supplementary action needed
busan-K-00239,[백년가게]옥미아구찜,no_image,0,0,no_match,,,,0,unresolved,primary=no_image; no useful PG match
busan-K-00240,La Casa del Sol (라까사델솔 게스트하우스),usable,0,0,no_match,,,,0,keep_primary,primary=usable; no supplementary action needed
busan-K-00241,AJ하우스(AJ House),usable,0,0,no_match,,,,0,keep_primary,primary=usable; no supplementary action needed
busan-K-00242,방가방가게스트하우스(풍경집),usable,0,0,no_match,,,,0,keep_primary,primary=usable; no supplementary action needed
busan-K-00243,모닝듀 게스트 하우스(모닝듀),usable,0,0,no_match,,,,0,keep_primary,primary=usable; no supplementary action needed
busan-K-00244,윙민박,usable,0,0,no_match,,,,0,keep_primary,primary=usable; no supplementary action needed
busan-K-00245,비치모텔,usable,0,0,no_match,,,,0,keep_primary,primary=usable; no supplementary action needed
busan-K-00246,더 비에스 호텔,usable,0,0,no_match,,,,0,keep_primary,primary=usable; no supplementary action needed
busan-K-00247,외양포 포진지,usable,0,0,no_match,,,,0,keep_primary,primary=usable; no supplementary action needed
busan-K-00249,영도 흰여울해안터널,no_image,0,0,no_match,,,,0,unresolved,primary=no_image; no useful PG match
busan-K-00251,일송면옥,usable,0,0,no_match,,,,0,keep_primary,primary=usable; no supplementary action needed
busan-K-00252,죽도횟집,usable,0,0,no_match,,,,0,keep_primary,primary=usable; no supplementary action needed
busan-K-00253,77돌곱창,usable,0,0,no_match,,,,0,keep_primary,primary=usable; no supplementary action needed
busan-K-00255,그림하우스,no_image,0,0,no_match,,,,0,unresolved,primary=no_image; no useful PG match
busan-K-00256,팝콘 호스텔 해운대점,no_image,0,0,no_match,,,,0,unresolved,primary=no_image; no useful PG match
busan-K-00257,낙동강하구 (부산 국가지질공원),usable,0,3,manual_review,,,,0,review_required,primary=usable; PG manual match needs verification
busan-K-00258,두도,usable,0,0,no_match,,,,0,keep_primary,primary=usable; no supplementary action needed
busan-K-00259,송도반도 (부산 국가지질공원),usable,0,0,no_match,,,,0,keep_primary,primary=usable; no supplementary action needed
busan-K-00260,장산 (부산 국가지질공원),usable,0,0,no_match,,,,0,keep_primary,primary=usable; no supplementary action needed
busan-K-00261,금정산성 창녕집,usable,0,0,no_match,,,,0,keep_primary,primary=usable; no supplementary action needed
busan-K-00262,풍년오리박사,usable,0,0,no_match,,,,0,keep_primary,primary=usable; no supplementary action needed
busan-K-00263,마린시티,usable,2,0,high,2927304,https://tong.visitkorea.or.kr/cms/resource_photo/04/2927304_image2_1.jpg,마린시티,20,supplement_candidate,primary=usable; PG high match adds value
busan-K-00264,싱글싱글,no_image,0,0,no_match,,,,0,unresolved,primary=no_image; no useful PG match
busan-K-00265,캔버스,no_image,0,0,no_match,,,,0,unresolved,primary=no_image; no useful PG match
busan-K-00266,The Park Guest House,no_image,0,0,no_match,,,,0,unresolved,primary=no_image; no useful PG match
busan-K-00267,그랜드애플,no_image,0,0,no_match,,,,0,unresolved,primary=no_image; no useful PG match
busan-K-00268,카페 385,usable,0,0,no_match,,,,0,keep_primary,primary=usable; no supplementary action needed
busan-K-00269,북맛골,usable,0,0,no_match,,,,0,keep_primary,primary=usable; no supplementary action needed
busan-K-00270,금정산성마을 먹거리촌,usable,0,0,no_match,,,,0,keep_primary,primary=usable; no supplementary action needed
busan-K-00271,산복도로,usable,0,0,no_match,,,,0,keep_primary,primary=usable; no supplementary action needed
busan-K-00272,친환경 스카이웨이 전망대(이바구길),usable,0,0,no_match,,,,0,keep_primary,primary=usable; no supplementary action needed
busan-K-00273,옥탑방,usable,0,0,no_match,,,,0,keep_primary,primary=usable; no supplementary action needed
busan-K-00275,안데르센 동화마을,usable,6,0,high,2928537,https://tong.visitkorea.or.kr/cms/resource_photo/37/2928537_image2_1.jpg,안데르센 동화마을,20,supplement_candidate,primary=usable; PG high match adds value
busan-K-00276,회동수원지,usable,0,0,no_match,,,,0,keep_primary,primary=usable; no supplementary action needed
busan-K-00278,회동수원지 둘레길,usable,0,0,no_match,,,,0,keep_primary,primary=usable; no supplementary action needed
busan-K-00279,해운대센텀호텔,usable,0,0,no_match,,,,0,keep_primary,primary=usable; no supplementary action needed
busan-K-00280,캔버스 블랙,no_image,0,0,no_match,,,,0,unresolved,primary=no_image; no useful PG match
busan-K-00281,수변최고돼지국밥 민락본점,no_image,0,0,no_match,,,,0,unresolved,primary=no_image; no useful PG match
busan-K-00283,동래원조산곰장어,usable,0,0,no_match,,,,0,keep_primary,primary=usable; no supplementary action needed
busan-K-00284,스시몬,usable,0,0,no_match,,,,0,keep_primary,primary=usable; no supplementary action needed
busan-K-00285,청와정,usable,0,0,no_match,,,,0,keep_primary,primary=usable; no supplementary action needed
busan-K-00286,승학산,usable,8,0,high,2927721,https://tong.visitkorea.or.kr/cms/resource_photo/21/2927721_image2_1.jpg,승학산,20,supplement_candidate,primary=usable; PG high match adds value
busan-K-00287,땅뫼산,usable,0,6,manual_review,,,,0,review_required,primary=usable; PG manual match needs verification
busan-K-00288,백양산 웰빙숲,usable,0,0,no_match,,,,0,keep_primary,primary=usable; no supplementary action needed
busan-K-00289,브로시스 호텔,no_image,0,0,no_match,,,,0,unresolved,primary=no_image; no useful PG match
busan-K-00290,JSTAY,no_image,0,0,no_match,,,,0,unresolved,primary=no_image; no useful PG match
busan-K-00291,더웨이브,no_image,0,0,no_match,,,,0,unresolved,primary=no_image; no useful PG match
busan-K-00292,옐로우라이트하우스,no_image,0,0,no_match,,,,0,unresolved,primary=no_image; no useful PG match
busan-K-00293,호텔 프렌치코드,usable,0,0,no_match,,,,0,keep_primary,primary=usable; no supplementary action needed
busan-K-00294,카운트다운 부산,usable,0,0,no_match,,,,0,keep_primary,primary=usable; no supplementary action needed
busan-K-00295,[해파랑길] 2코스,usable,0,0,no_match,,,,0,keep_primary,primary=usable; no supplementary action needed
busan-K-00296,해운대리버크루즈,usable,12,0,high,2927129,https://tong.visitkorea.or.kr/cms/resource_photo/29/2927129_image2_1.jpg,해운대리버크루즈,20,supplement_candidate,primary=usable; PG high match adds value
busan-K-00297,해운대 영무파라드호텔,usable,0,0,no_match,,,,0,keep_primary,primary=usable; no supplementary action needed
busan-K-00298,오이아호텔,usable,0,0,no_match,,,,0,keep_primary,primary=usable; no supplementary action needed
busan-K-00299,광안리 SUP Zone,no_image,0,0,no_match,,,,0,unresolved,primary=no_image; no useful PG match
busan-K-00300,범일 이중섭거리,usable,0,1,manual_review,,,,0,review_required,primary=usable; PG manual match needs verification
busan-K-00301,해안누리길 몰운대길,usable,0,9,manual_review,,,,0,review_required,primary=usable; PG manual match needs verification
busan-K-00302,호텔포레 프리미어 남포,usable,0,0,no_match,,,,0,keep_primary,primary=usable; no supplementary action needed
busan-K-00303,라비드아틀란호텔2,usable,0,0,no_match,,,,0,keep_primary,primary=usable; no supplementary action needed
busan-K-00304,신라스테이 서부산,usable,0,0,no_match,,,,0,keep_primary,primary=usable; no supplementary action needed
busan-K-00305,영주하늘눈전망대,no_image,10,0,high,2802956,http://tong.visitkorea.or.kr/cms2/website/56/2802956.jpg,영주하늘눈전망대,20,replace_candidate,primary=no_image; PG high match available
busan-K-00306,천마산하늘전망대,no_image,0,4,manual_review,,,,0,review_required,primary=no_image; PG manual match needs verification
busan-K-00309,부산항힐링야영장,usable,0,0,no_match,,,,0,keep_primary,primary=usable; no supplementary action needed
busan-K-00310,가덕도 연대봉,no_image,1,0,high,2925827,https://tong.visitkorea.or.kr/cms/resource_photo/27/2925827_image2_1.jpg,가덕도 연대봉,20,replace_candidate,primary=no_image; PG high match available
busan-K-00311,대저캠핑장,usable,0,0,no_match,,,,0,keep_primary,primary=usable; no supplementary action needed
busan-K-00312,펠릭스바이STX,usable,0,0,no_match,,,,0,keep_primary,primary=usable; no supplementary action needed
busan-K-00313,물빛색스튜디오,usable,0,0,no_match,,,,0,keep_primary,primary=usable; no supplementary action needed
busan-K-00314,황령산 전망대,no_image,7,0,high,2802999,http://tong.visitkorea.or.kr/cms2/website/99/2802999.jpg,황령산 전망대,20,replace_candidate,primary=no_image; PG high match available
busan-K-00315,초원숲속캠핑장,usable,0,0,no_match,,,,0,keep_primary,primary=usable; no supplementary action needed
busan-K-00316,장안캠프,usable,0,0,no_match,,,,0,keep_primary,primary=usable; no supplementary action needed
busan-K-00317,화명오토캠핑장,usable,1,0,high,2928802,https://tong.visitkorea.or.kr/cms/resource_photo/02/2928802_image2_1.jpg,화명오토캠핑장,20,supplement_candidate,primary=usable; PG high match adds value
busan-K-00318,시그니엘 부산,usable,0,0,no_match,,,,0,keep_primary,primary=usable; no supplementary action needed
busan-K-00319,청학수변공원,usable,0,0,no_match,,,,0,keep_primary,primary=usable; no supplementary action needed
busan-K-00320,제이스글램핑,usable,0,1,manual_review,,,,0,review_required,primary=usable; PG manual match needs verification
busan-K-00321,임랑카라반파크,no_image,0,0,no_match,,,,0,unresolved,primary=no_image; no useful PG match
busan-K-00322,명지시장,no_image,0,0,no_match,,,,0,unresolved,primary=no_image; no useful PG match
busan-K-00323,충무동 새벽시장,usable,0,0,no_match,,,,0,keep_primary,primary=usable; no supplementary action needed
busan-K-00325,더무빙 카라반,usable,0,0,no_match,,,,0,keep_primary,primary=usable; no supplementary action needed
busan-K-00326,지오클럽,usable,0,0,no_match,,,,0,keep_primary,primary=usable; no supplementary action needed
busan-K-00327,대저할매국수,no_image,0,0,no_match,,,,0,unresolved,primary=no_image; no useful PG match
busan-K-00329,브라운피크닉,usable,0,0,no_match,,,,0,keep_primary,primary=usable; no supplementary action needed
busan-K-00330,어느멋진날,usable,0,0,no_match,,,,0,keep_primary,primary=usable; no supplementary action needed
busan-K-00331,더펫텔프리미엄스위트,usable,0,0,no_match,,,,0,keep_primary,primary=usable; no supplementary action needed
busan-K-00333,구포무장애숲길,usable,1,0,high,2928791,https://tong.visitkorea.or.kr/cms/resource_photo/91/2928791_image2_1.jpg,구포무장애숲길,20,supplement_candidate,primary=usable; PG high match adds value
busan-K-00334,포레스트3002,usable,0,0,no_match,,,,0,keep_primary,primary=usable; no supplementary action needed
busan-K-00336,화명수목원,usable,1,0,high,2928801,https://tong.visitkorea.or.kr/cms/resource_photo/01/2928801_image2_1.jpg,화명수목원,20,supplement_candidate,primary=usable; PG high match adds value
busan-K-00337,삼락수상레포츠타운,usable,0,0,no_match,,,,0,keep_primary,primary=usable; no supplementary action needed
busan-K-00338,소두방공원,usable,0,0,no_match,,,,0,keep_primary,primary=usable; no supplementary action needed
busan-K-00339,장안사계곡,usable,0,0,no_match,,,,0,keep_primary,primary=usable; no supplementary action needed
busan-K-00340,은진사,usable,0,0,no_match,,,,0,keep_primary,primary=usable; no supplementary action needed
busan-K-00341,전산가든,usable,0,0,no_match,,,,0,keep_primary,primary=usable; no supplementary action needed
busan-K-00343,해풍가마솥,usable,0,0,no_match,,,,0,keep_primary,primary=usable; no supplementary action needed
busan-K-00346,해운대기와집대구탕,usable,0,0,no_match,,,,0,keep_primary,primary=usable; no supplementary action needed
busan-K-00347,놀이마루,usable,0,0,no_match,,,,0,keep_primary,primary=usable; no supplementary action needed
busan-K-00348,부곡상가시장,usable,0,0,no_match,,,,0,keep_primary,primary=usable; no supplementary action needed
busan-K-00349,서동미로시장,usable,4,0,high,2928012,https://tong.visitkorea.or.kr/cms/resource_photo/12/2928012_image2_1.jpg,서동미로시장,20,supplement_candidate,primary=usable; PG high match adds value
busan-K-00350,부산자원순환협력센터,usable,0,0,no_match,,,,0,keep_primary,primary=usable; no supplementary action needed
busan-K-00352,해동성취사,usable,0,0,no_match,,,,0,keep_primary,primary=usable; no supplementary action needed
busan-K-00354,칠암일번지횟집,no_image,0,0,no_match,,,,0,unresolved,primary=no_image; no useful PG match
busan-K-00356,학리항(학리방파제),usable,0,0,no_match,,,,0,keep_primary,primary=usable; no supplementary action needed
busan-K-00357,옥정사,usable,0,0,no_match,,,,0,keep_primary,primary=usable; no supplementary action needed
busan-K-00358,정관신도시시장,usable,0,0,no_match,,,,0,keep_primary,primary=usable; no supplementary action needed
busan-K-00362,가야포차선지국,no_image,0,0,no_match,,,,0,unresolved,primary=no_image; no useful PG match
busan-K-00363,동래밀면,usable,0,0,no_match,,,,0,keep_primary,primary=usable; no supplementary action needed
busan-K-00365,서울깍두기,no_image,0,0,no_match,,,,0,unresolved,primary=no_image; no useful PG match
busan-K-00366,앙로고택,usable,0,0,no_match,,,,0,keep_primary,primary=usable; no supplementary action needed
busan-K-00367,덕미,usable,0,0,no_match,,,,0,keep_primary,primary=usable; no supplementary action needed
busan-K-00368,삼익비치수변공원,usable,0,0,no_match,,,,0,keep_primary,primary=usable; no supplementary action needed
busan-K-00369,그린노마드,usable,0,0,no_match,,,,0,keep_primary,primary=usable; no supplementary action needed
busan-K-00370,르쎄,usable,0,0,no_match,,,,0,keep_primary,primary=usable; no supplementary action needed
busan-K-00371,데팡스가든센터,usable,0,0,no_match,,,,0,keep_primary,primary=usable; no supplementary action needed
busan-K-00372,책방봄봄,usable,0,0,no_match,,,,0,keep_primary,primary=usable; no supplementary action needed
busan-K-00373,분홍이네,usable,0,0,no_match,,,,0,keep_primary,primary=usable; no supplementary action needed
busan-K-00374,러브이즈기빙,usable,0,0,no_match,,,,0,keep_primary,primary=usable; no supplementary action needed
busan-K-00375,책방오월,usable,0,0,no_match,,,,0,keep_primary,primary=usable; no supplementary action needed
busan-K-00376,곰내연밭,usable,0,0,no_match,,,,0,keep_primary,primary=usable; no supplementary action needed
busan-K-00377,천연제작소,usable,0,0,no_match,,,,0,keep_primary,primary=usable; no supplementary action needed
busan-K-00378,서프마린,usable,0,0,no_match,,,,0,keep_primary,primary=usable; no supplementary action needed
busan-K-00379,낙동강 생태탐방선,usable,0,2,manual_review,,,,0,review_required,primary=usable; PG manual match needs verification
busan-K-00380,꽃피는 4월 밀익는 5월,usable,0,0,no_match,,,,0,keep_primary,primary=usable; no supplementary action needed
busan-K-00381,대연수목전시원,usable,0,0,no_match,,,,0,keep_primary,primary=usable; no supplementary action needed
busan-K-00382,러브얼스,usable,0,0,no_match,,,,0,keep_primary,primary=usable; no supplementary action needed
busan-K-00383,송정서핑학교,usable,0,0,no_match,,,,0,keep_primary,primary=usable; no supplementary action needed
busan-K-00386,용암할매횟집,usable,0,0,no_match,,,,0,keep_primary,primary=usable; no supplementary action needed
busan-K-00387,미포항,usable,0,0,no_match,,,,0,keep_primary,primary=usable; no supplementary action needed
busan-K-00388,다대씨파크,usable,0,0,no_match,,,,0,keep_primary,primary=usable; no supplementary action needed
busan-K-00389,송도해안볼레길,usable,0,0,no_match,,,,0,keep_primary,primary=usable; no supplementary action needed
busan-K-00391,관음사(부산),usable,0,0,no_match,,,,0,keep_primary,primary=usable; no supplementary action needed
busan-K-00393,클래식캠퍼,usable,0,0,no_match,,,,0,keep_primary,primary=usable; no supplementary action needed
busan-K-00394,수월경화,usable,3,0,high,2927180,https://tong.visitkorea.or.kr/cms/resource_photo/80/2927180_image2_1.jpg,수월경화,20,supplement_candidate,primary=usable; PG high match adds value
busan-K-00397,다솥맛집,usable,0,0,no_match,,,,0,keep_primary,primary=usable; no supplementary action needed
busan-K-00399,사천게장집,usable,0,0,no_match,,,,0,keep_primary,primary=usable; no supplementary action needed
busan-K-00400,감지해변,no_image,15,0,high,2927494,https://tong.visitkorea.or.kr/cms/resource_photo/94/2927494_image2_1.jpg,감지해변,20,replace_candidate,primary=no_image; PG high match available
busan-K-00401,덕포시장,usable,0,0,no_match,,,,0,keep_primary,primary=usable; no supplementary action needed
busan-K-00402,사상근린공원,usable,6,0,high,2928672,https://tong.visitkorea.or.kr/cms/resource_photo/72/2928672_image2_1.jpg,사상근린공원,20,supplement_candidate,primary=usable; PG high match adds value
busan-K-00403,초량밀면,usable,0,0,no_match,,,,0,keep_primary,primary=usable; no supplementary action needed
busan-K-00404,송정집,usable,0,0,no_match,,,,0,keep_primary,primary=usable; no supplementary action needed
busan-K-00405,장씨해녀집,usable,0,0,no_match,,,,0,keep_primary,primary=usable; no supplementary action needed
busan-K-00406,다온나루,usable,0,0,no_match,,,,0,keep_primary,primary=usable; no supplementary action needed
busan-K-00407,양산왕돼지국밥,usable,0,0,no_match,,,,0,keep_primary,primary=usable; no supplementary action needed
busan-K-00408,해목,usable,0,0,no_match,,,,0,keep_primary,primary=usable; no supplementary action needed
busan-K-00409,해운대 가야밀면,usable,0,0,no_match,,,,0,keep_primary,primary=usable; no supplementary action needed
busan-K-00410,사비아,usable,0,0,no_match,,,,0,keep_primary,primary=usable; no supplementary action needed
busan-K-00411,부산새벽시장,usable,0,0,no_match,,,,0,keep_primary,primary=usable; no supplementary action needed
busan-K-00412,하녹,usable,0,0,no_match,,,,0,keep_primary,primary=usable; no supplementary action needed
busan-K-00413,반송187,usable,0,0,no_match,,,,0,keep_primary,primary=usable; no supplementary action needed
busan-K-00414,한국신발관,usable,0,0,no_match,,,,0,keep_primary,primary=usable; no supplementary action needed
busan-K-00416,연동시장,usable,0,0,no_match,,,,0,keep_primary,primary=usable; no supplementary action needed
busan-K-00417,장림골목시장,usable,0,0,no_match,,,,0,keep_primary,primary=usable; no supplementary action needed
busan-K-00418,남산시장,usable,0,0,no_match,,,,0,keep_primary,primary=usable; no supplementary action needed
busan-K-00419,보람공원,usable,0,0,no_match,,,,0,keep_primary,primary=usable; no supplementary action needed
busan-K-00420,깃발집 국수전골,no_image,0,0,no_match,,,,0,unresolved,primary=no_image; no useful PG match
busan-K-00421,미포정거장,usable,0,0,no_match,,,,0,keep_primary,primary=usable; no supplementary action needed
busan-K-00422,부산요트투어 3355마린,usable,0,11,manual_review,,,,0,review_required,primary=usable; PG manual match needs verification
busan-K-00423,청학시장,usable,0,0,no_match,,,,0,keep_primary,primary=usable; no supplementary action needed
busan-K-00424,속씨원한대구탕미포본점,usable,0,0,no_match,,,,0,keep_primary,primary=usable; no supplementary action needed
busan-K-00425,칠성식당 본점,usable,0,0,no_match,,,,0,keep_primary,primary=usable; no supplementary action needed
busan-K-00426,대변시장,usable,0,0,no_match,,,,0,keep_primary,primary=usable; no supplementary action needed
busan-K-00427,하운드호텔 부산역점,usable,0,36,manual_review,,,,0,review_required,primary=usable; PG manual match needs verification
busan-K-00430,대복성,no_image,0,0,no_match,,,,0,unresolved,primary=no_image; no useful PG match
busan-K-00431,카페썬번,no_image,0,0,no_match,,,,0,unresolved,primary=no_image; no useful PG match
busan-K-00432,송정해녀집,no_image,0,0,no_match,,,,0,unresolved,primary=no_image; no useful PG match
busan-K-00434,만서리 이가네 막국수,no_image,0,0,no_match,,,,0,unresolved,primary=no_image; no useful PG match
busan-K-00435,베이몬드호텔,usable,0,0,no_match,,,,0,keep_primary,primary=usable; no supplementary action needed
busan-K-00437,그레이193호텔,usable,0,0,no_match,,,,0,keep_primary,primary=usable; no supplementary action needed
busan-K-00438,남천녹차팥빙수,no_image,0,0,no_match,,,,0,unresolved,primary=no_image; no useful PG match
busan-K-00439,그랜드 조선 부산,usable,0,0,no_match,,,,0,keep_primary,primary=usable; no supplementary action needed
busan-K-00441,동래온천길(온천천 카페거리),usable,0,2,manual_review,,,,0,review_required,primary=usable; PG manual match needs verification
busan-K-00442,해운대 그린레일웨이 (미포~송정 구간),usable,0,0,no_match,,,,0,keep_primary,primary=usable; no supplementary action needed
busan-K-00443,대보름,usable,0,0,no_match,,,,0,keep_primary,primary=usable; no supplementary action needed
busan-K-00445,창비부산,usable,2,0,high,2952281,http://tong.visitkorea.or.kr/cms2/website/81/2952281.jpg,창비 부산,20,supplement_candidate,primary=usable; PG high match adds value
busan-K-00447,요트탈래,usable,0,0,no_match,,,,0,keep_primary,primary=usable; no supplementary action needed
busan-K-00448,코랄라니,usable,0,0,no_match,,,,0,keep_primary,primary=usable; no supplementary action needed
busan-K-00449,풍원장시골밥상집,usable,0,0,no_match,,,,0,keep_primary,primary=usable; no supplementary action needed
busan-K-00450,피크스퀘어,usable,0,0,no_match,,,,0,keep_primary,primary=usable; no supplementary action needed
busan-K-00451,헤이든,usable,0,0,no_match,,,,0,keep_primary,primary=usable; no supplementary action needed
busan-K-00453,구디너프,usable,0,0,no_match,,,,0,keep_primary,primary=usable; no supplementary action needed
busan-K-00454,록산,usable,0,0,no_match,,,,0,keep_primary,primary=usable; no supplementary action needed
busan-K-00455,어라우즈로스터리,usable,0,0,no_match,,,,0,keep_primary,primary=usable; no supplementary action needed
busan-K-00456,이프리오,usable,0,0,no_match,,,,0,keep_primary,primary=usable; no supplementary action needed
busan-K-00458,그릿비 일광,usable,0,0,no_match,,,,0,keep_primary,primary=usable; no supplementary action needed
busan-K-00459,갤러리이알디 부산,usable,0,0,no_match,,,,0,keep_primary,primary=usable; no supplementary action needed
busan-K-00460,신기숲,usable,0,0,no_match,,,,0,keep_primary,primary=usable; no supplementary action needed
busan-K-00462,오구카페,usable,0,0,no_match,,,,0,keep_primary,primary=usable; no supplementary action needed
busan-K-00463,노티스,usable,0,0,no_match,,,,0,keep_primary,primary=usable; no supplementary action needed
busan-K-00466,이엘 16.52 (EL16.52),usable,0,0,no_match,,,,0,keep_primary,primary=usable; no supplementary action needed
busan-K-00467,엄용백 돼지국밥,usable,0,0,no_match,,,,0,keep_primary,primary=usable; no supplementary action needed
busan-K-00469,연어바치,no_image,0,0,no_match,,,,0,unresolved,primary=no_image; no useful PG match
busan-K-00470,주문진 막국수,usable,0,0,no_match,,,,0,keep_primary,primary=usable; no supplementary action needed
busan-K-00472,더스타뷔페,usable,0,0,no_match,,,,0,keep_primary,primary=usable; no supplementary action needed
busan-K-00473,툇마루,usable,0,0,no_match,,,,0,keep_primary,primary=usable; no supplementary action needed
busan-K-00474,고관함박,usable,0,0,no_match,,,,0,keep_primary,primary=usable; no supplementary action needed
busan-K-00475,비상(VSANT),usable,0,0,no_match,,,,0,keep_primary,primary=usable; no supplementary action needed
busan-K-00476,오소리순대,usable,0,0,no_match,,,,0,keep_primary,primary=usable; no supplementary action needed
busan-K-00477,녹산용가든,usable,0,0,no_match,,,,0,keep_primary,primary=usable; no supplementary action needed
busan-K-00478,로다로지,usable,0,0,no_match,,,,0,keep_primary,primary=usable; no supplementary action needed
busan-K-00480,벨렘351,usable,0,0,no_match,,,,0,keep_primary,primary=usable; no supplementary action needed
busan-K-00482,월남면반,usable,0,0,no_match,,,,0,keep_primary,primary=usable; no supplementary action needed
busan-K-00483,이지요 더파크,usable,0,0,no_match,,,,0,keep_primary,primary=usable; no supplementary action needed
busan-K-00484,한그루양과점,usable,0,0,no_match,,,,0,keep_primary,primary=usable; no supplementary action needed
busan-K-00485,더팜471,usable,0,0,no_match,,,,0,keep_primary,primary=usable; no supplementary action needed
busan-K-00486,리디앤폴(LIDI&PAUL),usable,0,0,no_match,,,,0,keep_primary,primary=usable; no supplementary action needed
busan-K-00488,공극샌드커피,usable,0,0,no_match,,,,0,keep_primary,primary=usable; no supplementary action needed
busan-K-00489,메르데쿠르,usable,0,0,no_match,,,,0,keep_primary,primary=usable; no supplementary action needed
busan-K-00490,향유정 속초이모네찜,usable,0,0,no_match,,,,0,keep_primary,primary=usable; no supplementary action needed
busan-K-00491,오프오,usable,0,0,no_match,,,,0,keep_primary,primary=usable; no supplementary action needed
busan-K-00492,어보,usable,0,0,no_match,,,,0,keep_primary,primary=usable; no supplementary action needed
busan-K-00493,진품물회,usable,0,0,no_match,,,,0,keep_primary,primary=usable; no supplementary action needed
busan-K-00494,일광당,usable,0,0,no_match,,,,0,keep_primary,primary=usable; no supplementary action needed
busan-K-00495,장군멸치회촌,usable,0,0,no_match,,,,0,keep_primary,primary=usable; no supplementary action needed
busan-K-00496,제주항통갈치,usable,0,0,no_match,,,,0,keep_primary,primary=usable; no supplementary action needed
busan-K-00497,팜카페,usable,0,0,no_match,,,,0,keep_primary,primary=usable; no supplementary action needed
busan-K-00499,가마솥생복집,usable,0,0,no_match,,,,0,keep_primary,primary=usable; no supplementary action needed
busan-K-00500,이화장횟집,usable,0,0,no_match,,,,0,keep_primary,primary=usable; no supplementary action needed
busan-K-00501,더바베큐051,usable,0,0,no_match,,,,0,keep_primary,primary=usable; no supplementary action needed
busan-K-00502,마레레스토랑,usable,0,0,no_match,,,,0,keep_primary,primary=usable; no supplementary action needed
busan-K-00503,마리솔,usable,0,0,no_match,,,,0,keep_primary,primary=usable; no supplementary action needed
busan-K-00504,본가딸부자전복죽집,usable,0,1,manual_review,,,,0,review_required,primary=usable; PG manual match needs verification
busan-K-00506,일광 카페 숲,usable,0,0,no_match,,,,0,keep_primary,primary=usable; no supplementary action needed
busan-K-00507,메이크씨,usable,0,0,no_match,,,,0,keep_primary,primary=usable; no supplementary action needed
busan-K-00508,메밀447,usable,0,0,no_match,,,,0,keep_primary,primary=usable; no supplementary action needed
busan-K-00510,황금새우기장본점,usable,0,0,no_match,,,,0,keep_primary,primary=usable; no supplementary action needed
busan-K-00511,하바나,usable,0,0,no_match,,,,0,keep_primary,primary=usable; no supplementary action needed
busan-K-00512,튼튼장어 무한리필,usable,0,0,no_match,,,,0,keep_primary,primary=usable; no supplementary action needed
busan-K-00513,칠암만장,usable,0,0,no_match,,,,0,keep_primary,primary=usable; no supplementary action needed
busan-K-00514,일광정,usable,0,0,no_match,,,,0,keep_primary,primary=usable; no supplementary action needed
busan-K-00515,웨스턴챔버,usable,0,0,no_match,,,,0,keep_primary,primary=usable; no supplementary action needed
busan-K-00516,유정1995 기장 본점,usable,0,0,no_match,,,,0,keep_primary,primary=usable; no supplementary action needed
busan-K-00517,철마대가한우직판장,usable,0,0,no_match,,,,0,keep_primary,primary=usable; no supplementary action needed
busan-K-00518,철마한우수목원,usable,0,0,no_match,,,,0,keep_primary,primary=usable; no supplementary action needed
busan-K-00519,초오록,usable,0,0,no_match,,,,0,keep_primary,primary=usable; no supplementary action needed
busan-K-00520,하늘아래 첫 집,usable,0,0,no_match,,,,0,keep_primary,primary=usable; no supplementary action needed
busan-K-00521,해운대해물칼국수,usable,0,0,no_match,,,,0,keep_primary,primary=usable; no supplementary action needed
busan-K-00522,형제가든,usable,0,0,no_match,,,,0,keep_primary,primary=usable; no supplementary action needed
busan-K-00523,덕산명가 참소국밥,usable,0,0,no_match,,,,0,keep_primary,primary=usable; no supplementary action needed
busan-K-00524,이티135,usable,0,0,no_match,,,,0,keep_primary,primary=usable; no supplementary action needed
busan-K-00525,카페 만디,usable,0,0,no_match,,,,0,keep_primary,primary=usable; no supplementary action needed
busan-K-00527,태백관,usable,0,0,no_match,,,,0,keep_primary,primary=usable; no supplementary action needed
busan-K-00528,코모도테이블,usable,0,0,no_match,,,,0,keep_primary,primary=usable; no supplementary action needed
busan-K-00530,수안커피컴퍼니 커피하우스,usable,0,0,no_match,,,,0,keep_primary,primary=usable; no supplementary action needed
busan-K-00531,낭만송백,usable,0,0,no_match,,,,0,keep_primary,primary=usable; no supplementary action needed
busan-K-00532,황토마루,usable,0,0,no_match,,,,0,keep_primary,primary=usable; no supplementary action needed
busan-K-00533,카페 도토리 로스터스,usable,0,0,no_match,,,,0,keep_primary,primary=usable; no supplementary action needed
busan-K-00534,만선해물탕,usable,0,0,no_match,,,,0,keep_primary,primary=usable; no supplementary action needed
busan-K-00535,파나카F,usable,0,0,no_match,,,,0,keep_primary,primary=usable; no supplementary action needed
busan-K-00536,부산조개창고,usable,0,0,no_match,,,,0,keep_primary,primary=usable; no supplementary action needed
busan-K-00539,아라진,usable,0,0,no_match,,,,0,keep_primary,primary=usable; no supplementary action needed
busan-K-00540,우송가든,usable,0,0,no_match,,,,0,keep_primary,primary=usable; no supplementary action needed
busan-K-00541,조방제일한우,usable,0,0,no_match,,,,0,keep_primary,primary=usable; no supplementary action needed
busan-K-00542,303일상,usable,0,0,no_match,,,,0,keep_primary,primary=usable; no supplementary action needed
busan-K-00543,리버사이드,no_image,0,0,no_match,,,,0,unresolved,primary=no_image; no useful PG match
busan-K-00544,온든해,usable,0,0,no_match,,,,0,keep_primary,primary=usable; no supplementary action needed
busan-K-00545,청마가옥,usable,0,0,no_match,,,,0,keep_primary,primary=usable; no supplementary action needed
busan-K-00546,부산수제맥주마스터스챌린지,usable,0,0,no_match,,,,0,keep_primary,primary=usable; no supplementary action needed
busan-K-00547,해운대하얀오징어집,usable,0,0,no_match,,,,0,keep_primary,primary=usable; no supplementary action needed
busan-K-00548,하진이네,usable,0,0,no_match,,,,0,keep_primary,primary=usable; no supplementary action needed
busan-K-00550,구덕포끝집고기,usable,0,0,no_match,,,,0,keep_primary,primary=usable; no supplementary action needed
busan-K-00552,흑송 우동소바 송정본점,usable,0,1,manual_review,,,,0,review_required,primary=usable; PG manual match needs verification
busan-K-00553,키친동백,usable,0,0,no_match,,,,0,keep_primary,primary=usable; no supplementary action needed
busan-K-00554,영남식육식당,usable,0,0,no_match,,,,0,keep_primary,primary=usable; no supplementary action needed
busan-K-00555,오반장,usable,0,0,no_match,,,,0,keep_primary,primary=usable; no supplementary action needed
busan-K-00556,샤브막심 송정본점,usable,0,0,no_match,,,,0,keep_primary,primary=usable; no supplementary action needed
busan-K-00557,샤브야 본점,usable,0,0,no_match,,,,0,keep_primary,primary=usable; no supplementary action needed
busan-K-00558,솔내음한정식,usable,0,0,no_match,,,,0,keep_primary,primary=usable; no supplementary action needed
busan-K-00559,송정물총칼국수,usable,0,0,no_match,,,,0,keep_primary,primary=usable; no supplementary action needed
busan-K-00560,스노잉클라우드,usable,0,0,no_match,,,,0,keep_primary,primary=usable; no supplementary action needed
busan-K-00561,싱싱뽈락회 해운대본점,usable,0,0,no_match,,,,0,keep_primary,primary=usable; no supplementary action needed
busan-K-00562,기장붕장어축제in칠암,usable,0,0,no_match,,,,0,keep_primary,primary=usable; no supplementary action needed
busan-K-00564,사마정,usable,0,0,no_match,,,,0,keep_primary,primary=usable; no supplementary action needed
busan-K-00565,부센동,no_image,0,0,no_match,,,,0,unresolved,primary=no_image; no useful PG match
busan-K-00566,몽작,no_image,0,0,no_match,,,,0,unresolved,primary=no_image; no useful PG match
busan-K-00567,희와제과,usable,0,0,no_match,,,,0,keep_primary,primary=usable; no supplementary action needed
busan-K-00568,아시오,usable,0,0,no_match,,,,0,keep_primary,primary=usable; no supplementary action needed
busan-K-00569,초함,usable,0,0,no_match,,,,0,keep_primary,primary=usable; no supplementary action needed
busan-K-00570,해신킹크랩,usable,0,0,no_match,,,,0,keep_primary,primary=usable; no supplementary action needed
busan-K-00571,밤나무집,usable,0,0,no_match,,,,0,keep_primary,primary=usable; no supplementary action needed
busan-K-00572,스페이스앤무드,usable,0,0,no_match,,,,0,keep_primary,primary=usable; no supplementary action needed
busan-K-00573,양산국밥,usable,0,0,no_match,,,,0,keep_primary,primary=usable; no supplementary action needed
busan-K-00574,거창맷돌순두부,usable,0,0,no_match,,,,0,keep_primary,primary=usable; no supplementary action needed
busan-K-00575,양정기사식당,usable,0,0,no_match,,,,0,keep_primary,primary=usable; no supplementary action needed
busan-K-00576,신평종합시장,usable,0,0,no_match,,,,0,keep_primary,primary=usable; no supplementary action needed
busan-K-00577,서대시장족발,usable,0,0,no_match,,,,0,keep_primary,primary=usable; no supplementary action needed
busan-K-00578,영남냉면밀면,usable,0,0,no_match,,,,0,keep_primary,primary=usable; no supplementary action needed
busan-K-00581,대동냉면밀면,usable,0,0,no_match,,,,0,keep_primary,primary=usable; no supplementary action needed
busan-K-00582,만석미역 본점,usable,0,0,no_match,,,,0,keep_primary,primary=usable; no supplementary action needed
busan-K-00583,한우뭉치,usable,0,0,no_match,,,,0,keep_primary,primary=usable; no supplementary action needed
busan-K-00584,늘해랑,usable,0,0,no_match,,,,0,keep_primary,primary=usable; no supplementary action needed
busan-K-00585,불끈낙지,usable,0,0,no_match,,,,0,keep_primary,primary=usable; no supplementary action needed
busan-K-00586,녹산고향동산,usable,0,0,no_match,,,,0,keep_primary,primary=usable; no supplementary action needed
busan-K-00587,타타에스프레소바,usable,0,0,no_match,,,,0,keep_primary,primary=usable; no supplementary action needed
busan-K-00588,남천다옴,usable,0,0,no_match,,,,0,keep_primary,primary=usable; no supplementary action needed
busan-K-00590,바로해장,usable,0,0,no_match,,,,0,keep_primary,primary=usable; no supplementary action needed
busan-K-00591,2025 영호남 전통시장 박람회,usable,0,0,no_match,,,,0,keep_primary,primary=usable; no supplementary action needed
busan-K-00592,비스포레,usable,0,0,no_match,,,,0,keep_primary,primary=usable; no supplementary action needed
busan-K-00593,송원일식,usable,0,0,no_match,,,,0,keep_primary,primary=usable; no supplementary action needed
busan-K-00594,엘올리브,usable,0,0,no_match,,,,0,keep_primary,primary=usable; no supplementary action needed
busan-K-00595,요이쿠마 본점,usable,0,0,no_match,,,,0,keep_primary,primary=usable; no supplementary action needed
busan-K-00597,로아누,usable,0,0,no_match,,,,0,keep_primary,primary=usable; no supplementary action needed
busan-K-00598,초량시장,usable,0,0,no_match,,,,0,keep_primary,primary=usable; no supplementary action needed
busan-K-00599,감포참가자미,usable,0,0,no_match,,,,0,keep_primary,primary=usable; no supplementary action needed
busan-K-00600,디원카페,usable,0,0,no_match,,,,0,keep_primary,primary=usable; no supplementary action needed
busan-K-00602,토로,usable,0,0,no_match,,,,0,keep_primary,primary=usable; no supplementary action needed
busan-K-00604,공원집,usable,0,0,no_match,,,,0,keep_primary,primary=usable; no supplementary action needed
busan-K-00605,푸디1354,usable,0,0,no_match,,,,0,keep_primary,primary=usable; no supplementary action needed
busan-K-00606,수영팔도시장,usable,1,0,high,2928326,https://tong.visitkorea.or.kr/cms/resource_photo/26/2928326_image2_1.jpg,수영팔도시장,20,supplement_candidate,primary=usable; PG high match adds value
busan-K-00608,홍순덕 전포양곱창,usable,0,0,no_match,,,,0,keep_primary,primary=usable; no supplementary action needed
busan-K-00609,영동밀면&돼지국밥,usable,0,0,no_match,,,,0,keep_primary,primary=usable; no supplementary action needed
busan-K-00610,신라농원,usable,0,0,no_match,,,,0,keep_primary,primary=usable; no supplementary action needed
busan-K-00613,수영 돼지국밥,usable,0,0,no_match,,,,0,keep_primary,primary=usable; no supplementary action needed
busan-K-00616,화복반점,usable,0,0,no_match,,,,0,keep_primary,primary=usable; no supplementary action needed
busan-K-00617,엣지993,usable,0,0,no_match,,,,0,keep_primary,primary=usable; no supplementary action needed
busan-K-00619,공원칼국수,usable,0,0,no_match,,,,0,keep_primary,primary=usable; no supplementary action needed
busan-K-00620,스완양분식,usable,0,0,no_match,,,,0,keep_primary,primary=usable; no supplementary action needed
busan-K-00622,1950 태성당,usable,0,0,no_match,,,,0,keep_primary,primary=usable; no supplementary action needed
busan-K-00624,초량845,usable,0,0,no_match,,,,0,keep_primary,primary=usable; no supplementary action needed
busan-K-00625,클레이디뷔페 돌잔치,usable,0,0,no_match,,,,0,keep_primary,primary=usable; no supplementary action needed
busan-K-00626,303화덕 동래온천장점,usable,0,0,no_match,,,,0,keep_primary,primary=usable; no supplementary action needed
busan-K-00627,우디브룩,usable,0,0,no_match,,,,0,keep_primary,primary=usable; no supplementary action needed
busan-K-00629,보리에 브레드 팩토리,usable,0,0,no_match,,,,0,keep_primary,primary=usable; no supplementary action needed
busan-K-00630,남파랑길(부산),usable,0,0,no_match,,,,0,keep_primary,primary=usable; no supplementary action needed
busan-K-00631,채플린,usable,0,0,no_match,,,,0,keep_primary,primary=usable; no supplementary action needed
busan-K-00632,해녀천지할매집,usable,0,0,no_match,,,,0,keep_primary,primary=usable; no supplementary action needed
busan-K-00633,엠아이알오,usable,0,0,no_match,,,,0,keep_primary,primary=usable; no supplementary action needed
busan-K-00634,미동암소정,usable,0,0,no_match,,,,0,keep_primary,primary=usable; no supplementary action needed
busan-K-00635,마포면옥,usable,0,0,no_match,,,,0,keep_primary,primary=usable; no supplementary action needed
busan-K-00636,기장끝집 죽성본점,usable,0,0,no_match,,,,0,keep_primary,primary=usable; no supplementary action needed
busan-K-00637,장룡수산 본점,usable,0,0,no_match,,,,0,keep_primary,primary=usable; no supplementary action needed
busan-K-00638,자갈치왕짬뽕,usable,0,1,manual_review,,,,0,review_required,primary=usable; PG manual match needs verification
busan-K-00639,시즌 조개구이,usable,0,1,manual_review,,,,0,review_required,primary=usable; PG manual match needs verification
busan-K-00640,선창갈미조개,usable,0,1,manual_review,,,,0,review_required,primary=usable; PG manual match needs verification
busan-K-00641,박가네순두부,usable,0,0,no_match,,,,0,keep_primary,primary=usable; no supplementary action needed
busan-K-00642,우남정,usable,0,0,no_match,,,,0,keep_primary,primary=usable; no supplementary action needed
busan-K-00643,광복경양식,usable,0,0,no_match,,,,0,keep_primary,primary=usable; no supplementary action needed
busan-K-00644,월화횟집,usable,0,0,no_match,,,,0,keep_primary,primary=usable; no supplementary action needed
busan-K-00646,강호중마라도물회,usable,0,1,manual_review,,,,0,review_required,primary=usable; PG manual match needs verification
busan-K-00647,일광수산횟집,usable,0,0,no_match,,,,0,keep_primary,primary=usable; no supplementary action needed
busan-K-00648,부산글로벌웹툰페스티벌,usable,0,0,no_match,,,,0,keep_primary,primary=usable; no supplementary action needed
busan-K-00650,구로마쯔,usable,0,0,no_match,,,,0,keep_primary,primary=usable; no supplementary action needed
busan-K-00651,철마원조추어탕,usable,0,0,no_match,,,,0,keep_primary,primary=usable; no supplementary action needed
busan-K-00652,카페공지,usable,0,0,no_match,,,,0,keep_primary,primary=usable; no supplementary action needed
busan-K-00653,해녀할매집,usable,0,0,no_match,,,,0,keep_primary,primary=usable; no supplementary action needed
busan-K-00654,엄마손대구탕,usable,0,0,no_match,,,,0,keep_primary,primary=usable; no supplementary action needed
busan-K-00658,하가원 해운대점,usable,0,0,no_match,,,,0,keep_primary,primary=usable; no supplementary action needed
busan-K-00659,달맞이동산,usable,0,0,no_match,,,,0,keep_primary,primary=usable; no supplementary action needed
busan-K-00660,대천공원,usable,0,0,no_match,,,,0,keep_primary,primary=usable; no supplementary action needed
busan-K-00661,반송3동골목시장,usable,0,0,no_match,,,,0,keep_primary,primary=usable; no supplementary action needed
busan-K-00662,좌동재래시장,usable,0,0,no_match,,,,0,keep_primary,primary=usable; no supplementary action needed
busan-K-00663,듀스포레,usable,0,0,no_match,,,,0,keep_primary,primary=usable; no supplementary action needed
busan-K-00665,류센소 본점,usable,0,0,no_match,,,,0,keep_primary,primary=usable; no supplementary action needed
busan-K-00666,맘보식당,usable,0,0,no_match,,,,0,keep_primary,primary=usable; no supplementary action needed
busan-K-00667,맛소문오리불고기,usable,0,0,no_match,,,,0,keep_primary,primary=usable; no supplementary action needed
busan-K-00668,문토스트,usable,0,1,manual_review,,,,0,review_required,primary=usable; PG manual match needs verification
busan-K-00669,프루터리포레스트,usable,0,0,no_match,,,,0,keep_primary,primary=usable; no supplementary action needed
busan-K-00670,노떼 라 미아 호텔,usable,0,0,no_match,,,,0,keep_primary,primary=usable; no supplementary action needed
busan-K-00671,낙동강오리알 본점,usable,0,0,no_match,,,,0,keep_primary,primary=usable; no supplementary action needed
busan-K-00672,거대곰탕,usable,0,0,no_match,,,,0,keep_primary,primary=usable; no supplementary action needed
busan-K-00673,할매집,usable,0,0,no_match,,,,0,keep_primary,primary=usable; no supplementary action needed
busan-K-00674,반송공원,usable,0,0,no_match,,,,0,keep_primary,primary=usable; no supplementary action needed
busan-K-00675,엘시티 레지던스,usable,0,0,no_match,,,,0,keep_primary,primary=usable; no supplementary action needed
busan-K-00676,전포 삼거리,usable,0,0,no_match,,,,0,keep_primary,primary=usable; no supplementary action needed
busan-K-00677,남부산교회,usable,0,0,no_match,,,,0,keep_primary,primary=usable; no supplementary action needed
busan-K-00678,UN조각공원,no_image,0,0,no_match,,,,0,unresolved,primary=no_image; no useful PG match
busan-K-00679,부산 영화의 거리,usable,0,0,no_match,,,,0,keep_primary,primary=usable; no supplementary action needed
busan-K-00681,카페제노아,usable,0,0,no_match,,,,0,keep_primary,primary=usable; no supplementary action needed
busan-K-00682,광안리 해양레포츠센터,usable,0,0,no_match,,,,0,keep_primary,primary=usable; no supplementary action needed
busan-K-00684,송도스카이파크,usable,12,0,high,2731738,http://tong.visitkorea.or.kr/cms2/website/38/2731738.jpg,송도스카이파크,20,supplement_candidate,primary=usable; PG high match adds value
busan-K-00685,플루니티,no_image,0,0,no_match,,,,0,unresolved,primary=no_image; no useful PG match
busan-K-00686,유라리 건맥축제,usable,0,0,no_match,,,,0,keep_primary,primary=usable; no supplementary action needed
busan-K-00687,부산국제공연예술마켓,usable,0,0,no_match,,,,0,keep_primary,primary=usable; no supplementary action needed
busan-K-00688,부산요트투어 고고요트,usable,0,0,no_match,,,,0,keep_primary,primary=usable; no supplementary action needed
busan-K-00689,블루스토리 호텔,usable,0,0,no_match,,,,0,keep_primary,primary=usable; no supplementary action needed
busan-K-00690,부산종합민속예술제,usable,0,0,no_match,,,,0,keep_primary,primary=usable; no supplementary action needed
busan-K-00691,동래읍성 임진왜란 역사관,usable,0,0,no_match,,,,0,keep_primary,primary=usable; no supplementary action needed
busan-K-00693,중리노을전망대,usable,0,0,no_match,,,,0,keep_primary,primary=usable; no supplementary action needed
busan-K-00694,전포커피축제,usable,0,0,no_match,,,,0,keep_primary,primary=usable; no supplementary action needed
busan-K-00695,글로컬 문화 in(人) 남산 페스티벌,usable,0,0,no_match,,,,0,keep_primary,primary=usable; no supplementary action needed
busan-K-00696,동서대학교 소향씨어터 신한카드홀,usable,0,0,no_match,,,,0,keep_primary,primary=usable; no supplementary action needed
busan-K-00697,금정산성 유가네누룩,usable,0,0,no_match,,,,0,keep_primary,primary=usable; no supplementary action needed
busan-K-00698,늘푸른숲,usable,0,0,no_match,,,,0,keep_primary,primary=usable; no supplementary action needed
busan-K-00699,금정산성 동문,usable,0,0,no_match,,,,0,keep_primary,primary=usable; no supplementary action needed
busan-K-00700,낙조정,usable,0,0,no_match,,,,0,keep_primary,primary=usable; no supplementary action needed
busan-K-00701,청사포 기찻길,usable,0,0,no_match,,,,0,keep_primary,primary=usable; no supplementary action needed
busan-K-00702,브라운도트호텔 정관점,usable,0,0,no_match,,,,0,keep_primary,primary=usable; no supplementary action needed
busan-K-00703,베이하운드호텔,usable,0,0,no_match,,,,0,keep_primary,primary=usable; no supplementary action needed
busan-K-00704,브라운도트 호텔 서면역점 비즈니스,no_image,0,0,no_match,,,,0,unresolved,primary=no_image; no useful PG match
busan-K-00705,크라운 하버 호텔 부산,usable,0,0,no_match,,,,0,keep_primary,primary=usable; no supplementary action needed
busan-K-00706,자갈치 크루즈,usable,2,0,high,2927985,https://tong.visitkorea.or.kr/cms/resource_photo/85/2927985_image2_1.jpg,자갈치크루즈,20,supplement_candidate,primary=usable; PG high match adds value
busan-K-00708,부산 요트투어 요트야,usable,0,0,no_match,,,,0,keep_primary,primary=usable; no supplementary action needed
busan-K-00709,마티에 오시리아,usable,0,0,no_match,,,,0,keep_primary,primary=usable; no supplementary action needed
busan-K-00710,부산전자종합시장,usable,0,0,no_match,,,,0,keep_primary,primary=usable; no supplementary action needed
busan-K-00711,삼락강변체육공원인라인스케이트장,usable,0,1,manual_review,,,,0,review_required,primary=usable; PG manual match needs verification
busan-K-00712,부산광역시 부산실내빙상장,usable,0,0,no_match,,,,0,keep_primary,primary=usable; no supplementary action needed
busan-K-00713,아트모이지,usable,0,0,no_match,,,,0,keep_primary,primary=usable; no supplementary action needed
busan-K-00714,브라운도트호텔 서면범천점,usable,0,0,no_match,,,,0,keep_primary,primary=usable; no supplementary action needed
busan-K-00715,브라운도트호텔 송정점,usable,0,0,no_match,,,,0,keep_primary,primary=usable; no supplementary action needed
busan-K-00716,제이비디자인호텔,usable,0,0,no_match,,,,0,keep_primary,primary=usable; no supplementary action needed
busan-K-00718,부산진 별빛산책길,usable,0,0,no_match,,,,0,keep_primary,primary=usable; no supplementary action needed
busan-K-00719,레이저태그스포츠 광안점,usable,0,0,no_match,,,,0,keep_primary,primary=usable; no supplementary action needed
busan-K-00720,고래서이뻐,no_image,0,0,no_match,,,,0,unresolved,primary=no_image; no useful PG match
busan-K-00721,부산국제아동도서전,usable,0,0,no_match,,,,0,keep_primary,primary=usable; no supplementary action needed
busan-K-00722,중구민의 날 페스타,usable,0,0,no_match,,,,0,keep_primary,primary=usable; no supplementary action needed
busan-K-00723,2025 별바다부산 나이트마켓,usable,0,0,no_match,,,,0,keep_primary,primary=usable; no supplementary action needed
busan-K-00724,페스티벌 시월,usable,0,0,no_match,,,,0,keep_primary,primary=usable; no supplementary action needed
busan-K-00725,세븐아일랜드,usable,0,0,no_match,,,,0,keep_primary,primary=usable; no supplementary action needed
busan-K-00726,암남길 벗과벗,usable,0,0,no_match,,,,0,keep_primary,primary=usable; no supplementary action needed
busan-K-00727,금곡동 율리 바위그늘유적,usable,0,0,no_match,,,,0,keep_primary,primary=usable; no supplementary action needed
busan-K-00728,만달리,usable,0,0,no_match,,,,0,keep_primary,primary=usable; no supplementary action needed
busan-K-00729,그런고로,usable,0,0,no_match,,,,0,keep_primary,primary=usable; no supplementary action needed
busan-K-00730,게임 체험 팝업 전시 ‘Game-Playground’,usable,0,0,no_match,,,,0,keep_primary,primary=usable; no supplementary action needed
busan-K-00731,온천천 빛 축제,usable,0,0,no_match,,,,0,keep_primary,primary=usable; no supplementary action needed
busan-K-00732,크리스마스 빌리지 부산 2025,usable,0,1,manual_review,,,,0,review_required,primary=usable; PG manual match needs verification
busan-K-00733,부산기후변화체험교육관,usable,0,0,no_match,,,,0,keep_primary,primary=usable; no supplementary action needed
busan-K-00734,솥이랑 서면점,usable,0,0,no_match,,,,0,keep_primary,primary=usable; no supplementary action needed
busan-K-00735,원시학,usable,0,0,no_match,,,,0,keep_primary,primary=usable; no supplementary action needed
busan-K-00736,나막집,usable,0,0,no_match,,,,0,keep_primary,primary=usable; no supplementary action needed
busan-K-00737,해성아트베이,usable,0,0,no_match,,,,0,keep_primary,primary=usable; no supplementary action needed
busan-K-00738,부산 카페 라운지,usable,0,8,manual_review,,,,0,review_required,primary=usable; PG manual match needs verification
busan-K-00739,커넥트현대,usable,0,0,no_match,,,,0,keep_primary,primary=usable; no supplementary action needed
busan-K-00740,영화의전당 라이브러리 자료실,usable,0,0,no_match,,,,0,keep_primary,primary=usable; no supplementary action needed
busan-K-00741,아스티호텔 부산,no_image,0,0,no_match,,,,0,unresolved,primary=no_image; no useful PG match
busan-K-00742,아난티 앳 부산 빌라쥬,no_image,0,0,no_match,,,,0,unresolved,primary=no_image; no useful PG match
busan-K-00743,덴바스타호텔 동래점,no_image,0,0,no_match,,,,0,unresolved,primary=no_image; no useful PG match
busan-K-00744,호텔 더반,no_image,0,0,no_match,,,,0,unresolved,primary=no_image; no useful PG match
busan-K-00745,호텔 야오,no_image,0,0,no_match,,,,0,unresolved,primary=no_image; no useful PG match
busan-K-00746,그랩 디 오션 송도,no_image,0,0,no_match,,,,0,unresolved,primary=no_image; no useful PG match
busan-K-00747,넘버25 호텔 기장 연화리점,no_image,0,0,no_match,,,,0,unresolved,primary=no_image; no useful PG match
busan-K-00748,본호텔,no_image,0,0,no_match,,,,0,unresolved,primary=no_image; no useful PG match
busan-K-00749,브라운도트 호텔 사상르네시떼,no_image,0,0,no_match,,,,0,unresolved,primary=no_image; no useful PG match
busan-K-00750,시타딘커넥트호텔 하리 부산,no_image,0,0,no_match,,,,0,unresolved,primary=no_image; no useful PG match
busan-K-00751,힐스테이호텔,no_image,0,0,no_match,,,,0,unresolved,primary=no_image; no useful PG match
busan-K-00752,주식회사감천아울,no_image,0,0,no_match,,,,0,unresolved,primary=no_image; no useful PG match
busan-K-00753,주식회사아래모래,no_image,0,0,no_match,,,,0,unresolved,primary=no_image; no useful PG match
busan-K-00754,주식회사어반힐링,no_image,0,0,no_match,,,,0,unresolved,primary=no_image; no useful PG match
busan-K-00755,주식회사뷰티홀릭,no_image,0,0,no_match,,,,0,unresolved,primary=no_image; no useful PG match
busan-K-00756,주식회사피알아이피,no_image,0,0,no_match,,,,0,unresolved,primary=no_image; no useful PG match
busan-K-00757,부산국제AI영화제,usable,0,0,no_match,,,,0,keep_primary,primary=usable; no supplementary action needed
busan-K-00758,2025 서부산 슈퍼어싱 페스티벌,usable,0,0,no_match,,,,0,keep_primary,primary=usable; no supplementary action needed
busan-K-00759,2025 부산세일페스타 부대앞으로,usable,0,0,no_match,,,,0,keep_primary,primary=usable; no supplementary action needed
busan-K-00760,송정담다펜션,no_image,0,0,no_match,,,,0,unresolved,primary=no_image; no useful PG match
busan-K-00761,호두스테이,no_image,0,0,no_match,,,,0,unresolved,primary=no_image; no useful PG match
busan-K-00762,단아,no_image,0,0,no_match,,,,0,unresolved,primary=no_image; no useful PG match
busan-K-00763,민락스테이,no_image,0,0,no_match,,,,0,unresolved,primary=no_image; no useful PG match
busan-K-00764,누스테이 부산,no_image,0,0,no_match,,,,0,unresolved,primary=no_image; no useful PG match
busan-K-00765,트래블라이트,no_image,0,0,no_match,,,,0,unresolved,primary=no_image; no useful PG match
busan-K-00766,부산 서구 의료관광축제,usable,0,0,no_match,,,,0,keep_primary,primary=usable; no supplementary action needed
busan-K-00767,베를리너 하우스,no_image,0,0,no_match,,,,0,unresolved,primary=no_image; no useful PG match
busan-K-00768,샌드스테이,no_image,0,0,no_match,,,,0,unresolved,primary=no_image; no useful PG match
busan-K-00769,읽다부산,no_image,0,0,no_match,,,,0,unresolved,primary=no_image; no useful PG match
busan-K-00770,청킹멘션부산,no_image,0,0,no_match,,,,0,unresolved,primary=no_image; no useful PG match
busan-K-00771,행운인생,no_image,0,0,no_match,,,,0,unresolved,primary=no_image; no useful PG match
busan-K-00772,이스턴룸,no_image,0,0,no_match,,,,0,unresolved,primary=no_image; no useful PG match
busan-K-00773,옥토버페스타 인 광안리,usable,0,0,no_match,,,,0,keep_primary,primary=usable; no supplementary action needed
busan-K-00774,부산중구반려동물축제,usable,0,0,no_match,,,,0,keep_primary,primary=usable; no supplementary action needed
busan-K-00775,광복로 겨울빛 트리축제,usable,0,0,no_match,,,,0,keep_primary,primary=usable; no supplementary action needed
busan-VB-1031,슬기로운 부산도서관 생활,review_required,0,0,no_match,,,,0,keep_primary,primary=review_required; no supplementary action needed
busan-VB-1034,문화예술촌 공방,review_required,0,0,no_match,,,,0,keep_primary,primary=review_required; no supplementary action needed
busan-VB-1057,민속마당,review_required,0,0,no_match,,,,0,keep_primary,primary=review_required; no supplementary action needed
busan-VB-1063,한지러브,review_required,0,0,no_match,,,,0,keep_primary,primary=review_required; no supplementary action needed
busan-VB-1066,드림씨어터,review_required,0,0,no_match,,,,0,keep_primary,primary=review_required; no supplementary action needed
busan-VB-1093,부산칠드런스뮤지엄,review_required,0,0,no_match,,,,0,keep_primary,primary=review_required; no supplementary action needed
busan-VB-1133,도날드즉석떡볶이,review_required,0,0,no_match,,,,0,keep_primary,primary=review_required; no supplementary action needed
busan-VB-1137,원산면옥 1953,review_required,0,0,no_match,,,,0,keep_primary,primary=review_required; no supplementary action needed
busan-VB-1142,드넓은 초록 물결 해운대수목원,review_required,0,0,no_match,,,,0,keep_primary,primary=review_required; no supplementary action needed
busan-VB-1157,부산에서 공해 없이 가을 타기,review_required,0,0,no_match,,,,0,keep_primary,primary=review_required; no supplementary action needed
busan-VB-1179,때 묻지 않은 순수 영도 봉산마을,review_required,0,0,no_match,,,,0,keep_primary,primary=review_required; no supplementary action needed
busan-VB-1185,문화로 소통하는 복합문화공간 KT&G 상상마당 부산,review_required,0,0,no_match,,,,0,keep_primary,primary=review_required; no supplementary action needed
busan-VB-1248,GAB148 Steak & Pasta,review_required,0,0,no_match,,,,0,keep_primary,primary=review_required; no supplementary action needed
busan-VB-1262,홍성방,review_required,0,0,no_match,,,,0,keep_primary,primary=review_required; no supplementary action needed
busan-VB-1315,태종대에서 즐기는 스쿠버다이빙,review_required,0,0,no_match,,,,0,keep_primary,primary=review_required; no supplementary action needed
busan-VB-1316,뮤지엄 원,review_required,0,0,no_match,,,,0,keep_primary,primary=review_required; no supplementary action needed
busan-VB-1323,"트렌디함 물씬, 밀락더마켓",review_required,0,8,manual_review,,,,0,review_required,"primary rights unknown (dec=""review_required""); PG match=manual_review"
busan-VB-1364,"강, 바다 야경을 동시에! 해운대리버크루즈",review_required,0,0,no_match,,,,0,keep_primary,primary=review_required; no supplementary action needed
busan-VB-139,서프홀릭 서핑 체험 프로그램,review_required,0,0,no_match,,,,0,keep_primary,primary=review_required; no supplementary action needed
busan-VB-140,부산요트투어(요트탈래),review_required,0,0,no_match,,,,0,keep_primary,primary=review_required; no supplementary action needed
busan-VB-1422,청량미 끝판왕 오션뷰 송도해상케이블카!,review_required,0,0,no_match,,,,0,keep_primary,primary=review_required; no supplementary action needed
busan-VB-1434,은은한 꽃향기로 가득한 화명장미원과 화명생태공원,review_required,0,0,no_match,,,,0,keep_primary,primary=review_required; no supplementary action needed
busan-VB-1440,자연 속 야외영화관 태종대 자동차극장,review_required,0,0,no_match,,,,0,keep_primary,primary=review_required; no supplementary action needed
busan-VB-1444,멋진 복합문화공간으로 변신한 부산근현대역사관 별관,review_required,0,0,no_match,,,,0,keep_primary,primary=review_required; no supplementary action needed
busan-VB-1449,달빛마실 명소 우암동 도시숲,review_required,0,0,no_match,,,,0,keep_primary,primary=review_required; no supplementary action needed
busan-VB-1489,석기시대,review_required,0,0,no_match,,,,0,keep_primary,primary=review_required; no supplementary action needed
busan-VB-1508,부산약콩밀면,review_required,0,0,no_match,,,,0,keep_primary,primary=review_required; no supplementary action needed
busan-VB-1624,무공해 질주 본능 스카이라인루지 부산,review_required,0,0,no_match,,,,0,keep_primary,primary=review_required; no supplementary action needed
busan-VB-1666,동백상회,review_required,0,0,no_match,,,,0,keep_primary,primary=review_required; no supplementary action needed
busan-VB-1667,해운대 선물가게,review_required,0,0,no_match,,,,0,keep_primary,primary=review_required; no supplementary action needed
busan-VB-1680,해운대 한눈에 담은 프리미엄 스파&워터파크 클럽디오아시스,review_required,0,0,no_match,,,,0,keep_primary,primary=review_required; no supplementary action needed
busan-VB-1695,우시산 인 부산,review_required,0,0,no_match,,,,0,keep_primary,primary=review_required; no supplementary action needed
busan-VB-1710,코코스퀘어,review_required,0,0,no_match,,,,0,keep_primary,primary=review_required; no supplementary action needed
busan-VB-1721,코리아쿠킹클래스 밥상 인 부산,review_required,0,0,no_match,,,,0,keep_primary,primary=review_required; no supplementary action needed
busan-VB-1729,부산전통문화체험관,review_required,0,0,no_match,,,,0,keep_primary,primary=review_required; no supplementary action needed
busan-VB-1733,프라이빗하게 즐기는 커스텀 주얼리 클래스,review_required,0,0,no_match,,,,0,keep_primary,primary=review_required; no supplementary action needed
busan-VB-1737,봉산마을 시그니처 꽃차 원데이클래스,review_required,0,0,no_match,,,,0,keep_primary,primary=review_required; no supplementary action needed
busan-VB-1739,영도의 상징 터그보트! 원데이클래스,review_required,0,0,no_match,,,,0,keep_primary,primary=review_required; no supplementary action needed
busan-VB-1742,세상에 단 하나뿐인 향수 원데이 클래스,review_required,0,0,no_match,,,,0,keep_primary,primary=review_required; no supplementary action needed
busan-VB-1743,"망미골목에서 이색체험 밀랍공예, 헬로커피하이허니",review_required,0,0,no_match,,,,0,keep_primary,primary=review_required; no supplementary action needed
busan-VB-1747,전포공구길에서 접한 드로잉 체험! 성수미술관 부산서면점,review_required,0,11,manual_review,,,,0,review_required,"primary rights unknown (dec=""review_required""); PG match=manual_review"
busan-VB-1748,"손끝에서 빛나는 예술, 도자기 만들기 체험 그린온더브라운",review_required,0,0,no_match,,,,0,keep_primary,primary=review_required; no supplementary action needed
busan-VB-1753,센텀 스파랜드,review_required,0,0,no_match,,,,0,keep_primary,primary=review_required; no supplementary action needed
busan-VB-1754,허심청,review_required,0,0,no_match,,,,0,keep_primary,primary=review_required; no supplementary action needed
busan-VB-1769,대한민국 메가 트렌드의 중심! 광안리 M 드론라이트쇼,review_required,0,0,no_match,,,,0,keep_primary,primary=review_required; no supplementary action needed
busan-VB-1772,"부산의 명당 스폿, 정중앙 공원",review_required,0,0,no_match,,,,0,keep_primary,primary=review_required; no supplementary action needed
busan-VB-1799,구봉산 치유숲길 맨발 황톳길,review_required,0,11,manual_review,,,,0,review_required,"primary rights unknown (dec=""review_required""); PG match=manual_review"
busan-VB-1808,올바릇 본점,review_required,0,0,no_match,,,,0,keep_primary,primary=review_required; no supplementary action needed
busan-VB-1852,바다가 보이는 부산항 힐링야영장,review_required,0,0,no_match,,,,0,keep_primary,primary=review_required; no supplementary action needed
busan-VB-1853,"감성 캠핑소품샵이 있는 캠핑 컨셉 카페, 클래식 캠퍼",review_required,0,0,no_match,,,,0,keep_primary,primary=review_required; no supplementary action needed
busan-VB-1854,런닝맨 부산점,review_required,0,0,no_match,,,,0,keep_primary,primary=review_required; no supplementary action needed
busan-VB-1855,라이언 홀리데이 인 부산,review_required,0,0,no_match,,,,0,keep_primary,primary=review_required; no supplementary action needed
busan-VB-1857,"한국에서 체험하는 가장 생생한 인도, 부산 인도문화원",review_required,0,0,no_match,,,,0,keep_primary,primary=review_required; no supplementary action needed
busan-VB-1860,월클 K-POP 아티스트 되는 ‘상상’,review_required,0,0,no_match,,,,0,keep_primary,primary=review_required; no supplementary action needed
busan-VB-1862,"낯선 ‘아세안’, 친해지고 싶다면? KF 아세안 문화원",review_required,0,0,no_match,,,,0,keep_primary,primary=review_required; no supplementary action needed
busan-VB-1866,"100년의 역사를 품은 집, 오초량",review_required,0,0,no_match,,,,0,keep_primary,primary=review_required; no supplementary action needed
busan-VB-1867,이국적인 멋이 가득! 한국 이슬람 부산성원,review_required,0,0,no_match,,,,0,keep_primary,primary=review_required; no supplementary action needed
busan-VB-1868,부산항이 한눈에! 친환경스카이웨이전망대,review_required,0,0,no_match,,,,0,keep_primary,primary=review_required; no supplementary action needed
busan-VB-1869,"낡은 청바지, 유니크한 원단이 되다!",review_required,0,0,no_match,,,,0,keep_primary,primary=review_required; no supplementary action needed
busan-VB-1881,부산 근현대사를 한눈에!! 남포동 아이와 가볼 만한 곳,review_required,0,0,no_match,,,,0,keep_primary,primary=review_required; no supplementary action needed
busan-VB-1890,"문득 생각에 잠기고 싶은 날, 북구 문화예술 복합공간 무사이",review_required,0,0,no_match,,,,0,keep_primary,primary=review_required; no supplementary action needed
busan-VB-1900,부산 트래블라운지가 말아주는 찐 부산체험 프로그램,review_required,0,0,no_match,,,,0,keep_primary,primary=review_required; no supplementary action needed
busan-VB-1906,낙동강에서 즐기는 최상의 수상 레포츠! 화명수상레포츠타운,review_required,0,0,no_match,,,,0,keep_primary,primary=review_required; no supplementary action needed
busan-VB-1908,다대포해양레포츠센터에서 즐기는 익스트림 수상 레포츠,review_required,0,0,no_match,,,,0,keep_primary,primary=review_required; no supplementary action needed
busan-VB-1955,"바다 위에서 즐기는 웰니스 관광 체험, 광안리 SUP 요가",review_required,0,0,no_match,,,,0,keep_primary,primary=review_required; no supplementary action needed
busan-VB-1963,"시원하다 못해 추운 곳, 올해 여름 피서는 부산실내빙상장에서!",review_required,0,0,no_match,,,,0,keep_primary,primary=review_required; no supplementary action needed
busan-VB-1964,갖고 싶은 소품이 모두 여기에! 광안리 최대 소품샵 분홍이네,review_required,0,0,no_match,,,,0,keep_primary,primary=review_required; no supplementary action needed
busan-VB-1965,"모래사장 위에서 낭만 한 편, 광안리 해변영화관",review_required,0,0,no_match,,,,0,keep_primary,primary=review_required; no supplementary action needed
busan-VB-2013,"아이와 함께 가기 좋은 숲속 놀이터&계곡, 반여 초록공원",review_required,0,0,no_match,,,,0,keep_primary,primary=review_required; no supplementary action needed
busan-VB-2019,"상쾌한 공기, 깨끗한 계곡물로 기분 업! (구)대신공원 & 대신계곡",review_required,0,0,no_match,,,,0,keep_primary,primary=review_required; no supplementary action needed
busan-VB-2024,"도심 속 힐링은 여기서! 숨겨진 자연 명소, 구덕야영장 계곡",review_required,0,0,no_match,,,,0,keep_primary,primary=review_required; no supplementary action needed
busan-VB-2034,"시원한 물줄기와 함께 느끼는 부산의 역사, 범어사 용성계곡",review_required,0,0,no_match,,,,0,keep_primary,primary=review_required; no supplementary action needed
busan-VB-2065,"도심 속에서 찾은 숨은 산책 코스, 용소웰빙공원",review_required,0,0,no_match,,,,0,keep_primary,primary=review_required; no supplementary action needed
busan-VB-2066,"너를 알아가는 시간, 4233 마음센터 광안점",review_required,0,0,no_match,,,,0,keep_primary,primary=review_required; no supplementary action needed
busan-VB-2067,"우리의 소리를 찾아서, 국립부산국악원 국악체험관",review_required,0,0,no_match,,,,0,keep_primary,primary=review_required; no supplementary action needed
busan-VB-2077,우리 모두 수포자 탈출 가능! 체험형 수학 놀이공간 ‘부산 수학문화관’,review_required,0,0,no_match,,,,0,keep_primary,primary=review_required; no supplementary action needed
busan-VB-2078,"부산의 최초 사찰, 마하사",review_required,0,0,no_match,,,,0,keep_primary,primary=review_required; no supplementary action needed
busan-VB-2079,추억을 찍는 이바구길 사진관,review_required,0,0,no_match,,,,0,keep_primary,primary=review_required; no supplementary action needed
busan-VB-2080,"아이들을 위한 이색 체험, 구포국수 체험관",review_required,0,0,no_match,,,,0,keep_primary,primary=review_required; no supplementary action needed
busan-VB-2081,"떠오르는 부산 야경 명소, 북항 친수공원",review_required,0,0,no_match,,,,0,keep_primary,primary=review_required; no supplementary action needed
busan-VB-2082,오션뷰까지 홍보의 완성! 북항재개발 홍보관,review_required,0,0,no_match,,,,0,keep_primary,primary=review_required; no supplementary action needed
busan-VB-2085,"누구나 예술가가 되는 곳, 문화예술플랫폼",review_required,0,0,no_match,,,,0,keep_primary,primary=review_required; no supplementary action needed
busan-VB-2086,"책이 사람을 만나 빛이 되고 길이 되는 공간, ‘북두칠성도서관’",review_required,0,0,no_match,,,,0,keep_primary,primary=review_required; no supplementary action needed
busan-VB-2091,"세계 최대 규모 부산 아르떼뮤지엄, 빨려 들어가는 몰입형 미디어아트!",review_required,0,0,no_match,,,,0,keep_primary,primary=review_required; no supplementary action needed
busan-VB-2095,"해운대의 숨은 보석, 송정 구덕포길",review_required,0,0,no_match,,,,0,keep_primary,primary=review_required; no supplementary action needed
busan-VB-2097,"신선한 해산물과 함께 느끼는 영도의 정취, 영도해녀촌",review_required,0,1,manual_review,,,,0,review_required,"primary rights unknown (dec=""review_required""); PG match=manual_review"
busan-VB-2102,산복도로 역사를 고스란히 담은 ‘망양로 산복도로 전시관’,review_required,0,0,no_match,,,,0,keep_primary,primary=review_required; no supplementary action needed
busan-VB-2103,‘닥밭골 한지체험관’에서 전통 한지 공예 체험!,review_required,0,1,manual_review,,,,0,review_required,"primary rights unknown (dec=""review_required""); PG match=manual_review"
busan-VB-2104,다양한 색이 어우러진 ‘닥밭골 벽화마을’,review_required,0,0,no_match,,,,0,keep_primary,primary=review_required; no supplementary action needed
busan-VB-2105,"부산을 내려다볼 수 있는 곳, 대청스카이전망대",review_required,0,0,no_match,,,,0,keep_primary,primary=review_required; no supplementary action needed
busan-VB-2106,"망양로를 가득 채운 알록달록한 활기, ‘색채마을’",review_required,0,0,no_match,,,,0,keep_primary,primary=review_required; no supplementary action needed
busan-VB-2109,세상에 하나뿐인 나만의 도자기를 빚어내는 기장 도자기 공방 ‘수은화가’,review_required,0,0,no_match,,,,0,keep_primary,primary=review_required; no supplementary action needed
busan-VB-2119,2만여 장 LP 속으로 풍덩! 뮤직컴플렉스 서울 부산점,review_required,0,0,no_match,,,,0,keep_primary,primary=review_required; no supplementary action needed
busan-VB-2121,"멋진 야경과 함께 밤 산책, 누리마루 APEC하우스",review_required,0,0,no_match,,,,0,keep_primary,primary=review_required; no supplementary action needed
busan-VB-2132,철로에서 황톳길로 촉촉하게 변신!,review_required,0,0,no_match,,,,0,keep_primary,primary=review_required; no supplementary action needed
busan-VB-2133,낮과 밤 모두 특별해! 산책 맛집,review_required,0,0,no_match,,,,0,keep_primary,primary=review_required; no supplementary action needed
busan-VB-2134,"몸과 마음을 깨우는 자연의 선물, 명지 ‘너울 공원 맨발 산책로’",review_required,0,0,no_match,,,,0,keep_primary,primary=review_required; no supplementary action needed
busan-VB-2135,"몸이 개운해지는 도보 나들이, 하단 황톳길 산책",review_required,0,0,no_match,,,,0,keep_primary,primary=review_required; no supplementary action needed
busan-VB-2138,"워케이셔너들의 성지, 부산 워케이션 거점센터",review_required,0,0,no_match,,,,0,keep_primary,primary=review_required; no supplementary action needed
busan-VB-2139,일과 휴식을 다 잡았다! ‘더휴일X데스커 워케이션 센터’,review_required,0,0,no_match,,,,0,keep_primary,primary=review_required; no supplementary action needed
busan-VB-2140,"업무를 여유롭게, 최적의 워케이션 공간",review_required,0,1,manual_review,,,,0,review_required,"primary rights unknown (dec=""review_required""); PG match=manual_review"
busan-VB-2142,"물멍과 노을이 선사하는 특별한 힐링, 가덕도 ‘천성항 노지 캠핑장’",review_required,0,0,no_match,,,,0,keep_primary,primary=review_required; no supplementary action needed
busan-VB-2145,"부산의 미래를 함께 ‘도모’하는 공간, ‘도모헌’",review_required,0,0,no_match,,,,0,keep_primary,primary=review_required; no supplementary action needed
busan-VB-2153,"신석기시대 영도를 만나다,",review_required,0,0,no_match,,,,0,keep_primary,primary=review_required; no supplementary action needed
busan-VB-2155,"하야리아 기지의 모든 것, 부산시민공원 역사문화관",review_required,0,0,no_match,,,,0,keep_primary,primary=review_required; no supplementary action needed
busan-VB-2157,"조용한 해변가에서 힐링 산책, ‘다대포 바다누리길’",review_required,0,0,no_match,,,,0,keep_primary,primary=review_required; no supplementary action needed
busan-VB-2159,"여행의 향기를 담다, 향수 공방 ‘어도르’",review_required,0,0,no_match,,,,0,keep_primary,primary=review_required; no supplementary action needed
busan-VB-2165,"키덜트들, 여기여기 모여라! 키덜트들의 방앗간, ‘아비베르컴퍼니’",review_required,0,0,no_match,,,,0,keep_primary,primary=review_required; no supplementary action needed
busan-VB-2166,"음악과 함께 혼술하고 싶은 날, ‘광안리 골방’",review_required,0,0,no_match,,,,0,keep_primary,primary=review_required; no supplementary action needed
busan-VB-2172,"아름다운 자연과 전설이 있는, ‘오시리아 해안 산책로’",review_required,0,0,no_match,,,,0,keep_primary,primary=review_required; no supplementary action needed
busan-VB-2173,"지역 예술의 발전을 이끄는 공간,",review_required,0,0,no_match,,,,0,keep_primary,primary=review_required; no supplementary action needed
busan-VB-218,초원복국 대연본점,review_required,0,0,no_match,,,,0,keep_primary,primary=review_required; no supplementary action needed
busan-VB-2181,"창작의 즐거움이 있는 유리 공예 명소, ‘청월호야’",review_required,0,0,no_match,,,,0,keep_primary,primary=review_required; no supplementary action needed
busan-VB-2186,"아름다운 자연과 아픈 역사가 만나는 곳,",review_required,0,0,no_match,,,,0,keep_primary,primary=review_required; no supplementary action needed
busan-VB-2187,"과거의 흔적과 미래를 잇는 교차점,",review_required,0,0,no_match,,,,0,keep_primary,primary=review_required; no supplementary action needed
busan-VB-2188,"UN의 헌신과 평화의 약속, ‘유엔평화기념관’",review_required,0,0,no_match,,,,0,keep_primary,primary=review_required; no supplementary action needed
busan-VB-2189,겨울 철새의 아름다움을 만나는 ‘명지철새탐조대’,review_required,0,0,no_match,,,,0,keep_primary,primary=review_required; no supplementary action needed
busan-VB-2191,"떠오르는 문화의 장, 광안리 ‘포디움다이브엠’",review_required,0,0,no_match,,,,0,keep_primary,primary=review_required; no supplementary action needed
busan-VB-2200,"부산의 숨은 예술을 찾다, 갤러리 수정",review_required,0,0,no_match,,,,0,keep_primary,primary=review_required; no supplementary action needed
busan-VB-2202,"마을과 함께 성장하는 힐링 공간, ‘이바구 캠프’",review_required,0,0,no_match,,,,0,keep_primary,primary=review_required; no supplementary action needed
busan-VB-2204,"일상 속 예술의 쉼표, ‘디오티 미술관’",review_required,0,0,no_match,,,,0,keep_primary,primary=review_required; no supplementary action needed
busan-VB-2206,"신념과 희생의 발자취를 따라, ‘오륜대 순교자 성지’",review_required,0,0,no_match,,,,0,keep_primary,primary=review_required; no supplementary action needed
busan-VB-2209,"부산의 향기를 담다, 로칼(rocarl)",review_required,0,0,no_match,,,,0,keep_primary,primary=review_required; no supplementary action needed
busan-VB-2210,"부산 현대미술의 새로운 성지, 갤러리 플레이리스트",review_required,0,0,no_match,,,,0,keep_primary,primary=review_required; no supplementary action needed
busan-VB-2220,조용한 바다 앞 사찰 ‘해광사’에서 평화로운 새해맞이,review_required,0,0,no_match,,,,0,keep_primary,primary=review_required; no supplementary action needed
busan-VB-2229,숲속 힐링과 문화가 녹아있는 ‘륜빌리지’,review_required,0,0,no_match,,,,0,keep_primary,primary=review_required; no supplementary action needed
busan-VB-2241,"부산의 매력을 가득 담은 도시브랜드숍, ‘BIG shop’",review_required,0,0,no_match,,,,0,keep_primary,primary=review_required; no supplementary action needed
busan-VB-2243,"해운대 도심 속 화려한 웰니스, ‘파크 하얏트 부산’",review_required,0,0,no_match,,,,0,keep_primary,primary=review_required; no supplementary action needed
busan-VB-2244,"몸과 마음 모두 편안해지는 웰니스 센터, ‘SMB wellness’",review_required,0,0,no_match,,,,0,keep_primary,primary=review_required; no supplementary action needed
busan-VB-2249,"베이킹으로 오늘 하루를 특별하게, ‘베이킹 하루’",review_required,0,0,no_match,,,,0,keep_primary,primary=review_required; no supplementary action needed
busan-VB-2252,"행복한 라이프스타일을 선물하는 소품샵, ‘페이퍼가든’",review_required,0,0,no_match,,,,0,keep_primary,primary=review_required; no supplementary action needed
busan-VB-2259,"이색 체험과 힐링을 동시에, 부산 세븐테마카페",review_required,0,0,no_match,,,,0,keep_primary,primary=review_required; no supplementary action needed
busan-VB-2270,"송도 바다를 품은 럭셔리 스테이, 윈덤 그랜드 부산",review_required,0,0,no_match,,,,0,keep_primary,primary=review_required; no supplementary action needed
busan-VB-2273,"기장 오션뷰를 품은 화려한 특급호텔, ‘아난티  코브’",review_required,0,0,no_match,,,,0,keep_primary,primary=review_required; no supplementary action needed
busan-VB-2274,화려한 자연경관과 오랜 역사가 한데 어우러진 ‘동백섬’,review_required,0,0,no_match,,,,0,keep_primary,primary=review_required; no supplementary action needed
busan-VB-2275,낙동강 강변뷰가 아름다운 섬 ‘중사도’에서 특별한 자연 여행,review_required,0,0,no_match,,,,0,keep_primary,primary=review_required; no supplementary action needed
busan-VB-2277,"자연의 편안함을 품은 료칸 호텔, ‘이제 부산’",review_required,0,0,no_match,,,,0,keep_primary,primary=review_required; no supplementary action needed
busan-VB-2284,"부산 원도심에서 만나는 독립영화관, BNK부산은행 아트시네마 모퉁이극장",review_required,0,1,manual_review,,,,0,review_required,"primary rights unknown (dec=""review_required""); PG match=manual_review"
busan-VB-2288,"삶의 흔적이 예술로 변하는 공간, 영주맨션",review_required,0,0,no_match,,,,0,keep_primary,primary=review_required; no supplementary action needed
busan-VB-2293,"모두의 놀이가 있는 공간, ‘죽성그림’",review_required,0,0,no_match,,,,0,keep_primary,primary=review_required; no supplementary action needed
busan-VB-2294,"역사와 자연이 어우러진 특별한 하루, ‘가덕도 등대 체험’",review_required,0,0,no_match,,,,0,keep_primary,primary=review_required; no supplementary action needed
busan-VB-2297,댕댕이와 함께 신나게 뛰어놀자! ‘명지근린공원 강아지놀이터’,review_required,0,0,no_match,,,,0,keep_primary,primary=review_required; no supplementary action needed
busan-VB-2298,"반려견과 함께 뛰어놀기 좋은 도심 속 놀이터, 사하구 애견펫공원",review_required,0,0,no_match,,,,0,keep_primary,primary=review_required; no supplementary action needed
busan-VB-2299,"도심 속 자연에서 상쾌한 체육활동, 황령산레포츠공원",review_required,0,0,no_match,,,,0,keep_primary,primary=review_required; no supplementary action needed
busan-VB-2300,댕댕이와 함께 마음껏 뛰어놀자! 신라대학교 지산학 펫파크,review_required,0,0,no_match,,,,0,keep_primary,primary=review_required; no supplementary action needed
busan-VB-2301,"쇼핑부터 케어까지! 반려동물을 위한 모든 것, 광안리 펫스테이션",review_required,0,0,no_match,,,,0,keep_primary,primary=review_required; no supplementary action needed
busan-VB-2302,오션뷰가 매력적인 복합 애견카페 ‘도그민’,review_required,0,0,no_match,,,,0,keep_primary,primary=review_required; no supplementary action needed
busan-VB-2304,"반려견을 위한 체계적인 놀이공간, ‘BSKS 반려동물교육문화센터’",review_required,0,0,no_match,,,,0,keep_primary,primary=review_required; no supplementary action needed
busan-VB-2306,"초보자도 환영! 실내 클라이밍의 짜릿함, ‘웨이브락 클라이밍’",review_required,0,0,no_match,,,,0,keep_primary,primary=review_required; no supplementary action needed
busan-VB-2307,"스포츠 덕후들의 성지, 켈틱타이거",review_required,0,0,no_match,,,,0,keep_primary,primary=review_required; no supplementary action needed
busan-VB-2308,강아지를 위한 넓은 천연잔디 운동장&카페 ‘그랑독’,review_required,0,0,no_match,,,,0,keep_primary,primary=review_required; no supplementary action needed
busan-VB-2309,"부산 e스포츠 경기장, 새로운 차원의 스포츠를 만나다!",review_required,0,0,no_match,,,,0,keep_primary,primary=review_required; no supplementary action needed
busan-VB-2314,범어사 성보박물관에서 불교문화의 깊이에 빠지다,review_required,0,0,no_match,,,,0,keep_primary,primary=review_required; no supplementary action needed
busan-VB-2397,"체험하며 만나는 진짜 부산 바다, 공수어촌체험휴양마을",review_required,0,0,no_match,,,,0,keep_primary,primary=review_required; no supplementary action needed
busan-VB-2398,딜라이트 프로젝트 해운대점,review_required,0,0,no_match,,,,0,keep_primary,primary=review_required; no supplementary action needed
busan-VB-2401,부산 오키친 쿠킹하우스,review_required,0,0,no_match,,,,0,keep_primary,primary=review_required; no supplementary action needed
busan-VB-2408,"골목마다 예술이 피어나는 마을, 기장 대룡마을",review_required,0,0,no_match,,,,0,keep_primary,primary=review_required; no supplementary action needed
busan-VB-2417,구경만 하러 갔다가 지갑을 열게 되는 소품샵 ‘오브젝트 서면점’,review_required,0,0,no_match,,,,0,keep_primary,primary=review_required; no supplementary action needed
busan-VB-2537,부드러운 색감과 감성 소품이 가득한 ‘오월상점’,review_required,0,0,no_match,,,,0,keep_primary,primary=review_required; no supplementary action needed
busan-VB-2539,엽서가 주는 아날로그 감성을 느끼고 싶다면? ‘포셋 전포’로!,review_required,0,0,no_match,,,,0,keep_primary,primary=review_required; no supplementary action needed
busan-VB-2541,"청사포에서 인생샷 찍고 소품 쇼핑까지, 부산슈퍼 청사포점",review_required,0,0,no_match,,,,0,keep_primary,primary=review_required; no supplementary action needed
busan-VB-255,가파른 절벽 끝에 흰여울문화마을,review_required,0,0,no_match,,,,0,keep_primary,primary=review_required; no supplementary action needed
busan-VB-2551,부산 풍경을 한눈에 담는 드라이브 코스,review_required,0,0,no_match,,,,0,keep_primary,primary=review_required; no supplementary action needed
busan-VB-2555,미피 덕후 모여라!,review_required,0,0,no_match,,,,0,keep_primary,primary=review_required; no supplementary action needed
busan-VB-2557,"일상 속 영감을 채우는 공간, 사바이사바이 전포",review_required,0,0,no_match,,,,0,keep_primary,primary=review_required; no supplementary action needed
busan-VB-256,역사가 살아 숨 쉬는 깡깡이예술마을,review_required,0,0,no_match,,,,0,keep_primary,primary=review_required; no supplementary action needed
busan-VB-257,해양 문화의 꽃 국립해양박물관,review_required,0,0,no_match,,,,0,keep_primary,primary=review_required; no supplementary action needed
busan-VB-2579,"달콤한 부산의 매력,",review_required,0,0,no_match,,,,0,keep_primary,primary=review_required; no supplementary action needed
busan-VB-258,영도 등대와 함께한 100년 태종대,review_required,0,0,no_match,,,,0,keep_primary,primary=review_required; no supplementary action needed
busan-VB-2580,"1987년부터 운영된 전통있는 주방용품 전문점, 삼영그릇 탐방기",review_required,0,0,no_match,,,,0,keep_primary,primary=review_required; no supplementary action needed
busan-VB-2581,바다처럼,review_required,0,0,no_match,,,,0,keep_primary,primary=review_required; no supplementary action needed
busan-VB-2586,브레이크 아웃 이스케이프: 부산의 숨은 모험을 깨우다,review_required,0,0,no_match,,,,0,keep_primary,primary=review_required; no supplementary action needed
busan-VB-2587,"가덕도의 바다 끝에서 만나는 곳, 대항 어항동 방파제 등대",review_required,0,0,no_match,,,,0,keep_primary,primary=review_required; no supplementary action needed
busan-VB-2588,"바다 냄새와 사람 냄새가 만나는 곳, 충무동 해안시장",review_required,0,0,no_match,,,,0,keep_primary,primary=review_required; no supplementary action needed
busan-VB-2589,"무지개다리에서 시작하는 골동품 여행, 문현동 골동품거리",review_required,0,0,no_match,,,,0,keep_primary,primary=review_required; no supplementary action needed
busan-VB-259,기장바다의 색다른 풍경 죽성성당,review_required,0,0,no_match,,,,0,keep_primary,primary=review_required; no supplementary action needed
busan-VB-2594,"이야기를 따라 걷는 길, 초량 이바구길",review_required,0,0,no_match,,,,0,keep_primary,primary=review_required; no supplementary action needed
busan-VB-2598,"와이어로 시작하는 이야기,",review_required,0,0,no_match,,,,0,keep_primary,primary=review_required; no supplementary action needed
busan-VB-260,400년간 지켜온 자연 그대로의 숲을 만나다,review_required,0,0,no_match,,,,0,keep_primary,primary=review_required; no supplementary action needed
busan-VB-261,기장에 가면 해동용궁사,review_required,0,0,no_match,,,,0,keep_primary,primary=review_required; no supplementary action needed
busan-VB-2612,"도심 속 호수로 떠나는 산책, 회동수원지 둘레길",review_required,0,0,no_match,,,,0,keep_primary,primary=review_required; no supplementary action needed
busan-VB-262,"나만 알고 싶은 해수욕장, 임랑해수욕장",review_required,0,0,no_match,,,,0,keep_primary,primary=review_required; no supplementary action needed
busan-VB-264,"오래된 이야기가 있는 곳, 문화공감수정 그리고 초량1941",review_required,0,0,no_match,,,,0,keep_primary,primary=review_required; no supplementary action needed
busan-VB-2662,"부산의 분위기와 스토리를 담은 향수·라이프스타일 향 브랜드, 센티카",review_required,0,0,no_match,,,,0,keep_primary,primary=review_required; no supplementary action needed
busan-VB-2670,"서부산 쇼핑의 중심, 르네시떼",review_required,0,0,no_match,,,,0,keep_primary,primary=review_required; no supplementary action needed
busan-VB-2678,"감천문화마을에 지어진 어린왕자의 집, 리틀 프린스 하우스",review_required,0,0,no_match,,,,0,keep_primary,primary=review_required; no supplementary action needed
busan-VB-268,한성1918,review_required,4,0,high,2927777,https://tong.visitkorea.or.kr/cms/resource_photo/77/2927777_image2_1.jpg,한성1918,20,review_required,"primary rights unknown (dec=""review_required""); PG match=high"
busan-VB-2703,오륜대 초록신선이야기,review_required,0,0,no_match,,,,0,keep_primary,primary=review_required; no supplementary action needed
busan-VB-2704,"부산에서 만나는 특별한 한식 쿠킹클래스, 배로모디",review_required,0,0,no_match,,,,0,keep_primary,primary=review_required; no supplementary action needed
busan-VB-272,마음에 책갈피 하나를 꽂다 - 보수동책방골목,review_required,0,0,no_match,,,,0,keep_primary,primary=review_required; no supplementary action needed
busan-VB-273,대한민국 피란수도 부산을 만나다.,review_required,0,0,no_match,,,,0,keep_primary,primary=review_required; no supplementary action needed
busan-VB-274,대한민국의 역사적 가치를 품은 동아대학교 석당박물관,review_required,0,4,manual_review,,,,0,review_required,"primary rights unknown (dec=""review_required""); PG match=manual_review"
busan-VB-275,아픈 역사에 위로를 국립일제강제동원역사관,review_required,0,0,no_match,,,,0,keep_primary,primary=review_required; no supplementary action needed
busan-VB-2755,부산교육역사관,review_required,0,0,no_match,,,,0,keep_primary,primary=review_required; no supplementary action needed
busan-VB-276,"부산의 역사, 대한민국의 역사",review_required,0,0,no_match,,,,0,keep_primary,primary=review_required; no supplementary action needed
busan-VB-2763,"부산 최고 수준의 시설을 자랑하는 웰메이드 소극장, KNN시어터",review_required,0,0,no_match,,,,0,keep_primary,primary=review_required; no supplementary action needed
busan-VB-277,세계인이 기억하는 땅 유엔기념공원,review_required,0,0,no_match,,,,0,keep_primary,primary=review_required; no supplementary action needed
busan-VB-278,오륙도가 전해주는 바다,review_required,0,0,no_match,,,,0,keep_primary,primary=review_required; no supplementary action needed
busan-VB-279,"신선대, 신선이 사랑한 풍경",review_required,0,0,no_match,,,,0,keep_primary,primary=review_required; no supplementary action needed
busan-VB-280,"자연 그대로를 간직하다, 송정해수욕장",review_required,0,0,no_match,,,,0,keep_primary,primary=review_required; no supplementary action needed
busan-VB-281,책과 함께하는 영원한 여행 이터널저니,review_required,0,0,no_match,,,,0,keep_primary,primary=review_required; no supplementary action needed
busan-VB-285,광안리 바다의 낭만 민락수변공원,review_required,0,0,no_match,,,,0,keep_primary,primary=review_required; no supplementary action needed
busan-VB-286,100년을 넘어 다시 태어난 송도해수욕장,review_required,0,0,no_match,,,,0,keep_primary,primary=review_required; no supplementary action needed
busan-VB-287,강과 바다가 만나는 곳 아미산전망대,review_required,0,0,no_match,,,,0,keep_primary,primary=review_required; no supplementary action needed
busan-VB-288,묘지 비석을 품은 동네 아미동 비석문화마을,review_required,0,0,no_match,,,,0,keep_primary,primary=review_required; no supplementary action needed
busan-VB-289,벡스코 옆 미술관 부산시립미술관,review_required,0,0,no_match,,,,0,keep_primary,primary=review_required; no supplementary action needed
busan-VB-290,바다의 안녕을 기원하는 오랑대공원,review_required,0,1,manual_review,,,,0,review_required,"primary rights unknown (dec=""review_required""); PG match=manual_review"
busan-VB-291,바다 속 체험은 국립수산과학관으로,review_required,0,0,no_match,,,,0,keep_primary,primary=review_required; no supplementary action needed
busan-VB-292,좌판의 힘 기장시장,review_required,0,11,manual_review,,,,0,review_required,"primary rights unknown (dec=""review_required""); PG match=manual_review"
busan-VB-293,광안리 바다의 참맛 민락회타운,review_required,0,1,manual_review,,,,0,review_required,"primary rights unknown (dec=""review_required""); PG match=manual_review"
busan-VB-294,텔레비전에 나온 시장맛집 해운대시장,review_required,0,0,no_match,,,,0,keep_primary,primary=review_required; no supplementary action needed
busan-VB-295,"사람답게 살아가라, 요산문학관",review_required,0,0,no_match,,,,0,keep_primary,primary=review_required; no supplementary action needed
busan-VB-296,기억해야 할 이름 박차정의사,review_required,0,0,no_match,,,,0,keep_primary,primary=review_required; no supplementary action needed
busan-VB-297,우리 작물을 먹을 수 있는 이유 우장춘 박사,review_required,0,0,no_match,,,,0,keep_primary,primary=review_required; no supplementary action needed
busan-VB-298,산복도로 전망대 누리바라기,review_required,0,0,no_match,,,,0,keep_primary,primary=review_required; no supplementary action needed
busan-VB-299,인간에 대한 위로 최민식 갤러리,review_required,0,0,no_match,,,,0,keep_primary,primary=review_required; no supplementary action needed
busan-VB-301,시원한 오솔길 걸어요 수영사적공원,review_required,0,0,no_match,,,,0,keep_primary,primary=review_required; no supplementary action needed
busan-VB-302,기상계 유네스코 문화재 부산기상관측소,review_required,0,0,no_match,,,,0,keep_primary,primary=review_required; no supplementary action needed
busan-VB-313,어린이들의 교통안전교육은 구포어린이교통공원에서,review_required,0,0,no_match,,,,0,keep_primary,primary=review_required; no supplementary action needed
busan-VB-314,놀면서 배우는 법의 모든 것 솔로몬로파크,review_required,0,0,no_match,,,,0,keep_primary,primary=review_required; no supplementary action needed
busan-VB-315,어촌문화여행 부산어촌민속관,review_required,0,0,no_match,,,,0,keep_primary,primary=review_required; no supplementary action needed
busan-VB-325,"봄, 여름, 가을, 겨울이 다 달라 삼락생태공원",review_required,0,0,no_match,,,,0,keep_primary,primary=review_required; no supplementary action needed
busan-VB-326,"암남반도 남쪽 끝자락, 암남공원을 만나다",review_required,0,0,no_match,,,,0,keep_primary,primary=review_required; no supplementary action needed
busan-VB-328,빛나는 서면시장,review_required,0,0,no_match,,,,0,keep_primary,primary=review_required; no supplementary action needed
busan-VB-333,알록달록 포토존 가득한 부네치아 장림포구,review_required,0,0,no_match,,,,0,keep_primary,primary=review_required; no supplementary action needed
busan-VB-334,아는 만큼 보이는 섬 가덕도,review_required,0,0,no_match,,,,0,keep_primary,primary=review_required; no supplementary action needed
busan-VB-335,"즐거움과 편안함, 두근거림이 함께하는 렛츠런파크",review_required,0,0,no_match,,,,0,keep_primary,primary=review_required; no supplementary action needed
busan-VB-336,"낙동강을 따라 떠나는 생태여행, 낙동강생태탐방선",review_required,0,0,no_match,,,,0,keep_primary,primary=review_required; no supplementary action needed
busan-VB-339,패들보드와 함께 발견하는 자연의 경이로움,review_required,0,0,no_match,,,,0,keep_primary,primary=review_required; no supplementary action needed
busan-VB-340,과학을 알면 미래가 보인다! 국립부산과학관,review_required,0,0,no_match,,,,0,keep_primary,primary=review_required; no supplementary action needed
busan-VB-343,흐름과 소통의 연결고리 송상현광장,review_required,0,0,no_match,,,,0,keep_primary,primary=review_required; no supplementary action needed
busan-VB-344,아이와 함께 자연 속으로 어린이대공원,review_required,0,0,no_match,,,,0,keep_primary,primary=review_required; no supplementary action needed
busan-VB-347,부처님의 세 가지 염원 삼광사,review_required,0,1,manual_review,,,,0,review_required,"primary rights unknown (dec=""review_required""); PG match=manual_review"
busan-VB-348,도심 속 작은 어촌마을 청사포와 미포,review_required,0,0,no_match,,,,0,keep_primary,primary=review_required; no supplementary action needed
busan-VB-354,"부산시민의 품으로 되돌아온 쉼터, 부산시민공원",review_required,0,0,no_match,,,,0,keep_primary,primary=review_required; no supplementary action needed
busan-VB-358,‘쌈마이 감성’ 가득한 호랑이마을 호천마을,review_required,0,0,no_match,,,,0,keep_primary,primary=review_required; no supplementary action needed
busan-VB-359,봉래산 전망이 끝내줘요~!,review_required,0,0,no_match,,,,0,keep_primary,primary=review_required; no supplementary action needed
busan-VB-361,"니가 가라, 영화의 거리",review_required,0,0,no_match,,,,0,keep_primary,primary=review_required; no supplementary action needed
busan-VB-362,소확행은 공원이지_APEC나루공원,review_required,0,0,no_match,,,,0,keep_primary,primary=review_required; no supplementary action needed
busan-VB-364,지나간 시절을 되짚어 오르는 40계단,review_required,0,0,no_match,,,,0,keep_primary,primary=review_required; no supplementary action needed
busan-VB-365,"알록달록 아름답게 펼쳐진 파스텔톤, 감천문화마을",review_required,0,0,no_match,,,,0,keep_primary,primary=review_required; no supplementary action needed
busan-VB-366,발길 닿는 곳 어디든 아름다운 다대포해수욕장,review_required,0,0,no_match,,,,0,keep_primary,primary=review_required; no supplementary action needed
busan-VB-368,부산여행의 이유 용두산공원,review_required,0,0,no_match,,,,0,keep_primary,primary=review_required; no supplementary action needed
busan-VB-369,눈물로 약속한 공간 영도대교,review_required,0,9,manual_review,,,,0,review_required,"primary rights unknown (dec=""review_required""); PG match=manual_review"
busan-VB-371,눈부신 부산을 선물하다 황령산 전망쉼터,review_required,0,0,no_match,,,,0,keep_primary,primary=review_required; no supplementary action needed
busan-VB-372,와이어공장에서 문화공장으로 F1963,review_required,0,0,no_match,,,,0,keep_primary,primary=review_required; no supplementary action needed
busan-VB-373,"부산 바다의 정석, 해운대해수욕장",review_required,0,0,no_match,,,,0,keep_primary,primary=review_required; no supplementary action needed
busan-VB-377,광안리의 밤은 당신의 낮보다 아름답다,review_required,0,0,no_match,,,,0,keep_primary,primary=review_required; no supplementary action needed
busan-VB-396,금정산이 있어 더 부산다운 부산,review_required,0,0,no_match,,,,0,keep_primary,primary=review_required; no supplementary action needed
busan-VB-397,뉴트로 감성 가득한 금강공원과 식물원,review_required,0,0,no_match,,,,0,keep_primary,primary=review_required; no supplementary action needed
busan-VB-402,영남 3대사찰 범어사를 만나다,review_required,0,0,no_match,,,,0,keep_primary,primary=review_required; no supplementary action needed
busan-VB-409,오리지널 부산은 바로 여기! 동래읍성,review_required,0,0,no_match,,,,0,keep_primary,primary=review_required; no supplementary action needed
busan-VB-413,부산 최대 쇼핑거리 광복로패션거리,review_required,0,0,no_match,,,,0,keep_primary,primary=review_required; no supplementary action needed
busan-VB-415,부산 속 작은 중국 상해거리를 걷다,review_required,0,0,no_match,,,,0,keep_primary,primary=review_required; no supplementary action needed
busan-VB-418,"골목길 안 거리미술관, 이중섭 문화거리",review_required,0,0,no_match,,,,0,keep_primary,primary=review_required; no supplementary action needed
busan-VB-419,"가야 왕국의 귀환, 복천박물관/복천동고분군",review_required,0,0,no_match,,,,0,keep_primary,primary=review_required; no supplementary action needed
busan-VB-420,주말엔 방콕 말고 벡스코!,review_required,0,0,no_match,,,,0,keep_primary,primary=review_required; no supplementary action needed
busan-VB-421,영화도시 부산의 랜드마크 영화의 전당,review_required,0,0,no_match,,,,0,keep_primary,primary=review_required; no supplementary action needed
busan-VB-422,"동래여행의 깨알 즐거움, 동래시장",review_required,0,0,no_match,,,,0,keep_primary,primary=review_required; no supplementary action needed
busan-VB-425,불광산과 그 계곡을 두른 천년고찰 장안사,review_required,0,0,no_match,,,,0,keep_primary,primary=review_required; no supplementary action needed
busan-VB-426,백양산에 올라 부산을 보다,review_required,0,0,no_match,,,,0,keep_primary,primary=review_required; no supplementary action needed
busan-VB-429,"바다와 음악, 버스커와 관객이 만드는 최고의 무대",review_required,0,0,no_match,,,,0,keep_primary,primary=review_required; no supplementary action needed
busan-VB-43,"미래를 비추는 거울, 아이들의 공간 키자니아",review_required,0,0,no_match,,,,0,keep_primary,primary=review_required; no supplementary action needed
busan-VB-430,"추억과 자연이 공존하는 곳, 성지곡수원지",review_required,0,1,manual_review,,,,0,review_required,"primary rights unknown (dec=""review_required""); PG match=manual_review"
busan-VB-432,마린시티와 광안대교를 품은 장산 정상으로,review_required,0,0,no_match,,,,0,keep_primary,primary=review_required; no supplementary action needed
busan-VB-433,"자연 암벽에 내려앉은 부처의 염원, 석불사",review_required,0,0,no_match,,,,0,keep_primary,primary=review_required; no supplementary action needed
busan-VB-436,"맨발로 걷기 좋은 황토숲길, 회동수원지를 거닐다",review_required,0,0,no_match,,,,0,keep_primary,primary=review_required; no supplementary action needed
busan-VB-439,"마음으로 읊는 공자왈 맹자왈, 동래향교&기장향교",review_required,0,0,no_match,,,,0,keep_primary,primary=review_required; no supplementary action needed
busan-VB-44,직접 만나는 바다 부산아쿠아리움,review_required,0,0,no_match,,,,0,keep_primary,primary=review_required; no supplementary action needed
busan-VB-444,"하늘과 바다가 만나는 길, 가덕도 연대봉",review_required,0,0,no_match,,,,0,keep_primary,primary=review_required; no supplementary action needed
busan-VB-445,부산의 가을을 담은 승학산 억새평원,review_required,0,0,no_match,,,,0,keep_primary,primary=review_required; no supplementary action needed
busan-VB-446,살아있음을 느껴라! 산악자전거 라이딩,review_required,0,0,no_match,,,,0,keep_primary,primary=review_required; no supplementary action needed
busan-VB-448,"빳빳한 도복 자락에 담긴 한국의 정신, 태권도",review_required,0,1,manual_review,,,,0,review_required,"primary rights unknown (dec=""review_required""); PG match=manual_review"
busan-VB-450,이야기와 예술이 있는 대룡마을,review_required,0,0,no_match,,,,0,keep_primary,primary=review_required; no supplementary action needed
busan-VB-456,힐링이 필요한 날 대신공원,review_required,0,0,no_match,,,,0,keep_primary,primary=review_required; no supplementary action needed
busan-VB-457,소풍 명당 화명수목원,review_required,0,0,no_match,,,,0,keep_primary,primary=review_required; no supplementary action needed
busan-VB-458,천년의 향기 선암사,review_required,0,0,no_match,,,,0,keep_primary,primary=review_required; no supplementary action needed
busan-VB-459,운수사에 서면 낙동강이 내 품으로,review_required,0,0,no_match,,,,0,keep_primary,primary=review_required; no supplementary action needed
busan-VB-463,"‘스포원’, 낮부터 밤까지 즐거움 가득!",review_required,0,0,no_match,,,,0,keep_primary,primary=review_required; no supplementary action needed
busan-VB-482,"일상 속 쉼표를 찍는 시간, 템플스테이",review_required,0,0,no_match,,,,0,keep_primary,primary=review_required; no supplementary action needed
busan-VB-483,소막마을을 아시나요?,review_required,0,0,no_match,,,,0,keep_primary,primary=review_required; no supplementary action needed
busan-VB-501,"언제나 그 자리에, 충렬사",review_required,0,0,no_match,,,,0,keep_primary,primary=review_required; no supplementary action needed
busan-VB-506,쇼핑가서 재미있게 놀자! 롯데프리미엄아울렛 동부산점,review_required,0,0,no_match,,,,0,keep_primary,primary=review_required; no supplementary action needed
busan-VB-508,커피의 모든 것 부산커피박물관,review_required,0,0,no_match,,,,0,keep_primary,primary=review_required; no supplementary action needed
busan-VB-511,"주민들의 소통 공간, 사상생활사박물관",review_required,0,0,no_match,,,,0,keep_primary,primary=review_required; no supplementary action needed
busan-VB-518,부산 로컬푸드 쿠킹클래스,review_required,0,0,no_match,,,,0,keep_primary,primary=review_required; no supplementary action needed
busan-VB-527,열정과 에너지가 가득한 ‘작은부산’ 사직야구장,review_required,0,1,manual_review,,,,0,review_required,"primary rights unknown (dec=""review_required""); PG match=manual_review"
busan-VB-530,주말 소풍으로 딱 좋은 농장체험,review_required,0,0,no_match,,,,0,keep_primary,primary=review_required; no supplementary action needed
busan-VB-537,롯데면세점 부산점,review_required,0,0,no_match,,,,0,keep_primary,primary=review_required; no supplementary action needed
busan-VB-539,부산면세점 용두산점,review_required,0,0,no_match,,,,0,keep_primary,primary=review_required; no supplementary action needed
busan-VB-540,롯데면세점 김해공항점,review_required,0,0,no_match,,,,0,keep_primary,primary=review_required; no supplementary action needed
busan-VB-541,롯데백화점 부산본점,review_required,0,0,no_match,,,,0,keep_primary,primary=review_required; no supplementary action needed
busan-VB-545,음악분수쇼와 전망대를 만나는 롯데백화점 광복점,review_required,0,0,no_match,,,,0,keep_primary,primary=review_required; no supplementary action needed
busan-VB-546,롯데백화점 센텀시티점,review_required,0,0,no_match,,,,0,keep_primary,primary=review_required; no supplementary action needed
busan-VB-547,롯데백화점 동래점,review_required,0,0,no_match,,,,0,keep_primary,primary=review_required; no supplementary action needed
busan-VB-548,신세계백화점 센텀시티점,review_required,0,0,no_match,,,,0,keep_primary,primary=review_required; no supplementary action needed
busan-VB-552,이국적인 쇼핑 스트리트에 빠지다! 부산프리미엄아울렛,review_required,0,0,no_match,,,,0,keep_primary,primary=review_required; no supplementary action needed
busan-VB-554,NC백화점 해운대점,review_required,0,0,no_match,,,,0,keep_primary,primary=review_required; no supplementary action needed
busan-VB-555,NC백화점 부산대점,review_required,0,0,no_match,,,,0,keep_primary,primary=review_required; no supplementary action needed
busan-VB-757,오늘의 산책_신평소공원,review_required,0,0,no_match,,,,0,keep_primary,primary=review_required; no supplementary action needed
busan-VB-804,"상상하던 동화 속 그 마을, 기장 도예 관광 힐링촌 테마숲",review_required,0,0,no_match,,,,0,keep_primary,primary=review_required; no supplementary action needed
busan-VB-813,"누나의 길, 한국신발관",review_required,0,4,manual_review,,,,0,review_required,"primary rights unknown (dec=""review_required""); PG match=manual_review"
busan-VB-819,머물고 싶은 쇼핑센터 IKEA동부산점,review_required,0,0,no_match,,,,0,keep_primary,primary=review_required; no supplementary action needed
busan-VB-833,송도에서 구름 위를 느끼는 법,review_required,0,0,no_match,,,,0,keep_primary,primary=review_required; no supplementary action needed
busan-VB-838,"부산의 옛 흔적을 찾아, 우암동 소막마을",review_required,0,0,no_match,,,,0,keep_primary,primary=review_required; no supplementary action needed
busan-VB-839,강물 따라 유유히 카약을 즐기다,review_required,0,0,no_match,,,,0,keep_primary,primary=review_required; no supplementary action needed
busan-VB-859,오늘의산책_구덕문화공원,review_required,0,0,no_match,,,,0,keep_primary,primary=review_required; no supplementary action needed
busan-VB-876,묘지 위에 세워진 희망 ‘아미동 비석문화마을’,review_required,0,8,manual_review,,,,0,review_required,"primary rights unknown (dec=""review_required""); PG match=manual_review"
busan-VB-960,디에이블 부산송도점,review_required,0,0,no_match,,,,0,keep_primary,primary=review_required; no supplementary action needed
busan-VB-986,금정산성문화체험촌,review_required,0,0,no_match,,,,0,keep_primary,primary=review_required; no supplementary action needed
busan-VB-996,부산엑스더스카이 전망대,review_required,0,0,no_match,,,,0,keep_primary,primary=review_required; no supplementary action needed