candidate_id,title_ko,category,district,lat,lng,primary_source_type,primary_external_id,linked_source_keys,source_url,display_url,primary_image_url,image_count,image_status,rights_status,rights_basis,collected_at,provenance_file,provenance_commit
busan-A-00001,흰여울문화마을,attraction,영도구,35.07885,129.04402,busan_official_api,AttractionService:255:ko,AttractionService:255:ko,,,https://www.visitbusan.net/uploadImgs/files/cntnts/20191222164810529_ttiel,1,image_sufficient,operational_assumed,"공식 관광 원천 일반 홍보 이미지, 이미지 수준 명시적 제한 미확인",2026-07-24T00:27:42.723Z,data/tourapi/candidates/busan/busan-integrated-candidates.csv,fe43388
busan-A-00002,깡깡이 예술마을,attraction,영도구,35.092648,129.03255,busan_official_api,AttractionService:256:ko,AttractionService:256:ko,,,https://www.visitbusan.net/uploadImgs/files/cntnts/20191222171209005_ttiel,1,image_sufficient,operational_assumed,"공식 관광 원천 일반 홍보 이미지, 이미지 수준 명시적 제한 미확인",2026-07-24T00:27:42.723Z,data/tourapi/candidates/busan/busan-integrated-candidates.csv,fe43388
busan-A-00003,"국립해양박물관(한,영,중간,중번,일)",attraction,영도구,35.078728,129.08018,busan_official_api,AttractionService:257:ko,AttractionService:257:ko,,,https://www.visitbusan.net/uploadImgs/files/cntnts/20191222175627506_ttiel,1,image_sufficient,operational_assumed,"공식 관광 원천 일반 홍보 이미지, 이미지 수준 명시적 제한 미확인",2026-07-24T00:27:42.723Z,data/tourapi/candidates/busan/busan-integrated-candidates.csv,fe43388
busan-A-00004,태종대,attraction,영도구,35.052643,129.0878,busan_official_api,AttractionService:258:ko,AttractionService:258:ko,,,https://www.visitbusan.net/uploadImgs/files/cntnts/20191222180829962_ttiel,1,image_sufficient,operational_assumed,"공식 관광 원천 일반 홍보 이미지, 이미지 수준 명시적 제한 미확인",2026-07-24T00:27:42.723Z,data/tourapi/candidates/busan/busan-integrated-candidates.csv,fe43388
busan-A-00005,죽성성당,attraction,기장군,35.241013,129.24864,busan_official_api,AttractionService:259:ko,AttractionService:259:ko,,,https://www.visitbusan.net/uploadImgs/files/cntnts/20191222181829937_ttiel,1,image_sufficient,operational_assumed,"공식 관광 원천 일반 홍보 이미지, 이미지 수준 명시적 제한 미확인",2026-07-24T00:27:42.723Z,data/tourapi/candidates/busan/busan-integrated-candidates.csv,fe43388
busan-A-00006,"아홉산 숲 (한,영,중간,중번,일)",attraction,기장군,35.287334,129.17046,busan_official_api,AttractionService:260:ko,AttractionService:260:ko,,,https://www.visitbusan.net/uploadImgs/files/cntnts/20191222185645736_ttiel,1,image_sufficient,operational_assumed,"공식 관광 원천 일반 홍보 이미지, 이미지 수준 명시적 제한 미확인",2026-07-24T00:27:42.723Z,data/tourapi/candidates/busan/busan-integrated-candidates.csv,fe43388
busan-A-00007,"해동용궁사 (한,영,중간,중번,일)",attraction,기장군,35.188583,129.22346,busan_official_api,AttractionService:261:ko,AttractionService:261:ko,,,https://www.visitbusan.net/uploadImgs/files/cntnts/20191222190823385_ttiel,1,image_sufficient,operational_assumed,"공식 관광 원천 일반 홍보 이미지, 이미지 수준 명시적 제한 미확인",2026-07-24T00:27:42.723Z,data/tourapi/candidates/busan/busan-integrated-candidates.csv,fe43388
busan-A-00008,임랑해수욕장,attraction,기장군,35.31905,129.26451,busan_official_api,AttractionService:262:ko,AttractionService:262:ko,,,https://www.visitbusan.net/uploadImgs/files/cntnts/20191224093809621_ttiel,1,image_sufficient,operational_assumed,"공식 관광 원천 일반 홍보 이미지, 이미지 수준 명시적 제한 미확인",2026-07-24T00:27:42.723Z,data/tourapi/candidates/busan/busan-integrated-candidates.csv,fe43388
busan-A-00009,"문화공감 수정, 초량1941(한,영,중간,중번,일)",attraction,동구,35.125793,129.04265,busan_official_api,AttractionService:264:ko,AttractionService:264:ko,,,https://www.visitbusan.net/uploadImgs/files/cntnts/20191224171115847_ttiel,1,image_sufficient,operational_assumed,"공식 관광 원천 일반 홍보 이미지, 이미지 수준 명시적 제한 미확인",2026-07-24T00:27:42.723Z,data/tourapi/candidates/busan/busan-integrated-candidates.csv,fe43388
busan-A-00010,"부산바다의 과거와 현재, 일광해수욕장",attraction,기장군,35.259953,129.23373,visitbusan_web,VisitBusanContent:attraction:265:ko,VisitBusanContent:attraction:265:ko|AttractionService:265:ko,https://www.visitbusan.net/kr/index.do?menuCd=DOM_000000201001001000&uc_seq=265&lang_cd=ko,,https://www.visitbusan.net/uploadImgs/files/cntnts/20191225143353231_ttiel,1,image_sufficient,operational_assumed,"공식 관광 원천 일반 홍보 이미지, 이미지 수준 명시적 제한 미확인",2026-07-24T07:12:01.808Z,data/tourapi/candidates/busan/busan-integrated-candidates.csv,fe43388
busan-A-00011,"구 백제병원 (한,영,중간,중번,일)",attraction,동구,35.116383,129.03917,visitbusan_web,VisitBusanContent:attraction:266:ko,VisitBusanContent:attraction:266:ko|AttractionService:266:ko,https://www.visitbusan.net/kr/index.do?menuCd=DOM_000000201001001000&uc_seq=266&lang_cd=ko,,https://www.visitbusan.net/uploadImgs/files/cntnts/20191225145805369_ttiel,1,image_sufficient,operational_assumed,"공식 관광 원천 일반 홍보 이미지, 이미지 수준 명시적 제한 미확인",2026-07-24T07:11:40.996Z,data/tourapi/candidates/busan/busan-integrated-candidates.csv,fe43388
busan-A-00012,백산기념관,attraction,중구,35.101955,129.03456,visitbusan_web,VisitBusanContent:attraction:267:ko,VisitBusanContent:attraction:267:ko|AttractionService:267:ko,https://www.visitbusan.net/kr/index.do?menuCd=DOM_000000201001001000&uc_seq=267&lang_cd=ko,http://www.bsjunggu.go.kr/tour/index.junggu?menuCd=DOM_000000208002001000&link=success&cpath=%2Ftour,https://www.visitbusan.net/uploadImgs/files/cntnts/20191225150331107_ttiel,1,image_sufficient,operational_assumed,"공식 관광 원천 일반 홍보 이미지, 이미지 수준 명시적 제한 미확인",2026-07-24T07:12:16.503Z,data/tourapi/candidates/busan/busan-integrated-candidates.csv,fe43388
busan-A-00013,"한성1918 부산생활문화센터(한,영,중간,중번,일)",attraction,중구,35.10178,129.03444,busan_official_api,AttractionService:268:ko,AttractionService:268:ko,,,https://www.visitbusan.net/uploadImgs/files/cntnts/20191225150936833_ttiel,1,image_sufficient,operational_assumed,"공식 관광 원천 일반 홍보 이미지, 이미지 수준 명시적 제한 미확인",2026-07-24T00:27:42.723Z,data/tourapi/candidates/busan/busan-integrated-candidates.csv,fe43388
busan-A-00014,"조선통신사역사관(한,영,중간,중번,일)",attraction,동구,35.135754,129.06203,visitbusan_web,VisitBusanContent:attraction:269:ko,VisitBusanContent:attraction:269:ko|AttractionService:269:ko,https://www.visitbusan.net/kr/index.do?menuCd=DOM_000000201001001000&uc_seq=269&lang_cd=ko,http://www.tongsinsa.com/html/,https://www.visitbusan.net/uploadImgs/files/cntnts/20191225151358656_ttiel,1,image_sufficient,operational_assumed,"공식 관광 원천 일반 홍보 이미지, 이미지 수준 명시적 제한 미확인",2026-07-24T07:12:28.336Z,data/tourapi/candidates/busan/busan-integrated-candidates.csv,fe43388
busan-A-00015,부산해양자연사박물관,attraction,동래구,35.22178,129.07591,visitbusan_web,VisitBusanContent:attraction:270:ko,VisitBusanContent:attraction:270:ko|AttractionService:270:ko,https://www.visitbusan.net/kr/index.do?menuCd=DOM_000000201001001000&uc_seq=270&lang_cd=ko,http://sea.busan.go.kr,https://www.visitbusan.net/uploadImgs/files/cntnts/20191225151830289_ttiel,1,image_sufficient,operational_assumed,"공식 관광 원천 일반 홍보 이미지, 이미지 수준 명시적 제한 미확인",2026-07-24T07:12:22.267Z,data/tourapi/candidates/busan/busan-integrated-candidates.csv,fe43388
busan-A-00016,보수동책방골목,attraction,중구,35.103367,129.02663,busan_official_api,AttractionService:272:ko,AttractionService:272:ko,,,https://www.visitbusan.net/uploadImgs/files/cntnts/20191225154726785_ttiel,1,image_sufficient,operational_assumed,"공식 관광 원천 일반 홍보 이미지, 이미지 수준 명시적 제한 미확인",2026-07-24T00:27:42.723Z,data/tourapi/candidates/busan/busan-integrated-candidates.csv,fe43388
busan-A-00017,"임시수도기념관(한,영,중간,중번,일)",attraction,서구,35.103527,129.01735,busan_official_api,AttractionService:273:ko,AttractionService:273:ko,,,https://www.visitbusan.net/uploadImgs/files/cntnts/20250929174908393_ttiel,1,image_sufficient,operational_assumed,"공식 관광 원천 일반 홍보 이미지, 이미지 수준 명시적 제한 미확인",2026-07-24T00:27:42.723Z,data/tourapi/candidates/busan/busan-integrated-candidates.csv,fe43388
busan-A-00018,"동아대석당박물관(한,영,중간,중번,일)",attraction,서구,35.10497,129.01926,busan_official_api,AttractionService:274:ko,AttractionService:274:ko,,,https://www.visitbusan.net/uploadImgs/files/cntnts/20191225160959194_ttiel,1,image_sufficient,operational_assumed,"공식 관광 원천 일반 홍보 이미지, 이미지 수준 명시적 제한 미확인",2026-07-24T00:27:42.723Z,data/tourapi/candidates/busan/busan-integrated-candidates.csv,fe43388
busan-A-00019,"국립일제강제동원역사관(한,영,중간,중번,일)",attraction,남구,35.124355,129.09192,busan_official_api,AttractionService:275:ko,AttractionService:275:ko,,,https://www.visitbusan.net/uploadImgs/files/cntnts/20191225162953256_ttiel,1,image_sufficient,operational_assumed,"공식 관광 원천 일반 홍보 이미지, 이미지 수준 명시적 제한 미확인",2026-07-24T00:27:42.723Z,data/tourapi/candidates/busan/busan-integrated-candidates.csv,fe43388
busan-A-00020,부산박물관,attraction,남구,35.12957,129.09451,busan_official_api,AttractionService:276:ko,AttractionService:276:ko,,,https://www.visitbusan.net/uploadImgs/files/cntnts/20191225163741459_ttiel,1,image_sufficient,operational_assumed,"공식 관광 원천 일반 홍보 이미지, 이미지 수준 명시적 제한 미확인",2026-07-24T00:27:42.723Z,data/tourapi/candidates/busan/busan-integrated-candidates.csv,fe43388
busan-A-00021,"유엔기념공원, 유엔평화기념관(한,영,중간,중번,일)",attraction,남구,35.1277,129.09775,busan_official_api,AttractionService:277:ko,AttractionService:277:ko,,,https://www.visitbusan.net/uploadImgs/files/cntnts/20191225164342360_ttiel,1,image_sufficient,operational_assumed,"공식 관광 원천 일반 홍보 이미지, 이미지 수준 명시적 제한 미확인",2026-07-24T00:27:42.723Z,data/tourapi/candidates/busan/busan-integrated-candidates.csv,fe43388
busan-A-00022,오륙도,attraction,남구,35.102177,129.12334,busan_official_api,AttractionService:278:ko,AttractionService:278:ko,,,https://www.visitbusan.net/uploadImgs/files/cntnts/20191225164921130_ttiel,1,image_sufficient,operational_assumed,"공식 관광 원천 일반 홍보 이미지, 이미지 수준 명시적 제한 미확인",2026-07-24T00:27:42.723Z,data/tourapi/candidates/busan/busan-integrated-candidates.csv,fe43388
busan-A-00023,신선대,attraction,남구,35.102272,129.10277,busan_official_api,AttractionService:279:ko,AttractionService:279:ko,,,https://www.visitbusan.net/uploadImgs/files/cntnts/20191225165635368_ttiel,1,image_sufficient,operational_assumed,"공식 관광 원천 일반 홍보 이미지, 이미지 수준 명시적 제한 미확인",2026-07-24T00:27:42.723Z,data/tourapi/candidates/busan/busan-integrated-candidates.csv,fe43388
busan-A-00024,"송정해수욕장, 죽도공원",attraction,해운대구,35.1786,129.19966,busan_official_api,AttractionService:280:ko,AttractionService:280:ko,,,https://www.visitbusan.net/uploadImgs/files/cntnts/20230630185239164_ttiel,1,image_sufficient,operational_assumed,"공식 관광 원천 일반 홍보 이미지, 이미지 수준 명시적 제한 미확인",2026-07-24T00:27:42.723Z,data/tourapi/candidates/busan/busan-integrated-candidates.csv,fe43388
busan-A-00025,"아난티 코브 이터널저니(한,영,중간,중번,일)",attraction,기장군,35.197235,129.22784,busan_official_api,AttractionService:281:ko,AttractionService:281:ko,,,https://www.visitbusan.net/uploadImgs/files/cntnts/20191225170855698_ttiel,1,image_sufficient,operational_assumed,"공식 관광 원천 일반 홍보 이미지, 이미지 수준 명시적 제한 미확인",2026-07-24T00:27:42.723Z,data/tourapi/candidates/busan/busan-integrated-candidates.csv,fe43388
busan-A-00026,민락수변공원,attraction,수영구,35.15487,129.13399,busan_official_api,AttractionService:285:ko,AttractionService:285:ko,,,https://www.visitbusan.net/uploadImgs/files/cntnts/20191225174730014_ttiel,1,image_sufficient,operational_assumed,"공식 관광 원천 일반 홍보 이미지, 이미지 수준 명시적 제한 미확인",2026-07-24T00:27:42.723Z,data/tourapi/candidates/busan/busan-integrated-candidates.csv,fe43388
busan-A-00027,"송도해수욕장(한,영,중간,중번,일)",attraction,서구,35.07595,129.01694,busan_official_api,AttractionService:286:ko,AttractionService:286:ko,,,https://www.visitbusan.net/uploadImgs/files/cntnts/20191225175459392_ttiel,1,image_sufficient,operational_assumed,"공식 관광 원천 일반 홍보 이미지, 이미지 수준 명시적 제한 미확인",2026-07-24T00:27:42.723Z,data/tourapi/candidates/busan/busan-integrated-candidates.csv,fe43388
busan-A-00028,아미산전망대,attraction,사하구,35.052727,128.96075,busan_official_api,AttractionService:287:ko,AttractionService:287:ko,,,https://www.visitbusan.net/uploadImgs/files/cntnts/20191225180243523_ttiel,1,image_sufficient,operational_assumed,"공식 관광 원천 일반 홍보 이미지, 이미지 수준 명시적 제한 미확인",2026-07-24T00:27:42.723Z,data/tourapi/candidates/busan/busan-integrated-candidates.csv,fe43388
busan-A-00029,아미동 비석마을,attraction,서구,35.099068,129.0127,busan_official_api,AttractionService:288:ko,AttractionService:288:ko,,,https://www.visitbusan.net/uploadImgs/files/cntnts/20191226093554532_ttiel,1,image_sufficient,operational_assumed,"공식 관광 원천 일반 홍보 이미지, 이미지 수준 명시적 제한 미확인",2026-07-24T00:27:42.723Z,data/tourapi/candidates/busan/busan-integrated-candidates.csv,fe43388
busan-A-00030,부산시립미술관,attraction,해운대구,35.16702,129.1369,busan_official_api,AttractionService:289:ko,AttractionService:289:ko,,,https://www.visitbusan.net/uploadImgs/files/cntnts/20191226100545553_ttiel,1,image_sufficient,operational_assumed,"공식 관광 원천 일반 홍보 이미지, 이미지 수준 명시적 제한 미확인",2026-07-24T00:27:42.723Z,data/tourapi/candidates/busan/busan-integrated-candidates.csv,fe43388
busan-A-00031,오랑대공원,attraction,기장군,35.205246,129.22583,busan_official_api,AttractionService:290:ko,AttractionService:290:ko,,,https://www.visitbusan.net/uploadImgs/files/cntnts/20191226101451768_ttiel,1,image_sufficient,operational_assumed,"공식 관광 원천 일반 홍보 이미지, 이미지 수준 명시적 제한 미확인",2026-07-24T00:27:42.723Z,data/tourapi/candidates/busan/busan-integrated-candidates.csv,fe43388
busan-A-00032,국립수산과학관,attraction,기장군,35.193687,129.22423,busan_official_api,AttractionService:291:ko,AttractionService:291:ko,,,https://www.visitbusan.net/uploadImgs/files/cntnts/20191226102157667_ttiel,1,image_sufficient,operational_assumed,"공식 관광 원천 일반 홍보 이미지, 이미지 수준 명시적 제한 미확인",2026-07-24T00:27:42.723Z,data/tourapi/candidates/busan/busan-integrated-candidates.csv,fe43388
busan-A-00033,요산문학관,attraction,금정구,35.27258,129.08571,busan_official_api,AttractionService:295:ko,AttractionService:295:ko,,,https://www.visitbusan.net/uploadImgs/files/cntnts/20191226105751809_ttiel,1,image_sufficient,operational_assumed,"공식 관광 원천 일반 홍보 이미지, 이미지 수준 명시적 제한 미확인",2026-07-24T00:27:42.723Z,data/tourapi/candidates/busan/busan-integrated-candidates.csv,fe43388
busan-A-00034,박차정의사 생가,attraction,동래구,35.20168,129.0904,busan_official_api,AttractionService:296:ko,AttractionService:296:ko,,,https://www.visitbusan.net/uploadImgs/files/cntnts/20191226110347271_ttiel,1,image_sufficient,operational_assumed,"공식 관광 원천 일반 홍보 이미지, 이미지 수준 명시적 제한 미확인",2026-07-24T00:27:42.723Z,data/tourapi/candidates/busan/busan-integrated-candidates.csv,fe43388
busan-A-00035,우장춘 기념관,attraction,동래구,35.213547,129.07202,busan_official_api,AttractionService:297:ko,AttractionService:297:ko,,,https://www.visitbusan.net/uploadImgs/files/cntnts/20191226110901484_ttiel,1,image_sufficient,operational_assumed,"공식 관광 원천 일반 홍보 이미지, 이미지 수준 명시적 제한 미확인",2026-07-24T00:27:42.723Z,data/tourapi/candidates/busan/busan-integrated-candidates.csv,fe43388
busan-A-00036,누리바라기전망대,attraction,서구,35.09092,129.02019,busan_official_api,AttractionService:298:ko,AttractionService:298:ko,,,https://www.visitbusan.net/uploadImgs/files/cntnts/20191226113720642_ttiel,1,image_sufficient,operational_assumed,"공식 관광 원천 일반 홍보 이미지, 이미지 수준 명시적 제한 미확인",2026-07-24T00:27:42.723Z,data/tourapi/candidates/busan/busan-integrated-candidates.csv,fe43388
busan-A-00037,"최민식갤러리(한,영,중간,중번,일)",attraction,서구,35.09833,129.01472,busan_official_api,AttractionService:299:ko,AttractionService:299:ko,,,https://www.visitbusan.net/uploadImgs/files/cntnts/20191226115628787_ttiel,1,image_sufficient,operational_assumed,"공식 관광 원천 일반 홍보 이미지, 이미지 수준 명시적 제한 미확인",2026-07-24T00:27:42.723Z,data/tourapi/candidates/busan/busan-integrated-candidates.csv,fe43388
busan-A-00038,수영사적공원,attraction,수영구,35.170967,129.1143,busan_official_api,AttractionService:301:ko,AttractionService:301:ko,,,https://www.visitbusan.net/uploadImgs/files/cntnts/20191226132135171_ttiel,1,image_sufficient,operational_assumed,"공식 관광 원천 일반 홍보 이미지, 이미지 수준 명시적 제한 미확인",2026-07-24T00:27:42.723Z,data/tourapi/candidates/busan/busan-integrated-candidates.csv,fe43388
busan-A-00039,부산기상관측소,attraction,중구,35.104973,129.03218,busan_official_api,AttractionService:302:ko,AttractionService:302:ko,,,https://www.visitbusan.net/uploadImgs/files/cntnts/20191226132812226_ttiel,1,image_sufficient,operational_assumed,"공식 관광 원천 일반 홍보 이미지, 이미지 수준 명시적 제한 미확인",2026-07-24T00:27:42.723Z,data/tourapi/candidates/busan/busan-integrated-candidates.csv,fe43388
busan-A-00040,"철새와 함께하는 아름다운 문화의 향연, 을숙도(한,영,중간,중번,일)",attraction,사하구,35.107143,128.94283,visitbusan_web,VisitBusanContent:attraction:304:ko,VisitBusanContent:attraction:304:ko|AttractionService:304:ko,https://www.visitbusan.net/kr/index.do?menuCd=DOM_000000201001001000&uc_seq=304&lang_cd=ko,http://wetland.busan.go.kr,https://www.visitbusan.net/uploadImgs/files/cntnts/20191226143325464_ttiel,1,image_sufficient,operational_assumed,"공식 관광 원천 일반 홍보 이미지, 이미지 수준 명시적 제한 미확인",2026-07-24T07:11:28.058Z,data/tourapi/candidates/busan/busan-integrated-candidates.csv,fe43388
busan-A-00041,부산시청자미디어센터,attraction,해운대구,35.17255,129.1302,busan_official_api,AttractionService:308:ko,AttractionService:308:ko,,,https://www.visitbusan.net/uploadImgs/files/cntnts/20191226152407686_ttiel,1,image_sufficient,operational_assumed,"공식 관광 원천 일반 홍보 이미지, 이미지 수준 명시적 제한 미확인",2026-07-24T00:27:42.723Z,data/tourapi/candidates/busan/busan-integrated-candidates.csv,fe43388
busan-A-00042,"구포어린이교통공원(한,영,중간,중번,일)",attraction,북구,35.200676,129.0009,busan_official_api,AttractionService:313:ko,AttractionService:313:ko,,,https://www.visitbusan.net/uploadImgs/files/cntnts/20191226182356876_ttiel,1,image_sufficient,operational_assumed,"공식 관광 원천 일반 홍보 이미지, 이미지 수준 명시적 제한 미확인",2026-07-24T00:27:42.723Z,data/tourapi/candidates/busan/busan-integrated-candidates.csv,fe43388
busan-A-00043,부산솔로몬로파크,attraction,북구,35.200798,129.00198,busan_official_api,AttractionService:314:ko,AttractionService:314:ko,,,https://www.visitbusan.net/uploadImgs/files/cntnts/20191226183133502_ttiel,1,image_sufficient,operational_assumed,"공식 관광 원천 일반 홍보 이미지, 이미지 수준 명시적 제한 미확인",2026-07-24T00:27:42.723Z,data/tourapi/candidates/busan/busan-integrated-candidates.csv,fe43388
busan-A-00044,부산어촌민속관,attraction,북구,35.234074,129.00859,busan_official_api,AttractionService:315:ko,AttractionService:315:ko,,,https://www.visitbusan.net/uploadImgs/files/cntnts/20191226184130120_ttiel,1,image_sufficient,operational_assumed,"공식 관광 원천 일반 홍보 이미지, 이미지 수준 명시적 제한 미확인",2026-07-24T00:27:42.723Z,data/tourapi/candidates/busan/busan-integrated-candidates.csv,fe43388
busan-A-00045,삼락생태공원,attraction,사상구,35.16884,128.97397,busan_official_api,AttractionService:325:ko,AttractionService:325:ko,,,https://www.visitbusan.net/uploadImgs/files/cntnts/20230602100722403_ttiel,1,image_sufficient,operational_assumed,"공식 관광 원천 일반 홍보 이미지, 이미지 수준 명시적 제한 미확인",2026-07-24T00:27:42.723Z,data/tourapi/candidates/busan/busan-integrated-candidates.csv,fe43388
busan-A-00046,"암남공원, 송도해안볼레길",attraction,서구,35.058804,129.01566,busan_official_api,AttractionService:326:ko,AttractionService:326:ko,,,https://www.visitbusan.net/uploadImgs/files/cntnts/20191227112720050_ttiel,1,image_sufficient,operational_assumed,"공식 관광 원천 일반 홍보 이미지, 이미지 수준 명시적 제한 미확인",2026-07-24T00:27:42.723Z,data/tourapi/candidates/busan/busan-integrated-candidates.csv,fe43388
busan-A-00047,장림포구 (부네치아),attraction,사하구,35.080727,128.95694,busan_official_api,AttractionService:333:ko,AttractionService:333:ko,,,https://www.visitbusan.net/uploadImgs/files/cntnts/20191227160751479_ttiel,1,image_sufficient,operational_assumed,"공식 관광 원천 일반 홍보 이미지, 이미지 수준 명시적 제한 미확인",2026-07-24T00:27:42.723Z,data/tourapi/candidates/busan/busan-integrated-candidates.csv,fe43388
busan-A-00048,가덕도,attraction,강서구,35.022896,128.8172,busan_official_api,AttractionService:334:ko,AttractionService:334:ko,,,https://www.visitbusan.net/uploadImgs/files/cntnts/20191227161822663_ttiel,1,image_sufficient,operational_assumed,"공식 관광 원천 일반 홍보 이미지, 이미지 수준 명시적 제한 미확인",2026-07-24T00:27:42.723Z,data/tourapi/candidates/busan/busan-integrated-candidates.csv,fe43388
busan-A-00049,렛츠런파크 부산경남,attraction,강서구,35.1566,128.87521,busan_official_api,AttractionService:335:ko,AttractionService:335:ko,,,https://www.visitbusan.net/uploadImgs/files/cntnts/20191227163229549_ttiel,1,image_sufficient,operational_assumed,"공식 관광 원천 일반 홍보 이미지, 이미지 수준 명시적 제한 미확인",2026-07-24T00:27:42.723Z,data/tourapi/candidates/busan/busan-integrated-candidates.csv,fe43388
busan-A-00050,국립부산과학관,attraction,기장군,35.20468,129.2127,busan_official_api,AttractionService:340:ko,AttractionService:340:ko,,,https://www.visitbusan.net/uploadImgs/files/cntnts/20230901132543063_ttiel,1,image_sufficient,operational_assumed,"공식 관광 원천 일반 홍보 이미지, 이미지 수준 명시적 제한 미확인",2026-07-24T00:27:42.723Z,data/tourapi/candidates/busan/busan-integrated-candidates.csv,fe43388
busan-A-00051,송상현광장,attraction,부산진구,35.166397,129.06595,busan_official_api,AttractionService:343:ko,AttractionService:343:ko,,,https://www.visitbusan.net/uploadImgs/files/cntnts/20191227175243198_ttiel,1,image_sufficient,operational_assumed,"공식 관광 원천 일반 홍보 이미지, 이미지 수준 명시적 제한 미확인",2026-07-24T00:27:42.723Z,data/tourapi/candidates/busan/busan-integrated-candidates.csv,fe43388
busan-A-00052,어린이대공원,attraction,부산진구,35.184998,129.04153,busan_official_api,AttractionService:344:ko,AttractionService:344:ko,,,https://www.visitbusan.net/uploadImgs/files/cntnts/20191227180139517_ttiel,1,image_sufficient,operational_assumed,"공식 관광 원천 일반 홍보 이미지, 이미지 수준 명시적 제한 미확인",2026-07-24T00:27:42.723Z,data/tourapi/candidates/busan/busan-integrated-candidates.csv,fe43388
busan-A-00053,국립부산국악원,attraction,부산진구,35.17132,129.05424,busan_official_api,AttractionService:346:ko,AttractionService:346:ko,,,https://www.visitbusan.net/uploadImgs/files/cntnts/20191227181259877_ttiel,1,image_sufficient,operational_assumed,"공식 관광 원천 일반 홍보 이미지, 이미지 수준 명시적 제한 미확인",2026-07-24T00:27:42.723Z,data/tourapi/candidates/busan/busan-integrated-candidates.csv,fe43388
busan-A-00054,삼광사,attraction,부산진구,35.175694,129.04338,busan_official_api,AttractionService:347:ko,AttractionService:347:ko,,,https://www.visitbusan.net/uploadImgs/files/cntnts/20191227184611977_ttiel,1,image_sufficient,operational_assumed,"공식 관광 원천 일반 홍보 이미지, 이미지 수준 명시적 제한 미확인",2026-07-24T00:27:42.723Z,data/tourapi/candidates/busan/busan-integrated-candidates.csv,fe43388
busan-A-00055,청사포와 미포,attraction,해운대구,35.1602,129.19138,busan_official_api,AttractionService:348:ko,AttractionService:348:ko,,,https://www.visitbusan.net/uploadImgs/files/cntnts/20191227190325222_ttiel,1,image_sufficient,operational_assumed,"공식 관광 원천 일반 홍보 이미지, 이미지 수준 명시적 제한 미확인",2026-07-24T00:27:42.723Z,data/tourapi/candidates/busan/busan-integrated-candidates.csv,fe43388
busan-A-00056,부산시민공원,attraction,부산진구,35.16841,129.05739,busan_official_api,AttractionService:354:ko,AttractionService:354:ko,,,https://www.visitbusan.net/uploadImgs/files/cntnts/20191227194942971_ttiel,1,image_sufficient,operational_assumed,"공식 관광 원천 일반 홍보 이미지, 이미지 수준 명시적 제한 미확인",2026-07-24T00:27:42.723Z,data/tourapi/candidates/busan/busan-integrated-candidates.csv,fe43388
busan-A-00057,"호천마을(한,영,중간,중번,일)",attraction,부산진구,35.144295,129.05106,busan_official_api,AttractionService:358:ko,AttractionService:358:ko,,,https://www.visitbusan.net/uploadImgs/files/cntnts/20191227202219554_ttiel,1,image_sufficient,operational_assumed,"공식 관광 원천 일반 홍보 이미지, 이미지 수준 명시적 제한 미확인",2026-07-24T00:27:42.723Z,data/tourapi/candidates/busan/busan-integrated-candidates.csv,fe43388
busan-A-00058,"봉래산(한,영,중간,중번,일)",attraction,영도구,35.08219,129.05524,busan_official_api,AttractionService:359:ko,AttractionService:359:ko,,,https://www.visitbusan.net/uploadImgs/files/cntnts/20191227202829011_ttiel,1,image_sufficient,operational_assumed,"공식 관광 원천 일반 홍보 이미지, 이미지 수준 명시적 제한 미확인",2026-07-24T00:27:42.723Z,data/tourapi/candidates/busan/busan-integrated-candidates.csv,fe43388
busan-A-00059,영화의 거리,attraction,해운대구,35.154633,129.14278,busan_official_api,AttractionService:361:ko,AttractionService:361:ko,,,https://www.visitbusan.net/uploadImgs/files/cntnts/20191227203859552_ttiel,1,image_sufficient,operational_assumed,"공식 관광 원천 일반 홍보 이미지, 이미지 수준 명시적 제한 미확인",2026-07-24T00:27:42.723Z,data/tourapi/candidates/busan/busan-integrated-candidates.csv,fe43388
busan-A-00060,APEC나루공원,attraction,해운대구,35.170307,129.12564,busan_official_api,AttractionService:362:ko,AttractionService:362:ko,,,https://www.visitbusan.net/uploadImgs/files/cntnts/20191227204420832_ttiel,1,image_sufficient,operational_assumed,"공식 관광 원천 일반 홍보 이미지, 이미지 수준 명시적 제한 미확인",2026-07-24T00:27:42.723Z,data/tourapi/candidates/busan/busan-integrated-candidates.csv,fe43388
busan-A-00061,"40계단, 문화관",attraction,중구,35.103977,129.0346,busan_official_api,AttractionService:364:ko,AttractionService:364:ko,,,https://www.visitbusan.net/uploadImgs/files/cntnts/20191229141716592_ttiel,1,image_sufficient,operational_assumed,"공식 관광 원천 일반 홍보 이미지, 이미지 수준 명시적 제한 미확인",2026-07-24T00:27:42.723Z,data/tourapi/candidates/busan/busan-integrated-candidates.csv,fe43388
busan-A-00062,감천문화마을,attraction,사하구,35.095787,129.00926,busan_official_api,AttractionService:365:ko,AttractionService:365:ko,,,https://www.visitbusan.net/uploadImgs/files/cntnts/20191229142305006_ttiel,1,image_sufficient,operational_assumed,"공식 관광 원천 일반 홍보 이미지, 이미지 수준 명시적 제한 미확인",2026-07-24T00:27:42.723Z,data/tourapi/candidates/busan/busan-integrated-candidates.csv,fe43388
busan-A-00063,다대포 해수욕장,attraction,사하구,35.04652,128.96283,busan_official_api,AttractionService:366:ko,AttractionService:366:ko,,,https://www.visitbusan.net/uploadImgs/files/cntnts/20191229143230630_ttiel,1,image_sufficient,operational_assumed,"공식 관광 원천 일반 홍보 이미지, 이미지 수준 명시적 제한 미확인",2026-07-24T00:27:42.723Z,data/tourapi/candidates/busan/busan-integrated-candidates.csv,fe43388
busan-A-00064,부산영화체험박물관/씨네뮤지엄,attraction,중구,35.101692,129.0337,busan_official_api,AttractionService:367:ko,AttractionService:367:ko,,,https://www.visitbusan.net/uploadImgs/files/cntnts/20191229144834500_ttiel,1,image_sufficient,operational_assumed,"공식 관광 원천 일반 홍보 이미지, 이미지 수준 명시적 제한 미확인",2026-07-24T00:27:42.723Z,data/tourapi/candidates/busan/busan-integrated-candidates.csv,fe43388
busan-A-00065,"용두산공원(한,영,중간,중번,일)",attraction,중구,35.100723,129.03264,busan_official_api,AttractionService:368:ko,AttractionService:368:ko,,,https://www.visitbusan.net/uploadImgs/files/cntnts/20191229145728609_ttiel,1,image_sufficient,operational_assumed,"공식 관광 원천 일반 홍보 이미지, 이미지 수준 명시적 제한 미확인",2026-07-24T00:27:42.723Z,data/tourapi/candidates/busan/busan-integrated-candidates.csv,fe43388
busan-A-00066,영도다리,attraction,영도구,35.095295,129.03656,busan_official_api,AttractionService:369:ko,AttractionService:369:ko,,,https://www.visitbusan.net/uploadImgs/files/cntnts/20191229150331682_ttiel,1,image_sufficient,operational_assumed,"공식 관광 원천 일반 홍보 이미지, 이미지 수준 명시적 제한 미확인",2026-07-24T00:27:42.723Z,data/tourapi/candidates/busan/busan-integrated-candidates.csv,fe43388
busan-A-00067,"중앙공원, 민주공원",attraction,중구,35.112125,129.02792,visitbusan_web,VisitBusanContent:attraction:370:ko,VisitBusanContent:attraction:370:ko|AttractionService:370:ko,https://www.visitbusan.net/kr/index.do?menuCd=DOM_000000201001001000&uc_seq=370&lang_cd=ko,,https://www.visitbusan.net/uploadImgs/files/cntnts/20191229150845004_ttiel,1,image_sufficient,operational_assumed,"공식 관광 원천 일반 홍보 이미지, 이미지 수준 명시적 제한 미확인",2026-07-24T07:11:50.064Z,data/tourapi/candidates/busan/busan-integrated-candidates.csv,fe43388
busan-A-00068,"황령산 전망쉼터(한,영,중간,중번,일)",attraction,남구,35.158115,129.08269,busan_official_api,AttractionService:371:ko,AttractionService:371:ko,,,https://www.visitbusan.net/uploadImgs/files/cntnts/20191229151710512_ttiel,1,image_sufficient,operational_assumed,"공식 관광 원천 일반 홍보 이미지, 이미지 수준 명시적 제한 미확인",2026-07-24T00:27:42.723Z,data/tourapi/candidates/busan/busan-integrated-candidates.csv,fe43388
busan-A-00069,F1963,attraction,수영구,35.176933,129.11496,busan_official_api,AttractionService:372:ko,AttractionService:372:ko,,,https://www.visitbusan.net/uploadImgs/files/cntnts/20191229152254942_ttiel,1,image_sufficient,operational_assumed,"공식 관광 원천 일반 홍보 이미지, 이미지 수준 명시적 제한 미확인",2026-07-24T00:27:42.723Z,data/tourapi/candidates/busan/busan-integrated-candidates.csv,fe43388
busan-A-00070,해운대,attraction,해운대구,35.158474,129.15987,busan_official_api,AttractionService:373:ko,AttractionService:373:ko,,,https://www.visitbusan.net/uploadImgs/files/cntnts/20191229153530528_ttiel,1,image_sufficient,operational_assumed,"공식 관광 원천 일반 홍보 이미지, 이미지 수준 명시적 제한 미확인",2026-07-24T00:27:42.723Z,data/tourapi/candidates/busan/busan-integrated-candidates.csv,fe43388
busan-A-00071,광안리해수욕장,attraction,수영구,35.15318,129.11887,busan_official_api,AttractionService:377:ko,AttractionService:377:ko,,,https://www.visitbusan.net/uploadImgs/files/cntnts/20191229160529389_ttiel,1,image_sufficient,operational_assumed,"공식 관광 원천 일반 홍보 이미지, 이미지 수준 명시적 제한 미확인",2026-07-24T00:27:42.723Z,data/tourapi/candidates/busan/busan-integrated-candidates.csv,fe43388
busan-A-00072,금정산,attraction,금정구,35.280136,129.0512,busan_official_api,AttractionService:396:ko,AttractionService:396:ko,,,https://www.visitbusan.net/uploadImgs/files/cntnts/20191230180640227_ttiel,1,image_sufficient,operational_assumed,"공식 관광 원천 일반 홍보 이미지, 이미지 수준 명시적 제한 미확인",2026-07-24T00:27:42.723Z,data/tourapi/candidates/busan/busan-integrated-candidates.csv,fe43388
busan-A-00073,금강공원&식물원,attraction,동래구,35.22047,129.07494,busan_official_api,AttractionService:397:ko,AttractionService:397:ko,,,https://www.visitbusan.net/uploadImgs/files/cntnts/20191230181126685_ttiel,1,image_sufficient,operational_assumed,"공식 관광 원천 일반 홍보 이미지, 이미지 수준 명시적 제한 미확인",2026-07-24T00:27:42.723Z,data/tourapi/candidates/busan/busan-integrated-candidates.csv,fe43388
busan-A-00074,"범어사 (한,영,중간,중번,일)",attraction,금정구,35.283646,129.06854,busan_official_api,AttractionService:402:ko,AttractionService:402:ko,,,https://www.visitbusan.net/uploadImgs/files/cntnts/20191230190101989_ttiel,1,image_sufficient,operational_assumed,"공식 관광 원천 일반 홍보 이미지, 이미지 수준 명시적 제한 미확인",2026-07-24T00:27:42.723Z,data/tourapi/candidates/busan/busan-integrated-candidates.csv,fe43388
busan-A-00075,동래읍성,attraction,동래구,35.20975,129.08997,busan_official_api,AttractionService:409:ko,AttractionService:409:ko,,,https://www.visitbusan.net/uploadImgs/files/cntnts/20191230194923757_ttiel,1,image_sufficient,operational_assumed,"공식 관광 원천 일반 홍보 이미지, 이미지 수준 명시적 제한 미확인",2026-07-24T00:27:42.723Z,data/tourapi/candidates/busan/busan-integrated-candidates.csv,fe43388
busan-A-00076,상해거리,attraction,동구,35.113808,129.03786,busan_official_api,AttractionService:415:ko,AttractionService:415:ko,,,https://www.visitbusan.net/uploadImgs/files/cntnts/20191230203235198_ttiel,1,image_sufficient,operational_assumed,"공식 관광 원천 일반 홍보 이미지, 이미지 수준 명시적 제한 미확인",2026-07-24T00:27:42.723Z,data/tourapi/candidates/busan/busan-integrated-candidates.csv,fe43388
busan-A-00077,"이중섭문화거리(한,영,중간,중번,일)",attraction,동구,35.14069,129.05289,busan_official_api,AttractionService:418:ko,AttractionService:418:ko,,,https://www.visitbusan.net/uploadImgs/files/cntnts/20191230205059771_ttiel,1,image_sufficient,operational_assumed,"공식 관광 원천 일반 홍보 이미지, 이미지 수준 명시적 제한 미확인",2026-07-24T00:27:42.723Z,data/tourapi/candidates/busan/busan-integrated-candidates.csv,fe43388
busan-A-00078,"복천박물관, 복천동고분군",attraction,동래구,35.208885,129.09116,busan_official_api,AttractionService:419:ko,AttractionService:419:ko,,,https://www.visitbusan.net/uploadImgs/files/cntnts/20191230205640434_ttiel,1,image_sufficient,operational_assumed,"공식 관광 원천 일반 홍보 이미지, 이미지 수준 명시적 제한 미확인",2026-07-24T00:27:42.723Z,data/tourapi/candidates/busan/busan-integrated-candidates.csv,fe43388
busan-A-00079,벡스코,attraction,해운대구,35.169247,129.13628,busan_official_api,AttractionService:420:ko,AttractionService:420:ko,,,https://www.visitbusan.net/uploadImgs/files/cntnts/20191230210019945_ttiel,1,image_sufficient,operational_assumed,"공식 관광 원천 일반 홍보 이미지, 이미지 수준 명시적 제한 미확인",2026-07-24T00:27:42.723Z,data/tourapi/candidates/busan/busan-integrated-candidates.csv,fe43388
busan-A-00080,"영화의 전당(한,영,중간,중번,일)",attraction,해운대구,35.171055,129.12703,busan_official_api,AttractionService:421:ko,AttractionService:421:ko,,,https://www.visitbusan.net/uploadImgs/files/cntnts/20191230210358362_ttiel,1,image_sufficient,operational_assumed,"공식 관광 원천 일반 홍보 이미지, 이미지 수준 명시적 제한 미확인",2026-07-24T00:27:42.723Z,data/tourapi/candidates/busan/busan-integrated-candidates.csv,fe43388
busan-A-00081,"장안사(한,영,중간,중번,일)",attraction,기장군,35.37473,129.2329,busan_official_api,AttractionService:425:ko,AttractionService:425:ko,,,https://www.visitbusan.net/uploadImgs/files/cntnts/20191231091948765_ttiel,1,image_sufficient,operational_assumed,"공식 관광 원천 일반 홍보 이미지, 이미지 수준 명시적 제한 미확인",2026-07-24T00:27:42.723Z,data/tourapi/candidates/busan/busan-integrated-candidates.csv,fe43388
busan-A-00082,백양산,attraction,부산진구,35.182827,129.02196,busan_official_api,AttractionService:426:ko,AttractionService:426:ko,,,https://www.visitbusan.net/uploadImgs/files/cntnts/20191231092729834_ttiel,1,image_sufficient,operational_assumed,"공식 관광 원천 일반 홍보 이미지, 이미지 수준 명시적 제한 미확인",2026-07-24T00:27:42.723Z,data/tourapi/candidates/busan/busan-integrated-candidates.csv,fe43388
busan-A-00083,성지곡수원지,attraction,부산진구,35.187065,129.04105,busan_official_api,AttractionService:430:ko,AttractionService:430:ko,,,https://www.visitbusan.net/uploadImgs/files/cntnts/20191231100856743_ttiel,1,image_sufficient,operational_assumed,"공식 관광 원천 일반 홍보 이미지, 이미지 수준 명시적 제한 미확인",2026-07-24T00:27:42.723Z,data/tourapi/candidates/busan/busan-integrated-candidates.csv,fe43388
busan-A-00084,"장산(한,영,중간,중번,일)",attraction,해운대구,35.193577,129.14497,busan_official_api,AttractionService:432:ko,AttractionService:432:ko,,,https://www.visitbusan.net/uploadImgs/files/cntnts/20191231101745599_ttiel,1,image_sufficient,operational_assumed,"공식 관광 원천 일반 홍보 이미지, 이미지 수준 명시적 제한 미확인",2026-07-24T00:27:42.723Z,data/tourapi/candidates/busan/busan-integrated-candidates.csv,fe43388
busan-A-00085,석불사,attraction,북구,35.221504,129.04861,busan_official_api,AttractionService:433:ko,AttractionService:433:ko,,,https://www.visitbusan.net/uploadImgs/files/cntnts/20191231102223413_ttiel,1,image_sufficient,operational_assumed,"공식 관광 원천 일반 홍보 이미지, 이미지 수준 명시적 제한 미확인",2026-07-24T00:27:42.723Z,data/tourapi/candidates/busan/busan-integrated-candidates.csv,fe43388
busan-A-00086,"동래향교, 기장향교(한,영,중간,중번,일)",attraction,동래구,35.207752,129.0841,busan_official_api,AttractionService:439:ko,AttractionService:439:ko,,,https://www.visitbusan.net/uploadImgs/files/cntnts/20191231111302355_ttiel,1,image_sufficient,operational_assumed,"공식 관광 원천 일반 홍보 이미지, 이미지 수준 명시적 제한 미확인",2026-07-24T00:27:42.723Z,data/tourapi/candidates/busan/busan-integrated-candidates.csv,fe43388
busan-A-00087,"가덕도 연대봉(한,영,중간,중번,일)",attraction,강서구,35.026875,128.83395,busan_official_api,AttractionService:444:ko,AttractionService:444:ko,,,https://www.visitbusan.net/uploadImgs/files/cntnts/20191231180337567_ttiel,1,image_sufficient,operational_assumed,"공식 관광 원천 일반 홍보 이미지, 이미지 수준 명시적 제한 미확인",2026-07-24T00:27:42.723Z,data/tourapi/candidates/busan/busan-integrated-candidates.csv,fe43388
busan-A-00088,승학산 억새평원,attraction,사하구,35.116604,128.97968,busan_official_api,AttractionService:445:ko,AttractionService:445:ko,,,https://www.visitbusan.net/uploadImgs/files/cntnts/20191231181104098_ttiel,1,image_sufficient,operational_assumed,"공식 관광 원천 일반 홍보 이미지, 이미지 수준 명시적 제한 미확인",2026-07-24T00:27:42.723Z,data/tourapi/candidates/busan/busan-integrated-candidates.csv,fe43388
busan-A-00089,"대룡마을(한,영,중간,중번,일)",attraction,기장군,35.371174,129.26433,busan_official_api,AttractionService:450:ko,AttractionService:450:ko,,,https://www.visitbusan.net/uploadImgs/files/cntnts/20191231184354051_ttiel,1,image_sufficient,operational_assumed,"공식 관광 원천 일반 홍보 이미지, 이미지 수준 명시적 제한 미확인",2026-07-24T00:27:42.723Z,data/tourapi/candidates/busan/busan-integrated-candidates.csv,fe43388
busan-A-00090,대신공원,attraction,서구,35.121544,129.01619,busan_official_api,AttractionService:456:ko,AttractionService:456:ko,,,https://www.visitbusan.net/uploadImgs/files/cntnts/20191231192024538_ttiel,1,image_sufficient,operational_assumed,"공식 관광 원천 일반 홍보 이미지, 이미지 수준 명시적 제한 미확인",2026-07-24T00:27:42.723Z,data/tourapi/candidates/busan/busan-integrated-candidates.csv,fe43388
busan-A-00091,"화명수목원(한,영,중간,중번,일)",attraction,북구,35.25257,129.04205,busan_official_api,AttractionService:457:ko,AttractionService:457:ko,,,https://www.visitbusan.net/uploadImgs/files/cntnts/20191231192531286_ttiel,1,image_sufficient,operational_assumed,"공식 관광 원천 일반 홍보 이미지, 이미지 수준 명시적 제한 미확인",2026-07-24T00:27:42.723Z,data/tourapi/candidates/busan/busan-integrated-candidates.csv,fe43388
busan-A-00092,선암사,attraction,부산진구,35.176968,129.02771,busan_official_api,AttractionService:458:ko,AttractionService:458:ko,,,https://www.visitbusan.net/uploadImgs/files/cntnts/20191231193124555_ttiel,1,image_sufficient,operational_assumed,"공식 관광 원천 일반 홍보 이미지, 이미지 수준 명시적 제한 미확인",2026-07-24T00:27:42.723Z,data/tourapi/candidates/busan/busan-integrated-candidates.csv,fe43388
busan-A-00093,운수사,attraction,사상구,35.18432,129.01346,busan_official_api,AttractionService:459:ko,AttractionService:459:ko,,,https://www.visitbusan.net/uploadImgs/files/cntnts/20191231193736138_ttiel,1,image_sufficient,operational_assumed,"공식 관광 원천 일반 홍보 이미지, 이미지 수준 명시적 제한 미확인",2026-07-24T00:27:42.723Z,data/tourapi/candidates/busan/busan-integrated-candidates.csv,fe43388
busan-A-00094,"스포원파크(한,영,중간,중번,일)",attraction,금정구,35.291504,129.10487,busan_official_api,AttractionService:463:ko,AttractionService:463:ko,,,https://www.visitbusan.net/uploadImgs/files/cntnts/20251201114557109_ttiel,1,image_sufficient,operational_assumed,"공식 관광 원천 일반 홍보 이미지, 이미지 수준 명시적 제한 미확인",2026-07-24T00:27:42.723Z,data/tourapi/candidates/busan/busan-integrated-candidates.csv,fe43388
busan-A-00095,"우암동 소막마을(한,영,중간,중번,일)",attraction,남구,35.1256,129.07018,busan_official_api,AttractionService:483:ko,AttractionService:483:ko,,,https://www.visitbusan.net/uploadImgs/files/cntnts/20200101164518953_ttiel,1,image_sufficient,operational_assumed,"공식 관광 원천 일반 홍보 이미지, 이미지 수준 명시적 제한 미확인",2026-07-24T00:27:42.723Z,data/tourapi/candidates/busan/busan-integrated-candidates.csv,fe43388
busan-A-00096,"충렬사(한,영,중간,중번,일)",attraction,동래구,35.20119,129.09607,busan_official_api,AttractionService:501:ko,AttractionService:501:ko,,,https://www.visitbusan.net/uploadImgs/files/cntnts/20200102125306322_ttiel,1,image_sufficient,operational_assumed,"공식 관광 원천 일반 홍보 이미지, 이미지 수준 명시적 제한 미확인",2026-07-24T00:27:42.723Z,data/tourapi/candidates/busan/busan-integrated-candidates.csv,fe43388
busan-A-00097,부산커피박물관,attraction,부산진구,35.15433,129.06453,busan_official_api,AttractionService:508:ko,AttractionService:508:ko,,,https://www.visitbusan.net/uploadImgs/files/cntnts/20200102141456051_ttiel,1,image_sufficient,operational_assumed,"공식 관광 원천 일반 홍보 이미지, 이미지 수준 명시적 제한 미확인",2026-07-24T00:27:42.723Z,data/tourapi/candidates/busan/busan-integrated-candidates.csv,fe43388
busan-A-00098,사상생활사박물관,attraction,사상구,35.172,128.97871,busan_official_api,AttractionService:511:ko,AttractionService:511:ko,,,https://www.visitbusan.net/uploadImgs/files/cntnts/20200102142920888_ttiel,1,image_sufficient,operational_assumed,"공식 관광 원천 일반 홍보 이미지, 이미지 수준 명시적 제한 미확인",2026-07-24T00:27:42.723Z,data/tourapi/candidates/busan/busan-integrated-candidates.csv,fe43388
busan-A-00099,사직야구장,attraction,동래구,35.194107,129.06151,busan_official_api,AttractionService:527:ko,AttractionService:527:ko,,,https://www.visitbusan.net/uploadImgs/files/cntnts/20200110144727057_ttiel,1,image_sufficient,operational_assumed,"공식 관광 원천 일반 홍보 이미지, 이미지 수준 명시적 제한 미확인",2026-07-24T00:27:42.723Z,data/tourapi/candidates/busan/busan-integrated-candidates.csv,fe43388
busan-A-00100,"부산타워(한,영,중간,중번,일)",attraction,중구,35.10119,129.0323,visitbusan_web,VisitBusanContent:attraction:550:ko,VisitBusanContent:attraction:550:ko|AttractionService:550:ko,https://www.visitbusan.net/kr/index.do?menuCd=DOM_000000201001001000&uc_seq=550&lang_cd=ko,https://www.instagram.com/busantower_official,https://www.visitbusan.net/uploadImgs/files/cntnts/20200206095452989_ttiel,1,image_sufficient,operational_assumed,"공식 관광 원천 일반 홍보 이미지, 이미지 수준 명시적 제한 미확인",2026-07-24T07:12:27.594Z,data/tourapi/candidates/busan/busan-integrated-candidates.csv,fe43388
busan-A-00101,"신평소공원(한, 영)",attraction,기장군,35.29337,129.26012,busan_official_api,AttractionService:757:ko,AttractionService:757:ko,,,https://www.visitbusan.net/uploadImgs/files/cntnts/20200514115750295_ttiel,1,image_sufficient,operational_assumed,"공식 관광 원천 일반 홍보 이미지, 이미지 수준 명시적 제한 미확인",2026-07-24T00:27:42.723Z,data/tourapi/candidates/busan/busan-integrated-candidates.csv,fe43388
busan-A-00102,기장 도예 관광 힐링촌 테마숲(한),attraction,기장군,35.360134,129.23999,busan_official_api,AttractionService:804:ko,AttractionService:804:ko,,,https://www.visitbusan.net/uploadImgs/files/cntnts/20200706141824447_ttiel,1,image_sufficient,operational_assumed,"공식 관광 원천 일반 홍보 이미지, 이미지 수준 명시적 제한 미확인",2026-07-24T00:27:42.723Z,data/tourapi/candidates/busan/busan-integrated-candidates.csv,fe43388
busan-A-00103,부산신발이야기(한),attraction,동구,35.141808,129.0536,busan_official_api,AttractionService:813:ko,AttractionService:813:ko,,,https://www.visitbusan.net/uploadImgs/files/cntnts/20200706134923010_ttiel,1,image_sufficient,operational_assumed,"공식 관광 원천 일반 홍보 이미지, 이미지 수준 명시적 제한 미확인",2026-07-24T00:27:42.723Z,data/tourapi/candidates/busan/busan-integrated-candidates.csv,fe43388
busan-A-00104,"오션블루 가덕휴게소(한, 중간)",attraction,강서구,35.023594,128.80673,visitbusan_web,VisitBusanContent:attraction:832:ko,VisitBusanContent:attraction:832:ko|AttractionService:832:ko,https://www.visitbusan.net/kr/index.do?menuCd=DOM_000000201001001000&uc_seq=832&lang_cd=ko,https://www.gklink.com/index.php,https://www.visitbusan.net/uploadImgs/files/cntnts/20200717114524295_ttiel,1,image_sufficient,operational_assumed,"공식 관광 원천 일반 홍보 이미지, 이미지 수준 명시적 제한 미확인",2026-07-24T07:11:15.434Z,data/tourapi/candidates/busan/busan-integrated-candidates.csv,fe43388
busan-A-00106,"정승빈작가-우암동 소막마을(한,영,중간,중번,일)",attraction,남구,35.126194,129.07597,busan_official_api,AttractionService:838:ko,AttractionService:838:ko,,,https://www.visitbusan.net/uploadImgs/files/cntnts/20200722140028489_ttiel,1,image_sufficient,operational_assumed,"공식 관광 원천 일반 홍보 이미지, 이미지 수준 명시적 제한 미확인",2026-07-24T00:27:42.723Z,data/tourapi/candidates/busan/busan-integrated-candidates.csv,fe43388
busan-A-00107,"부산치유의 숲(한, 영)",attraction,기장군,35.26948,129.12955,visitbusan_web,VisitBusanContent:attraction:848:ko,VisitBusanContent:attraction:848:ko|AttractionService:848:ko,https://www.visitbusan.net/kr/index.do?menuCd=DOM_000000201001001000&uc_seq=848&lang_cd=ko,https://cafe.naver.com/busangreenforest,https://www.visitbusan.net/uploadImgs/files/cntnts/20200729150013892_ttiel,1,image_sufficient,operational_assumed,"공식 관광 원천 일반 홍보 이미지, 이미지 수준 명시적 제한 미확인",2026-07-24T07:11:13.245Z,data/tourapi/candidates/busan/busan-integrated-candidates.csv,fe43388
busan-A-00108,구덕문화공원(한),attraction,서구,35.12617,129.00514,busan_official_api,AttractionService:859:ko,AttractionService:859:ko,,,https://www.visitbusan.net/uploadImgs/files/cntnts/20200812172315522_ttiel,1,image_sufficient,operational_assumed,"공식 관광 원천 일반 홍보 이미지, 이미지 수준 명시적 제한 미확인",2026-07-24T00:27:42.723Z,data/tourapi/candidates/busan/busan-integrated-candidates.csv,fe43388
busan-A-00109,"정승빈작가-아미동비석마을(한,영,중간,중번,일)",attraction,서구,35.09903,129.0126,busan_official_api,AttractionService:876:ko,AttractionService:876:ko,,,https://www.visitbusan.net/uploadImgs/files/cntnts/20200818133843206_ttiel,1,image_sufficient,operational_assumed,"공식 관광 원천 일반 홍보 이미지, 이미지 수준 명시적 제한 미확인",2026-07-24T00:27:42.723Z,data/tourapi/candidates/busan/busan-integrated-candidates.csv,fe43388
busan-A-00110,"힐링하기 좋은 부산 어촌마을 (한,영,중간,중번,일)",attraction,강서구,35.012188,128.82697,visitbusan_web,VisitBusanContent:attraction:1014:ko,VisitBusanContent:attraction:1014:ko|AttractionService:1014:ko,https://www.visitbusan.net/kr/index.do?menuCd=DOM_000000201001001000&uc_seq=1014&lang_cd=ko,,https://www.visitbusan.net/uploadImgs/files/cntnts/20201030154341972_ttiel,1,image_sufficient,operational_assumed,"공식 관광 원천 일반 홍보 이미지, 이미지 수준 명시적 제한 미확인",2026-07-24T07:11:10.958Z,data/tourapi/candidates/busan/busan-integrated-candidates.csv,fe43388
busan-A-00111,"턴투워드부산(한,영,중간,중번,일)",attraction,남구,35.127785,129.09766,visitbusan_web,VisitBusanContent:attraction:1016:ko,VisitBusanContent:attraction:1016:ko|AttractionService:1016:ko,https://www.visitbusan.net/kr/index.do?menuCd=DOM_000000201001001000&uc_seq=1016&lang_cd=ko,https://www.unmck.or.kr/intro/,https://www.visitbusan.net/uploadImgs/files/cntnts/20201106141515814_ttiel,1,image_sufficient,operational_assumed,"공식 관광 원천 일반 홍보 이미지, 이미지 수준 명시적 제한 미확인",2026-07-24T07:11:10.182Z,data/tourapi/candidates/busan/busan-integrated-candidates.csv,fe43388
busan-A-00112,"기장 달음산 자연휴양림(한,영,중간,중번,일)",attraction,기장군,35.30242,129.18535,visitbusan_web,VisitBusanContent:attraction:1024:ko,VisitBusanContent:attraction:1024:ko|AttractionService:1024:ko,https://www.visitbusan.net/kr/index.do?menuCd=DOM_000000201001001000&uc_seq=1024&lang_cd=ko,https://www.foresttrip.go.kr/indvz/main.do?hmpgId=0202,https://www.visitbusan.net/uploadImgs/files/cntnts/20201201103753100_ttiel,1,image_sufficient,operational_assumed,"공식 관광 원천 일반 홍보 이미지, 이미지 수준 명시적 제한 미확인",2026-07-24T07:11:09.366Z,data/tourapi/candidates/busan/busan-integrated-candidates.csv,fe43388
busan-A-00113,"부산도서관(한,영,중간,중번,일)",attraction,사상구,35.172737,128.98526,busan_official_api,AttractionService:1031:ko,AttractionService:1031:ko,,,https://www.visitbusan.net/uploadImgs/files/cntnts/20201216170753435_ttiel,1,image_sufficient,operational_assumed,"공식 관광 원천 일반 홍보 이미지, 이미지 수준 명시적 제한 미확인",2026-07-24T00:27:42.723Z,data/tourapi/candidates/busan/busan-integrated-candidates.csv,fe43388
busan-A-00114,"해운대수목원 (한,영,중간,중번,일)",attraction,해운대구,35.22992,129.1327,busan_official_api,AttractionService:1142:ko,AttractionService:1142:ko,,,https://www.visitbusan.net/uploadImgs/files/cntnts/20230202161355598_ttiel,1,image_sufficient,operational_assumed,"공식 관광 원천 일반 홍보 이미지, 이미지 수준 명시적 제한 미확인",2026-07-24T00:27:42.723Z,data/tourapi/candidates/busan/busan-integrated-candidates.csv,fe43388
busan-A-00115,"영도 봉산마을(한,영,중간,중번,일)",attraction,영도구,35.09309,129.05125,busan_official_api,AttractionService:1179:ko,AttractionService:1179:ko,,,https://www.visitbusan.net/uploadImgs/files/cntnts/20211116151308755_ttiel,1,image_sufficient,operational_assumed,"공식 관광 원천 일반 홍보 이미지, 이미지 수준 명시적 제한 미확인",2026-07-24T00:27:42.723Z,data/tourapi/candidates/busan/busan-integrated-candidates.csv,fe43388
busan-A-00116,"KT&G상상마당 부산(한,영,중간,중번,일)",attraction,부산진구,35.15431,129.05728,busan_official_api,AttractionService:1185:ko,AttractionService:1185:ko,,,https://www.visitbusan.net/uploadImgs/files/cntnts/20211123183743098_ttiel,1,image_sufficient,operational_assumed,"공식 관광 원천 일반 홍보 이미지, 이미지 수준 명시적 제한 미확인",2026-07-24T00:27:42.723Z,data/tourapi/candidates/busan/busan-integrated-candidates.csv,fe43388
busan-A-00117,"광안종합시장 (한,영,중간,중번,일)",attraction,수영구,35.164215,129.11816,visitbusan_web,VisitBusanContent:attraction:1305:ko,VisitBusanContent:attraction:1305:ko|AttractionService:1305:ko,https://www.visitbusan.net/kr/index.do?menuCd=DOM_000000201001001000&uc_seq=1305&lang_cd=ko,,https://www.visitbusan.net/uploadImgs/files/cntnts/20220711140504179_ttiel,1,image_sufficient,operational_assumed,"공식 관광 원천 일반 홍보 이미지, 이미지 수준 명시적 제한 미확인",2026-07-24T07:11:05.530Z,data/tourapi/candidates/busan/busan-integrated-candidates.csv,fe43388
busan-A-00118,"롯데월드 어드벤처 부산 (한,영,중간,중번,일)",attraction,기장군,35.19602,129.2132,visitbusan_web,VisitBusanContent:attraction:1310:ko,VisitBusanContent:attraction:1310:ko|AttractionService:1310:ko,https://www.visitbusan.net/kr/index.do?menuCd=DOM_000000201001001000&uc_seq=1310&lang_cd=ko,https://adventurebusan.lotteworld.com/kor/main/index.do,https://www.visitbusan.net/uploadImgs/files/cntnts/20220901105446739_ttiel,1,image_sufficient,operational_assumed,"공식 관광 원천 일반 홍보 이미지, 이미지 수준 명시적 제한 미확인",2026-07-24T07:11:04.825Z,data/tourapi/candidates/busan/busan-integrated-candidates.csv,fe43388
busan-A-00119,"현대 모터스튜디오 부산(한,영,중간,중번,일)",attraction,수영구,35.17674,129.11513,busan_official_api,AttractionService:1322:ko,AttractionService:1322:ko,,,https://www.visitbusan.net/uploadImgs/files/cntnts/20220913120133333_ttiel,1,image_sufficient,operational_assumed,"공식 관광 원천 일반 홍보 이미지, 이미지 수준 명시적 제한 미확인",2026-07-24T00:27:42.723Z,data/tourapi/candidates/busan/busan-integrated-candidates.csv,fe43388
busan-A-00120,"힙함 가득한 전포공구길(한,영,중간,중번,일)",attraction,부산진구,35.15876,129.06415,visitbusan_web,VisitBusanContent:attraction:1329:ko,VisitBusanContent:attraction:1329:ko|AttractionService:1329:ko,https://www.visitbusan.net/kr/index.do?menuCd=DOM_000000201001001000&uc_seq=1329&lang_cd=ko,,https://www.visitbusan.net/uploadImgs/files/cntnts/20220921114402310_ttiel,1,image_sufficient,operational_assumed,"공식 관광 원천 일반 홍보 이미지, 이미지 수준 명시적 제한 미확인",2026-07-24T07:11:03.376Z,data/tourapi/candidates/busan/busan-integrated-candidates.csv,fe43388
busan-A-00121,"송도해상케이블카(한,영,중간,중번,일)",attraction,서구,35.076286,129.02365,busan_official_api,AttractionService:1422:ko,AttractionService:1422:ko,,,https://www.visitbusan.net/uploadImgs/files/cntnts/20230508183214812_ttiel,1,image_sufficient,operational_assumed,"공식 관광 원천 일반 홍보 이미지, 이미지 수준 명시적 제한 미확인",2026-07-24T00:27:42.723Z,data/tourapi/candidates/busan/busan-integrated-candidates.csv,fe43388
busan-A-00122,"화명생태공원(한,영,중간,중번,일)",attraction,북구,35.22568,129.00327,busan_official_api,AttractionService:1434:ko,AttractionService:1434:ko,,,https://www.visitbusan.net/uploadImgs/files/cntnts/20230519190619574_ttiel,1,image_sufficient,operational_assumed,"공식 관광 원천 일반 홍보 이미지, 이미지 수준 명시적 제한 미확인",2026-07-24T00:27:42.723Z,data/tourapi/candidates/busan/busan-integrated-candidates.csv,fe43388
busan-A-00123,"태종대자동차극장(한,영,중간,중번,일)",attraction,영도구,35.062366,129.08342,busan_official_api,AttractionService:1440:ko,AttractionService:1440:ko,,,https://www.visitbusan.net/uploadImgs/files/cntnts/20230525134753245_ttiel,1,image_sufficient,operational_assumed,"공식 관광 원천 일반 홍보 이미지, 이미지 수준 명시적 제한 미확인",2026-07-24T00:27:42.723Z,data/tourapi/candidates/busan/busan-integrated-candidates.csv,fe43388
busan-A-00124,"부산근현대역사관 별관(한,영,중간,중번,일)",attraction,중구,35.10258,129.03203,busan_official_api,AttractionService:1444:ko,AttractionService:1444:ko,,,https://www.visitbusan.net/uploadImgs/files/cntnts/20230602095512309_ttiel,1,image_sufficient,operational_assumed,"공식 관광 원천 일반 홍보 이미지, 이미지 수준 명시적 제한 미확인",2026-07-24T00:27:42.723Z,data/tourapi/candidates/busan/busan-integrated-candidates.csv,fe43388
busan-A-00125,"우암동 도시숲(한,영,중간,중번,일)",attraction,남구,35.127033,129.07382,busan_official_api,AttractionService:1449:ko,AttractionService:1449:ko,,,https://www.visitbusan.net/uploadImgs/files/cntnts/20230531220739285_ttiel,1,image_sufficient,operational_assumed,"공식 관광 원천 일반 홍보 이미지, 이미지 수준 명시적 제한 미확인",2026-07-24T00:27:42.723Z,data/tourapi/candidates/busan/busan-integrated-candidates.csv,fe43388
busan-A-00126,"서면미술관(한,영,중간,중번,일)",attraction,부산진구,35.153927,129.06252,visitbusan_web,VisitBusanContent:attraction:1653:ko,VisitBusanContent:attraction:1653:ko|AttractionService:1653:ko,https://www.visitbusan.net/kr/index.do?menuCd=DOM_000000201001001000&uc_seq=1653&lang_cd=ko,https://www.instagram.com/smma.official/,https://www.visitbusan.net/uploadImgs/files/cntnts/20230623172451559_ttiel,1,image_sufficient,operational_assumed,"공식 관광 원천 일반 홍보 이미지, 이미지 수준 명시적 제한 미확인",2026-07-24T07:10:59.047Z,data/tourapi/candidates/busan/busan-integrated-candidates.csv,fe43388
busan-A-00127,"부산현대미술관(한,영,중간,중번,일)",attraction,사하구,35.109245,128.94263,visitbusan_web,VisitBusanContent:attraction:1671:ko,VisitBusanContent:attraction:1671:ko|AttractionService:1671:ko,https://www.visitbusan.net/kr/index.do?menuCd=DOM_000000201001001000&uc_seq=1671&lang_cd=ko,https://www.busan.go.kr/moca,https://www.visitbusan.net/uploadImgs/files/cntnts/20230707174450394_ttiel,1,image_sufficient,operational_assumed,"공식 관광 원천 일반 홍보 이미지, 이미지 수준 명시적 제한 미확인",2026-07-24T07:10:58.266Z,data/tourapi/candidates/busan/busan-integrated-candidates.csv,fe43388
busan-A-00128,"대저생태공원(한,영,중간,중번,일)",attraction,강서구,35.20406,128.98305,visitbusan_web,VisitBusanContent:attraction:1673:ko,VisitBusanContent:attraction:1673:ko|AttractionService:1673:ko,https://www.visitbusan.net/kr/index.do?menuCd=DOM_000000201001001000&uc_seq=1673&lang_cd=ko,https://www.busan.go.kr/nakdong/daejeopark01,https://www.visitbusan.net/uploadImgs/files/cntnts/20230713153840580_ttiel,1,image_sufficient,operational_assumed,"공식 관광 원천 일반 홍보 이미지, 이미지 수준 명시적 제한 미확인",2026-07-24T07:10:57.568Z,data/tourapi/candidates/busan/busan-integrated-candidates.csv,fe43388
busan-A-00129,"맥도생태공원(한,영,중간,중번,일)",attraction,강서구,35.152267,128.95494,visitbusan_web,VisitBusanContent:attraction:1674:ko,VisitBusanContent:attraction:1674:ko|AttractionService:1674:ko,https://www.visitbusan.net/kr/index.do?menuCd=DOM_000000201001001000&uc_seq=1674&lang_cd=ko,https://www.busan.go.kr/nakdong/macdopark01,https://www.visitbusan.net/uploadImgs/files/cntnts/20230713150615959_ttiel,1,image_sufficient,operational_assumed,"공식 관광 원천 일반 홍보 이미지, 이미지 수준 명시적 제한 미확인",2026-07-24T07:10:56.773Z,data/tourapi/candidates/busan/busan-integrated-candidates.csv,fe43388
busan-A-00130,"금빛노을브릿지(한,영,중간,중번,일)",attraction,북구,35.21049,129.0017,visitbusan_web,VisitBusanContent:attraction:1676:ko,VisitBusanContent:attraction:1676:ko|AttractionService:1676:ko,https://www.visitbusan.net/kr/index.do?menuCd=DOM_000000201001001000&uc_seq=1676&lang_cd=ko,,https://www.visitbusan.net/uploadImgs/files/cntnts/20230720175854890_ttiel,1,image_sufficient,operational_assumed,"공식 관광 원천 일반 홍보 이미지, 이미지 수준 명시적 제한 미확인",2026-07-24T07:10:56.037Z,data/tourapi/candidates/busan/busan-integrated-candidates.csv,fe43388
busan-A-00131,"감전야생화단지(한,영,중간,중번,일)",attraction,사상구,35.142826,128.96594,visitbusan_web,VisitBusanContent:attraction:1677:ko,VisitBusanContent:attraction:1677:ko|AttractionService:1677:ko,https://www.visitbusan.net/kr/index.do?menuCd=DOM_000000201001001000&uc_seq=1677&lang_cd=ko,,https://www.visitbusan.net/uploadImgs/files/cntnts/20230723172025932_ttiel,1,image_sufficient,operational_assumed,"공식 관광 원천 일반 홍보 이미지, 이미지 수준 명시적 제한 미확인",2026-07-24T07:10:55.326Z,data/tourapi/candidates/busan/busan-integrated-candidates.csv,fe43388
busan-A-00132,"국제커피박물관(한,영,중간,중번,일)",attraction,동구,35.12724,129.04846,visitbusan_web,VisitBusanContent:attraction:1696:ko,VisitBusanContent:attraction:1696:ko|AttractionService:1696:ko,https://www.visitbusan.net/kr/index.do?menuCd=DOM_000000201001001000&uc_seq=1696&lang_cd=ko,https://www.instagram.com/international_coffee_museum/,https://www.visitbusan.net/uploadImgs/files/cntnts/20230818114709553_ttiel,1,image_sufficient,operational_assumed,"공식 관광 원천 일반 홍보 이미지, 이미지 수준 명시적 제한 미확인",2026-07-24T07:10:54.592Z,data/tourapi/candidates/busan/busan-integrated-candidates.csv,fe43388
busan-A-00133,"박태준기념관(한,영,중간,중번,일)",attraction,기장군,35.316902,129.26108,visitbusan_web,VisitBusanContent:attraction:1709:ko,VisitBusanContent:attraction:1709:ko|AttractionService:1709:ko,https://www.visitbusan.net/kr/index.do?menuCd=DOM_000000201001001000&uc_seq=1709&lang_cd=ko,https://www.gijang.go.kr/ptjmemorial/main.do,https://www.visitbusan.net/uploadImgs/files/cntnts/20230914182558311_ttiel,1,image_sufficient,operational_assumed,"공식 관광 원천 일반 홍보 이미지, 이미지 수준 명시적 제한 미확인",2026-07-24T07:10:53.823Z,data/tourapi/candidates/busan/busan-integrated-candidates.csv,fe43388
busan-A-00134,"다대포해변공원(한,영,중간,중번,일)",attraction,사하구,35.04586,128.96655,visitbusan_web,VisitBusanContent:attraction:1718:ko,VisitBusanContent:attraction:1718:ko|AttractionService:1718:ko,https://www.visitbusan.net/kr/index.do?menuCd=DOM_000000201001001000&uc_seq=1718&lang_cd=ko,,https://www.visitbusan.net/uploadImgs/files/cntnts/20230921171143286_ttiel,1,image_sufficient,operational_assumed,"공식 관광 원천 일반 홍보 이미지, 이미지 수준 명시적 제한 미확인",2026-07-24T07:10:53.106Z,data/tourapi/candidates/busan/busan-integrated-candidates.csv,fe43388
busan-A-00135,"유엔평화공원(한,영,중간,중번,일)",attraction,남구,35.125774,129.10027,visitbusan_web,VisitBusanContent:attraction:1731:ko,VisitBusanContent:attraction:1731:ko|AttractionService:1731:ko,https://www.visitbusan.net/kr/index.do?menuCd=DOM_000000201001001000&uc_seq=1731&lang_cd=ko,,https://www.visitbusan.net/uploadImgs/files/cntnts/20231026100047318_ttiel,1,image_sufficient,operational_assumed,"공식 관광 원천 일반 홍보 이미지, 이미지 수준 명시적 제한 미확인",2026-07-24T07:10:52.397Z,data/tourapi/candidates/busan/busan-integrated-candidates.csv,fe43388
busan-A-00136,"정중앙공원(한,영,중간,중번,일)",attraction,부산진구,35.17038,129.03691,busan_official_api,AttractionService:1772:ko,AttractionService:1772:ko,,,https://www.visitbusan.net/uploadImgs/files/cntnts/20240103105345242_ttiel,1,image_sufficient,operational_assumed,"공식 관광 원천 일반 홍보 이미지, 이미지 수준 명시적 제한 미확인",2026-07-24T00:27:42.723Z,data/tourapi/candidates/busan/busan-integrated-candidates.csv,fe43388
busan-A-00137,"복천사(한,영,중간,중번,일)",attraction,영도구,35.082603,129.05058,visitbusan_web,VisitBusanContent:attraction:1776:ko,VisitBusanContent:attraction:1776:ko|AttractionService:1776:ko,https://www.visitbusan.net/kr/index.do?menuCd=DOM_000000201001001000&uc_seq=1776&lang_cd=ko,https://bokc.co.kr/,https://www.visitbusan.net/uploadImgs/files/cntnts/20240207102023070_ttiel,1,image_sufficient,operational_assumed,"공식 관광 원천 일반 홍보 이미지, 이미지 수준 명시적 제한 미확인",2026-07-24T07:10:50.985Z,data/tourapi/candidates/busan/busan-integrated-candidates.csv,fe43388
busan-A-00138,"인공철새서식지 명품둘레길(한,영,중간,중번,일)",attraction,강서구,35.082302,128.88304,visitbusan_web,VisitBusanContent:attraction:1777:ko,VisitBusanContent:attraction:1777:ko|AttractionService:1777:ko,https://www.visitbusan.net/kr/index.do?menuCd=DOM_000000201001001000&uc_seq=1777&lang_cd=ko,,https://www.visitbusan.net/uploadImgs/files/cntnts/20240201225043211_ttiel,1,image_sufficient,operational_assumed,"공식 관광 원천 일반 홍보 이미지, 이미지 수준 명시적 제한 미확인",2026-07-24T07:10:50.285Z,data/tourapi/candidates/busan/busan-integrated-candidates.csv,fe43388
busan-A-00139,"목련꽃 가득 안은 성암사, 나만 알고 싶은 봄꽃 성지(한,영,중간,중번,일)",attraction,남구,35.145626,129.08005,busan_official_api,AttractionService:1796:ko,AttractionService:1796:ko,,,https://www.visitbusan.net/uploadImgs/files/cntnts/20240321001620807_ttiel,1,image_sufficient,operational_assumed,"공식 관광 원천 일반 홍보 이미지, 이미지 수준 명시적 제한 미확인",2026-07-24T00:27:42.723Z,data/tourapi/candidates/busan/busan-integrated-candidates.csv,fe43388
busan-A-00140,"땅뫼산 황토숲길(한,영,중간,중번,일)",attraction,금정구,35.247078,129.12192,visitbusan_web,VisitBusanContent:attraction:1798:ko,VisitBusanContent:attraction:1798:ko|AttractionService:1798:ko,https://www.visitbusan.net/kr/index.do?menuCd=DOM_000000201001001000&uc_seq=1798&lang_cd=ko,http://www.geumjeong.go.kr/tour/index.geumj,https://www.visitbusan.net/uploadImgs/files/cntnts/20240401133553180_ttiel,1,image_sufficient,operational_assumed,"공식 관광 원천 일반 홍보 이미지, 이미지 수준 명시적 제한 미확인",2026-07-24T07:10:48.867Z,data/tourapi/candidates/busan/busan-integrated-candidates.csv,fe43388
busan-A-00141,"인도문화원(한,영,중간,중번,일)",attraction,남구,35.13031,129.09508,busan_official_api,AttractionService:1857:ko,AttractionService:1857:ko,,,https://www.visitbusan.net/uploadImgs/files/cntnts/20240503180255101_ttiel,1,image_sufficient,operational_assumed,"공식 관광 원천 일반 홍보 이미지, 이미지 수준 명시적 제한 미확인",2026-07-24T00:27:42.723Z,data/tourapi/candidates/busan/busan-integrated-candidates.csv,fe43388
busan-A-00142,"KF아세안문화원(한,영,중간,중번,일)",attraction,해운대구,35.17519,129.18196,busan_official_api,AttractionService:1862:ko,AttractionService:1862:ko,,,https://www.visitbusan.net/uploadImgs/files/cntnts/20240528134839123_ttiel,1,image_sufficient,operational_assumed,"공식 관광 원천 일반 홍보 이미지, 이미지 수준 명시적 제한 미확인",2026-07-24T00:27:42.723Z,data/tourapi/candidates/busan/busan-integrated-candidates.csv,fe43388
busan-A-00143,"오초량(한,영,중간,중번,일)",attraction,동구,35.12196,129.04192,busan_official_api,AttractionService:1866:ko,AttractionService:1866:ko,,,https://www.visitbusan.net/uploadImgs/files/cntnts/20240528140620645_ttiel,1,image_sufficient,operational_assumed,"공식 관광 원천 일반 홍보 이미지, 이미지 수준 명시적 제한 미확인",2026-07-24T00:27:42.723Z,data/tourapi/candidates/busan/busan-integrated-candidates.csv,fe43388
busan-A-00144,"부산이슬람성원(한,영,중간,중번,일)",attraction,금정구,35.259975,129.09227,busan_official_api,AttractionService:1867:ko,AttractionService:1867:ko,,,https://www.visitbusan.net/uploadImgs/files/cntnts/20240528135430979_ttiel,1,image_sufficient,operational_assumed,"공식 관광 원천 일반 홍보 이미지, 이미지 수준 명시적 제한 미확인",2026-07-24T00:27:42.723Z,data/tourapi/candidates/busan/busan-integrated-candidates.csv,fe43388
busan-A-00145,"친환경스카이웨이전망대(한,영,중간,중번,일)",attraction,동구,35.12086,129.03201,busan_official_api,AttractionService:1868:ko,AttractionService:1868:ko,,,https://www.visitbusan.net/uploadImgs/files/cntnts/20240527143901347_ttiel,1,image_sufficient,operational_assumed,"공식 관광 원천 일반 홍보 이미지, 이미지 수준 명시적 제한 미확인",2026-07-24T00:27:42.723Z,data/tourapi/candidates/busan/busan-integrated-candidates.csv,fe43388
busan-A-00146,"부산근현대역사관 본관(한,영,중간,중번,일)",attraction,중구,35.102566,129.03214,busan_official_api,AttractionService:1881:ko,AttractionService:1881:ko,,,https://www.visitbusan.net/uploadImgs/files/cntnts/20240605163754301_ttiel,1,image_sufficient,operational_assumed,"공식 관광 원천 일반 홍보 이미지, 이미지 수준 명시적 제한 미확인",2026-07-24T00:27:42.723Z,data/tourapi/candidates/busan/busan-integrated-candidates.csv,fe43388
busan-A-00147,"무사이(한, 영, 중간, 중번, 일)",attraction,북구,35.23837,129.01569,busan_official_api,AttractionService:1890:ko,AttractionService:1890:ko,,,https://www.visitbusan.net/uploadImgs/files/cntnts/20240626113937766_ttiel,1,image_sufficient,operational_assumed,"공식 관광 원천 일반 홍보 이미지, 이미지 수준 명시적 제한 미확인",2026-07-24T00:27:42.723Z,data/tourapi/candidates/busan/busan-integrated-candidates.csv,fe43388
busan-A-00148,"부산 트래블라운지 (한, 영, 중간, 중번, 일)",attraction,동구,35.113834,129.03818,busan_official_api,AttractionService:1900:ko,AttractionService:1900:ko,,,https://www.visitbusan.net/uploadImgs/files/cntnts/20240703180805305_ttiel,1,image_sufficient,operational_assumed,"공식 관광 원천 일반 홍보 이미지, 이미지 수준 명시적 제한 미확인",2026-07-24T00:27:42.723Z,data/tourapi/candidates/busan/busan-integrated-candidates.csv,fe43388
busan-A-00149,"반여 초록공원 장산계곡(한,영,중간,중번,일)",attraction,해운대구,35.203255,129.13632,busan_official_api,AttractionService:2013:ko,AttractionService:2013:ko,,,https://www.visitbusan.net/uploadImgs/files/cntnts/20240809155702729_ttiel,1,image_sufficient,operational_assumed,"공식 관광 원천 일반 홍보 이미지, 이미지 수준 명시적 제한 미확인",2026-07-24T00:27:42.723Z,data/tourapi/candidates/busan/busan-integrated-candidates.csv,fe43388
busan-A-00150,"중앙공원(구 대신공원) 대신계곡(한,영,중간,중번,일)",attraction,서구,35.121838,129.01567,busan_official_api,AttractionService:2019:ko,AttractionService:2019:ko,,,https://www.visitbusan.net/uploadImgs/files/cntnts/20240809161549849_ttiel,1,image_sufficient,operational_assumed,"공식 관광 원천 일반 홍보 이미지, 이미지 수준 명시적 제한 미확인",2026-07-24T00:27:42.723Z,data/tourapi/candidates/busan/busan-integrated-candidates.csv,fe43388
busan-A-00151,"구덕야영장 계곡(한,영,중간,중번,일)",attraction,서구,35.12556,129.00969,busan_official_api,AttractionService:2024:ko,AttractionService:2024:ko,,,https://www.visitbusan.net/uploadImgs/files/cntnts/20240809163409331_ttiel,1,image_sufficient,operational_assumed,"공식 관광 원천 일반 홍보 이미지, 이미지 수준 명시적 제한 미확인",2026-07-24T00:27:42.723Z,data/tourapi/candidates/busan/busan-integrated-candidates.csv,fe43388
busan-A-00152,"범어사 용성계곡(한,영,중간,중번,일)",attraction,금정구,35.283524,129.06847,busan_official_api,AttractionService:2034:ko,AttractionService:2034:ko,,,https://www.visitbusan.net/uploadImgs/files/cntnts/20240809171647495_ttiel,1,image_sufficient,operational_assumed,"공식 관광 원천 일반 홍보 이미지, 이미지 수준 명시적 제한 미확인",2026-07-24T00:27:42.723Z,data/tourapi/candidates/busan/busan-integrated-candidates.csv,fe43388
busan-A-00153,"용소웰빙공원(한,영,중간,중번,일)",attraction,기장군,35.24623,129.20415,busan_official_api,AttractionService:2065:ko,AttractionService:2065:ko,,,https://www.visitbusan.net/uploadImgs/files/cntnts/20240821134135301_ttiel,1,image_sufficient,operational_assumed,"공식 관광 원천 일반 홍보 이미지, 이미지 수준 명시적 제한 미확인",2026-07-24T00:27:42.723Z,data/tourapi/candidates/busan/busan-integrated-candidates.csv,fe43388
busan-A-00154,"국립부산국악원 국악체험관(한,영,중간,중번,일)",attraction,중구,35.171013,129.05438,busan_official_api,AttractionService:2067:ko,AttractionService:2067:ko,,,https://www.visitbusan.net/uploadImgs/files/cntnts/20240826154634475_ttiel,1,image_sufficient,operational_assumed,"공식 관광 원천 일반 홍보 이미지, 이미지 수준 명시적 제한 미확인",2026-07-24T00:27:42.723Z,data/tourapi/candidates/busan/busan-integrated-candidates.csv,fe43388
busan-A-00155,"부산수학문화관(한,영,중간,중번,일)",attraction,부산진구,35.15666,129.0513,busan_official_api,AttractionService:2077:ko,AttractionService:2077:ko,,,https://www.visitbusan.net/uploadImgs/files/cntnts/20240904145348246_ttiel,1,image_sufficient,operational_assumed,"공식 관광 원천 일반 홍보 이미지, 이미지 수준 명시적 제한 미확인",2026-07-24T00:27:42.723Z,data/tourapi/candidates/busan/busan-integrated-candidates.csv,fe43388
busan-A-00156,"마하사(한,영,중간,중번,일)",attraction,연제구,35.163532,129.08733,busan_official_api,AttractionService:2078:ko,AttractionService:2078:ko,,,https://www.visitbusan.net/uploadImgs/files/cntnts/20240911101725976_ttiel,1,image_sufficient,operational_assumed,"공식 관광 원천 일반 홍보 이미지, 이미지 수준 명시적 제한 미확인",2026-07-24T00:27:42.723Z,data/tourapi/candidates/busan/busan-integrated-candidates.csv,fe43388
busan-A-00157,"이바구길 사진관(한,영,중간,중번,일)",attraction,동구,35.11625,129.03874,busan_official_api,AttractionService:2079:ko,AttractionService:2079:ko,,,https://www.visitbusan.net/uploadImgs/files/cntnts/20240910171845448_ttiel,1,image_sufficient,operational_assumed,"공식 관광 원천 일반 홍보 이미지, 이미지 수준 명시적 제한 미확인",2026-07-24T00:27:42.723Z,data/tourapi/candidates/busan/busan-integrated-candidates.csv,fe43388
busan-A-00158,"북항 친수공원(한,영,중간,중번,일)",attraction,동구,35.11442,129.04637,busan_official_api,AttractionService:2081:ko,AttractionService:2081:ko,,,https://www.visitbusan.net/uploadImgs/files/cntnts/20240911140423764_ttiel,1,image_sufficient,operational_assumed,"공식 관광 원천 일반 홍보 이미지, 이미지 수준 명시적 제한 미확인",2026-07-24T00:27:42.723Z,data/tourapi/candidates/busan/busan-integrated-candidates.csv,fe43388
busan-A-00159,"북항재개발 홍보관(한,영,중간,중번,일)",attraction,동구,35.11751,129.04921,busan_official_api,AttractionService:2082:ko,AttractionService:2082:ko,,,https://www.visitbusan.net/uploadImgs/files/cntnts/20240911173034092_ttiel,1,image_sufficient,operational_assumed,"공식 관광 원천 일반 홍보 이미지, 이미지 수준 명시적 제한 미확인",2026-07-24T00:27:42.723Z,data/tourapi/candidates/busan/busan-integrated-candidates.csv,fe43388
busan-A-00160,"문화예술플랫폼(한,영,중간,중번,일)",attraction,북구,35.206764,128.99797,busan_official_api,AttractionService:2085:ko,AttractionService:2085:ko,,,https://www.visitbusan.net/uploadImgs/files/cntnts/20240911180908467_ttiel,1,image_sufficient,operational_assumed,"공식 관광 원천 일반 홍보 이미지, 이미지 수준 명시적 제한 미확인",2026-07-24T00:27:42.723Z,data/tourapi/candidates/busan/busan-integrated-candidates.csv,fe43388
busan-A-00161,"북두칠성도서관(한,영,중간,중번,일)",attraction,동구,35.116432,129.04588,busan_official_api,AttractionService:2086:ko,AttractionService:2086:ko,,,https://www.visitbusan.net/uploadImgs/files/cntnts/20240913175719812_ttiel,1,image_sufficient,operational_assumed,"공식 관광 원천 일반 홍보 이미지, 이미지 수준 명시적 제한 미확인",2026-07-24T00:27:42.723Z,data/tourapi/candidates/busan/busan-integrated-candidates.csv,fe43388
busan-A-00162,"송정 구덕포길(한,영,중간,중번,일)",attraction,해운대구,35.169155,129.19722,busan_official_api,AttractionService:2095:ko,AttractionService:2095:ko,,,https://www.visitbusan.net/uploadImgs/files/cntnts/20240920110953518_ttiel,1,image_sufficient,operational_assumed,"공식 관광 원천 일반 홍보 이미지, 이미지 수준 명시적 제한 미확인",2026-07-24T00:27:42.723Z,data/tourapi/candidates/busan/busan-integrated-candidates.csv,fe43388
busan-A-00163,"망양로 산복도로 전시관(한,영,중간,중번,일)",attraction,동구,35.117672,129.0332,busan_official_api,AttractionService:2102:ko,AttractionService:2102:ko,,,https://www.visitbusan.net/uploadImgs/files/cntnts/20240923115623200_ttiel,1,image_sufficient,operational_assumed,"공식 관광 원천 일반 홍보 이미지, 이미지 수준 명시적 제한 미확인",2026-07-24T00:27:42.723Z,data/tourapi/candidates/busan/busan-integrated-candidates.csv,fe43388
busan-A-00164,"닥밭골 벽화마을(한,영,중간,중번,일)",attraction,서구,35.114338,129.02371,busan_official_api,AttractionService:2104:ko,AttractionService:2104:ko,,,https://www.visitbusan.net/uploadImgs/files/cntnts/20240923142217173_ttiel,1,image_sufficient,operational_assumed,"공식 관광 원천 일반 홍보 이미지, 이미지 수준 명시적 제한 미확인",2026-07-24T00:27:42.723Z,data/tourapi/candidates/busan/busan-integrated-candidates.csv,fe43388
busan-A-00165,"대청스카이전망대(한,영,중간,중번,일)",attraction,중구,35.107513,129.02963,busan_official_api,AttractionService:2105:ko,AttractionService:2105:ko,,,https://www.visitbusan.net/uploadImgs/files/cntnts/20240923144618796_ttiel,1,image_sufficient,operational_assumed,"공식 관광 원천 일반 홍보 이미지, 이미지 수준 명시적 제한 미확인",2026-07-24T00:27:42.723Z,data/tourapi/candidates/busan/busan-integrated-candidates.csv,fe43388
busan-A-00166,"색채마을(한,영,중간,중번,일)",attraction,중구,35.106995,129.02943,busan_official_api,AttractionService:2106:ko,AttractionService:2106:ko,,,https://www.visitbusan.net/uploadImgs/files/cntnts/20240923150247468_ttiel,1,image_sufficient,operational_assumed,"공식 관광 원천 일반 홍보 이미지, 이미지 수준 명시적 제한 미확인",2026-07-24T00:27:42.723Z,data/tourapi/candidates/busan/busan-integrated-candidates.csv,fe43388
busan-A-00167,"뮤직컴플렉스 서울 부산점(한,영,중간,중번,일)",attraction,기장군,35.193672,129.21411,busan_official_api,AttractionService:2119:ko,AttractionService:2119:ko,,,https://www.visitbusan.net/uploadImgs/files/cntnts/20240926181328093_ttiel,1,image_sufficient,operational_assumed,"공식 관광 원천 일반 홍보 이미지, 이미지 수준 명시적 제한 미확인",2026-07-24T00:27:42.723Z,data/tourapi/candidates/busan/busan-integrated-candidates.csv,fe43388
busan-A-00168,"누리마루 APEC하우스 (한,영,중간,중번,일)",attraction,해운대구,35.152336,129.15132,busan_official_api,AttractionService:2121:ko,AttractionService:2121:ko,,,https://www.visitbusan.net/uploadImgs/files/cntnts/20241002101127462_ttiel,1,image_sufficient,operational_assumed,"공식 관광 원천 일반 홍보 이미지, 이미지 수준 명시적 제한 미확인",2026-07-24T00:27:42.723Z,data/tourapi/candidates/busan/busan-integrated-candidates.csv,fe43388
busan-A-00169,"용호 별빛공원(한,영,중간,중번,일)",attraction,남구,35.1328,129.12,busan_official_api,AttractionService:2133:ko,AttractionService:2133:ko,,,https://www.visitbusan.net/uploadImgs/files/cntnts/20241017115549245_ttiel,1,image_sufficient,operational_assumed,"공식 관광 원천 일반 홍보 이미지, 이미지 수준 명시적 제한 미확인",2026-07-24T00:27:42.723Z,data/tourapi/candidates/busan/busan-integrated-candidates.csv,fe43388
busan-A-00170,"부산 워케이션 거점센터(한,영,중간,중번,일)",attraction,동구,35.116238,129.04184,busan_official_api,AttractionService:2138:ko,AttractionService:2138:ko,,,https://www.visitbusan.net/uploadImgs/files/cntnts/20241024114149701_ttiel,1,image_sufficient,operational_assumed,"공식 관광 원천 일반 홍보 이미지, 이미지 수준 명시적 제한 미확인",2026-07-24T00:27:42.723Z,data/tourapi/candidates/busan/busan-integrated-candidates.csv,fe43388
busan-A-00171,"더휴일X데스커 워케이션 센터(한,영,중간,중번,일)",attraction,영도구,35.095074,129.0427,busan_official_api,AttractionService:2139:ko,AttractionService:2139:ko,,,https://www.visitbusan.net/uploadImgs/files/cntnts/20241024131843096_ttiel,1,image_sufficient,operational_assumed,"공식 관광 원천 일반 홍보 이미지, 이미지 수준 명시적 제한 미확인",2026-07-24T00:27:42.723Z,data/tourapi/candidates/busan/busan-integrated-candidates.csv,fe43388
busan-A-00172,"씨씨윗북 북스토어(한,영,중간,중번,일)",attraction,영도구,35.079052,129.04463,busan_official_api,AttractionService:2140:ko,AttractionService:2140:ko,,,https://www.visitbusan.net/uploadImgs/files/cntnts/20241024113331184_ttiel,1,image_sufficient,operational_assumed,"공식 관광 원천 일반 홍보 이미지, 이미지 수준 명시적 제한 미확인",2026-07-24T00:27:42.723Z,data/tourapi/candidates/busan/busan-integrated-candidates.csv,fe43388
busan-A-00173,"패스파인더 남포점(한,영,중간,중번,일)",attraction,중구,35.100525,129.03075,visitbusan_web,VisitBusanContent:attraction:2143:ko,VisitBusanContent:attraction:2143:ko|AttractionService:2143:ko,https://www.visitbusan.net/kr/index.do?menuCd=DOM_000000201001001000&uc_seq=2143&lang_cd=ko,https://www.pathfinder.camp/,https://www.visitbusan.net/uploadImgs/files/cntnts/20241024144324691_ttiel,1,image_sufficient,operational_assumed,"공식 관광 원천 일반 홍보 이미지, 이미지 수준 명시적 제한 미확인",2026-07-24T07:10:24.377Z,data/tourapi/candidates/busan/busan-integrated-candidates.csv,fe43388
busan-A-00174,"도모헌(한,영,중간,중번,일)",attraction,수영구,35.147057,129.10724,busan_official_api,AttractionService:2145:ko,AttractionService:2145:ko,,,https://www.visitbusan.net/uploadImgs/files/cntnts/20241025105526827_ttiel,1,image_sufficient,operational_assumed,"공식 관광 원천 일반 홍보 이미지, 이미지 수준 명시적 제한 미확인",2026-07-24T00:27:42.723Z,data/tourapi/candidates/busan/busan-integrated-candidates.csv,fe43388
busan-A-00175,"동삼동패총전시관(한,영,중간,중번,일)",attraction,영도구,35.07119,129.07968,busan_official_api,AttractionService:2153:ko,AttractionService:2153:ko,,,https://www.visitbusan.net/uploadImgs/files/cntnts/20241029182913498_ttiel,1,image_sufficient,operational_assumed,"공식 관광 원천 일반 홍보 이미지, 이미지 수준 명시적 제한 미확인",2026-07-24T00:27:42.723Z,data/tourapi/candidates/busan/busan-integrated-candidates.csv,fe43388
busan-A-00176,"부산시민공원 역사문화관(한,영,중간,중번,일)",attraction,부산진구,35.168602,129.05751,busan_official_api,AttractionService:2155:ko,AttractionService:2155:ko,,,https://www.visitbusan.net/uploadImgs/files/cntnts/20241031151344958_ttiel,1,image_sufficient,operational_assumed,"공식 관광 원천 일반 홍보 이미지, 이미지 수준 명시적 제한 미확인",2026-07-24T00:27:42.723Z,data/tourapi/candidates/busan/busan-integrated-candidates.csv,fe43388
busan-A-00177,"다대포 바다누리길(한,영,중간,중번,일)",attraction,사하구,35.046967,128.96936,busan_official_api,AttractionService:2157:ko,AttractionService:2157:ko,,,https://www.visitbusan.net/uploadImgs/files/cntnts/20241031180127634_ttiel,1,image_sufficient,operational_assumed,"공식 관광 원천 일반 홍보 이미지, 이미지 수준 명시적 제한 미확인",2026-07-24T00:27:42.723Z,data/tourapi/candidates/busan/busan-integrated-candidates.csv,fe43388
busan-A-00178,"광안리 골방(한,영,중간,중번,일)",attraction,수영구,35.157566,129.12578,busan_official_api,AttractionService:2166:ko,AttractionService:2166:ko,,,https://www.visitbusan.net/uploadImgs/files/cntnts/20241108142157400_ttiel,1,image_sufficient,operational_assumed,"공식 관광 원천 일반 홍보 이미지, 이미지 수준 명시적 제한 미확인",2026-07-24T00:27:42.723Z,data/tourapi/candidates/busan/busan-integrated-candidates.csv,fe43388
busan-A-00179,"오시리아 해안 산책로(한,영,중간,중번,일)",attraction,기장군,35.198395,129.22993,busan_official_api,AttractionService:2172:ko,AttractionService:2172:ko,,,https://www.visitbusan.net/uploadImgs/files/cntnts/20241107133504063_ttiel,1,image_sufficient,operational_assumed,"공식 관광 원천 일반 홍보 이미지, 이미지 수준 명시적 제한 미확인",2026-07-24T00:27:42.723Z,data/tourapi/candidates/busan/busan-integrated-candidates.csv,fe43388
busan-A-00180,"홍티아트센터(한,영,중간,중번,일)",attraction,사하구,35.05365,128.95828,busan_official_api,AttractionService:2173:ko,AttractionService:2173:ko,,,https://www.visitbusan.net/uploadImgs/files/cntnts/20241107142452622_ttiel,1,image_sufficient,operational_assumed,"공식 관광 원천 일반 홍보 이미지, 이미지 수준 명시적 제한 미확인",2026-07-24T00:27:42.723Z,data/tourapi/candidates/busan/busan-integrated-candidates.csv,fe43388
busan-A-00181,"일광 광산마을(한,영,중간,중번,일)",attraction,기장군,35.30874,129.22404,busan_official_api,AttractionService:2186:ko,AttractionService:2186:ko,,,https://www.visitbusan.net/uploadImgs/files/cntnts/20241112125514341_ttiel,1,image_sufficient,operational_assumed,"공식 관광 원천 일반 홍보 이미지, 이미지 수준 명시적 제한 미확인",2026-07-24T00:27:42.723Z,data/tourapi/candidates/busan/busan-integrated-candidates.csv,fe43388
busan-A-00182,"부산항 제 1부두(한,영,중간,중번,일)",attraction,중구,35.10498,129.04028,busan_official_api,AttractionService:2187:ko,AttractionService:2187:ko,,,https://www.visitbusan.net/uploadImgs/files/cntnts/20241112141808956_ttiel,1,image_sufficient,operational_assumed,"공식 관광 원천 일반 홍보 이미지, 이미지 수준 명시적 제한 미확인",2026-07-24T00:27:42.723Z,data/tourapi/candidates/busan/busan-integrated-candidates.csv,fe43388
busan-A-00183,"유엔평화기념관(한,영,중간,중번,일)",attraction,남구,35.127697,129.09593,busan_official_api,AttractionService:2188:ko,AttractionService:2188:ko,,,https://www.visitbusan.net/uploadImgs/files/cntnts/20241112150316938_ttiel,1,image_sufficient,operational_assumed,"공식 관광 원천 일반 홍보 이미지, 이미지 수준 명시적 제한 미확인",2026-07-24T00:27:42.723Z,data/tourapi/candidates/busan/busan-integrated-candidates.csv,fe43388
busan-A-00184,"명지 철새 탐조대(한,영,중간,중번,일)",attraction,강서구,35.084156,128.91174,busan_official_api,AttractionService:2189:ko,AttractionService:2189:ko,,,https://www.visitbusan.net/uploadImgs/files/cntnts/20241113145816999_ttiel,1,image_sufficient,operational_assumed,"공식 관광 원천 일반 홍보 이미지, 이미지 수준 명시적 제한 미확인",2026-07-24T00:27:42.723Z,data/tourapi/candidates/busan/busan-integrated-candidates.csv,fe43388
busan-A-00185,"포디움다이브엠(한,영,중간,중번,일)",attraction,수영구,35.148014,129.11356,busan_official_api,AttractionService:2191:ko,AttractionService:2191:ko,,,https://www.visitbusan.net/uploadImgs/files/cntnts/20241126144851008_ttiel,1,image_sufficient,operational_assumed,"공식 관광 원천 일반 홍보 이미지, 이미지 수준 명시적 제한 미확인",2026-07-24T00:27:42.723Z,data/tourapi/candidates/busan/busan-integrated-candidates.csv,fe43388
busan-A-00186,"갤러리 수정(한,영,중간,중번,일)",attraction,동구,35.12573,129.04266,busan_official_api,AttractionService:2200:ko,AttractionService:2200:ko,,,https://www.visitbusan.net/uploadImgs/files/cntnts/20241202143950023_ttiel,1,image_sufficient,operational_assumed,"공식 관광 원천 일반 홍보 이미지, 이미지 수준 명시적 제한 미확인",2026-07-24T00:27:42.723Z,data/tourapi/candidates/busan/busan-integrated-candidates.csv,fe43388
busan-A-00187,"이바구캠프(한,영,중간,중번,일)",attraction,중구,35.119175,129.0283,busan_official_api,AttractionService:2202:ko,AttractionService:2202:ko,,,https://www.visitbusan.net/uploadImgs/files/cntnts/20241202150020813_ttiel,1,image_sufficient,operational_assumed,"공식 관광 원천 일반 홍보 이미지, 이미지 수준 명시적 제한 미확인",2026-07-24T00:27:42.723Z,data/tourapi/candidates/busan/busan-integrated-candidates.csv,fe43388
busan-A-00188,"디오티미술관(한,영,중간,중번,일)",attraction,금정구,35.228886,129.07677,busan_official_api,AttractionService:2204:ko,AttractionService:2204:ko,,,https://www.visitbusan.net/uploadImgs/files/cntnts/20241206140233984_ttiel,1,image_sufficient,operational_assumed,"공식 관광 원천 일반 홍보 이미지, 이미지 수준 명시적 제한 미확인",2026-07-24T00:27:42.723Z,data/tourapi/candidates/busan/busan-integrated-candidates.csv,fe43388
busan-A-00189,"오륜대 순교자 성지(한,영,중간,중번,일)",attraction,금정구,35.24589,129.10143,busan_official_api,AttractionService:2206:ko,AttractionService:2206:ko,,,https://www.visitbusan.net/uploadImgs/files/cntnts/20241206151830093_ttiel,1,image_sufficient,operational_assumed,"공식 관광 원천 일반 홍보 이미지, 이미지 수준 명시적 제한 미확인",2026-07-24T00:27:42.723Z,data/tourapi/candidates/busan/busan-integrated-candidates.csv,fe43388
busan-A-00190,"갤러리 플레이리스트(한,영,중간,중번,일)",attraction,중구,35.102535,129.03517,busan_official_api,AttractionService:2210:ko,AttractionService:2210:ko,,,https://www.visitbusan.net/uploadImgs/files/cntnts/20241206181644634_ttiel,1,image_sufficient,operational_assumed,"공식 관광 원천 일반 홍보 이미지, 이미지 수준 명시적 제한 미확인",2026-07-24T00:27:42.723Z,data/tourapi/candidates/busan/busan-integrated-candidates.csv,fe43388
busan-A-00191,"영도해돋이전망대 (한,영,중간,중번,일)",attraction,영도구,35.08908,129.05594,visitbusan_web,VisitBusanContent:attraction:2218:ko,VisitBusanContent:attraction:2218:ko|AttractionService:2218:ko,https://www.visitbusan.net/kr/index.do?menuCd=DOM_000000201001001000&uc_seq=2218&lang_cd=ko,,https://www.visitbusan.net/uploadImgs/files/cntnts/20241219102705213_ttiel,1,image_sufficient,operational_assumed,"공식 관광 원천 일반 홍보 이미지, 이미지 수준 명시적 제한 미확인",2026-07-24T07:10:11.161Z,data/tourapi/candidates/busan/busan-integrated-candidates.csv,fe43388
busan-A-00192,"해광사(한,영,중간,중번,일)",attraction,기장군,35.205593,129.22546,busan_official_api,AttractionService:2220:ko,AttractionService:2220:ko,,,https://www.visitbusan.net/uploadImgs/files/cntnts/20241224115942076_ttiel,1,image_sufficient,operational_assumed,"공식 관광 원천 일반 홍보 이미지, 이미지 수준 명시적 제한 미확인",2026-07-24T00:27:42.723Z,data/tourapi/candidates/busan/busan-integrated-candidates.csv,fe43388
busan-A-00193,"륜 빌리지 (한,영,중간,중번,일)",attraction,금정구,35.24763,129.11644,busan_official_api,AttractionService:2229:ko,AttractionService:2229:ko,,,https://www.visitbusan.net/uploadImgs/files/cntnts/20250102170659652_ttiel,1,image_sufficient,operational_assumed,"공식 관광 원천 일반 홍보 이미지, 이미지 수준 명시적 제한 미확인",2026-07-24T00:27:42.723Z,data/tourapi/candidates/busan/busan-integrated-candidates.csv,fe43388
busan-A-00194,"내원정사(한,영,중간,중번,일)",attraction,서구,35.126575,129.01202,visitbusan_web,VisitBusanContent:attraction:2237:ko,VisitBusanContent:attraction:2237:ko|AttractionService:2237:ko,https://www.visitbusan.net/kr/index.do?menuCd=DOM_000000201001001000&uc_seq=2237&lang_cd=ko,https://naewon.kr/,https://www.visitbusan.net/uploadImgs/files/cntnts/20250110143214904_ttiel,1,image_sufficient,operational_assumed,"공식 관광 원천 일반 홍보 이미지, 이미지 수준 명시적 제한 미확인",2026-07-24T07:10:08.939Z,data/tourapi/candidates/busan/busan-integrated-candidates.csv,fe43388
busan-A-00195,"홍법사(한,영,중간,중번,일)",attraction,금정구,35.30383,129.11041,visitbusan_web,VisitBusanContent:attraction:2239:ko,VisitBusanContent:attraction:2239:ko|AttractionService:2239:ko,https://www.visitbusan.net/kr/index.do?menuCd=DOM_000000201001001000&uc_seq=2239&lang_cd=ko,http://www.hbs.or.kr/,https://www.visitbusan.net/uploadImgs/files/cntnts/20250110145605040_ttiel,1,image_sufficient,operational_assumed,"공식 관광 원천 일반 홍보 이미지, 이미지 수준 명시적 제한 미확인",2026-07-24T07:10:08.217Z,data/tourapi/candidates/busan/busan-integrated-candidates.csv,fe43388
busan-A-00196,"부산어린이대공원 치유의숲(한,영,중간,중번,일)",attraction,부산진구,35.185402,129.04234,visitbusan_web,VisitBusanContent:attraction:2240:ko,VisitBusanContent:attraction:2240:ko|AttractionService:2240:ko,https://www.visitbusan.net/kr/index.do?menuCd=DOM_000000201001001000&uc_seq=2240&lang_cd=ko,https://www.bisco.or.kr/bschildpark/,https://www.visitbusan.net/uploadImgs/files/cntnts/20250110150900359_ttiel,1,image_sufficient,operational_assumed,"공식 관광 원천 일반 홍보 이미지, 이미지 수준 명시적 제한 미확인",2026-07-24T07:10:07.490Z,data/tourapi/candidates/busan/busan-integrated-candidates.csv,fe43388
busan-A-00197,"동백섬(한,영,중간,중번,일)",attraction,해운대구,35.15397,129.1523,busan_official_api,AttractionService:2274:ko,AttractionService:2274:ko,,,https://www.visitbusan.net/uploadImgs/files/cntnts/20250207152914813_ttiel,1,image_sufficient,operational_assumed,"공식 관광 원천 일반 홍보 이미지, 이미지 수준 명시적 제한 미확인",2026-07-24T00:27:42.723Z,data/tourapi/candidates/busan/busan-integrated-candidates.csv,fe43388
busan-A-00198,"중사도(한,영,중간,중번,일)",attraction,중구,35.20947,128.91457,busan_official_api,AttractionService:2275:ko,AttractionService:2275:ko,,,https://www.visitbusan.net/uploadImgs/files/cntnts/20250207155656641_ttiel,1,image_sufficient,operational_assumed,"공식 관광 원천 일반 홍보 이미지, 이미지 수준 명시적 제한 미확인",2026-07-24T00:27:42.723Z,data/tourapi/candidates/busan/busan-integrated-candidates.csv,fe43388
busan-A-00199,"모퉁이극장(한,영,중간,중번,일)",attraction,중구,35.1006,129.0309,busan_official_api,AttractionService:2284:ko,AttractionService:2284:ko,,,https://www.visitbusan.net/uploadImgs/files/cntnts/20250212112901695_ttiel,1,image_sufficient,operational_assumed,"공식 관광 원천 일반 홍보 이미지, 이미지 수준 명시적 제한 미확인",2026-07-24T00:27:42.723Z,data/tourapi/candidates/busan/busan-integrated-candidates.csv,fe43388
busan-A-00200,"영주맨션(한,영,중간,중번,일)",attraction,중구,35.113503,129.03278,busan_official_api,AttractionService:2288:ko,AttractionService:2288:ko,,,https://www.visitbusan.net/uploadImgs/files/cntnts/20250214183306081_ttiel,1,image_sufficient,operational_assumed,"공식 관광 원천 일반 홍보 이미지, 이미지 수준 명시적 제한 미확인",2026-07-24T00:27:42.723Z,data/tourapi/candidates/busan/busan-integrated-candidates.csv,fe43388
busan-A-00201,"황령산레포츠공원(한,영,중간,중번,일)",attraction,부산진구,35.15709,129.07631,busan_official_api,AttractionService:2299:ko,AttractionService:2299:ko,,,https://www.visitbusan.net/uploadImgs/files/cntnts/20250306115823313_ttiel,1,image_sufficient,operational_assumed,"공식 관광 원천 일반 홍보 이미지, 이미지 수준 명시적 제한 미확인",2026-07-24T00:27:42.723Z,data/tourapi/candidates/busan/busan-integrated-candidates.csv,fe43388
busan-A-00202,"범어사 성보박물관(한,영,중간,중번,일)",attraction,금정구,35.278435,129.0744,busan_official_api,AttractionService:2314:ko,AttractionService:2314:ko,,,https://www.visitbusan.net/uploadImgs/files/cntnts/20250317141712864_ttiel,1,image_sufficient,operational_assumed,"공식 관광 원천 일반 홍보 이미지, 이미지 수준 명시적 제한 미확인",2026-07-24T00:27:42.723Z,data/tourapi/candidates/busan/busan-integrated-candidates.csv,fe43388
busan-A-00203,대룡마을,attraction,기장군,35.370792,129.2628,busan_official_api,AttractionService:2408:ko,AttractionService:2408:ko,,,https://www.visitbusan.net/uploadImgs/files/cntnts/20250620121122146_ttiel,1,image_sufficient,operational_assumed,"공식 관광 원천 일반 홍보 이미지, 이미지 수준 명시적 제한 미확인",2026-07-24T00:27:42.723Z,data/tourapi/candidates/busan/busan-integrated-candidates.csv,fe43388
busan-A-00204,"남포, 광복지하도상가",attraction,중구,35.097282,129.02728,visitbusan_web,VisitBusanContent:attraction:2491:ko,VisitBusanContent:attraction:2491:ko|AttractionService:2491:ko,https://www.visitbusan.net/kr/index.do?menuCd=DOM_000000201001001000&uc_seq=2491&lang_cd=ko,,https://www.visitbusan.net/uploadImgs/files/cntnts/20250728122343276_ttiel,1,image_sufficient,operational_assumed,"공식 관광 원천 일반 홍보 이미지, 이미지 수준 명시적 제한 미확인",2026-07-24T07:10:01.567Z,data/tourapi/candidates/busan/busan-integrated-candidates.csv,fe43388
busan-A-00205,황령산봉수전망대,attraction,부산진구,35.157204,129.08163,busan_official_api,AttractionService:2551:ko,AttractionService:2551:ko,,,https://www.visitbusan.net/uploadImgs/files/cntnts/20250826175032196_ttiel,1,image_sufficient,operational_assumed,"공식 관광 원천 일반 홍보 이미지, 이미지 수준 명시적 제한 미확인",2026-07-24T00:27:42.723Z,data/tourapi/candidates/busan/busan-integrated-candidates.csv,fe43388
busan-A-00206,1934 기차 동래역,attraction,동래구,35.19779,129.09004,busan_official_api,AttractionService:2566:ko,AttractionService:2566:ko,,,https://www.visitbusan.net/uploadImgs/files/cntnts/20250926164016872_ttiel,1,image_sufficient,operational_assumed,"공식 관광 원천 일반 홍보 이미지, 이미지 수준 명시적 제한 미확인",2026-07-24T00:27:42.723Z,data/tourapi/candidates/busan/busan-integrated-candidates.csv,fe43388
busan-A-00207,대항 어항동 방파제 등대,attraction,강서구,35.011753,128.82515,busan_official_api,AttractionService:2587:ko,AttractionService:2587:ko,,,https://www.visitbusan.net/uploadImgs/files/cntnts/20251020162135473_ttiel,1,image_sufficient,operational_assumed,"공식 관광 원천 일반 홍보 이미지, 이미지 수준 명시적 제한 미확인",2026-07-24T00:27:42.723Z,data/tourapi/candidates/busan/busan-integrated-candidates.csv,fe43388
busan-A-00208,충무동 해안시장,attraction,서구,35.095985,129.0255,busan_official_api,AttractionService:2588:ko,AttractionService:2588:ko,,,https://www.visitbusan.net/uploadImgs/files/cntnts/20251020171326961_ttiel,1,image_sufficient,operational_assumed,"공식 관광 원천 일반 홍보 이미지, 이미지 수준 명시적 제한 미확인",2026-07-24T00:27:42.723Z,data/tourapi/candidates/busan/busan-integrated-candidates.csv,fe43388
busan-A-00209,초량 이바구길,attraction,동구,35.11814,129.03362,busan_official_api,AttractionService:2594:ko,AttractionService:2594:ko,,,https://www.visitbusan.net/uploadImgs/files/cntnts/20251024154312500_ttiel,1,image_sufficient,operational_assumed,"공식 관광 원천 일반 홍보 이미지, 이미지 수준 명시적 제한 미확인",2026-07-24T00:27:42.723Z,data/tourapi/candidates/busan/busan-integrated-candidates.csv,fe43388
busan-A-00210,고려제강기념관,attraction,수영구,35.177723,129.11348,busan_official_api,AttractionService:2598:ko,AttractionService:2598:ko,,,https://www.visitbusan.net/uploadImgs/files/cntnts/20251029154155656_ttiel,1,image_sufficient,operational_assumed,"공식 관광 원천 일반 홍보 이미지, 이미지 수준 명시적 제한 미확인",2026-07-24T00:27:42.723Z,data/tourapi/candidates/busan/busan-integrated-candidates.csv,fe43388
busan-A-00211,회동수원지,attraction,금정구,35.245823,129.11913,busan_official_api,AttractionService:2612:ko,AttractionService:2612:ko,,,https://www.visitbusan.net/uploadImgs/files/cntnts/20251121173217035_ttiel,1,image_sufficient,operational_assumed,"공식 관광 원천 일반 홍보 이미지, 이미지 수준 명시적 제한 미확인",2026-07-24T00:27:42.723Z,data/tourapi/candidates/busan/busan-integrated-candidates.csv,fe43388
busan-A-00212,리틀 프린스 하우스,attraction,사하구,35.09775,129.00851,busan_official_api,AttractionService:2678:ko,AttractionService:2678:ko,,,https://www.visitbusan.net/uploadImgs/files/cntnts/20260311171309981_ttiel,1,image_sufficient,operational_assumed,"공식 관광 원천 일반 홍보 이미지, 이미지 수준 명시적 제한 미확인",2026-07-24T00:27:42.723Z,data/tourapi/candidates/busan/busan-integrated-candidates.csv,fe43388
busan-A-00213,지그재그아트센터,attraction,해운대구,35.161175,129.16803,visitbusan_web,VisitBusanContent:attraction:2753:ko,VisitBusanContent:attraction:2753:ko|AttractionService:2753:ko,https://www.visitbusan.net/kr/index.do?menuCd=DOM_000000201001001000&uc_seq=2753&lang_cd=ko,https://www.zigzagartcenter.com/,https://www.visitbusan.net/uploadImgs/files/cntnts/20260609143205137_ttiel,1,image_sufficient,operational_assumed,"공식 관광 원천 일반 홍보 이미지, 이미지 수준 명시적 제한 미확인",2026-07-24T07:09:55.854Z,data/tourapi/candidates/busan/busan-integrated-candidates.csv,fe43388
busan-E-00001,"부산바다축제(한,영, 중간,중번,일)",event,수영구,35.151604,129.11713,busan_official_api,FestivalService:71:ko,FestivalService:71:ko,,,https://www.visitbusan.net/uploadImgs/files/cntnts/20191213191711585_ttiel,1,image_sufficient,operational_assumed,"공식 관광 원천 일반 홍보 이미지, 이미지 수준 명시적 제한 미확인",2026-07-24T00:27:42.723Z,data/tourapi/candidates/busan/busan-integrated-candidates.csv,fe43388
busan-E-00002,"수국축제(한,영,중간,중번,일)",event,영도구,35.05602,129.08812,busan_official_api,FestivalService:253:ko,FestivalService:253:ko,,,https://www.visitbusan.net/uploadImgs/files/cntnts/20191222160520749_ttiel,1,image_sufficient,operational_assumed,"공식 관광 원천 일반 홍보 이미지, 이미지 수준 명시적 제한 미확인",2026-07-24T00:27:42.723Z,data/tourapi/candidates/busan/busan-integrated-candidates.csv,fe43388
busan-E-00003,"센텀맥주축제(한,영,중간,중번,일)",event,해운대구,35.170998,129.12697,busan_official_api,FestivalService:329:ko,FestivalService:329:ko,,,https://www.visitbusan.net/uploadImgs/files/cntnts/20191227114742493_ttiel,1,image_sufficient,operational_assumed,"공식 관광 원천 일반 홍보 이미지, 이미지 수준 명시적 제한 미확인",2026-07-24T00:27:42.723Z,data/tourapi/candidates/busan/busan-integrated-candidates.csv,fe43388
busan-E-00004,"금정산성축제(한,영,중간,중번,일)",event,금정구,35.23809,129.08815,busan_official_api,FestivalService:330:ko,FestivalService:330:ko,,,https://www.visitbusan.net/uploadImgs/files/cntnts/20191227115551778_ttiel,1,image_sufficient,operational_assumed,"공식 관광 원천 일반 홍보 이미지, 이미지 수준 명시적 제한 미확인",2026-07-24T00:27:42.723Z,data/tourapi/candidates/busan/busan-integrated-candidates.csv,fe43388
busan-E-00005,"낙동강구포나루축제(한,영,중간,중번,일)",event,북구,35.22585,129.00346,busan_official_api,FestivalService:331:ko,FestivalService:331:ko,,,https://www.visitbusan.net/uploadImgs/files/cntnts/20191227120157384_ttiel,1,image_sufficient,operational_assumed,"공식 관광 원천 일반 홍보 이미지, 이미지 수준 명시적 제한 미확인",2026-07-24T00:27:42.723Z,data/tourapi/candidates/busan/busan-integrated-candidates.csv,fe43388
busan-E-00006,"부산불꽃축제(한, 영, 중간, 중번, 일)",event,수영구,35.152725,129.11848,busan_official_api,FestivalService:395:ko,FestivalService:395:ko,,,https://www.visitbusan.net/uploadImgs/files/cntnts/20241022165920388_ttiel,1,image_sufficient,operational_assumed,"공식 관광 원천 일반 홍보 이미지, 이미지 수준 명시적 제한 미확인",2026-07-24T00:27:42.723Z,data/tourapi/candidates/busan/busan-integrated-candidates.csv,fe43388
busan-E-00007,"삼광사 연등축제(한,영,중간,중번,일)",event,부산진구,35.175694,129.04338,busan_official_api,FestivalService:403:ko,FestivalService:403:ko,,,https://www.visitbusan.net/uploadImgs/files/cntnts/20230503134701548_ttiel,1,image_sufficient,operational_assumed,"공식 관광 원천 일반 홍보 이미지, 이미지 수준 명시적 제한 미확인",2026-07-24T00:27:42.723Z,data/tourapi/candidates/busan/busan-integrated-candidates.csv,fe43388
busan-E-00008,"해운대모래축제(한,영,중간,중번,일)",event,해운대구,35.158497,129.15985,busan_official_api,FestivalService:405:ko,FestivalService:405:ko,,,https://www.visitbusan.net/uploadImgs/files/cntnts/20250512112542346_ttiel,1,image_sufficient,operational_assumed,"공식 관광 원천 일반 홍보 이미지, 이미지 수준 명시적 제한 미확인",2026-07-24T00:27:42.723Z,data/tourapi/candidates/busan/busan-integrated-candidates.csv,fe43388
busan-E-00009,"부산항축제(한,영,중간,중번,일)",event,동구,35.114414,129.0464,busan_official_api,FestivalService:406:ko,FestivalService:406:ko,,,https://www.visitbusan.net/uploadImgs/files/cntnts/20260422164844354_ttiel,1,image_sufficient,operational_assumed,"공식 관광 원천 일반 홍보 이미지, 이미지 수준 명시적 제한 미확인",2026-07-24T00:27:42.723Z,data/tourapi/candidates/busan/busan-integrated-candidates.csv,fe43388
busan-E-00010,"동래읍성 역사축제(한, 영, 중간, 중번, 일)",event,동래구,35.21127,129.09091,busan_official_api,FestivalService:407:ko,FestivalService:407:ko,,,https://www.visitbusan.net/uploadImgs/files/cntnts/20191230193142955_ttiel,1,image_sufficient,operational_assumed,"공식 관광 원천 일반 홍보 이미지, 이미지 수준 명시적 제한 미확인",2026-07-24T00:27:42.723Z,data/tourapi/candidates/busan/busan-integrated-candidates.csv,fe43388
busan-E-00011,"부산자갈치축제(한,영,중간,중번,일)",event,중구,35.096703,129.03058,busan_official_api,FestivalService:411:ko,FestivalService:411:ko,,,https://www.visitbusan.net/uploadImgs/files/cntnts/20191230200521249_ttiel,1,image_sufficient,operational_assumed,"공식 관광 원천 일반 홍보 이미지, 이미지 수준 명시적 제한 미확인",2026-07-24T00:27:42.723Z,data/tourapi/candidates/busan/busan-integrated-candidates.csv,fe43388
busan-E-00012,"차이나타운특구 문화축제(한,영,중간,중번,일)",event,동구,35.11431,129.03809,busan_official_api,FestivalService:414:ko,FestivalService:414:ko,,,https://www.visitbusan.net/uploadImgs/files/cntnts/20191230202600804_ttiel,1,image_sufficient,operational_assumed,"공식 관광 원천 일반 홍보 이미지, 이미지 수준 명시적 제한 미확인",2026-07-24T00:27:42.723Z,data/tourapi/candidates/busan/busan-integrated-candidates.csv,fe43388
busan-E-00013,"부산바다미술제(한,영,중간,중번,일)",event,기장군,35.258884,129.23155,busan_official_api,FestivalService:427:ko,FestivalService:427:ko,,,https://www.visitbusan.net/uploadImgs/files/cntnts/20231024143140221_ttiel,1,image_sufficient,operational_assumed,"공식 관광 원천 일반 홍보 이미지, 이미지 수준 명시적 제한 미확인",2026-07-24T00:27:42.723Z,data/tourapi/candidates/busan/busan-integrated-candidates.csv,fe43388
busan-E-00014,"해운대 빛축제(한,영,중간,중번,일)",event,해운대구,35.15849,129.15987,busan_official_api,FestivalService:440:ko,FestivalService:440:ko,,,https://www.visitbusan.net/uploadImgs/files/cntnts/20221227165437336_ttiel,1,image_sufficient,operational_assumed,"공식 관광 원천 일반 홍보 이미지, 이미지 수준 명시적 제한 미확인",2026-07-24T00:27:42.723Z,data/tourapi/candidates/busan/busan-integrated-candidates.csv,fe43388
busan-E-00015,"기장미역다시마축제(한, 영, 중간, 중번, 일)",event,기장군,35.271782,129.2447,busan_official_api,FestivalService:441:ko,FestivalService:441:ko,,,https://www.visitbusan.net/uploadImgs/files/cntnts/20191231114635471_ttiel,1,image_sufficient,operational_assumed,"공식 관광 원천 일반 홍보 이미지, 이미지 수준 명시적 제한 미확인",2026-07-24T00:27:42.723Z,data/tourapi/candidates/busan/busan-integrated-candidates.csv,fe43388
busan-E-00016,"광안리어방축제(한,영,중간,중번,일)",event,수영구,35.153156,129.11893,busan_official_api,FestivalService:442:ko,FestivalService:442:ko,,,https://www.visitbusan.net/uploadImgs/files/cntnts/20191231174925322_ttiel,1,image_sufficient,operational_assumed,"공식 관광 원천 일반 홍보 이미지, 이미지 수준 명시적 제한 미확인",2026-07-24T00:27:42.723Z,data/tourapi/candidates/busan/busan-integrated-candidates.csv,fe43388
busan-E-00017,"기장멸치축제(한, 영, 중간, 중번, 일)",event,기장군,35.223377,129.23056,busan_official_api,FestivalService:443:ko,FestivalService:443:ko,,,https://www.visitbusan.net/uploadImgs/files/cntnts/20191231175726016_ttiel,1,image_sufficient,operational_assumed,"공식 관광 원천 일반 홍보 이미지, 이미지 수준 명시적 제한 미확인",2026-07-24T00:27:42.723Z,data/tourapi/candidates/busan/busan-integrated-candidates.csv,fe43388
busan-E-00018,"광복로 겨울빛 트리축제(한,영,중간,중번,일)",event,중구,35.09927,129.03131,busan_official_api,FestivalService:449:ko,FestivalService:449:ko,,,https://www.visitbusan.net/uploadImgs/files/cntnts/20221227174139947_ttiel,1,image_sufficient,operational_assumed,"공식 관광 원천 일반 홍보 이미지, 이미지 수준 명시적 제한 미확인",2026-07-24T00:27:42.723Z,data/tourapi/candidates/busan/busan-integrated-candidates.csv,fe43388
busan-E-00019,"부산국제록페스티벌(한,영, 중간,중번,일)",event,사상구,35.168747,128.97238,busan_official_api,FestivalService:470:ko,FestivalService:470:ko,,,https://www.visitbusan.net/uploadImgs/files/cntnts/20230913151940386_ttiel,1,image_sufficient,operational_assumed,"공식 관광 원천 일반 홍보 이미지, 이미지 수준 명시적 제한 미확인",2026-07-24T00:27:42.723Z,data/tourapi/candidates/busan/busan-integrated-candidates.csv,fe43388
busan-E-00020,"대저토마토축제(한, 영, 중간, 중번, 일)",event,강서구,35.20922,128.97174,busan_official_api,FestivalService:497:ko,FestivalService:497:ko,,,https://www.visitbusan.net/uploadImgs/files/cntnts/20200102115239175_ttiel,1,image_sufficient,operational_assumed,"공식 관광 원천 일반 홍보 이미지, 이미지 수준 명시적 제한 미확인",2026-07-24T00:27:42.723Z,data/tourapi/candidates/busan/busan-integrated-candidates.csv,fe43388
busan-E-00021,"낙동강 정원 벚꽃축제(한,영,중간,중번,일)",event,사상구,35.16549,128.97609,busan_official_api,FestivalService:499:ko,FestivalService:499:ko,,,https://www.visitbusan.net/uploadImgs/files/cntnts/20200102120811862_ttiel,1,image_sufficient,operational_assumed,"공식 관광 원천 일반 홍보 이미지, 이미지 수준 명시적 제한 미확인",2026-07-24T00:27:42.723Z,data/tourapi/candidates/busan/busan-integrated-candidates.csv,fe43388
busan-E-00022,"사상강변축제(한,영,중간,중번,일)",event,사상구,35.168854,128.97198,busan_official_api,FestivalService:500:ko,FestivalService:500:ko,,,https://www.visitbusan.net/uploadImgs/files/cntnts/20200102124932671_ttiel,1,image_sufficient,operational_assumed,"공식 관광 원천 일반 홍보 이미지, 이미지 수준 명시적 제한 미확인",2026-07-24T00:27:42.723Z,data/tourapi/candidates/busan/busan-integrated-candidates.csv,fe43388
busan-E-00023,"해운대달맞이온천축제(한,영,중간,중번,일)",event,해운대구,35.1588,129.16136,busan_official_api,FestivalService:502:ko,FestivalService:502:ko,,,https://www.visitbusan.net/uploadImgs/files/cntnts/20200102125938297_ttiel,1,image_sufficient,operational_assumed,"공식 관광 원천 일반 홍보 이미지, 이미지 수준 명시적 제한 미확인",2026-07-24T00:27:42.723Z,data/tourapi/candidates/busan/busan-integrated-candidates.csv,fe43388
busan-E-00024,"해운대북극곰축제(한,영,중간,중번,일)",event,해운대구,35.158566,129.1598,busan_official_api,FestivalService:503:ko,FestivalService:503:ko,,,https://www.visitbusan.net/uploadImgs/files/cntnts/20200102133625014_ttiel,1,image_sufficient,operational_assumed,"공식 관광 원천 일반 홍보 이미지, 이미지 수준 명시적 제한 미확인",2026-07-24T00:27:42.723Z,data/tourapi/candidates/busan/busan-integrated-candidates.csv,fe43388
busan-E-00025,"조선통신사축제(한,영,중간,중번,일)",event,중구,35.10072,129.03273,busan_official_api,FestivalService:523:ko,FestivalService:523:ko,,,https://www.visitbusan.net/uploadImgs/files/cntnts/20200110115509318_ttiel,1,image_sufficient,operational_assumed,"공식 관광 원천 일반 홍보 이미지, 이미지 수준 명시적 제한 미확인",2026-07-24T00:27:42.723Z,data/tourapi/candidates/busan/busan-integrated-candidates.csv,fe43388
busan-E-00026,"부산국제영화제(한, 영, 중간, 중번, 일)",event,해운대구,35.171078,129.12697,busan_official_api,FestivalService:524:ko,FestivalService:524:ko,,,https://www.visitbusan.net/uploadImgs/files/cntnts/20200110131702589_ttiel,1,image_sufficient,operational_assumed,"공식 관광 원천 일반 홍보 이미지, 이미지 수준 명시적 제한 미확인",2026-07-24T00:27:42.723Z,data/tourapi/candidates/busan/busan-integrated-candidates.csv,fe43388
busan-E-00027,"감천문화마을골목축제(한,영,중간,중번,일)",event,사하구,35.095776,129.00931,busan_official_api,FestivalService:531:ko,FestivalService:531:ko,,,https://www.visitbusan.net/uploadImgs/files/cntnts/20200110160422867_ttiel,1,image_sufficient,operational_assumed,"공식 관광 원천 일반 홍보 이미지, 이미지 수준 명시적 제한 미확인",2026-07-24T00:27:42.723Z,data/tourapi/candidates/busan/busan-integrated-candidates.csv,fe43388
busan-E-00029,"부산연등회(한,영,중간,중번,일)",event,부산진구,35.166367,129.06589,busan_official_api,FestivalService:1432:ko,FestivalService:1432:ko,,,https://www.visitbusan.net/uploadImgs/files/cntnts/20230517141710433_ttiel,1,image_sufficient,operational_assumed,"공식 관광 원천 일반 홍보 이미지, 이미지 수준 명시적 제한 미확인",2026-07-24T00:27:42.723Z,data/tourapi/candidates/busan/busan-integrated-candidates.csv,fe43388
busan-E-00030,"부산수제맥주마스터스챌린지(한,영,중간,중번,일)",event,해운대구,35.171036,129.1269,busan_official_api,FestivalService:1694:ko,FestivalService:1694:ko,,,https://www.visitbusan.net/uploadImgs/files/cntnts/20230821115632607_ttiel,1,image_sufficient,operational_assumed,"공식 관광 원천 일반 홍보 이미지, 이미지 수준 명시적 제한 미확인",2026-07-24T00:27:42.723Z,data/tourapi/candidates/busan/busan-integrated-candidates.csv,fe43388
busan-E-00031,"나이트레이스 인 부산(한, 영, 중간, 중번, 일)",event,수영구,35.136974,129.11887,busan_official_api,FestivalService:1698:ko,FestivalService:1698:ko,,,https://www.visitbusan.net/uploadImgs/files/cntnts/20230908145725673_ttiel,1,image_sufficient,operational_assumed,"공식 관광 원천 일반 홍보 이미지, 이미지 수준 명시적 제한 미확인",2026-07-24T00:27:42.723Z,data/tourapi/candidates/busan/busan-integrated-candidates.csv,fe43388
busan-E-00033,부산국제마케팅광고제(한),event,해운대구,35.1691,129.13634,busan_official_api,FestivalService:1807:ko,FestivalService:1807:ko,,,https://www.visitbusan.net/uploadImgs/files/cntnts/20240416114016931_ttiel,1,image_sufficient,operational_assumed,"공식 관광 원천 일반 홍보 이미지, 이미지 수준 명시적 제한 미확인",2026-07-24T00:27:42.723Z,data/tourapi/candidates/busan/busan-integrated-candidates.csv,fe43388
busan-E-00034,부산국제어린이청소년영화제,event,해운대구,35.171078,129.12706,busan_official_api,FestivalService:1897:ko,FestivalService:1897:ko,,,https://www.visitbusan.net/uploadImgs/files/cntnts/20240625105125182_ttiel,1,image_sufficient,operational_assumed,"공식 관광 원천 일반 홍보 이미지, 이미지 수준 명시적 제한 미확인",2026-07-24T00:27:42.723Z,data/tourapi/candidates/busan/busan-integrated-candidates.csv,fe43388
busan-E-00035,2024 용두산 썸머 비치,event,중구,35.10096,129.03246,busan_official_api,FestivalService:1961:ko,FestivalService:1961:ko,,,https://www.visitbusan.net/uploadImgs/files/cntnts/20240801113323229_ttiel,1,image_sufficient,operational_assumed,"공식 관광 원천 일반 홍보 이미지, 이미지 수준 명시적 제한 미확인",2026-07-24T00:27:42.723Z,data/tourapi/candidates/busan/busan-integrated-candidates.csv,fe43388
busan-E-00036,"서면 빛 축제(한,영,중간,중번,일)",event,부산진구,35.15347,129.05841,busan_official_api,FestivalService:2136:ko,FestivalService:2136:ko,,,https://www.visitbusan.net/uploadImgs/files/cntnts/20241021182231021_ttiel,1,image_sufficient,operational_assumed,"공식 관광 원천 일반 홍보 이미지, 이미지 수준 명시적 제한 미확인",2026-07-24T00:27:42.723Z,data/tourapi/candidates/busan/busan-integrated-candidates.csv,fe43388
busan-E-00037,2026 원아시아페스티벌(BOF),event,해운대구,35.169167,129.13625,busan_official_api,FestivalService:2368:ko,FestivalService:2368:ko,,,https://www.visitbusan.net/uploadImgs/files/cntnts/20250430144313591_ttiel,1,image_sufficient,operational_assumed,"공식 관광 원천 일반 홍보 이미지, 이미지 수준 명시적 제한 미확인",2026-07-24T00:27:42.723Z,data/tourapi/candidates/busan/busan-integrated-candidates.csv,fe43388
busan-E-00038,택슐랭,event,중구,35.115173,129.04025,busan_official_api,FestivalService:2373:ko,FestivalService:2373:ko,,,https://www.visitbusan.net/uploadImgs/files/cntnts/20250513184648656_ttiel,1,image_sufficient,operational_assumed,"공식 관광 원천 일반 홍보 이미지, 이미지 수준 명시적 제한 미확인",2026-07-24T00:27:42.723Z,data/tourapi/candidates/busan/busan-integrated-candidates.csv,fe43388
busan-E-00039,부산콘서트홀 개관 페스티벌,event,부산진구,35.169422,129.0544,busan_official_api,FestivalService:2383:ko,FestivalService:2383:ko,,,https://www.visitbusan.net/uploadImgs/files/cntnts/20250520203304478_ttiel,1,image_sufficient,operational_assumed,"공식 관광 원천 일반 홍보 이미지, 이미지 수준 명시적 제한 미확인",2026-07-24T00:27:42.723Z,data/tourapi/candidates/busan/busan-integrated-candidates.csv,fe43388
busan-E-00040,김해공항 Welcome to Busan 환대 행사,event,강서구,35.172325,128.94685,busan_official_api,FestivalService:2730:ko,FestivalService:2730:ko,,,https://www.visitbusan.net/uploadImgs/files/cntnts/20260601150158169_ttiel,1,image_sufficient,operational_assumed,"공식 관광 원천 일반 홍보 이미지, 이미지 수준 명시적 제한 미확인",2026-07-24T00:27:42.723Z,data/tourapi/candidates/busan/busan-integrated-candidates.csv,fe43388
busan-F-00001,만드리곤드레밥,restaurant,강서구,35.177387,128.95245,visitbusan_web,VisitBusanContent:food:70:ko,VisitBusanContent:food:70:ko|FoodService:70:ko,https://www.visitbusan.net/kr/index.do?menuCd=DOM_000000201002001000&uc_seq=70&lang_cd=ko,,https://www.visitbusan.net/uploadImgs/files/cntnts/20191209162810545_ttiel,1,image_sufficient,operational_assumed,"공식 관광 원천 일반 홍보 이미지, 이미지 수준 명시적 제한 미확인",2026-07-24T07:16:36.345Z,data/tourapi/candidates/busan/busan-integrated-candidates.csv,fe43388
busan-F-00002,만호갈미샤브샤브,restaurant,강서구,35.101425,128.92914,visitbusan_web,VisitBusanContent:food:72:ko,VisitBusanContent:food:72:ko|FoodService:72:ko,https://www.visitbusan.net/kr/index.do?menuCd=DOM_000000201002001000&uc_seq=72&lang_cd=ko,,https://www.visitbusan.net/uploadImgs/files/cntnts/20250515120924874_ttiel,1,image_sufficient,operational_assumed,"공식 관광 원천 일반 홍보 이미지, 이미지 수준 명시적 제한 미확인",2026-07-24T07:16:35.614Z,data/tourapi/candidates/busan/busan-integrated-candidates.csv,fe43388
busan-F-00003,민물가든,restaurant,강서구,35.16055,128.89468,visitbusan_web,VisitBusanContent:food:77:ko,VisitBusanContent:food:77:ko|FoodService:77:ko,https://www.visitbusan.net/kr/index.do?menuCd=DOM_000000201002001000&uc_seq=77&lang_cd=ko,https://blog.naver.com/rladba1,https://www.visitbusan.net/uploadImgs/files/cntnts/20191217101816206_ttiel,1,image_sufficient,operational_assumed,"공식 관광 원천 일반 홍보 이미지, 이미지 수준 명시적 제한 미확인",2026-07-24T07:16:34.857Z,data/tourapi/candidates/busan/busan-integrated-candidates.csv,fe43388
busan-F-00004,부흥식당,restaurant,영도구,35.085815,129.04071,visitbusan_web,VisitBusanContent:food:83:ko,VisitBusanContent:food:83:ko|FoodService:83:ko,https://www.visitbusan.net/kr/index.do?menuCd=DOM_000000201002001000&uc_seq=83&lang_cd=ko,,https://www.visitbusan.net/uploadImgs/files/cntnts/20240418142402873_ttiel,1,image_sufficient,operational_assumed,"공식 관광 원천 일반 홍보 이미지, 이미지 수준 명시적 제한 미확인",2026-07-24T07:16:34.141Z,data/tourapi/candidates/busan/busan-integrated-candidates.csv,fe43388
busan-F-00005,사미헌,restaurant,부산진구,35.159008,129.05666,visitbusan_web,VisitBusanContent:food:87:ko,VisitBusanContent:food:87:ko|FoodService:87:ko,https://www.visitbusan.net/kr/index.do?menuCd=DOM_000000201002001000&uc_seq=87&lang_cd=ko,http://samihunmall.com/,https://www.visitbusan.net/uploadImgs/files/cntnts/20240417140858880_ttiel,1,image_sufficient,operational_assumed,"공식 관광 원천 일반 홍보 이미지, 이미지 수준 명시적 제한 미확인",2026-07-24T07:16:33.368Z,data/tourapi/candidates/busan/busan-integrated-candidates.csv,fe43388
busan-F-00006,원조할매집,restaurant,부산진구,35.142147,129.06017,visitbusan_web,VisitBusanContent:food:92:ko,VisitBusanContent:food:92:ko|FoodService:92:ko,https://www.visitbusan.net/kr/index.do?menuCd=DOM_000000201002001000&uc_seq=92&lang_cd=ko,,https://www.visitbusan.net/uploadImgs/files/cntnts/20240417143908074_ttiel,1,image_sufficient,operational_assumed,"공식 관광 원천 일반 홍보 이미지, 이미지 수준 명시적 제한 미확인",2026-07-24T07:16:32.673Z,data/tourapi/candidates/busan/busan-integrated-candidates.csv,fe43388
busan-F-00007,가야할매밀면,restaurant,연제구,35.185196,129.07988,visitbusan_web,VisitBusanContent:food:94:ko,VisitBusanContent:food:94:ko|FoodService:94:ko,https://www.visitbusan.net/kr/index.do?menuCd=DOM_000000201002001000&uc_seq=94&lang_cd=ko,,https://www.visitbusan.net/uploadImgs/files/cntnts/20191217201857896_ttiel,1,image_sufficient,operational_assumed,"공식 관광 원천 일반 홍보 이미지, 이미지 수준 명시적 제한 미확인",2026-07-24T07:16:31.929Z,data/tourapi/candidates/busan/busan-integrated-candidates.csv,fe43388
busan-F-00008,국제밀면본점,restaurant,연제구,35.19689,129.07785,visitbusan_web,VisitBusanContent:food:95:ko,VisitBusanContent:food:95:ko|FoodService:95:ko,https://www.visitbusan.net/kr/index.do?menuCd=DOM_000000201002001000&uc_seq=95&lang_cd=ko,,https://www.visitbusan.net/uploadImgs/files/cntnts/20240418134454110_ttiel,1,image_sufficient,operational_assumed,"공식 관광 원천 일반 홍보 이미지, 이미지 수준 명시적 제한 미확인",2026-07-24T07:16:31.120Z,data/tourapi/candidates/busan/busan-integrated-candidates.csv,fe43388
busan-F-00009,할매가야밀면,restaurant,중구,35.098934,129.03122,visitbusan_web,VisitBusanContent:food:102:ko,VisitBusanContent:food:102:ko|FoodService:102:ko,https://www.visitbusan.net/kr/index.do?menuCd=DOM_000000201002001000&uc_seq=102&lang_cd=ko,,https://www.visitbusan.net/uploadImgs/files/cntnts/20230605153300303_ttiel,1,image_sufficient,operational_assumed,"공식 관광 원천 일반 홍보 이미지, 이미지 수준 명시적 제한 미확인",2026-07-24T07:16:30.407Z,data/tourapi/candidates/busan/busan-integrated-candidates.csv,fe43388
busan-F-00010,거인통닭,restaurant,중구,35.102345,129.02612,visitbusan_web,VisitBusanContent:food:103:ko,VisitBusanContent:food:103:ko|FoodService:103:ko,https://www.visitbusan.net/kr/index.do?menuCd=DOM_000000201002001000&uc_seq=103&lang_cd=ko,,https://www.visitbusan.net/uploadImgs/files/cntnts/20240419092440105_ttiel,1,image_sufficient,operational_assumed,"공식 관광 원천 일반 홍보 이미지, 이미지 수준 명시적 제한 미확인",2026-07-24T07:16:29.655Z,data/tourapi/candidates/busan/busan-integrated-candidates.csv,fe43388
busan-F-00011,김해식당,restaurant,중구,35.09748,129.02994,visitbusan_web,VisitBusanContent:food:107:ko,VisitBusanContent:food:107:ko|FoodService:107:ko,https://www.visitbusan.net/kr/index.do?menuCd=DOM_000000201002001000&uc_seq=107&lang_cd=ko,,https://www.visitbusan.net/uploadImgs/files/cntnts/20230525160402713_ttiel,1,image_sufficient,operational_assumed,"공식 관광 원천 일반 홍보 이미지, 이미지 수준 명시적 제한 미확인",2026-07-24T07:16:28.920Z,data/tourapi/candidates/busan/busan-integrated-candidates.csv,fe43388
busan-F-00012,물꽁식당,restaurant,중구,35.104504,129.0244,visitbusan_web,VisitBusanContent:food:109:ko,VisitBusanContent:food:109:ko|FoodService:109:ko,https://www.visitbusan.net/kr/index.do?menuCd=DOM_000000201002001000&uc_seq=109&lang_cd=ko,,https://www.visitbusan.net/uploadImgs/files/cntnts/20240419094840707_ttiel,1,image_sufficient,operational_assumed,"공식 관광 원천 일반 홍보 이미지, 이미지 수준 명시적 제한 미확인",2026-07-24T07:16:28.223Z,data/tourapi/candidates/busan/busan-integrated-candidates.csv,fe43388
busan-F-00013,부산명물횟집,restaurant,중구,35.09714,129.0312,visitbusan_web,VisitBusanContent:food:112:ko,VisitBusanContent:food:112:ko|FoodService:112:ko,https://www.visitbusan.net/kr/index.do?menuCd=DOM_000000201002001000&uc_seq=112&lang_cd=ko,,https://www.visitbusan.net/uploadImgs/files/cntnts/20240419101804650_ttiel,1,image_sufficient,operational_assumed,"공식 관광 원천 일반 홍보 이미지, 이미지 수준 명시적 제한 미확인",2026-07-24T07:16:27.521Z,data/tourapi/candidates/busan/busan-integrated-candidates.csv,fe43388
busan-F-00014,부산꼼장어맛집 성일집,restaurant,중구,35.099426,129.03749,visitbusan_web,VisitBusanContent:food:118:ko,VisitBusanContent:food:118:ko|FoodService:118:ko,https://www.visitbusan.net/kr/index.do?menuCd=DOM_000000201002001000&uc_seq=118&lang_cd=ko,http://www.ggom.co.kr/,https://www.visitbusan.net/uploadImgs/files/cntnts/20240419100256721_ttiel,1,image_sufficient,operational_assumed,"공식 관광 원천 일반 홍보 이미지, 이미지 수준 명시적 제한 미확인",2026-07-24T07:16:26.752Z,data/tourapi/candidates/busan/busan-integrated-candidates.csv,fe43388
busan-F-00015,이재모피자 본점,restaurant,중구,35.102104,129.0306,visitbusan_web,VisitBusanContent:food:124:ko,VisitBusanContent:food:124:ko|FoodService:124:ko,https://www.visitbusan.net/kr/index.do?menuCd=DOM_000000201002001000&uc_seq=124&lang_cd=ko,,https://www.visitbusan.net/uploadImgs/files/cntnts/20240419113018528_ttiel,1,image_sufficient,operational_assumed,"공식 관광 원천 일반 홍보 이미지, 이미지 수준 명시적 제한 미확인",2026-07-24T07:16:26.019Z,data/tourapi/candidates/busan/busan-integrated-candidates.csv,fe43388
busan-F-00016,모모스커피,restaurant,금정구,35.21928,129.08643,visitbusan_web,VisitBusanContent:food:127:ko,VisitBusanContent:food:127:ko|FoodService:127:ko,https://www.visitbusan.net/kr/index.do?menuCd=DOM_000000201002001000&uc_seq=127&lang_cd=ko,http://www.momos.co.kr/,https://www.visitbusan.net/uploadImgs/files/cntnts/20250515123503040_ttiel,1,image_sufficient,operational_assumed,"공식 관광 원천 일반 홍보 이미지, 이미지 수준 명시적 제한 미확인",2026-07-24T07:16:25.262Z,data/tourapi/candidates/busan/busan-integrated-candidates.csv,fe43388
busan-F-00017,배비장보쌈구서본점,restaurant,금정구,35.245174,129.09143,visitbusan_web,VisitBusanContent:food:130:ko,VisitBusanContent:food:130:ko|FoodService:130:ko,https://www.visitbusan.net/kr/index.do?menuCd=DOM_000000201002001000&uc_seq=130&lang_cd=ko,,https://www.visitbusan.net/uploadImgs/files/cntnts/20230608145054469_ttiel,1,image_sufficient,operational_assumed,"공식 관광 원천 일반 홍보 이미지, 이미지 수준 명시적 제한 미확인",2026-07-24T07:16:24.528Z,data/tourapi/candidates/busan/busan-integrated-candidates.csv,fe43388
busan-F-00018,장수장 꼬리곰탕,restaurant,북구,35.19576,128.99043,visitbusan_web,VisitBusanContent:food:138:ko,VisitBusanContent:food:138:ko|FoodService:138:ko,https://www.visitbusan.net/kr/index.do?menuCd=DOM_000000201002001000&uc_seq=138&lang_cd=ko,,https://www.visitbusan.net/uploadImgs/files/cntnts/20230607170754019_ttiel,1,image_sufficient,operational_assumed,"공식 관광 원천 일반 홍보 이미지, 이미지 수준 명시적 제한 미확인",2026-07-24T07:16:23.764Z,data/tourapi/candidates/busan/busan-integrated-candidates.csv,fe43388
busan-F-00019,거대갈비,restaurant,해운대구,35.16155,129.16693,visitbusan_web,VisitBusanContent:food:141:ko,VisitBusanContent:food:141:ko|FoodService:141:ko,https://www.visitbusan.net/kr/index.do?menuCd=DOM_000000201002001000&uc_seq=141&lang_cd=ko,,https://www.visitbusan.net/uploadImgs/files/cntnts/20240419125908808_ttiel,1,image_sufficient,operational_assumed,"공식 관광 원천 일반 홍보 이미지, 이미지 수준 명시적 제한 미확인",2026-07-24T07:16:23.011Z,data/tourapi/candidates/busan/busan-integrated-candidates.csv,fe43388
busan-F-00020,금수복국 해운대본점,restaurant,해운대구,35.16243,129.1645,visitbusan_web,VisitBusanContent:food:146:ko,VisitBusanContent:food:146:ko|FoodService:146:ko,https://www.visitbusan.net/kr/index.do?menuCd=DOM_000000201002001000&uc_seq=146&lang_cd=ko,,https://www.visitbusan.net/uploadImgs/files/cntnts/20240419130448560_ttiel,1,image_sufficient,operational_assumed,"공식 관광 원천 일반 홍보 이미지, 이미지 수준 명시적 제한 미확인",2026-07-24T07:16:22.232Z,data/tourapi/candidates/busan/busan-integrated-candidates.csv,fe43388
busan-F-00021,다온 한정식,restaurant,해운대구,35.158123,129.14853,visitbusan_web,VisitBusanContent:food:152:ko,VisitBusanContent:food:152:ko|FoodService:152:ko,https://www.visitbusan.net/kr/index.do?menuCd=DOM_000000201002001000&uc_seq=152&lang_cd=ko,https://www.instagram.com/daon_dining/,https://www.visitbusan.net/uploadImgs/files/cntnts/20191219100305084_ttiel,1,image_sufficient,operational_assumed,"공식 관광 원천 일반 홍보 이미지, 이미지 수준 명시적 제한 미확인",2026-07-24T07:16:21.486Z,data/tourapi/candidates/busan/busan-integrated-candidates.csv,fe43388
busan-F-00022,동백섬횟집,restaurant,해운대구,35.160427,129.15468,visitbusan_web,VisitBusanContent:food:154:ko,VisitBusanContent:food:154:ko|FoodService:154:ko,https://www.visitbusan.net/kr/index.do?menuCd=DOM_000000201002001000&uc_seq=154&lang_cd=ko,,https://www.visitbusan.net/uploadImgs/files/cntnts/20240419134206865_ttiel,1,image_sufficient,operational_assumed,"공식 관광 원천 일반 홍보 이미지, 이미지 수준 명시적 제한 미확인",2026-07-24T07:16:20.788Z,data/tourapi/candidates/busan/busan-integrated-candidates.csv,fe43388
busan-F-00023,르꽁비브,restaurant,해운대구,35.176777,129.12552,visitbusan_web,VisitBusanContent:food:156:ko,VisitBusanContent:food:156:ko|FoodService:156:ko,https://www.visitbusan.net/kr/index.do?menuCd=DOM_000000201002001000&uc_seq=156&lang_cd=ko,,https://www.visitbusan.net/uploadImgs/files/cntnts/20191219101750249_ttiel,1,image_sufficient,operational_assumed,"공식 관광 원천 일반 홍보 이미지, 이미지 수준 명시적 제한 미확인",2026-07-24T07:16:20.080Z,data/tourapi/candidates/busan/busan-integrated-candidates.csv,fe43388
busan-F-00024,파니니브런치본점,restaurant,사상구,35.12544,128.96982,visitbusan_web,VisitBusanContent:food:158:ko,VisitBusanContent:food:158:ko|FoodService:158:ko,https://www.visitbusan.net/kr/index.do?menuCd=DOM_000000201002001000&uc_seq=158&lang_cd=ko,,https://www.visitbusan.net/uploadImgs/files/cntnts/20230531123640913_ttiel,1,image_sufficient,operational_assumed,"공식 관광 원천 일반 홍보 이미지, 이미지 수준 명시적 제한 미확인",2026-07-24T07:16:19.337Z,data/tourapi/candidates/busan/busan-integrated-candidates.csv,fe43388
busan-F-00025,문스시,restaurant,해운대구,35.17031,129.16615,visitbusan_web,VisitBusanContent:food:163:ko,VisitBusanContent:food:163:ko|FoodService:163:ko,https://www.visitbusan.net/kr/index.do?menuCd=DOM_000000201002001000&uc_seq=163&lang_cd=ko,,https://www.visitbusan.net/uploadImgs/files/cntnts/20200818130348030_ttiel,1,image_sufficient,operational_assumed,"공식 관광 원천 일반 홍보 이미지, 이미지 수준 명시적 제한 미확인",2026-07-24T07:16:18.654Z,data/tourapi/candidates/busan/busan-integrated-candidates.csv,fe43388
busan-F-00026,할매재첩국집,restaurant,사상구,35.193363,128.98607,visitbusan_web,VisitBusanContent:food:164:ko,VisitBusanContent:food:164:ko|FoodService:164:ko,https://www.visitbusan.net/kr/index.do?menuCd=DOM_000000201002001000&uc_seq=164&lang_cd=ko,,https://www.visitbusan.net/uploadImgs/files/cntnts/20230608100341246_ttiel,1,image_sufficient,operational_assumed,"공식 관광 원천 일반 홍보 이미지, 이미지 수준 명시적 제한 미확인",2026-07-24T07:16:17.956Z,data/tourapi/candidates/busan/busan-integrated-candidates.csv,fe43388
busan-F-00027,예이제,restaurant,해운대구,35.16123,129.16664,visitbusan_web,VisitBusanContent:food:166:ko,VisitBusanContent:food:166:ko|FoodService:166:ko,https://www.visitbusan.net/kr/index.do?menuCd=DOM_000000201002001000&uc_seq=166&lang_cd=ko,,https://www.visitbusan.net/uploadImgs/files/cntnts/20240419174000260_ttiel,1,image_sufficient,operational_assumed,"공식 관광 원천 일반 홍보 이미지, 이미지 수준 명시적 제한 미확인",2026-07-24T07:16:17.249Z,data/tourapi/candidates/busan/busan-integrated-candidates.csv,fe43388
busan-F-00028,합천일류돼지국밥,restaurant,사상구,35.16191,128.98045,visitbusan_web,VisitBusanContent:food:167:ko,VisitBusanContent:food:167:ko|FoodService:167:ko,https://www.visitbusan.net/kr/index.do?menuCd=DOM_000000201002001000&uc_seq=167&lang_cd=ko,,https://www.visitbusan.net/uploadImgs/files/cntnts/20230605170838962_ttiel,1,image_sufficient,operational_assumed,"공식 관광 원천 일반 홍보 이미지, 이미지 수준 명시적 제한 미확인",2026-07-24T07:16:16.508Z,data/tourapi/candidates/busan/busan-integrated-candidates.csv,fe43388
busan-F-00029,원조석대추어탕,restaurant,해운대구,35.2195,129.12512,visitbusan_web,VisitBusanContent:food:169:ko,VisitBusanContent:food:169:ko|FoodService:169:ko,https://www.visitbusan.net/kr/index.do?menuCd=DOM_000000201002001000&uc_seq=169&lang_cd=ko,,https://www.visitbusan.net/uploadImgs/files/cntnts/20191219104936271_ttiel,1,image_sufficient,operational_assumed,"공식 관광 원천 일반 홍보 이미지, 이미지 수준 명시적 제한 미확인",2026-07-24T07:16:15.807Z,data/tourapi/candidates/busan/busan-integrated-candidates.csv,fe43388
busan-F-00030,웨이브온커피,restaurant,기장군,35.32225,129.26979,visitbusan_web,VisitBusanContent:food:174:ko,VisitBusanContent:food:174:ko|FoodService:174:ko,https://www.visitbusan.net/kr/index.do?menuCd=DOM_000000201002001000&uc_seq=174&lang_cd=ko,http://www.waveoncoffee.com/,https://www.visitbusan.net/uploadImgs/files/cntnts/20240416143124508_ttiel,1,image_sufficient,operational_assumed,"공식 관광 원천 일반 홍보 이미지, 이미지 수준 명시적 제한 미확인",2026-07-24T07:16:15.099Z,data/tourapi/candidates/busan/busan-integrated-candidates.csv,fe43388
busan-F-00031,대티물꽁,restaurant,사하구,35.10239,129.00041,visitbusan_web,VisitBusanContent:food:177:ko,VisitBusanContent:food:177:ko|FoodService:177:ko,https://www.visitbusan.net/kr/index.do?menuCd=DOM_000000201002001000&uc_seq=177&lang_cd=ko,,https://www.visitbusan.net/uploadImgs/files/cntnts/20240417163511863_ttiel,1,image_sufficient,operational_assumed,"공식 관광 원천 일반 홍보 이미지, 이미지 수준 명시적 제한 미확인",2026-07-24T07:16:14.398Z,data/tourapi/candidates/busan/busan-integrated-candidates.csv,fe43388
busan-F-00032,원조18번완당,restaurant,서구,35.105713,129.02045,visitbusan_web,VisitBusanContent:food:184:ko,VisitBusanContent:food:184:ko|FoodService:184:ko,https://www.visitbusan.net/kr/index.do?menuCd=DOM_000000201002001000&uc_seq=184&lang_cd=ko,,https://www.visitbusan.net/uploadImgs/files/cntnts/20240418090456625_ttiel,1,image_sufficient,operational_assumed,"공식 관광 원천 일반 홍보 이미지, 이미지 수준 명시적 제한 미확인",2026-07-24T07:16:13.711Z,data/tourapi/candidates/busan/busan-integrated-candidates.csv,fe43388
busan-F-00033,할매복국,restaurant,해운대구,35.160915,129.17152,visitbusan_web,VisitBusanContent:food:190:ko,VisitBusanContent:food:190:ko|FoodService:190:ko,https://www.visitbusan.net/kr/index.do?menuCd=DOM_000000201002001000&uc_seq=190&lang_cd=ko,,https://www.visitbusan.net/uploadImgs/files/cntnts/20191219134018171_ttiel,1,image_sufficient,operational_assumed,"공식 관광 원천 일반 홍보 이미지, 이미지 수준 명시적 제한 미확인",2026-07-24T07:16:12.986Z,data/tourapi/candidates/busan/busan-integrated-candidates.csv,fe43388
busan-F-00034,젠스시,restaurant,해운대구,35.170803,129.17145,visitbusan_web,VisitBusanContent:food:193:ko,VisitBusanContent:food:193:ko|FoodService:193:ko,https://www.visitbusan.net/kr/index.do?menuCd=DOM_000000201002001000&uc_seq=193&lang_cd=ko,,https://www.visitbusan.net/uploadImgs/files/cntnts/20240422090815838_ttiel,1,image_sufficient,operational_assumed,"공식 관광 원천 일반 홍보 이미지, 이미지 수준 명시적 제한 미확인",2026-07-24T07:16:12.252Z,data/tourapi/candidates/busan/busan-integrated-candidates.csv,fe43388
busan-F-00035,신창국밥 본점,restaurant,서구,35.10093,129.02254,visitbusan_web,VisitBusanContent:food:198:ko,VisitBusanContent:food:198:ko|FoodService:198:ko,https://www.visitbusan.net/kr/index.do?menuCd=DOM_000000201002001000&uc_seq=198&lang_cd=ko,,https://www.visitbusan.net/uploadImgs/files/cntnts/20240417173744613_ttiel,1,image_sufficient,operational_assumed,"공식 관광 원천 일반 홍보 이미지, 이미지 수준 명시적 제한 미확인",2026-07-24T07:16:11.464Z,data/tourapi/candidates/busan/busan-integrated-candidates.csv,fe43388
busan-F-00036,옛날오막집,restaurant,서구,35.108913,129.0199,visitbusan_web,VisitBusanContent:food:200:ko,VisitBusanContent:food:200:ko|FoodService:200:ko,https://www.visitbusan.net/kr/index.do?menuCd=DOM_000000201002001000&uc_seq=200&lang_cd=ko,,https://www.visitbusan.net/uploadImgs/files/cntnts/20240418090136482_ttiel,1,image_sufficient,operational_assumed,"공식 관광 원천 일반 홍보 이미지, 이미지 수준 명시적 제한 미확인",2026-07-24T07:16:10.724Z,data/tourapi/candidates/busan/busan-integrated-candidates.csv,fe43388
busan-F-00037,평안도족발,restaurant,해운대구,35.161945,129.16637,visitbusan_web,VisitBusanContent:food:201:ko,VisitBusanContent:food:201:ko|FoodService:201:ko,https://www.visitbusan.net/kr/index.do?menuCd=DOM_000000201002001000&uc_seq=201&lang_cd=ko,,https://www.visitbusan.net/uploadImgs/files/cntnts/20191219141936064_ttiel,1,image_sufficient,operational_assumed,"공식 관광 원천 일반 홍보 이미지, 이미지 수준 명시적 제한 미확인",2026-07-24T07:16:09.933Z,data/tourapi/candidates/busan/busan-integrated-candidates.csv,fe43388
busan-F-00038,한우숯불양곱창,restaurant,해운대구,35.165897,129.17079,visitbusan_web,VisitBusanContent:food:203:ko,VisitBusanContent:food:203:ko|FoodService:203:ko,https://www.visitbusan.net/kr/index.do?menuCd=DOM_000000201002001000&uc_seq=203&lang_cd=ko,,https://www.visitbusan.net/uploadImgs/files/cntnts/20200819165333332_ttiel,1,image_sufficient,operational_assumed,"공식 관광 원천 일반 홍보 이미지, 이미지 수준 명시적 제한 미확인",2026-07-24T07:16:09.219Z,data/tourapi/candidates/busan/busan-integrated-candidates.csv,fe43388
busan-F-00039,쌍둥이돼지국밥 본점,restaurant,남구,35.13177,129.0923,visitbusan_web,VisitBusanContent:food:204:ko,VisitBusanContent:food:204:ko|FoodService:204:ko,https://www.visitbusan.net/kr/index.do?menuCd=DOM_000000201002001000&uc_seq=204&lang_cd=ko,,https://www.visitbusan.net/uploadImgs/files/cntnts/20230607155733028_ttiel,1,image_sufficient,operational_assumed,"공식 관광 원천 일반 홍보 이미지, 이미지 수준 명시적 제한 미확인",2026-07-24T07:16:08.515Z,data/tourapi/candidates/busan/busan-integrated-candidates.csv,fe43388
busan-F-00040,국이네낙지볶음,restaurant,수영구,35.168022,129.11382,visitbusan_web,VisitBusanContent:food:208:ko,VisitBusanContent:food:208:ko|FoodService:208:ko,https://www.visitbusan.net/kr/index.do?menuCd=DOM_000000201002001000&uc_seq=208&lang_cd=ko,,https://www.visitbusan.net/uploadImgs/files/cntnts/20240418103113463_ttiel,1,image_sufficient,operational_assumed,"공식 관광 원천 일반 홍보 이미지, 이미지 수준 명시적 제한 미확인",2026-07-24T07:16:07.775Z,data/tourapi/candidates/busan/busan-integrated-candidates.csv,fe43388
busan-F-00041,베지나랑,restaurant,수영구,35.156757,129.13426,visitbusan_web,VisitBusanContent:food:212:ko,VisitBusanContent:food:212:ko|FoodService:212:ko,https://www.visitbusan.net/kr/index.do?menuCd=DOM_000000201002001000&uc_seq=212&lang_cd=ko,,https://www.visitbusan.net/uploadImgs/files/cntnts/20230608142501309_ttiel,1,image_sufficient,operational_assumed,"공식 관광 원천 일반 홍보 이미지, 이미지 수준 명시적 제한 미확인",2026-07-24T07:16:07.041Z,data/tourapi/candidates/busan/busan-integrated-candidates.csv,fe43388
busan-F-00042,광안리신라횟집,restaurant,수영구,35.155254,129.12456,visitbusan_web,VisitBusanContent:food:214:ko,VisitBusanContent:food:214:ko|FoodService:214:ko,https://www.visitbusan.net/kr/index.do?menuCd=DOM_000000201002001000&uc_seq=214&lang_cd=ko,,https://www.visitbusan.net/uploadImgs/files/cntnts/20230523145317638_ttiel,1,image_sufficient,operational_assumed,"공식 관광 원천 일반 홍보 이미지, 이미지 수준 명시적 제한 미확인",2026-07-24T07:16:06.350Z,data/tourapi/candidates/busan/busan-integrated-candidates.csv,fe43388
busan-F-00043,이층집 564-9,restaurant,남구,35.13028,129.10002,visitbusan_web,VisitBusanContent:food:215:ko,VisitBusanContent:food:215:ko|FoodService:215:ko,https://www.visitbusan.net/kr/index.do?menuCd=DOM_000000201002001000&uc_seq=215&lang_cd=ko,https://www.instagram.com/2nd_floor_5649,https://www.visitbusan.net/uploadImgs/files/cntnts/20191219153031872_ttiel,1,image_sufficient,operational_assumed,"공식 관광 원천 일반 홍보 이미지, 이미지 수준 명시적 제한 미확인",2026-07-24T07:16:05.604Z,data/tourapi/candidates/busan/busan-integrated-candidates.csv,fe43388
busan-F-00044,초원복국,restaurant,남구,35.137794,129.10591,busan_official_api,FoodService:218:ko,FoodService:218:ko,,,https://www.visitbusan.net/uploadImgs/files/cntnts/20240416153630841_ttiel,1,image_sufficient,operational_assumed,"공식 관광 원천 일반 홍보 이미지, 이미지 수준 명시적 제한 미확인",2026-07-24T00:27:42.723Z,data/tourapi/candidates/busan/busan-integrated-candidates.csv,fe43388
busan-F-00045,석화한정식,restaurant,동구,35.13881,129.06189,visitbusan_web,VisitBusanContent:food:234:ko,VisitBusanContent:food:234:ko|FoodService:234:ko,https://www.visitbusan.net/kr/index.do?menuCd=DOM_000000201002001000&uc_seq=234&lang_cd=ko,,https://www.visitbusan.net/uploadImgs/files/cntnts/20220513092736141_ttiel,1,image_sufficient,operational_assumed,"공식 관광 원천 일반 홍보 이미지, 이미지 수준 명시적 제한 미확인",2026-07-24T07:16:04.117Z,data/tourapi/candidates/busan/busan-integrated-candidates.csv,fe43388
busan-F-00046,내당,restaurant,동래구,35.219814,129.08208,visitbusan_web,VisitBusanContent:food:235:ko,VisitBusanContent:food:235:ko|FoodService:235:ko,https://www.visitbusan.net/kr/index.do?menuCd=DOM_000000201002001000&uc_seq=235&lang_cd=ko,https://www.hotelnongshim.com/kr/index.php?pCode=naedang,https://www.visitbusan.net/uploadImgs/files/cntnts/20240417092928274_ttiel,1,image_sufficient,operational_assumed,"공식 관광 원천 일반 홍보 이미지, 이미지 수준 명시적 제한 미확인",2026-07-24T07:16:03.411Z,data/tourapi/candidates/busan/busan-integrated-candidates.csv,fe43388
busan-F-00047,봉식당,restaurant,동래구,35.221752,129.08357,visitbusan_web,VisitBusanContent:food:239:ko,VisitBusanContent:food:239:ko|FoodService:239:ko,https://www.visitbusan.net/kr/index.do?menuCd=DOM_000000201002001000&uc_seq=239&lang_cd=ko,,https://www.visitbusan.net/uploadImgs/files/cntnts/20240417103325942_ttiel,1,image_sufficient,operational_assumed,"공식 관광 원천 일반 홍보 이미지, 이미지 수준 명시적 제한 미확인",2026-07-24T07:16:02.687Z,data/tourapi/candidates/busan/busan-integrated-candidates.csv,fe43388
busan-F-00048,신발원,restaurant,동구,35.114815,129.03873,visitbusan_web,VisitBusanContent:food:242:ko,VisitBusanContent:food:242:ko|FoodService:242:ko,https://www.visitbusan.net/kr/index.do?menuCd=DOM_000000201002001000&uc_seq=242&lang_cd=ko,,https://www.visitbusan.net/uploadImgs/files/cntnts/20191220111654951_ttiel,1,image_sufficient,operational_assumed,"공식 관광 원천 일반 홍보 이미지, 이미지 수준 명시적 제한 미확인",2026-07-24T07:16:01.995Z,data/tourapi/candidates/busan/busan-integrated-candidates.csv,fe43388
busan-F-00049,초량1941,restaurant,동구,35.11969,129.02942,visitbusan_web,VisitBusanContent:food:245:ko,VisitBusanContent:food:245:ko|FoodService:245:ko,https://www.visitbusan.net/kr/index.do?menuCd=DOM_000000201002001000&uc_seq=245&lang_cd=ko,https://www.instagram.com/_choryang,https://www.visitbusan.net/uploadImgs/files/cntnts/20230601112526719_ttiel,1,image_sufficient,operational_assumed,"공식 관광 원천 일반 홍보 이미지, 이미지 수준 명시적 제한 미확인",2026-07-24T07:16:01.291Z,data/tourapi/candidates/busan/busan-integrated-candidates.csv,fe43388
busan-F-00050,60년 전통 할매국밥,restaurant,동구,35.141018,129.05618,visitbusan_web,VisitBusanContent:food:246:ko,VisitBusanContent:food:246:ko|FoodService:246:ko,https://www.visitbusan.net/kr/index.do?menuCd=DOM_000000201002001000&uc_seq=246&lang_cd=ko,,https://www.visitbusan.net/uploadImgs/files/cntnts/20240416171620563_ttiel,1,image_sufficient,operational_assumed,"공식 관광 원천 일반 홍보 이미지, 이미지 수준 명시적 제한 미확인",2026-07-24T07:16:00.557Z,data/tourapi/candidates/busan/busan-integrated-candidates.csv,fe43388
busan-F-00051,함경면옥,restaurant,동래구,35.216976,129.08171,visitbusan_web,VisitBusanContent:food:252:ko,VisitBusanContent:food:252:ko|FoodService:252:ko,https://www.visitbusan.net/kr/index.do?menuCd=DOM_000000201002001000&uc_seq=252&lang_cd=ko,,https://www.visitbusan.net/uploadImgs/files/cntnts/20220512102852754_ttiel,1,image_sufficient,operational_assumed,"공식 관광 원천 일반 홍보 이미지, 이미지 수준 명시적 제한 미확인",2026-07-24T07:15:59.842Z,data/tourapi/candidates/busan/busan-integrated-candidates.csv,fe43388
busan-F-00052,김유순대구뽈찜,restaurant,남구,35.136368,129.09152,visitbusan_web,VisitBusanContent:food:564:ko,VisitBusanContent:food:564:ko|FoodService:564:ko,https://www.visitbusan.net/kr/index.do?menuCd=DOM_000000201002001000&uc_seq=564&lang_cd=ko,,https://www.visitbusan.net/uploadImgs/files/cntnts/20230525155402064_ttiel,1,image_sufficient,operational_assumed,"공식 관광 원천 일반 홍보 이미지, 이미지 수준 명시적 제한 미확인",2026-07-24T07:16:39.171Z,data/tourapi/candidates/busan/busan-integrated-candidates.csv,fe43388
busan-F-00053,백산키친,restaurant,동구,35.13873,129.06345,visitbusan_web,VisitBusanContent:food:566:ko,VisitBusanContent:food:566:ko|FoodService:566:ko,https://www.visitbusan.net/kr/index.do?menuCd=DOM_000000201002001000&uc_seq=566&lang_cd=ko,,https://www.visitbusan.net/uploadImgs/files/cntnts/20240416172624208_ttiel,1,image_sufficient,operational_assumed,"공식 관광 원천 일반 홍보 이미지, 이미지 수준 명시적 제한 미확인",2026-07-24T07:16:38.447Z,data/tourapi/candidates/busan/busan-integrated-candidates.csv,fe43388
busan-F-00054,왔다식당,restaurant,영도구,35.094036,129.05635,visitbusan_web,VisitBusanContent:food:576:ko,VisitBusanContent:food:576:ko|FoodService:576:ko,https://www.visitbusan.net/kr/index.do?menuCd=DOM_000000201002001000&uc_seq=576&lang_cd=ko,,https://www.visitbusan.net/uploadImgs/files/cntnts/20240418143145988_ttiel,1,image_sufficient,operational_assumed,"공식 관광 원천 일반 홍보 이미지, 이미지 수준 명시적 제한 미확인",2026-07-24T07:16:37.735Z,data/tourapi/candidates/busan/busan-integrated-candidates.csv,fe43388
busan-F-00055,영변횟집,restaurant,해운대구,35.1808,129.20293,visitbusan_web,VisitBusanContent:food:577:ko,VisitBusanContent:food:577:ko|FoodService:577:ko,https://www.visitbusan.net/kr/index.do?menuCd=DOM_000000201002001000&uc_seq=577&lang_cd=ko,,https://www.visitbusan.net/uploadImgs/files/cntnts/20200818134302422_ttiel,1,image_sufficient,operational_assumed,"공식 관광 원천 일반 홍보 이미지, 이미지 수준 명시적 제한 미확인",2026-07-24T07:16:37.056Z,data/tourapi/candidates/busan/busan-integrated-candidates.csv,fe43388
busan-F-00056,방코,restaurant,강서구,35.11546,128.92226,visitbusan_web,VisitBusanContent:food:865:ko,VisitBusanContent:food:865:ko|FoodService:865:ko,https://www.visitbusan.net/kr/index.do?menuCd=DOM_000000201002001000&uc_seq=865&lang_cd=ko,,https://www.visitbusan.net/uploadImgs/files/cntnts/20240415163345618_ttiel,1,image_sufficient,operational_assumed,"공식 관광 원천 일반 홍보 이미지, 이미지 수준 명시적 제한 미확인",2026-07-24T07:15:59.158Z,data/tourapi/candidates/busan/busan-integrated-candidates.csv,fe43388
busan-F-00057,구포촌국수,restaurant,금정구,35.266575,129.08475,visitbusan_web,VisitBusanContent:food:872:ko,VisitBusanContent:food:872:ko|FoodService:872:ko,https://www.visitbusan.net/kr/index.do?menuCd=DOM_000000201002001000&uc_seq=872&lang_cd=ko,,https://www.visitbusan.net/uploadImgs/files/cntnts/20240415175213819_ttiel,1,image_sufficient,operational_assumed,"공식 관광 원천 일반 홍보 이미지, 이미지 수준 명시적 제한 미확인",2026-07-24T07:15:58.428Z,data/tourapi/candidates/busan/busan-integrated-candidates.csv,fe43388
busan-F-00058,얼크니손칼국수,restaurant,기장군,35.255756,129.21614,visitbusan_web,VisitBusanContent:food:877:ko,VisitBusanContent:food:877:ko|FoodService:877:ko,https://www.visitbusan.net/kr/index.do?menuCd=DOM_000000201002001000&uc_seq=877&lang_cd=ko,,https://www.visitbusan.net/uploadImgs/files/cntnts/20200819144753937_ttiel,1,image_sufficient,operational_assumed,"공식 관광 원천 일반 홍보 이미지, 이미지 수준 명시적 제한 미확인",2026-07-24T07:15:57.718Z,data/tourapi/candidates/busan/busan-integrated-candidates.csv,fe43388
busan-F-00059,탐복,restaurant,기장군,35.282757,129.25768,visitbusan_web,VisitBusanContent:food:884:ko,VisitBusanContent:food:884:ko|FoodService:884:ko,https://www.visitbusan.net/kr/index.do?menuCd=DOM_000000201002001000&uc_seq=884&lang_cd=ko,,https://www.visitbusan.net/uploadImgs/files/cntnts/20240416144911943_ttiel,1,image_sufficient,operational_assumed,"공식 관광 원천 일반 홍보 이미지, 이미지 수준 명시적 제한 미확인",2026-07-24T07:15:56.996Z,data/tourapi/candidates/busan/busan-integrated-candidates.csv,fe43388
busan-F-00060,곤국,restaurant,남구,35.1477,129.06758,visitbusan_web,VisitBusanContent:food:886:ko,VisitBusanContent:food:886:ko|FoodService:886:ko,https://www.visitbusan.net/kr/index.do?menuCd=DOM_000000201002001000&uc_seq=886&lang_cd=ko,https://www.instagram.com/gongook_?igsh=MTFjeGtiaWJ1dXRlYw%3D%3D,https://www.visitbusan.net/uploadImgs/files/cntnts/20200819150211450_ttiel,1,image_sufficient,operational_assumed,"공식 관광 원천 일반 홍보 이미지, 이미지 수준 명시적 제한 미확인",2026-07-24T07:15:56.301Z,data/tourapi/candidates/busan/busan-integrated-candidates.csv,fe43388
busan-F-00061,다이닝센 부산본점,restaurant,남구,35.124435,129.11235,visitbusan_web,VisitBusanContent:food:887:ko,VisitBusanContent:food:887:ko|FoodService:887:ko,https://www.visitbusan.net/kr/index.do?menuCd=DOM_000000201002001000&uc_seq=887&lang_cd=ko,,https://www.visitbusan.net/uploadImgs/files/cntnts/20200820090928003_ttiel,1,image_sufficient,operational_assumed,"공식 관광 원천 일반 홍보 이미지, 이미지 수준 명시적 제한 미확인",2026-07-24T07:15:55.612Z,data/tourapi/candidates/busan/busan-integrated-candidates.csv,fe43388
busan-F-00062,오륙도 가원,restaurant,남구,35.106773,129.11171,visitbusan_web,VisitBusanContent:food:890:ko,VisitBusanContent:food:890:ko|FoodService:890:ko,https://www.visitbusan.net/kr/index.do?menuCd=DOM_000000201002001000&uc_seq=890&lang_cd=ko,,https://www.visitbusan.net/uploadImgs/files/cntnts/20230603134954264_ttiel,1,image_sufficient,operational_assumed,"공식 관광 원천 일반 홍보 이미지, 이미지 수준 명시적 제한 미확인",2026-07-24T07:15:54.891Z,data/tourapi/candidates/busan/busan-integrated-candidates.csv,fe43388
busan-F-00063,해남식당 부산용호동W스퀘어점,restaurant,남구,35.134193,129.11122,visitbusan_web,VisitBusanContent:food:893:ko,VisitBusanContent:food:893:ko|FoodService:893:ko,https://www.visitbusan.net/kr/index.do?menuCd=DOM_000000201002001000&uc_seq=893&lang_cd=ko,,https://www.visitbusan.net/uploadImgs/files/cntnts/20200818153601185_ttiel,1,image_sufficient,operational_assumed,"공식 관광 원천 일반 홍보 이미지, 이미지 수준 명시적 제한 미확인",2026-07-24T07:15:54.186Z,data/tourapi/candidates/busan/busan-integrated-candidates.csv,fe43388
busan-F-00064,범일빈대떡,restaurant,동구,35.139576,129.05621,visitbusan_web,VisitBusanContent:food:899:ko,VisitBusanContent:food:899:ko|FoodService:899:ko,https://www.visitbusan.net/kr/index.do?menuCd=DOM_000000201002001000&uc_seq=899&lang_cd=ko,,https://www.visitbusan.net/uploadImgs/files/cntnts/20250515155412591_ttiel,1,image_sufficient,operational_assumed,"공식 관광 원천 일반 홍보 이미지, 이미지 수준 명시적 제한 미확인",2026-07-24T07:15:53.492Z,data/tourapi/candidates/busan/busan-integrated-candidates.csv,fe43388
busan-F-00065,금강만두,restaurant,동래구,35.196102,129.06027,visitbusan_web,VisitBusanContent:food:904:ko,VisitBusanContent:food:904:ko|FoodService:904:ko,https://www.visitbusan.net/kr/index.do?menuCd=DOM_000000201002001000&uc_seq=904&lang_cd=ko,,https://www.visitbusan.net/uploadImgs/files/cntnts/20230607173727769_ttiel,1,image_sufficient,operational_assumed,"공식 관광 원천 일반 홍보 이미지, 이미지 수준 명시적 제한 미확인",2026-07-24T07:15:52.742Z,data/tourapi/candidates/busan/busan-integrated-candidates.csv,fe43388
busan-F-00066,석화정,restaurant,영도구,35.07709,129.07228,visitbusan_web,VisitBusanContent:food:917:ko,VisitBusanContent:food:917:ko|FoodService:917:ko,https://www.visitbusan.net/kr/index.do?menuCd=DOM_000000201002001000&uc_seq=917&lang_cd=ko,,https://www.visitbusan.net/uploadImgs/files/cntnts/20230608114815119_ttiel,1,image_sufficient,operational_assumed,"공식 관광 원천 일반 홍보 이미지, 이미지 수준 명시적 제한 미확인",2026-07-24T07:15:52.014Z,data/tourapi/candidates/busan/busan-integrated-candidates.csv,fe43388
busan-F-00067,에테르,restaurant,영도구,35.077286,129.04646,visitbusan_web,VisitBusanContent:food:920:ko,VisitBusanContent:food:920:ko|FoodService:920:ko,https://www.visitbusan.net/kr/index.do?menuCd=DOM_000000201002001000&uc_seq=920&lang_cd=ko,,https://www.visitbusan.net/uploadImgs/files/cntnts/20240418142653242_ttiel,1,image_sufficient,operational_assumed,"공식 관광 원천 일반 홍보 이미지, 이미지 수준 명시적 제한 미확인",2026-07-24T07:15:51.265Z,data/tourapi/candidates/busan/busan-integrated-candidates.csv,fe43388
busan-F-00068,디저트시네마,restaurant,연제구,35.176273,129.09052,visitbusan_web,VisitBusanContent:food:926:ko,VisitBusanContent:food:926:ko|FoodService:926:ko,https://www.visitbusan.net/kr/index.do?menuCd=DOM_000000201002001000&uc_seq=926&lang_cd=ko,,https://www.visitbusan.net/uploadImgs/files/cntnts/20240418140108273_ttiel,1,image_sufficient,operational_assumed,"공식 관광 원천 일반 홍보 이미지, 이미지 수준 명시적 제한 미확인",2026-07-24T07:15:50.580Z,data/tourapi/candidates/busan/busan-integrated-candidates.csv,fe43388
busan-F-00069,북경,restaurant,연제구,35.18377,129.08086,visitbusan_web,VisitBusanContent:food:928:ko,VisitBusanContent:food:928:ko|FoodService:928:ko,https://www.visitbusan.net/kr/index.do?menuCd=DOM_000000201002001000&uc_seq=928&lang_cd=ko,,https://www.visitbusan.net/uploadImgs/files/cntnts/20200819172514790_ttiel,1,image_sufficient,operational_assumed,"공식 관광 원천 일반 홍보 이미지, 이미지 수준 명시적 제한 미확인",2026-07-24T07:15:49.886Z,data/tourapi/candidates/busan/busan-integrated-candidates.csv,fe43388
busan-F-00070,연산낙지해물탕,restaurant,연제구,35.182316,129.10692,visitbusan_web,VisitBusanContent:food:929:ko,VisitBusanContent:food:929:ko|FoodService:929:ko,https://www.visitbusan.net/kr/index.do?menuCd=DOM_000000201002001000&uc_seq=929&lang_cd=ko,,https://www.visitbusan.net/uploadImgs/files/cntnts/20200819103408604_ttiel,1,image_sufficient,operational_assumed,"공식 관광 원천 일반 홍보 이미지, 이미지 수준 명시적 제한 미확인",2026-07-24T07:15:49.208Z,data/tourapi/candidates/busan/busan-integrated-candidates.csv,fe43388
busan-F-00071,옻바다전복삼계탕,restaurant,연제구,35.18473,129.08128,visitbusan_web,VisitBusanContent:food:933:ko,VisitBusanContent:food:933:ko|FoodService:933:ko,https://www.visitbusan.net/kr/index.do?menuCd=DOM_000000201002001000&uc_seq=933&lang_cd=ko,http://cityfood.co.kr/file2/h_0112/55725/index.html,https://www.visitbusan.net/uploadImgs/files/cntnts/20200819105118416_ttiel,1,image_sufficient,operational_assumed,"공식 관광 원천 일반 홍보 이미지, 이미지 수준 명시적 제한 미확인",2026-07-24T07:15:48.529Z,data/tourapi/candidates/busan/busan-integrated-candidates.csv,fe43388
busan-F-00072,팔미초밥,restaurant,연제구,35.184906,129.0818,visitbusan_web,VisitBusanContent:food:936:ko,VisitBusanContent:food:936:ko|FoodService:936:ko,https://www.visitbusan.net/kr/index.do?menuCd=DOM_000000201002001000&uc_seq=936&lang_cd=ko,,https://www.visitbusan.net/uploadImgs/files/cntnts/20200819110257649_ttiel,1,image_sufficient,operational_assumed,"공식 관광 원천 일반 홍보 이미지, 이미지 수준 명시적 제한 미확인",2026-07-24T07:15:47.789Z,data/tourapi/candidates/busan/busan-integrated-candidates.csv,fe43388
busan-F-00073,다리집 본점,restaurant,수영구,35.146637,129.11076,visitbusan_web,VisitBusanContent:food:942:ko,VisitBusanContent:food:942:ko|FoodService:942:ko,https://www.visitbusan.net/kr/index.do?menuCd=DOM_000000201002001000&uc_seq=942&lang_cd=ko,,https://www.visitbusan.net/uploadImgs/files/cntnts/20200819112147736_ttiel,1,image_sufficient,operational_assumed,"공식 관광 원천 일반 홍보 이미지, 이미지 수준 명시적 제한 미확인",2026-07-24T07:15:47.089Z,data/tourapi/candidates/busan/busan-integrated-candidates.csv,fe43388
busan-F-00074,남촌,restaurant,북구,35.21074,129.00595,visitbusan_web,VisitBusanContent:food:944:ko,VisitBusanContent:food:944:ko|FoodService:944:ko,https://www.visitbusan.net/kr/index.do?menuCd=DOM_000000201002001000&uc_seq=944&lang_cd=ko,,https://www.visitbusan.net/uploadImgs/files/cntnts/20240417155301384_ttiel,1,image_sufficient,operational_assumed,"공식 관광 원천 일반 홍보 이미지, 이미지 수준 명시적 제한 미확인",2026-07-24T07:15:46.400Z,data/tourapi/candidates/busan/busan-integrated-candidates.csv,fe43388
busan-F-00075,북경의자전거,restaurant,북구,35.230934,129.00957,visitbusan_web,VisitBusanContent:food:949:ko,VisitBusanContent:food:949:ko|FoodService:949:ko,https://www.visitbusan.net/kr/index.do?menuCd=DOM_000000201002001000&uc_seq=949&lang_cd=ko,,https://www.visitbusan.net/uploadImgs/files/cntnts/20200820091146813_ttiel,1,image_sufficient,operational_assumed,"공식 관광 원천 일반 홍보 이미지, 이미지 수준 명시적 제한 미확인",2026-07-24T07:15:45.695Z,data/tourapi/candidates/busan/busan-integrated-candidates.csv,fe43388
busan-F-00076,광안리 언양불고기 부산집,restaurant,수영구,35.1479,129.11357,visitbusan_web,VisitBusanContent:food:950:ko,VisitBusanContent:food:950:ko|FoodService:950:ko,https://www.visitbusan.net/kr/index.do?menuCd=DOM_000000201002001000&uc_seq=950&lang_cd=ko,,https://www.visitbusan.net/uploadImgs/files/cntnts/20240418102343022_ttiel,1,image_sufficient,operational_assumed,"공식 관광 원천 일반 홍보 이미지, 이미지 수준 명시적 제한 미확인",2026-07-24T07:15:44.941Z,data/tourapi/candidates/busan/busan-integrated-candidates.csv,fe43388
busan-F-00077,식당 3선 덕천점,restaurant,북구,35.21927,129.00708,visitbusan_web,VisitBusanContent:food:953:ko,VisitBusanContent:food:953:ko|FoodService:953:ko,https://www.visitbusan.net/kr/index.do?menuCd=DOM_000000201002001000&uc_seq=953&lang_cd=ko,http://www.3sun.kr,https://www.visitbusan.net/uploadImgs/files/cntnts/20200819154140644_ttiel,1,image_sufficient,operational_assumed,"공식 관광 원천 일반 홍보 이미지, 이미지 수준 명시적 제한 미확인",2026-07-24T07:15:44.224Z,data/tourapi/candidates/busan/busan-integrated-candidates.csv,fe43388
busan-F-00078,함경면옥 덕천점,restaurant,북구,35.21178,129.00423,visitbusan_web,VisitBusanContent:food:958:ko,VisitBusanContent:food:958:ko|FoodService:958:ko,https://www.visitbusan.net/kr/index.do?menuCd=DOM_000000201002001000&uc_seq=958&lang_cd=ko,,https://www.visitbusan.net/uploadImgs/files/cntnts/20200820091029413_ttiel,1,image_sufficient,operational_assumed,"공식 관광 원천 일반 홍보 이미지, 이미지 수준 명시적 제한 미확인",2026-07-24T07:15:43.501Z,data/tourapi/candidates/busan/busan-integrated-candidates.csv,fe43388
busan-F-00079,홍옥당,restaurant,수영구,35.146893,129.11392,visitbusan_web,VisitBusanContent:food:959:ko,VisitBusanContent:food:959:ko|FoodService:959:ko,https://www.visitbusan.net/kr/index.do?menuCd=DOM_000000201002001000&uc_seq=959&lang_cd=ko,,https://www.visitbusan.net/uploadImgs/files/cntnts/20230531122205481_ttiel,1,image_sufficient,operational_assumed,"공식 관광 원천 일반 홍보 이미지, 이미지 수준 명시적 제한 미확인",2026-07-24T07:15:42.548Z,data/tourapi/candidates/busan/busan-integrated-candidates.csv,fe43388
busan-F-00080,디에이블 송도점,restaurant,서구,35.076706,129.01715,busan_official_api,FoodService:960:ko,FoodService:960:ko,,,https://www.visitbusan.net/uploadImgs/files/cntnts/20200819132345743_ttiel,1,image_sufficient,operational_assumed,"공식 관광 원천 일반 홍보 이미지, 이미지 수준 명시적 제한 미확인",2026-07-24T00:27:42.723Z,data/tourapi/candidates/busan/busan-integrated-candidates.csv,fe43388
busan-F-00081,몽실종가돼지국밥 감천문화마을 본점,restaurant,서구,35.10019,129.01718,visitbusan_web,VisitBusanContent:food:961:ko,VisitBusanContent:food:961:ko|FoodService:961:ko,https://www.visitbusan.net/kr/index.do?menuCd=DOM_000000201002001000&uc_seq=961&lang_cd=ko,,https://www.visitbusan.net/uploadImgs/files/cntnts/20240417173451717_ttiel,1,image_sufficient,operational_assumed,"공식 관광 원천 일반 홍보 이미지, 이미지 수준 명시적 제한 미확인",2026-07-24T07:15:41.145Z,data/tourapi/candidates/busan/busan-integrated-candidates.csv,fe43388
busan-F-00082,식당 토성동,restaurant,서구,35.097954,129.02257,visitbusan_web,VisitBusanContent:food:963:ko,VisitBusanContent:food:963:ko|FoodService:963:ko,https://www.visitbusan.net/kr/index.do?menuCd=DOM_000000201002001000&uc_seq=963&lang_cd=ko,,https://www.visitbusan.net/uploadImgs/files/cntnts/20200819133843312_ttiel,1,image_sufficient,operational_assumed,"공식 관광 원천 일반 홍보 이미지, 이미지 수준 명시적 제한 미확인",2026-07-24T07:15:40.390Z,data/tourapi/candidates/busan/busan-integrated-candidates.csv,fe43388
busan-F-00083,청죽,restaurant,서구,35.11293,129.01305,visitbusan_web,VisitBusanContent:food:964:ko,VisitBusanContent:food:964:ko|FoodService:964:ko,https://www.visitbusan.net/kr/index.do?menuCd=DOM_000000201002001000&uc_seq=964&lang_cd=ko,,https://www.visitbusan.net/uploadImgs/files/cntnts/20200819134238418_ttiel,1,image_sufficient,operational_assumed,"공식 관광 원천 일반 홍보 이미지, 이미지 수준 명시적 제한 미확인",2026-07-24T07:15:39.606Z,data/tourapi/candidates/busan/busan-integrated-candidates.csv,fe43388
busan-F-00084,편의방,restaurant,서구,35.11915,129.01625,visitbusan_web,VisitBusanContent:food:965:ko,VisitBusanContent:food:965:ko|FoodService:965:ko,https://www.visitbusan.net/kr/index.do?menuCd=DOM_000000201002001000&uc_seq=965&lang_cd=ko,,https://www.visitbusan.net/uploadImgs/files/cntnts/20240418091306849_ttiel,1,image_sufficient,operational_assumed,"공식 관광 원천 일반 홍보 이미지, 이미지 수준 명시적 제한 미확인",2026-07-24T07:15:38.900Z,data/tourapi/candidates/busan/busan-integrated-candidates.csv,fe43388
busan-F-00085,동원장수촌,restaurant,사하구,35.10194,128.97113,visitbusan_web,VisitBusanContent:food:966:ko,VisitBusanContent:food:966:ko|FoodService:966:ko,https://www.visitbusan.net/kr/index.do?menuCd=DOM_000000201002001000&uc_seq=966&lang_cd=ko,,https://www.visitbusan.net/uploadImgs/files/cntnts/20230607132213312_ttiel,1,image_sufficient,operational_assumed,"공식 관광 원천 일반 홍보 이미지, 이미지 수준 명시적 제한 미확인",2026-07-24T07:15:38.174Z,data/tourapi/candidates/busan/busan-integrated-candidates.csv,fe43388
busan-F-00086,포항가자미물회국수말이전문점,restaurant,사상구,35.169525,128.98228,visitbusan_web,VisitBusanContent:food:969:ko,VisitBusanContent:food:969:ko|FoodService:969:ko,https://www.visitbusan.net/kr/index.do?menuCd=DOM_000000201002001000&uc_seq=969&lang_cd=ko,,https://www.visitbusan.net/uploadImgs/files/cntnts/20200819143114772_ttiel,1,image_sufficient,operational_assumed,"공식 관광 원천 일반 홍보 이미지, 이미지 수준 명시적 제한 미확인",2026-07-24T07:15:37.387Z,data/tourapi/candidates/busan/busan-integrated-candidates.csv,fe43388
busan-F-00087,괘법쭈꾸미전문점,restaurant,사상구,35.163906,128.98459,visitbusan_web,VisitBusanContent:food:974:ko,VisitBusanContent:food:974:ko|FoodService:974:ko,https://www.visitbusan.net/kr/index.do?menuCd=DOM_000000201002001000&uc_seq=974&lang_cd=ko,,https://www.visitbusan.net/uploadImgs/files/cntnts/20200819161305335_ttiel,1,image_sufficient,operational_assumed,"공식 관광 원천 일반 홍보 이미지, 이미지 수준 명시적 제한 미확인",2026-07-24T07:15:36.676Z,data/tourapi/candidates/busan/busan-integrated-candidates.csv,fe43388
busan-F-00088,삼진어묵 본점,restaurant,영도구,35.092953,129.04279,visitbusan_web,VisitBusanContent:food:1065:ko,VisitBusanContent:food:1065:ko|FoodService:1065:ko,https://www.visitbusan.net/kr/index.do?menuCd=DOM_000000201002001000&uc_seq=1065&lang_cd=ko,https://www.samjinfood.com/,https://www.visitbusan.net/uploadImgs/files/cntnts/20210415134915004_ttiel,1,image_sufficient,operational_assumed,"공식 관광 원천 일반 홍보 이미지, 이미지 수준 명시적 제한 미확인",2026-07-24T07:15:35.972Z,data/tourapi/candidates/busan/busan-integrated-candidates.csv,fe43388
busan-F-00089,광명집,restaurant,남구,35.125664,129.10095,visitbusan_web,VisitBusanContent:food:1092:ko,VisitBusanContent:food:1092:ko|FoodService:1092:ko,https://www.visitbusan.net/kr/index.do?menuCd=DOM_000000201002001000&uc_seq=1092&lang_cd=ko,,https://www.visitbusan.net/uploadImgs/files/cntnts/20250515142651174_ttiel,1,image_sufficient,operational_assumed,"공식 관광 원천 일반 홍보 이미지, 이미지 수준 명시적 제한 미확인",2026-07-24T07:15:35.233Z,data/tourapi/candidates/busan/busan-integrated-candidates.csv,fe43388
busan-F-00090,명지첫집 국제신도시본점,restaurant,강서구,35.095818,128.92444,visitbusan_web,VisitBusanContent:food:1094:ko,VisitBusanContent:food:1094:ko|FoodService:1094:ko,https://www.visitbusan.net/kr/index.do?menuCd=DOM_000000201002001000&uc_seq=1094&lang_cd=ko,https://myungjifirst.modoo.at/,https://www.visitbusan.net/uploadImgs/files/cntnts/20230607165446819_ttiel,1,image_sufficient,operational_assumed,"공식 관광 원천 일반 홍보 이미지, 이미지 수준 명시적 제한 미확인",2026-07-24T07:15:34.533Z,data/tourapi/candidates/busan/busan-integrated-candidates.csv,fe43388
busan-F-00091,명품외식 육면정,restaurant,남구,35.148415,129.09482,visitbusan_web,VisitBusanContent:food:1099:ko,VisitBusanContent:food:1099:ko|FoodService:1099:ko,https://www.visitbusan.net/kr/index.do?menuCd=DOM_000000201002001000&uc_seq=1099&lang_cd=ko,,https://www.visitbusan.net/uploadImgs/files/cntnts/20210913100010495_ttiel,1,image_sufficient,operational_assumed,"공식 관광 원천 일반 홍보 이미지, 이미지 수준 명시적 제한 미확인",2026-07-24T07:15:33.843Z,data/tourapi/candidates/busan/busan-integrated-candidates.csv,fe43388
busan-F-00092,호포갈비 문현점,restaurant,남구,35.13401,129.06631,visitbusan_web,VisitBusanContent:food:1100:ko,VisitBusanContent:food:1100:ko|FoodService:1100:ko,https://www.visitbusan.net/kr/index.do?menuCd=DOM_000000201002001000&uc_seq=1100&lang_cd=ko,https://www.okgoodfood.com/,https://www.visitbusan.net/uploadImgs/files/cntnts/20230601215049360_ttiel,1,image_sufficient,operational_assumed,"공식 관광 원천 일반 홍보 이미지, 이미지 수준 명시적 제한 미확인",2026-07-24T07:15:33.158Z,data/tourapi/candidates/busan/busan-integrated-candidates.csv,fe43388
busan-F-00093,평산옥,restaurant,동구,35.114292,129.0371,visitbusan_web,VisitBusanContent:food:1104:ko,VisitBusanContent:food:1104:ko|FoodService:1104:ko,https://www.visitbusan.net/kr/index.do?menuCd=DOM_000000201002001000&uc_seq=1104&lang_cd=ko,,https://www.visitbusan.net/uploadImgs/files/cntnts/20210913104329974_ttiel,1,image_sufficient,operational_assumed,"공식 관광 원천 일반 홍보 이미지, 이미지 수준 명시적 제한 미확인",2026-07-24T07:15:32.478Z,data/tourapi/candidates/busan/busan-integrated-candidates.csv,fe43388
busan-F-00094,공감식당,restaurant,부산진구,35.16551,129.03838,visitbusan_web,VisitBusanContent:food:1106:ko,VisitBusanContent:food:1106:ko|FoodService:1106:ko,https://www.visitbusan.net/kr/index.do?menuCd=DOM_000000201002001000&uc_seq=1106&lang_cd=ko,,https://www.visitbusan.net/uploadImgs/files/cntnts/20210913110103549_ttiel,1,image_sufficient,operational_assumed,"공식 관광 원천 일반 홍보 이미지, 이미지 수준 명시적 제한 미확인",2026-07-24T07:15:31.779Z,data/tourapi/candidates/busan/busan-integrated-candidates.csv,fe43388
busan-F-00095,다옴 서면 삼정타워점,restaurant,부산진구,35.152874,129.05957,visitbusan_web,VisitBusanContent:food:1107:ko,VisitBusanContent:food:1107:ko|FoodService:1107:ko,https://www.visitbusan.net/kr/index.do?menuCd=DOM_000000201002001000&uc_seq=1107&lang_cd=ko,https://www.instagram.com/daom2016/,https://www.visitbusan.net/uploadImgs/files/cntnts/20210913110833421_ttiel,1,image_sufficient,operational_assumed,"공식 관광 원천 일반 홍보 이미지, 이미지 수준 명시적 제한 미확인",2026-07-24T07:15:31.091Z,data/tourapi/candidates/busan/busan-integrated-candidates.csv,fe43388
busan-F-00096,당감밀면,restaurant,부산진구,35.162247,129.03975,visitbusan_web,VisitBusanContent:food:1108:ko,VisitBusanContent:food:1108:ko|FoodService:1108:ko,https://www.visitbusan.net/kr/index.do?menuCd=DOM_000000201002001000&uc_seq=1108&lang_cd=ko,,https://www.visitbusan.net/uploadImgs/files/cntnts/20210913111405621_ttiel,1,image_sufficient,operational_assumed,"공식 관광 원천 일반 홍보 이미지, 이미지 수준 명시적 제한 미확인",2026-07-24T07:15:30.384Z,data/tourapi/candidates/busan/busan-integrated-candidates.csv,fe43388
busan-F-00097,버거샵 서면,restaurant,부산진구,35.15856,129.06306,visitbusan_web,VisitBusanContent:food:1110:ko,VisitBusanContent:food:1110:ko|FoodService:1110:ko,https://www.visitbusan.net/kr/index.do?menuCd=DOM_000000201002001000&uc_seq=1110&lang_cd=ko,https://www.instagram.com/burgershopbusan/,https://www.visitbusan.net/uploadImgs/files/cntnts/20210913112340644_ttiel,1,image_sufficient,operational_assumed,"공식 관광 원천 일반 홍보 이미지, 이미지 수준 명시적 제한 미확인",2026-07-24T07:15:29.682Z,data/tourapi/candidates/busan/busan-integrated-candidates.csv,fe43388
busan-F-00098,소수인,restaurant,부산진구,35.156677,129.05383,visitbusan_web,VisitBusanContent:food:1111:ko,VisitBusanContent:food:1111:ko|FoodService:1111:ko,https://www.visitbusan.net/kr/index.do?menuCd=DOM_000000201002001000&uc_seq=1111&lang_cd=ko,,https://www.visitbusan.net/uploadImgs/files/cntnts/20250523160110075_ttiel,1,image_sufficient,operational_assumed,"공식 관광 원천 일반 홍보 이미지, 이미지 수준 명시적 제한 미확인",2026-07-24T07:15:28.934Z,data/tourapi/candidates/busan/busan-integrated-candidates.csv,fe43388
busan-F-00099,양평칼국수 본점,restaurant,사하구,35.048454,128.967,visitbusan_web,VisitBusanContent:food:1117:ko,VisitBusanContent:food:1117:ko|FoodService:1117:ko,https://www.visitbusan.net/kr/index.do?menuCd=DOM_000000201002001000&uc_seq=1117&lang_cd=ko,https://www.instagram.com/yyang.p.yyung_/?utm_medium=copy_link,https://www.visitbusan.net/uploadImgs/files/cntnts/20210913114940489_ttiel,1,image_sufficient,operational_assumed,"공식 관광 원천 일반 홍보 이미지, 이미지 수준 명시적 제한 미확인",2026-07-24T07:15:28.207Z,data/tourapi/candidates/busan/busan-integrated-candidates.csv,fe43388
busan-F-00100,영진돼지국밥 본점,restaurant,사하구,35.09664,128.95784,visitbusan_web,VisitBusanContent:food:1118:ko,VisitBusanContent:food:1118:ko|FoodService:1118:ko,https://www.visitbusan.net/kr/index.do?menuCd=DOM_000000201002001000&uc_seq=1118&lang_cd=ko,,https://www.visitbusan.net/uploadImgs/files/cntnts/20240417165519984_ttiel,1,image_sufficient,operational_assumed,"공식 관광 원천 일반 홍보 이미지, 이미지 수준 명시적 제한 미확인",2026-07-24T07:15:27.512Z,data/tourapi/candidates/busan/busan-integrated-candidates.csv,fe43388
busan-F-00101,신흥반점,restaurant,서구,35.09595,129.02463,visitbusan_web,VisitBusanContent:food:1121:ko,VisitBusanContent:food:1121:ko|FoodService:1121:ko,https://www.visitbusan.net/kr/index.do?menuCd=DOM_000000201002001000&uc_seq=1121&lang_cd=ko,,https://www.visitbusan.net/uploadImgs/files/cntnts/20210913133410983_ttiel,1,image_sufficient,operational_assumed,"공식 관광 원천 일반 홍보 이미지, 이미지 수준 명시적 제한 미확인",2026-07-24T07:15:26.827Z,data/tourapi/candidates/busan/busan-integrated-candidates.csv,fe43388
busan-F-00102,동원숯불갈비,restaurant,연제구,35.188595,129.09715,visitbusan_web,VisitBusanContent:food:1132:ko,VisitBusanContent:food:1132:ko|FoodService:1132:ko,https://www.visitbusan.net/kr/index.do?menuCd=DOM_000000201002001000&uc_seq=1132&lang_cd=ko,,https://www.visitbusan.net/uploadImgs/files/cntnts/20210913141552746_ttiel,1,image_sufficient,operational_assumed,"공식 관광 원천 일반 홍보 이미지, 이미지 수준 명시적 제한 미확인",2026-07-24T07:15:26.120Z,data/tourapi/candidates/busan/busan-integrated-candidates.csv,fe43388
busan-F-00103,도날드,restaurant,영도구,35.085815,129.04295,busan_official_api,FoodService:1133:ko,FoodService:1133:ko,,,https://www.visitbusan.net/uploadImgs/files/cntnts/20240418141930357_ttiel,1,image_sufficient,operational_assumed,"공식 관광 원천 일반 홍보 이미지, 이미지 수준 명시적 제한 미확인",2026-07-24T00:27:42.723Z,data/tourapi/candidates/busan/busan-integrated-candidates.csv,fe43388
busan-F-00104,영도우,restaurant,영도구,35.08781,129.06128,visitbusan_web,VisitBusanContent:food:1135:ko,VisitBusanContent:food:1135:ko|FoodService:1135:ko,https://www.visitbusan.net/kr/index.do?menuCd=DOM_000000201002001000&uc_seq=1135&lang_cd=ko,https://www.instagram.com/youngdough_pizza/,https://www.visitbusan.net/uploadImgs/files/cntnts/20210913152113856_ttiel,1,image_sufficient,operational_assumed,"공식 관광 원천 일반 홍보 이미지, 이미지 수준 명시적 제한 미확인",2026-07-24T07:15:24.607Z,data/tourapi/candidates/busan/busan-integrated-candidates.csv,fe43388
busan-F-00105,함흥보쌈사계절냉면,restaurant,영도구,35.08845,129.04108,visitbusan_web,VisitBusanContent:food:1136:ko,VisitBusanContent:food:1136:ko|FoodService:1136:ko,https://www.visitbusan.net/kr/index.do?menuCd=DOM_000000201002001000&uc_seq=1136&lang_cd=ko,http://hanheung.mqpon.co.kr/,https://www.visitbusan.net/uploadImgs/files/cntnts/20210913152733413_ttiel,1,image_sufficient,operational_assumed,"공식 관광 원천 일반 홍보 이미지, 이미지 수준 명시적 제한 미확인",2026-07-24T07:15:23.909Z,data/tourapi/candidates/busan/busan-integrated-candidates.csv,fe43388
busan-F-00106,원산면옥,restaurant,중구,35.098976,129.03105,busan_official_api,FoodService:1137:ko,FoodService:1137:ko,,,https://www.visitbusan.net/uploadImgs/files/cntnts/20240419110909568_ttiel,1,image_sufficient,operational_assumed,"공식 관광 원천 일반 홍보 이미지, 이미지 수준 명시적 제한 미확인",2026-07-24T00:27:42.723Z,data/tourapi/candidates/busan/busan-integrated-candidates.csv,fe43388
busan-F-00107,개미집신도시점,restaurant,해운대구,35.167637,129.17154,visitbusan_web,VisitBusanContent:food:1138:ko,VisitBusanContent:food:1138:ko|FoodService:1138:ko,https://www.visitbusan.net/kr/index.do?menuCd=DOM_000000201002001000&uc_seq=1138&lang_cd=ko,,https://www.visitbusan.net/uploadImgs/files/cntnts/20210913153737388_ttiel,1,image_sufficient,operational_assumed,"공식 관광 원천 일반 홍보 이미지, 이미지 수준 명시적 제한 미확인",2026-07-24T07:15:22.390Z,data/tourapi/candidates/busan/busan-integrated-candidates.csv,fe43388
busan-F-00108,오리한상 명지본점,restaurant,강서구,35.097855,128.92471,visitbusan_web,VisitBusanContent:food:1219:ko,VisitBusanContent:food:1219:ko|FoodService:1219:ko,https://www.visitbusan.net/kr/index.do?menuCd=DOM_000000201002001000&uc_seq=1219&lang_cd=ko,https://www.instagram.com/ori_hansang/,https://www.visitbusan.net/uploadImgs/files/cntnts/20220510145207922_ttiel,1,image_sufficient,operational_assumed,"공식 관광 원천 일반 홍보 이미지, 이미지 수준 명시적 제한 미확인",2026-07-24T07:15:21.567Z,data/tourapi/candidates/busan/busan-integrated-candidates.csv,fe43388
busan-F-00109,만포밀면옥,restaurant,기장군,35.245934,129.21597,visitbusan_web,VisitBusanContent:food:1221:ko,VisitBusanContent:food:1221:ko|FoodService:1221:ko,https://www.visitbusan.net/kr/index.do?menuCd=DOM_000000201002001000&uc_seq=1221&lang_cd=ko,,https://www.visitbusan.net/uploadImgs/files/cntnts/20220510161651267_ttiel,1,image_sufficient,operational_assumed,"공식 관광 원천 일반 홍보 이미지, 이미지 수준 명시적 제한 미확인",2026-07-24T07:15:20.803Z,data/tourapi/candidates/busan/busan-integrated-candidates.csv,fe43388
busan-F-00110,맛사랑채,restaurant,기장군,35.24538,129.2147,visitbusan_web,VisitBusanContent:food:1222:ko,VisitBusanContent:food:1222:ko|FoodService:1222:ko,https://www.visitbusan.net/kr/index.do?menuCd=DOM_000000201002001000&uc_seq=1222&lang_cd=ko,,https://www.visitbusan.net/uploadImgs/files/cntnts/20220510170244967_ttiel,1,image_sufficient,operational_assumed,"공식 관광 원천 일반 홍보 이미지, 이미지 수준 명시적 제한 미확인",2026-07-24T07:15:20.000Z,data/tourapi/candidates/busan/busan-integrated-candidates.csv,fe43388
busan-F-00111,우정까망촌돼지,restaurant,사하구,35.08081,128.97154,visitbusan_web,VisitBusanContent:food:1223:ko,VisitBusanContent:food:1223:ko|FoodService:1223:ko,https://www.visitbusan.net/kr/index.do?menuCd=DOM_000000201002001000&uc_seq=1223&lang_cd=ko,,https://www.visitbusan.net/uploadImgs/files/cntnts/20220510173949671_ttiel,1,image_sufficient,operational_assumed,"공식 관광 원천 일반 홍보 이미지, 이미지 수준 명시적 제한 미확인",2026-07-24T07:15:18.538Z,data/tourapi/candidates/busan/busan-integrated-candidates.csv,fe43388
busan-F-00112,금랑횟집 광안리본점,restaurant,수영구,35.155155,129.131,visitbusan_web,VisitBusanContent:food:1225:ko,VisitBusanContent:food:1225:ko|FoodService:1225:ko,https://www.visitbusan.net/kr/index.do?menuCd=DOM_000000201002001000&uc_seq=1225&lang_cd=ko,,https://www.visitbusan.net/uploadImgs/files/cntnts/20220510180602206_ttiel,1,image_sufficient,operational_assumed,"공식 관광 원천 일반 홍보 이미지, 이미지 수준 명시적 제한 미확인",2026-07-24T07:15:17.712Z,data/tourapi/candidates/busan/busan-integrated-candidates.csv,fe43388
busan-F-00113,난파센,restaurant,수영구,35.14674,129.11339,visitbusan_web,VisitBusanContent:food:1226:ko,VisitBusanContent:food:1226:ko|FoodService:1226:ko,https://www.visitbusan.net/kr/index.do?menuCd=DOM_000000201002001000&uc_seq=1226&lang_cd=ko,,https://www.visitbusan.net/uploadImgs/files/cntnts/20220511104527053_ttiel,1,image_sufficient,operational_assumed,"공식 관광 원천 일반 홍보 이미지, 이미지 수준 명시적 제한 미확인",2026-07-24T07:15:16.956Z,data/tourapi/candidates/busan/busan-integrated-candidates.csv,fe43388
busan-F-00114,화국반점,restaurant,중구,35.10253,129.0342,visitbusan_web,VisitBusanContent:food:1227:ko,VisitBusanContent:food:1227:ko|FoodService:1227:ko,https://www.visitbusan.net/kr/index.do?menuCd=DOM_000000201002001000&uc_seq=1227&lang_cd=ko,,https://www.visitbusan.net/uploadImgs/files/cntnts/20230602160354975_ttiel,1,image_sufficient,operational_assumed,"공식 관광 원천 일반 홍보 이미지, 이미지 수준 명시적 제한 미확인",2026-07-24T07:15:16.187Z,data/tourapi/candidates/busan/busan-integrated-candidates.csv,fe43388
busan-F-00115,로얄경양식&스테이크 광안점,restaurant,수영구,35.153294,129.12462,visitbusan_web,VisitBusanContent:food:1228:ko,VisitBusanContent:food:1228:ko|FoodService:1228:ko,https://www.visitbusan.net/kr/index.do?menuCd=DOM_000000201002001000&uc_seq=1228&lang_cd=ko,,https://www.visitbusan.net/uploadImgs/files/cntnts/20220511111431528_ttiel,1,image_sufficient,operational_assumed,"공식 관광 원천 일반 홍보 이미지, 이미지 수준 명시적 제한 미확인",2026-07-24T07:15:15.419Z,data/tourapi/candidates/busan/busan-integrated-candidates.csv,fe43388
busan-F-00116,본참치,restaurant,중구,35.10548,129.03526,visitbusan_web,VisitBusanContent:food:1229:ko,VisitBusanContent:food:1229:ko|FoodService:1229:ko,https://www.visitbusan.net/kr/index.do?menuCd=DOM_000000201002001000&uc_seq=1229&lang_cd=ko,,https://www.visitbusan.net/uploadImgs/files/cntnts/20240419095246698_ttiel,1,image_sufficient,operational_assumed,"공식 관광 원천 일반 홍보 이미지, 이미지 수준 명시적 제한 미확인",2026-07-24T07:15:14.696Z,data/tourapi/candidates/busan/busan-integrated-candidates.csv,fe43388
busan-F-00117,무궁화,restaurant,수영구,35.14778,129.10925,visitbusan_web,VisitBusanContent:food:1230:ko,VisitBusanContent:food:1230:ko|FoodService:1230:ko,https://www.visitbusan.net/kr/index.do?menuCd=DOM_000000201002001000&uc_seq=1230&lang_cd=ko,,https://www.visitbusan.net/uploadImgs/files/cntnts/20220511113221248_ttiel,1,image_sufficient,operational_assumed,"공식 관광 원천 일반 홍보 이미지, 이미지 수준 명시적 제한 미확인",2026-07-24T07:15:13.926Z,data/tourapi/candidates/busan/busan-integrated-candidates.csv,fe43388
busan-F-00118,어가초밥,restaurant,중구,35.097214,129.02882,visitbusan_web,VisitBusanContent:food:1231:ko,VisitBusanContent:food:1231:ko|FoodService:1231:ko,https://www.visitbusan.net/kr/index.do?menuCd=DOM_000000201002001000&uc_seq=1231&lang_cd=ko,,https://www.visitbusan.net/uploadImgs/files/cntnts/20220511113442878_ttiel,1,image_sufficient,operational_assumed,"공식 관광 원천 일반 홍보 이미지, 이미지 수준 명시적 제한 미확인",2026-07-24T07:15:13.223Z,data/tourapi/candidates/busan/busan-integrated-candidates.csv,fe43388
busan-F-00119,배꼽시계,restaurant,기장군,35.30255,129.24944,visitbusan_web,VisitBusanContent:food:1232:ko,VisitBusanContent:food:1232:ko|FoodService:1232:ko,https://www.visitbusan.net/kr/index.do?menuCd=DOM_000000201002001000&uc_seq=1232&lang_cd=ko,,https://www.visitbusan.net/uploadImgs/files/cntnts/20220511115114884_ttiel,1,image_sufficient,operational_assumed,"공식 관광 원천 일반 홍보 이미지, 이미지 수준 명시적 제한 미확인",2026-07-24T07:15:12.516Z,data/tourapi/candidates/busan/busan-integrated-candidates.csv,fe43388
busan-F-00120,사랑도횟집,restaurant,기장군,35.247726,129.21346,visitbusan_web,VisitBusanContent:food:1236:ko,VisitBusanContent:food:1236:ko|FoodService:1236:ko,https://www.visitbusan.net/kr/index.do?menuCd=DOM_000000201002001000&uc_seq=1236&lang_cd=ko,,https://www.visitbusan.net/uploadImgs/files/cntnts/20220511131104127_ttiel,1,image_sufficient,operational_assumed,"공식 관광 원천 일반 홍보 이미지, 이미지 수준 명시적 제한 미확인",2026-07-24T07:15:11.814Z,data/tourapi/candidates/busan/busan-integrated-candidates.csv,fe43388
busan-F-00121,삼송초밥 부산남포본점,restaurant,중구,35.099678,129.02986,visitbusan_web,VisitBusanContent:food:1237:ko,VisitBusanContent:food:1237:ko|FoodService:1237:ko,https://www.visitbusan.net/kr/index.do?menuCd=DOM_000000201002001000&uc_seq=1237&lang_cd=ko,,https://www.visitbusan.net/uploadImgs/files/cntnts/20240419104310358_ttiel,1,image_sufficient,operational_assumed,"공식 관광 원천 일반 홍보 이미지, 이미지 수준 명시적 제한 미확인",2026-07-24T07:15:11.061Z,data/tourapi/candidates/busan/busan-integrated-candidates.csv,fe43388
busan-F-00122,솔리보,restaurant,기장군,35.26711,129.23145,visitbusan_web,VisitBusanContent:food:1238:ko,VisitBusanContent:food:1238:ko|FoodService:1238:ko,https://www.visitbusan.net/kr/index.do?menuCd=DOM_000000201002001000&uc_seq=1238&lang_cd=ko,,https://www.visitbusan.net/uploadImgs/files/cntnts/20220511132220417_ttiel,1,image_sufficient,operational_assumed,"공식 관광 원천 일반 홍보 이미지, 이미지 수준 명시적 제한 미확인",2026-07-24T07:15:10.250Z,data/tourapi/candidates/busan/busan-integrated-candidates.csv,fe43388
busan-F-00123,부산족발,restaurant,중구,35.09956,129.02664,visitbusan_web,VisitBusanContent:food:1239:ko,VisitBusanContent:food:1239:ko|FoodService:1239:ko,https://www.visitbusan.net/kr/index.do?menuCd=DOM_000000201002001000&uc_seq=1239&lang_cd=ko,,https://www.visitbusan.net/uploadImgs/files/cntnts/20230608133922872_ttiel,1,image_sufficient,operational_assumed,"공식 관광 원천 일반 홍보 이미지, 이미지 수준 명시적 제한 미확인",2026-07-24T07:15:09.478Z,data/tourapi/candidates/busan/busan-integrated-candidates.csv,fe43388
busan-F-00124,포에버얌 부산기장점,restaurant,기장군,35.282776,129.2583,visitbusan_web,VisitBusanContent:food:1241:ko,VisitBusanContent:food:1241:ko|FoodService:1241:ko,https://www.visitbusan.net/kr/index.do?menuCd=DOM_000000201002001000&uc_seq=1241&lang_cd=ko,https://www.instagram.com/pho.everyum/,https://www.visitbusan.net/uploadImgs/files/cntnts/20220511133523476_ttiel,1,image_sufficient,operational_assumed,"공식 관광 원천 일반 홍보 이미지, 이미지 수준 명시적 제한 미확인",2026-07-24T07:15:08.719Z,data/tourapi/candidates/busan/busan-integrated-candidates.csv,fe43388
busan-F-00125,물레방아 즉석구이,restaurant,중구,35.10104,129.03513,visitbusan_web,VisitBusanContent:food:1242:ko,VisitBusanContent:food:1242:ko|FoodService:1242:ko,https://www.visitbusan.net/kr/index.do?menuCd=DOM_000000201002001000&uc_seq=1242&lang_cd=ko,,https://www.visitbusan.net/uploadImgs/files/cntnts/20220511134126759_ttiel,1,image_sufficient,operational_assumed,"공식 관광 원천 일반 홍보 이미지, 이미지 수준 명시적 제한 미확인",2026-07-24T07:15:08.004Z,data/tourapi/candidates/busan/busan-integrated-candidates.csv,fe43388
busan-F-00126,양귀빈 식당 3호점,restaurant,수영구,35.163265,129.116,visitbusan_web,VisitBusanContent:food:1243:ko,VisitBusanContent:food:1243:ko|FoodService:1243:ko,https://www.visitbusan.net/kr/index.do?menuCd=DOM_000000201002001000&uc_seq=1243&lang_cd=ko,,https://www.visitbusan.net/uploadImgs/files/cntnts/20220511135001245_ttiel,1,image_sufficient,operational_assumed,"공식 관광 원천 일반 홍보 이미지, 이미지 수준 명시적 제한 미확인",2026-07-24T07:15:07.300Z,data/tourapi/candidates/busan/busan-integrated-candidates.csv,fe43388
busan-F-00127,고민끝에여기,restaurant,동구,35.112698,129.03706,visitbusan_web,VisitBusanContent:food:1244:ko,VisitBusanContent:food:1244:ko|FoodService:1244:ko,https://www.visitbusan.net/kr/index.do?menuCd=DOM_000000201002001000&uc_seq=1244&lang_cd=ko,,https://www.visitbusan.net/uploadImgs/files/cntnts/20220511135506636_ttiel,1,image_sufficient,operational_assumed,"공식 관광 원천 일반 홍보 이미지, 이미지 수준 명시적 제한 미확인",2026-07-24T07:15:06.578Z,data/tourapi/candidates/busan/busan-integrated-candidates.csv,fe43388
busan-F-00128,명송초밥,restaurant,중구,35.101738,129.03586,visitbusan_web,VisitBusanContent:food:1245:ko,VisitBusanContent:food:1245:ko|FoodService:1245:ko,https://www.visitbusan.net/kr/index.do?menuCd=DOM_000000201002001000&uc_seq=1245&lang_cd=ko,,https://www.visitbusan.net/uploadImgs/files/cntnts/20220511140134038_ttiel,1,image_sufficient,operational_assumed,"공식 관광 원천 일반 홍보 이미지, 이미지 수준 명시적 제한 미확인",2026-07-24T07:15:05.874Z,data/tourapi/candidates/busan/busan-integrated-candidates.csv,fe43388
busan-F-00129,다께,restaurant,동구,35.138863,129.06076,visitbusan_web,VisitBusanContent:food:1246:ko,VisitBusanContent:food:1246:ko|FoodService:1246:ko,https://www.visitbusan.net/kr/index.do?menuCd=DOM_000000201002001000&uc_seq=1246&lang_cd=ko,,https://www.visitbusan.net/uploadImgs/files/cntnts/20220511140420748_ttiel,1,image_sufficient,operational_assumed,"공식 관광 원천 일반 홍보 이미지, 이미지 수준 명시적 제한 미확인",2026-07-24T07:15:05.126Z,data/tourapi/candidates/busan/busan-integrated-candidates.csv,fe43388
busan-F-00130,남포삼계탕,restaurant,중구,35.098812,129.03049,visitbusan_web,VisitBusanContent:food:1247:ko,VisitBusanContent:food:1247:ko|FoodService:1247:ko,https://www.visitbusan.net/kr/index.do?menuCd=DOM_000000201002001000&uc_seq=1247&lang_cd=ko,,https://www.visitbusan.net/uploadImgs/files/cntnts/20220511141051338_ttiel,1,image_sufficient,operational_assumed,"공식 관광 원천 일반 홍보 이미지, 이미지 수준 명시적 제한 미확인",2026-07-24T07:15:04.390Z,data/tourapi/candidates/busan/busan-integrated-candidates.csv,fe43388
busan-F-00131,지에이비148,restaurant,수영구,35.145763,129.11497,busan_official_api,FoodService:1248:ko,FoodService:1248:ko,,,https://www.visitbusan.net/uploadImgs/files/cntnts/20220511141322616_ttiel,1,image_sufficient,operational_assumed,"공식 관광 원천 일반 홍보 이미지, 이미지 수준 명시적 제한 미확인",2026-07-24T00:27:42.723Z,data/tourapi/candidates/busan/busan-integrated-candidates.csv,fe43388
busan-F-00132,대수정,restaurant,동구,35.140755,129.06291,visitbusan_web,VisitBusanContent:food:1249:ko,VisitBusanContent:food:1249:ko|FoodService:1249:ko,https://www.visitbusan.net/kr/index.do?menuCd=DOM_000000201002001000&uc_seq=1249&lang_cd=ko,,https://www.visitbusan.net/uploadImgs/files/cntnts/20220511141556325_ttiel,1,image_sufficient,operational_assumed,"공식 관광 원천 일반 홍보 이미지, 이미지 수준 명시적 제한 미확인",2026-07-24T07:15:02.949Z,data/tourapi/candidates/busan/busan-integrated-candidates.csv,fe43388
busan-F-00133,목장원,restaurant,영도구,35.07162,129.05736,visitbusan_web,VisitBusanContent:food:1250:ko,VisitBusanContent:food:1250:ko|FoodService:1250:ko,https://www.visitbusan.net/kr/index.do?menuCd=DOM_000000201002001000&uc_seq=1250&lang_cd=ko,http://mokjangwon.co.kr/,https://www.visitbusan.net/uploadImgs/files/cntnts/20240418142211660_ttiel,1,image_sufficient,operational_assumed,"공식 관광 원천 일반 홍보 이미지, 이미지 수준 명시적 제한 미확인",2026-07-24T07:15:02.216Z,data/tourapi/candidates/busan/busan-integrated-candidates.csv,fe43388
busan-F-00134,톤쇼우 광안점,restaurant,수영구,35.15631,129.12474,visitbusan_web,VisitBusanContent:food:1251:ko,VisitBusanContent:food:1251:ko|FoodService:1251:ko,https://www.visitbusan.net/kr/index.do?menuCd=DOM_000000201002001000&uc_seq=1251&lang_cd=ko,https://www.instagram.com/tonshou__tonkatsu/,https://www.visitbusan.net/uploadImgs/files/cntnts/20220511142349184_ttiel,1,image_sufficient,operational_assumed,"공식 관광 원천 일반 홍보 이미지, 이미지 수준 명시적 제한 미확인",2026-07-24T07:15:01.508Z,data/tourapi/candidates/busan/busan-integrated-candidates.csv,fe43388
busan-F-00135,그라치에,restaurant,영도구,35.089043,129.06154,visitbusan_web,VisitBusanContent:food:1252:ko,VisitBusanContent:food:1252:ko|FoodService:1252:ko,https://www.visitbusan.net/kr/index.do?menuCd=DOM_000000201002001000&uc_seq=1252&lang_cd=ko,https://www.instagram.com/grazie_yeongdo/,https://www.visitbusan.net/uploadImgs/files/cntnts/20240418141051840_ttiel,1,image_sufficient,operational_assumed,"공식 관광 원천 일반 홍보 이미지, 이미지 수준 명시적 제한 미확인",2026-07-24T07:15:00.770Z,data/tourapi/candidates/busan/busan-integrated-candidates.csv,fe43388
busan-F-00136,동촌황정순수육전골,restaurant,동구,35.13937,129.06071,visitbusan_web,VisitBusanContent:food:1255:ko,VisitBusanContent:food:1255:ko|FoodService:1255:ko,https://www.visitbusan.net/kr/index.do?menuCd=DOM_000000201002001000&uc_seq=1255&lang_cd=ko,,https://www.visitbusan.net/uploadImgs/files/cntnts/20220511153102499_ttiel,1,image_sufficient,operational_assumed,"공식 관광 원천 일반 홍보 이미지, 이미지 수준 명시적 제한 미확인",2026-07-24T07:14:59.956Z,data/tourapi/candidates/busan/busan-integrated-candidates.csv,fe43388
busan-F-00137,소우닭계,restaurant,동구,35.13942,129.0646,visitbusan_web,VisitBusanContent:food:1256:ko,VisitBusanContent:food:1256:ko|FoodService:1256:ko,https://www.visitbusan.net/kr/index.do?menuCd=DOM_000000201002001000&uc_seq=1256&lang_cd=ko,,https://www.visitbusan.net/uploadImgs/files/cntnts/20220511154322467_ttiel,1,image_sufficient,operational_assumed,"공식 관광 원천 일반 홍보 이미지, 이미지 수준 명시적 제한 미확인",2026-07-24T07:14:59.200Z,data/tourapi/candidates/busan/busan-integrated-candidates.csv,fe43388
busan-F-00138,양지추어탕,restaurant,동구,35.130672,129.04565,visitbusan_web,VisitBusanContent:food:1257:ko,VisitBusanContent:food:1257:ko|FoodService:1257:ko,https://www.visitbusan.net/kr/index.do?menuCd=DOM_000000201002001000&uc_seq=1257&lang_cd=ko,,https://www.visitbusan.net/uploadImgs/files/cntnts/20220511160051644_ttiel,1,image_sufficient,operational_assumed,"공식 관광 원천 일반 홍보 이미지, 이미지 수준 명시적 제한 미확인",2026-07-24T07:14:58.441Z,data/tourapi/candidates/busan/busan-integrated-candidates.csv,fe43388
busan-F-00139,초량통닭,restaurant,동구,35.118904,129.03996,visitbusan_web,VisitBusanContent:food:1260:ko,VisitBusanContent:food:1260:ko|FoodService:1260:ko,https://www.visitbusan.net/kr/index.do?menuCd=DOM_000000201002001000&uc_seq=1260&lang_cd=ko,,https://www.visitbusan.net/uploadImgs/files/cntnts/20220511163126270_ttiel,1,image_sufficient,operational_assumed,"공식 관광 원천 일반 홍보 이미지, 이미지 수준 명시적 제한 미확인",2026-07-24T07:14:57.592Z,data/tourapi/candidates/busan/busan-integrated-candidates.csv,fe43388
busan-F-00140,홍성방 본점,restaurant,동구,35.113834,129.03781,busan_official_api,FoodService:1262:ko,FoodService:1262:ko,,,https://www.visitbusan.net/uploadImgs/files/cntnts/20240416173708292_ttiel,1,image_sufficient,operational_assumed,"공식 관광 원천 일반 홍보 이미지, 이미지 수준 명시적 제한 미확인",2026-07-24T00:27:42.723Z,data/tourapi/candidates/busan/busan-integrated-candidates.csv,fe43388
busan-F-00141,먹음직 온천천점,restaurant,동래구,35.19219,129.1003,visitbusan_web,VisitBusanContent:food:1264:ko,VisitBusanContent:food:1264:ko|FoodService:1264:ko,https://www.visitbusan.net/kr/index.do?menuCd=DOM_000000201002001000&uc_seq=1264&lang_cd=ko,https://www.instagram.com/look__delicious/,https://www.visitbusan.net/uploadImgs/files/cntnts/20220511173540705_ttiel,1,image_sufficient,operational_assumed,"공식 관광 원천 일반 홍보 이미지, 이미지 수준 명시적 제한 미확인",2026-07-24T07:14:54.081Z,data/tourapi/candidates/busan/busan-integrated-candidates.csv,fe43388
busan-F-00142,미미루,restaurant,동래구,35.219486,129.08296,visitbusan_web,VisitBusanContent:food:1265:ko,VisitBusanContent:food:1265:ko|FoodService:1265:ko,https://www.visitbusan.net/kr/index.do?menuCd=DOM_000000201002001000&uc_seq=1265&lang_cd=ko,,https://www.visitbusan.net/uploadImgs/files/cntnts/20240417100446762_ttiel,1,image_sufficient,operational_assumed,"공식 관광 원천 일반 홍보 이미지, 이미지 수준 명시적 제한 미확인",2026-07-24T07:14:53.253Z,data/tourapi/candidates/busan/busan-integrated-candidates.csv,fe43388
busan-F-00143,밀보스79,restaurant,동래구,35.2058,129.08028,visitbusan_web,VisitBusanContent:food:1266:ko,VisitBusanContent:food:1266:ko|FoodService:1266:ko,https://www.visitbusan.net/kr/index.do?menuCd=DOM_000000201002001000&uc_seq=1266&lang_cd=ko,,https://www.visitbusan.net/uploadImgs/files/cntnts/20220511175416697_ttiel,1,image_sufficient,operational_assumed,"공식 관광 원천 일반 홍보 이미지, 이미지 수준 명시적 제한 미확인",2026-07-24T07:14:52.521Z,data/tourapi/candidates/busan/busan-integrated-candidates.csv,fe43388
busan-F-00144,세연정,restaurant,동래구,35.20514,129.07704,visitbusan_web,VisitBusanContent:food:1268:ko,VisitBusanContent:food:1268:ko|FoodService:1268:ko,https://www.visitbusan.net/kr/index.do?menuCd=DOM_000000201002001000&uc_seq=1268&lang_cd=ko,,https://www.visitbusan.net/uploadImgs/files/cntnts/20220512093357835_ttiel,1,image_sufficient,operational_assumed,"공식 관광 원천 일반 홍보 이미지, 이미지 수준 명시적 제한 미확인",2026-07-24T07:14:51.819Z,data/tourapi/candidates/busan/busan-integrated-candidates.csv,fe43388
busan-F-00145,조방낙지마당,restaurant,동래구,35.19913,129.05907,visitbusan_web,VisitBusanContent:food:1269:ko,VisitBusanContent:food:1269:ko|FoodService:1269:ko,https://www.visitbusan.net/kr/index.do?menuCd=DOM_000000201002001000&uc_seq=1269&lang_cd=ko,,https://www.visitbusan.net/uploadImgs/files/cntnts/20220512094717830_ttiel,1,image_sufficient,operational_assumed,"공식 관광 원천 일반 홍보 이미지, 이미지 수준 명시적 제한 미확인",2026-07-24T07:14:51.081Z,data/tourapi/candidates/busan/busan-integrated-candidates.csv,fe43388
busan-F-00146,초록담미역국,restaurant,동래구,35.194927,129.05788,visitbusan_web,VisitBusanContent:food:1270:ko,VisitBusanContent:food:1270:ko|FoodService:1270:ko,https://www.visitbusan.net/kr/index.do?menuCd=DOM_000000201002001000&uc_seq=1270&lang_cd=ko,,https://www.visitbusan.net/uploadImgs/files/cntnts/20230608101144664_ttiel,1,image_sufficient,operational_assumed,"공식 관광 원천 일반 홍보 이미지, 이미지 수준 명시적 제한 미확인",2026-07-24T07:14:50.320Z,data/tourapi/candidates/busan/busan-integrated-candidates.csv,fe43388
busan-F-00147,타이빈,restaurant,동래구,35.216263,129.0773,visitbusan_web,VisitBusanContent:food:1271:ko,VisitBusanContent:food:1271:ko|FoodService:1271:ko,https://www.visitbusan.net/kr/index.do?menuCd=DOM_000000201002001000&uc_seq=1271&lang_cd=ko,,https://www.visitbusan.net/uploadImgs/files/cntnts/20250515170015997_ttiel,1,image_sufficient,operational_assumed,"공식 관광 원천 일반 홍보 이미지, 이미지 수준 명시적 제한 미확인",2026-07-24T07:14:49.540Z,data/tourapi/candidates/busan/busan-integrated-candidates.csv,fe43388
busan-F-00148,경찰서옆초밥집,restaurant,부산진구,35.159702,129.05392,visitbusan_web,VisitBusanContent:food:1272:ko,VisitBusanContent:food:1272:ko|FoodService:1272:ko,https://www.visitbusan.net/kr/index.do?menuCd=DOM_000000201002001000&uc_seq=1272&lang_cd=ko,,https://www.visitbusan.net/uploadImgs/files/cntnts/20220512104118922_ttiel,1,image_sufficient,operational_assumed,"공식 관광 원천 일반 홍보 이미지, 이미지 수준 명시적 제한 미확인",2026-07-24T07:14:48.818Z,data/tourapi/candidates/busan/busan-integrated-candidates.csv,fe43388
busan-F-00149,동백아가씨1961 서면점,restaurant,부산진구,35.158566,129.064,visitbusan_web,VisitBusanContent:food:1273:ko,VisitBusanContent:food:1273:ko|FoodService:1273:ko,https://www.visitbusan.net/kr/index.do?menuCd=DOM_000000201002001000&uc_seq=1273&lang_cd=ko,,https://www.visitbusan.net/uploadImgs/files/cntnts/20220512105240390_ttiel,1,image_sufficient,operational_assumed,"공식 관광 원천 일반 홍보 이미지, 이미지 수준 명시적 제한 미확인",2026-07-24T07:14:47.989Z,data/tourapi/candidates/busan/busan-integrated-candidates.csv,fe43388
busan-F-00150,장어촌,restaurant,부산진구,35.15863,129.05667,visitbusan_web,VisitBusanContent:food:1275:ko,VisitBusanContent:food:1275:ko|FoodService:1275:ko,https://www.visitbusan.net/kr/index.do?menuCd=DOM_000000201002001000&uc_seq=1275&lang_cd=ko,,https://www.visitbusan.net/uploadImgs/files/cntnts/20230602134652545_ttiel,1,image_sufficient,operational_assumed,"공식 관광 원천 일반 홍보 이미지, 이미지 수준 명시적 제한 미확인",2026-07-24T07:14:47.266Z,data/tourapi/candidates/busan/busan-integrated-candidates.csv,fe43388
busan-F-00151,전통음식점 원양,restaurant,부산진구,35.172222,129.06995,visitbusan_web,VisitBusanContent:food:1276:ko,VisitBusanContent:food:1276:ko|FoodService:1276:ko,https://www.visitbusan.net/kr/index.do?menuCd=DOM_000000201002001000&uc_seq=1276&lang_cd=ko,,https://www.visitbusan.net/uploadImgs/files/cntnts/20220512113115093_ttiel,1,image_sufficient,operational_assumed,"공식 관광 원천 일반 홍보 이미지, 이미지 수준 명시적 제한 미확인",2026-07-24T07:14:46.524Z,data/tourapi/candidates/busan/busan-integrated-candidates.csv,fe43388
busan-F-00152,구공탄,restaurant,부산진구,35.165436,129.03777,visitbusan_web,VisitBusanContent:food:1277:ko,VisitBusanContent:food:1277:ko|FoodService:1277:ko,https://www.visitbusan.net/kr/index.do?menuCd=DOM_000000201002001000&uc_seq=1277&lang_cd=ko,,https://www.visitbusan.net/uploadImgs/files/cntnts/20220512114353372_ttiel,1,image_sufficient,operational_assumed,"공식 관광 원천 일반 홍보 이미지, 이미지 수준 명시적 제한 미확인",2026-07-24T07:14:45.809Z,data/tourapi/candidates/busan/busan-integrated-candidates.csv,fe43388
busan-F-00153,금용만두,restaurant,북구,35.205463,128.99666,visitbusan_web,VisitBusanContent:food:1278:ko,VisitBusanContent:food:1278:ko|FoodService:1278:ko,https://www.visitbusan.net/kr/index.do?menuCd=DOM_000000201002001000&uc_seq=1278&lang_cd=ko,,https://www.visitbusan.net/uploadImgs/files/cntnts/20240417154726545_ttiel,1,image_sufficient,operational_assumed,"공식 관광 원천 일반 홍보 이미지, 이미지 수준 명시적 제한 미확인",2026-07-24T07:14:45.099Z,data/tourapi/candidates/busan/busan-integrated-candidates.csv,fe43388
busan-F-00154,웅천집,restaurant,북구,35.26257,129.0153,visitbusan_web,VisitBusanContent:food:1279:ko,VisitBusanContent:food:1279:ko|FoodService:1279:ko,https://www.visitbusan.net/kr/index.do?menuCd=DOM_000000201002001000&uc_seq=1279&lang_cd=ko,,https://www.visitbusan.net/uploadImgs/files/cntnts/20220512131313725_ttiel,1,image_sufficient,operational_assumed,"공식 관광 원천 일반 홍보 이미지, 이미지 수준 명시적 제한 미확인",2026-07-24T07:14:44.341Z,data/tourapi/candidates/busan/busan-integrated-candidates.csv,fe43388
busan-F-00155,평양집,restaurant,북구,35.212116,129.00589,visitbusan_web,VisitBusanContent:food:1281:ko,VisitBusanContent:food:1281:ko|FoodService:1281:ko,https://www.visitbusan.net/kr/index.do?menuCd=DOM_000000201002001000&uc_seq=1281&lang_cd=ko,,https://www.visitbusan.net/uploadImgs/files/cntnts/20220512143357001_ttiel,1,image_sufficient,operational_assumed,"공식 관광 원천 일반 홍보 이미지, 이미지 수준 명시적 제한 미확인",2026-07-24T07:14:43.634Z,data/tourapi/candidates/busan/busan-integrated-candidates.csv,fe43388
busan-F-00156,대왕불맛,restaurant,사상구,35.17614,128.99005,visitbusan_web,VisitBusanContent:food:1282:ko,VisitBusanContent:food:1282:ko|FoodService:1282:ko,https://www.visitbusan.net/kr/index.do?menuCd=DOM_000000201002001000&uc_seq=1282&lang_cd=ko,,https://www.visitbusan.net/uploadImgs/files/cntnts/20220512145041261_ttiel,1,image_sufficient,operational_assumed,"공식 관광 원천 일반 홍보 이미지, 이미지 수준 명시적 제한 미확인",2026-07-24T07:14:42.937Z,data/tourapi/candidates/busan/busan-integrated-candidates.csv,fe43388
busan-F-00157,전골그집 주례본점,restaurant,사상구,35.149475,129.00208,visitbusan_web,VisitBusanContent:food:1284:ko,VisitBusanContent:food:1284:ko|FoodService:1284:ko,https://www.visitbusan.net/kr/index.do?menuCd=DOM_000000201002001000&uc_seq=1284&lang_cd=ko,,https://www.visitbusan.net/uploadImgs/files/cntnts/20220512155859812_ttiel,1,image_sufficient,operational_assumed,"공식 관광 원천 일반 홍보 이미지, 이미지 수준 명시적 제한 미확인",2026-07-24T07:14:42.224Z,data/tourapi/candidates/busan/busan-integrated-candidates.csv,fe43388
busan-F-00158,함양본가어탕국수,restaurant,사상구,35.159695,128.98518,visitbusan_web,VisitBusanContent:food:1286:ko,VisitBusanContent:food:1286:ko|FoodService:1286:ko,https://www.visitbusan.net/kr/index.do?menuCd=DOM_000000201002001000&uc_seq=1286&lang_cd=ko,,https://www.visitbusan.net/uploadImgs/files/cntnts/20220512164338161_ttiel,1,image_sufficient,operational_assumed,"공식 관광 원천 일반 홍보 이미지, 이미지 수준 명시적 제한 미확인",2026-07-24T07:14:41.515Z,data/tourapi/candidates/busan/busan-integrated-candidates.csv,fe43388
busan-F-00159,오공떵번,restaurant,사하구,35.105663,128.9738,visitbusan_web,VisitBusanContent:food:1287:ko,VisitBusanContent:food:1287:ko|FoodService:1287:ko,https://www.visitbusan.net/kr/index.do?menuCd=DOM_000000201002001000&uc_seq=1287&lang_cd=ko,,https://www.visitbusan.net/uploadImgs/files/cntnts/20220512165954952_ttiel,1,image_sufficient,operational_assumed,"공식 관광 원천 일반 홍보 이미지, 이미지 수준 명시적 제한 미확인",2026-07-24T07:14:40.836Z,data/tourapi/candidates/busan/busan-integrated-candidates.csv,fe43388
busan-F-00160,우연횟집,restaurant,사하구,35.11137,128.96355,visitbusan_web,VisitBusanContent:food:1289:ko,VisitBusanContent:food:1289:ko|FoodService:1289:ko,https://www.visitbusan.net/kr/index.do?menuCd=DOM_000000201002001000&uc_seq=1289&lang_cd=ko,,https://www.visitbusan.net/uploadImgs/files/cntnts/20220512175424144_ttiel,1,image_sufficient,operational_assumed,"공식 관광 원천 일반 홍보 이미지, 이미지 수준 명시적 제한 미확인",2026-07-24T07:14:40.150Z,data/tourapi/candidates/busan/busan-integrated-candidates.csv,fe43388
busan-F-00161,마파람해물찜해물탕 구서본점,restaurant,금정구,35.244667,129.08856,visitbusan_web,VisitBusanContent:food:1436:ko,VisitBusanContent:food:1436:ko|FoodService:1436:ko,https://www.visitbusan.net/kr/index.do?menuCd=DOM_000000201002001000&uc_seq=1436&lang_cd=ko,,https://www.visitbusan.net/uploadImgs/files/cntnts/20230523140214260_ttiel,1,image_sufficient,operational_assumed,"공식 관광 원천 일반 홍보 이미지, 이미지 수준 명시적 제한 미확인",2026-07-24T07:14:39.447Z,data/tourapi/candidates/busan/busan-integrated-candidates.csv,fe43388
busan-F-00162,청해수산,restaurant,영도구,35.092476,129.0438,visitbusan_web,VisitBusanContent:food:1437:ko,VisitBusanContent:food:1437:ko|FoodService:1437:ko,https://www.visitbusan.net/kr/index.do?menuCd=DOM_000000201002001000&uc_seq=1437&lang_cd=ko,,https://www.visitbusan.net/uploadImgs/files/cntnts/20240418144242123_ttiel,1,image_sufficient,operational_assumed,"공식 관광 원천 일반 홍보 이미지, 이미지 수준 명시적 제한 미확인",2026-07-24T07:14:38.770Z,data/tourapi/candidates/busan/busan-integrated-candidates.csv,fe43388
busan-F-00163,궁중해물탕 조씨집 대연본점,restaurant,남구,35.13556,129.09119,visitbusan_web,VisitBusanContent:food:1438:ko,VisitBusanContent:food:1438:ko|FoodService:1438:ko,https://www.visitbusan.net/kr/index.do?menuCd=DOM_000000201002001000&uc_seq=1438&lang_cd=ko,,https://www.visitbusan.net/uploadImgs/files/cntnts/20230524163636778_ttiel,1,image_sufficient,operational_assumed,"공식 관광 원천 일반 홍보 이미지, 이미지 수준 명시적 제한 미확인",2026-07-24T07:14:38.056Z,data/tourapi/candidates/busan/busan-integrated-candidates.csv,fe43388
busan-F-00164,까치횟집,restaurant,수영구,35.155018,129.13171,visitbusan_web,VisitBusanContent:food:1439:ko,VisitBusanContent:food:1439:ko|FoodService:1439:ko,https://www.visitbusan.net/kr/index.do?menuCd=DOM_000000201002001000&uc_seq=1439&lang_cd=ko,,https://www.visitbusan.net/uploadImgs/files/cntnts/20230524164757051_ttiel,1,image_sufficient,operational_assumed,"공식 관광 원천 일반 홍보 이미지, 이미지 수준 명시적 제한 미확인",2026-07-24T07:14:37.365Z,data/tourapi/candidates/busan/busan-integrated-candidates.csv,fe43388
busan-F-00165,미청식당,restaurant,기장군,35.260254,129.2332,visitbusan_web,VisitBusanContent:food:1441:ko,VisitBusanContent:food:1441:ko|FoodService:1441:ko,https://www.visitbusan.net/kr/index.do?menuCd=DOM_000000201002001000&uc_seq=1441&lang_cd=ko,,https://www.visitbusan.net/uploadImgs/files/cntnts/20230525150604270_ttiel,1,image_sufficient,operational_assumed,"공식 관광 원천 일반 홍보 이미지, 이미지 수준 명시적 제한 미확인",2026-07-24T07:14:36.645Z,data/tourapi/candidates/busan/busan-integrated-candidates.csv,fe43388
busan-F-00166,피아크 카페&베이커리,restaurant,영도구,35.08665,129.077,visitbusan_web,VisitBusanContent:food:1445:ko,VisitBusanContent:food:1445:ko|FoodService:1445:ko,https://www.visitbusan.net/kr/index.do?menuCd=DOM_000000201002001000&uc_seq=1445&lang_cd=ko,,https://www.visitbusan.net/uploadImgs/files/cntnts/20250529162311917_ttiel,1,image_sufficient,operational_assumed,"공식 관광 원천 일반 홍보 이미지, 이미지 수준 명시적 제한 미확인",2026-07-24T07:14:35.930Z,data/tourapi/candidates/busan/busan-integrated-candidates.csv,fe43388
busan-F-00167,큐제,restaurant,금정구,35.26486,129.08542,visitbusan_web,VisitBusanContent:food:1446:ko,VisitBusanContent:food:1446:ko|FoodService:1446:ko,https://www.visitbusan.net/kr/index.do?menuCd=DOM_000000201002001000&uc_seq=1446&lang_cd=ko,,https://www.visitbusan.net/uploadImgs/files/cntnts/20230531124838775_ttiel,1,image_sufficient,operational_assumed,"공식 관광 원천 일반 홍보 이미지, 이미지 수준 명시적 제한 미확인",2026-07-24T07:14:35.211Z,data/tourapi/candidates/busan/busan-integrated-candidates.csv,fe43388
busan-F-00168,커피스가모 인 서면,restaurant,부산진구,35.15878,129.05403,visitbusan_web,VisitBusanContent:food:1447:ko,VisitBusanContent:food:1447:ko|FoodService:1447:ko,https://www.visitbusan.net/kr/index.do?menuCd=DOM_000000201002001000&uc_seq=1447&lang_cd=ko,,https://www.visitbusan.net/uploadImgs/files/cntnts/20230531125707807_ttiel,1,image_sufficient,operational_assumed,"공식 관광 원천 일반 홍보 이미지, 이미지 수준 명시적 제한 미확인",2026-07-24T07:14:34.530Z,data/tourapi/candidates/busan/busan-integrated-candidates.csv,fe43388
busan-F-00169,칠암사계,restaurant,기장군,35.299957,129.25919,visitbusan_web,VisitBusanContent:food:1448:ko,VisitBusanContent:food:1448:ko|FoodService:1448:ko,https://www.visitbusan.net/kr/index.do?menuCd=DOM_000000201002001000&uc_seq=1448&lang_cd=ko,,https://www.visitbusan.net/uploadImgs/files/cntnts/20240416143959104_ttiel,1,image_sufficient,operational_assumed,"공식 관광 원천 일반 홍보 이미지, 이미지 수준 명시적 제한 미확인",2026-07-24T07:14:33.830Z,data/tourapi/candidates/busan/busan-integrated-candidates.csv,fe43388
busan-F-00170,초량온당,restaurant,동구,35.123413,129.04155,visitbusan_web,VisitBusanContent:food:1450:ko,VisitBusanContent:food:1450:ko|FoodService:1450:ko,https://www.visitbusan.net/kr/index.do?menuCd=DOM_000000201002001000&uc_seq=1450&lang_cd=ko,,https://www.visitbusan.net/uploadImgs/files/cntnts/20240416173526207_ttiel,1,image_sufficient,operational_assumed,"공식 관광 원천 일반 홍보 이미지, 이미지 수준 명시적 제한 미확인",2026-07-24T07:14:33.102Z,data/tourapi/candidates/busan/busan-integrated-candidates.csv,fe43388
busan-F-00171,원조 바다집,restaurant,중구,35.100822,129.0299,visitbusan_web,VisitBusanContent:food:1451:ko,VisitBusanContent:food:1451:ko|FoodService:1451:ko,https://www.visitbusan.net/kr/index.do?menuCd=DOM_000000201002001000&uc_seq=1451&lang_cd=ko,,https://www.visitbusan.net/uploadImgs/files/cntnts/20240419111526831_ttiel,1,image_sufficient,operational_assumed,"공식 관광 원천 일반 홍보 이미지, 이미지 수준 명시적 제한 미확인",2026-07-24T07:14:32.396Z,data/tourapi/candidates/busan/busan-integrated-candidates.csv,fe43388
busan-F-00172,이흥용과자점 부산대직영점,restaurant,금정구,35.23029,129.08397,visitbusan_web,VisitBusanContent:food:1452:ko,VisitBusanContent:food:1452:ko|FoodService:1452:ko,https://www.visitbusan.net/kr/index.do?menuCd=DOM_000000201002001000&uc_seq=1452&lang_cd=ko,,https://www.visitbusan.net/uploadImgs/files/cntnts/20240416104103550_ttiel,1,image_sufficient,operational_assumed,"공식 관광 원천 일반 홍보 이미지, 이미지 수준 명시적 제한 미확인",2026-07-24T07:14:31.663Z,data/tourapi/candidates/busan/busan-integrated-candidates.csv,fe43388
busan-F-00173,소문난원조조방낙지본점,restaurant,동래구,35.203987,129.08392,visitbusan_web,VisitBusanContent:food:1453:ko,VisitBusanContent:food:1453:ko|FoodService:1453:ko,https://www.visitbusan.net/kr/index.do?menuCd=DOM_000000201002001000&uc_seq=1453&lang_cd=ko,,https://www.visitbusan.net/uploadImgs/files/cntnts/20230601144332074_ttiel,1,image_sufficient,operational_assumed,"공식 관광 원천 일반 홍보 이미지, 이미지 수준 명시적 제한 미확인",2026-07-24T07:14:30.959Z,data/tourapi/candidates/busan/busan-integrated-candidates.csv,fe43388
busan-F-00174,오대양횟집,restaurant,사상구,35.150047,129.01125,visitbusan_web,VisitBusanContent:food:1454:ko,VisitBusanContent:food:1454:ko|FoodService:1454:ko,https://www.visitbusan.net/kr/index.do?menuCd=DOM_000000201002001000&uc_seq=1454&lang_cd=ko,,https://www.visitbusan.net/uploadImgs/files/cntnts/20230601145535123_ttiel,1,image_sufficient,operational_assumed,"공식 관광 원천 일반 홍보 이미지, 이미지 수준 명시적 제한 미확인",2026-07-24T07:14:30.236Z,data/tourapi/candidates/busan/busan-integrated-candidates.csv,fe43388
busan-F-00175,오륙도낙지 범일본점,restaurant,동구,35.136383,129.05554,visitbusan_web,VisitBusanContent:food:1455:ko,VisitBusanContent:food:1455:ko|FoodService:1455:ko,https://www.visitbusan.net/kr/index.do?menuCd=DOM_000000201002001000&uc_seq=1455&lang_cd=ko,,https://www.visitbusan.net/uploadImgs/files/cntnts/20230601150706501_ttiel,1,image_sufficient,operational_assumed,"공식 관광 원천 일반 홍보 이미지, 이미지 수준 명시적 제한 미확인",2026-07-24T07:14:29.442Z,data/tourapi/candidates/busan/busan-integrated-candidates.csv,fe43388
busan-F-00176,일미아구찜,restaurant,기장군,35.25894,129.24767,visitbusan_web,VisitBusanContent:food:1456:ko,VisitBusanContent:food:1456:ko|FoodService:1456:ko,https://www.visitbusan.net/kr/index.do?menuCd=DOM_000000201002001000&uc_seq=1456&lang_cd=ko,,https://www.visitbusan.net/uploadImgs/files/cntnts/20240416143826363_ttiel,1,image_sufficient,operational_assumed,"공식 관광 원천 일반 홍보 이미지, 이미지 수준 명시적 제한 미확인",2026-07-24T07:14:28.690Z,data/tourapi/candidates/busan/busan-integrated-candidates.csv,fe43388
busan-F-00177,제주복국,restaurant,영도구,35.07098,129.06885,visitbusan_web,VisitBusanContent:food:1457:ko,VisitBusanContent:food:1457:ko|FoodService:1457:ko,https://www.visitbusan.net/kr/index.do?menuCd=DOM_000000201002001000&uc_seq=1457&lang_cd=ko,,https://www.visitbusan.net/uploadImgs/files/cntnts/20240418144007166_ttiel,1,image_sufficient,operational_assumed,"공식 관광 원천 일반 홍보 이미지, 이미지 수준 명시적 제한 미확인",2026-07-24T07:14:27.972Z,data/tourapi/candidates/busan/busan-integrated-candidates.csv,fe43388
busan-F-00178,1966정원 천성항점,restaurant,강서구,35.028156,128.81578,visitbusan_web,VisitBusanContent:food:1458:ko,VisitBusanContent:food:1458:ko|FoodService:1458:ko,https://www.visitbusan.net/kr/index.do?menuCd=DOM_000000201002001000&uc_seq=1458&lang_cd=ko,,https://www.visitbusan.net/uploadImgs/files/cntnts/20230601155348503_ttiel,1,image_sufficient,operational_assumed,"공식 관광 원천 일반 홍보 이미지, 이미지 수준 명시적 제한 미확인",2026-07-24T07:14:27.239Z,data/tourapi/candidates/busan/busan-integrated-candidates.csv,fe43388
busan-F-00179,용호동할매팥빙수단팥죽 본점,restaurant,남구,35.124126,129.11104,visitbusan_web,VisitBusanContent:food:1459:ko,VisitBusanContent:food:1459:ko|FoodService:1459:ko,https://www.visitbusan.net/kr/index.do?menuCd=DOM_000000201002001000&uc_seq=1459&lang_cd=ko,,https://www.visitbusan.net/uploadImgs/files/cntnts/20230601183719085_ttiel,1,image_sufficient,operational_assumed,"공식 관광 원천 일반 홍보 이미지, 이미지 수준 명시적 제한 미확인",2026-07-24T07:14:26.513Z,data/tourapi/candidates/busan/busan-integrated-candidates.csv,fe43388
busan-F-00180,올드머그,restaurant,해운대구,35.17039,129.19714,visitbusan_web,VisitBusanContent:food:1460:ko,VisitBusanContent:food:1460:ko|FoodService:1460:ko,https://www.visitbusan.net/kr/index.do?menuCd=DOM_000000201002001000&uc_seq=1460&lang_cd=ko,,https://www.visitbusan.net/uploadImgs/files/cntnts/20240419175034497_ttiel,1,image_sufficient,operational_assumed,"공식 관광 원천 일반 홍보 이미지, 이미지 수준 명시적 제한 미확인",2026-07-24T07:14:25.785Z,data/tourapi/candidates/busan/busan-integrated-candidates.csv,fe43388
busan-F-00181,아데초이,restaurant,기장군,35.286453,129.25821,visitbusan_web,VisitBusanContent:food:1461:ko,VisitBusanContent:food:1461:ko|FoodService:1461:ko,https://www.visitbusan.net/kr/index.do?menuCd=DOM_000000201002001000&uc_seq=1461&lang_cd=ko,,https://www.visitbusan.net/uploadImgs/files/cntnts/20230601205022576_ttiel,1,image_sufficient,operational_assumed,"공식 관광 원천 일반 홍보 이미지, 이미지 수준 명시적 제한 미확인",2026-07-24T07:14:25.065Z,data/tourapi/candidates/busan/busan-integrated-candidates.csv,fe43388
busan-F-00182,빌라빌레쿨라,restaurant,동래구,35.198376,129.06964,visitbusan_web,VisitBusanContent:food:1462:ko,VisitBusanContent:food:1462:ko|FoodService:1462:ko,https://www.visitbusan.net/kr/index.do?menuCd=DOM_000000201002001000&uc_seq=1462&lang_cd=ko,,https://www.visitbusan.net/uploadImgs/files/cntnts/20230601205653276_ttiel,1,image_sufficient,operational_assumed,"공식 관광 원천 일반 홍보 이미지, 이미지 수준 명시적 제한 미확인",2026-07-24T07:14:24.361Z,data/tourapi/candidates/busan/busan-integrated-candidates.csv,fe43388
busan-F-00183,브리타니,restaurant,강서구,35.037563,128.81287,visitbusan_web,VisitBusanContent:food:1463:ko,VisitBusanContent:food:1463:ko|FoodService:1463:ko,https://www.visitbusan.net/kr/index.do?menuCd=DOM_000000201002001000&uc_seq=1463&lang_cd=ko,,https://www.visitbusan.net/uploadImgs/files/cntnts/20230601210303799_ttiel,1,image_sufficient,operational_assumed,"공식 관광 원천 일반 홍보 이미지, 이미지 수준 명시적 제한 미확인",2026-07-24T07:14:23.596Z,data/tourapi/candidates/busan/busan-integrated-candidates.csv,fe43388
busan-F-00184,브레이크인커피,restaurant,기장군,35.340794,129.17773,visitbusan_web,VisitBusanContent:food:1464:ko,VisitBusanContent:food:1464:ko|FoodService:1464:ko,https://www.visitbusan.net/kr/index.do?menuCd=DOM_000000201002001000&uc_seq=1464&lang_cd=ko,,https://www.visitbusan.net/uploadImgs/files/cntnts/20230601210950063_ttiel,1,image_sufficient,operational_assumed,"공식 관광 원천 일반 홍보 이미지, 이미지 수준 명시적 제한 미확인",2026-07-24T07:14:22.898Z,data/tourapi/candidates/busan/busan-integrated-candidates.csv,fe43388
busan-F-00185,bread365,restaurant,남구,35.135845,129.08633,visitbusan_web,VisitBusanContent:food:1465:ko,VisitBusanContent:food:1465:ko|FoodService:1465:ko,https://www.visitbusan.net/kr/index.do?menuCd=DOM_000000201002001000&uc_seq=1465&lang_cd=ko,,https://www.visitbusan.net/uploadImgs/files/cntnts/20230601211556571_ttiel,1,image_sufficient,operational_assumed,"공식 관광 원천 일반 홍보 이미지, 이미지 수준 명시적 제한 미확인",2026-07-24T07:14:22.169Z,data/tourapi/candidates/busan/busan-integrated-candidates.csv,fe43388
busan-F-00186,보리종파티세리 본점,restaurant,금정구,35.233204,129.09138,visitbusan_web,VisitBusanContent:food:1466:ko,VisitBusanContent:food:1466:ko|FoodService:1466:ko,https://www.visitbusan.net/kr/index.do?menuCd=DOM_000000201002001000&uc_seq=1466&lang_cd=ko,,https://www.visitbusan.net/uploadImgs/files/cntnts/20230601212247424_ttiel,1,image_sufficient,operational_assumed,"공식 관광 원천 일반 홍보 이미지, 이미지 수준 명시적 제한 미확인",2026-07-24T07:14:21.470Z,data/tourapi/candidates/busan/busan-integrated-candidates.csv,fe43388
busan-F-00187,바우노바,restaurant,중구,35.099163,129.03558,visitbusan_web,VisitBusanContent:food:1467:ko,VisitBusanContent:food:1467:ko|FoodService:1467:ko,https://www.visitbusan.net/kr/index.do?menuCd=DOM_000000201002001000&uc_seq=1467&lang_cd=ko,,https://www.visitbusan.net/uploadImgs/files/cntnts/20240419095023870_ttiel,1,image_sufficient,operational_assumed,"공식 관광 원천 일반 홍보 이미지, 이미지 수준 명시적 제한 미확인",2026-07-24T07:14:20.749Z,data/tourapi/candidates/busan/busan-integrated-candidates.csv,fe43388
busan-F-00188,부산대 포맨티코 본점,restaurant,금정구,35.22843,129.08781,visitbusan_web,VisitBusanContent:food:1474:ko,VisitBusanContent:food:1474:ko|FoodService:1474:ko,https://www.visitbusan.net/kr/index.do?menuCd=DOM_000000201002001000&uc_seq=1474&lang_cd=ko,,https://www.visitbusan.net/uploadImgs/files/cntnts/20240416103220485_ttiel,1,image_sufficient,operational_assumed,"공식 관광 원천 일반 홍보 이미지, 이미지 수준 명시적 제한 미확인",2026-07-24T07:14:19.973Z,data/tourapi/candidates/busan/busan-integrated-candidates.csv,fe43388
busan-F-00189,명란브랜드연구소,restaurant,동구,35.1171,129.03499,visitbusan_web,VisitBusanContent:food:1475:ko,VisitBusanContent:food:1475:ko|FoodService:1475:ko,https://www.visitbusan.net/kr/index.do?menuCd=DOM_000000201002001000&uc_seq=1475&lang_cd=ko,,https://www.visitbusan.net/uploadImgs/files/cntnts/20230602135143501_ttiel,1,image_sufficient,operational_assumed,"공식 관광 원천 일반 홍보 이미지, 이미지 수준 명시적 제한 미확인",2026-07-24T07:14:19.236Z,data/tourapi/candidates/busan/busan-integrated-candidates.csv,fe43388
busan-F-00190,육화목,restaurant,해운대구,35.16929,129.17072,visitbusan_web,VisitBusanContent:food:1476:ko,VisitBusanContent:food:1476:ko|FoodService:1476:ko,https://www.visitbusan.net/kr/index.do?menuCd=DOM_000000201002001000&uc_seq=1476&lang_cd=ko,,https://www.visitbusan.net/uploadImgs/files/cntnts/20230602135638172_ttiel,1,image_sufficient,operational_assumed,"공식 관광 원천 일반 홍보 이미지, 이미지 수준 명시적 제한 미확인",2026-07-24T07:14:18.517Z,data/tourapi/candidates/busan/busan-integrated-candidates.csv,fe43388
busan-F-00191,어밤부,restaurant,해운대구,35.17372,129.19667,visitbusan_web,VisitBusanContent:food:1477:ko,VisitBusanContent:food:1477:ko|FoodService:1477:ko,https://www.visitbusan.net/kr/index.do?menuCd=DOM_000000201002001000&uc_seq=1477&lang_cd=ko,,https://www.visitbusan.net/uploadImgs/files/cntnts/20240419173453394_ttiel,1,image_sufficient,operational_assumed,"공식 관광 원천 일반 홍보 이미지, 이미지 수준 명시적 제한 미확인",2026-07-24T07:14:17.816Z,data/tourapi/candidates/busan/busan-integrated-candidates.csv,fe43388
busan-F-00192,우토피아,restaurant,수영구,35.15517,129.12115,visitbusan_web,VisitBusanContent:food:1478:ko,VisitBusanContent:food:1478:ko|FoodService:1478:ko,https://www.visitbusan.net/kr/index.do?menuCd=DOM_000000201002001000&uc_seq=1478&lang_cd=ko,,https://www.visitbusan.net/uploadImgs/files/cntnts/20240418125531238_ttiel,1,image_sufficient,operational_assumed,"공식 관광 원천 일반 홍보 이미지, 이미지 수준 명시적 제한 미확인",2026-07-24T07:14:17.077Z,data/tourapi/candidates/busan/busan-integrated-candidates.csv,fe43388
busan-F-00193,우봉,restaurant,해운대구,35.157097,129.14835,visitbusan_web,VisitBusanContent:food:1479:ko,VisitBusanContent:food:1479:ko|FoodService:1479:ko,https://www.visitbusan.net/kr/index.do?menuCd=DOM_000000201002001000&uc_seq=1479&lang_cd=ko,,https://www.visitbusan.net/uploadImgs/files/cntnts/20230602141753998_ttiel,1,image_sufficient,operational_assumed,"공식 관광 원천 일반 홍보 이미지, 이미지 수준 명시적 제한 미확인",2026-07-24T07:14:16.362Z,data/tourapi/candidates/busan/busan-integrated-candidates.csv,fe43388
busan-F-00194,굿모닝홍콩,restaurant,부산진구,35.158752,129.06444,visitbusan_web,VisitBusanContent:food:1480:ko,VisitBusanContent:food:1480:ko|FoodService:1480:ko,https://www.visitbusan.net/kr/index.do?menuCd=DOM_000000201002001000&uc_seq=1480&lang_cd=ko,,https://www.visitbusan.net/uploadImgs/files/cntnts/20230602142611057_ttiel,1,image_sufficient,operational_assumed,"공식 관광 원천 일반 홍보 이미지, 이미지 수준 명시적 제한 미확인",2026-07-24T07:14:15.673Z,data/tourapi/candidates/busan/busan-integrated-candidates.csv,fe43388
busan-F-00195,버거인뉴욕,restaurant,해운대구,35.16093,129.16469,visitbusan_web,VisitBusanContent:food:1481:ko,VisitBusanContent:food:1481:ko|FoodService:1481:ko,https://www.visitbusan.net/kr/index.do?menuCd=DOM_000000201002001000&uc_seq=1481&lang_cd=ko,,https://www.visitbusan.net/uploadImgs/files/cntnts/20240419153525824_ttiel,1,image_sufficient,operational_assumed,"공식 관광 원천 일반 홍보 이미지, 이미지 수준 명시적 제한 미확인",2026-07-24T07:14:14.925Z,data/tourapi/candidates/busan/busan-integrated-candidates.csv,fe43388
busan-F-00196,반핀 서면전포점,restaurant,부산진구,35.15839,129.06279,visitbusan_web,VisitBusanContent:food:1482:ko,VisitBusanContent:food:1482:ko|FoodService:1482:ko,https://www.visitbusan.net/kr/index.do?menuCd=DOM_000000201002001000&uc_seq=1482&lang_cd=ko,,https://www.visitbusan.net/uploadImgs/files/cntnts/20230602143250533_ttiel,1,image_sufficient,operational_assumed,"공식 관광 원천 일반 홍보 이미지, 이미지 수준 명시적 제한 미확인",2026-07-24T07:14:14.240Z,data/tourapi/candidates/busan/busan-integrated-candidates.csv,fe43388
busan-F-00197,복성반점,restaurant,사하구,35.103638,128.96245,visitbusan_web,VisitBusanContent:food:1483:ko,VisitBusanContent:food:1483:ko|FoodService:1483:ko,https://www.visitbusan.net/kr/index.do?menuCd=DOM_000000201002001000&uc_seq=1483&lang_cd=ko,,https://www.visitbusan.net/uploadImgs/files/cntnts/20240417164934040_ttiel,1,image_sufficient,operational_assumed,"공식 관광 원천 일반 홍보 이미지, 이미지 수준 명시적 제한 미확인",2026-07-24T07:14:13.546Z,data/tourapi/candidates/busan/busan-integrated-candidates.csv,fe43388
busan-F-00198,쉐프리,restaurant,해운대구,35.159615,129.15382,visitbusan_web,VisitBusanContent:food:1484:ko,VisitBusanContent:food:1484:ko|FoodService:1484:ko,https://www.visitbusan.net/kr/index.do?menuCd=DOM_000000201002001000&uc_seq=1484&lang_cd=ko,,https://www.visitbusan.net/uploadImgs/files/cntnts/20250530161709953_ttiel,1,image_sufficient,operational_assumed,"공식 관광 원천 일반 홍보 이미지, 이미지 수준 명시적 제한 미확인",2026-07-24T07:14:12.876Z,data/tourapi/candidates/busan/busan-integrated-candidates.csv,fe43388
busan-F-00199,부우사안,restaurant,해운대구,35.160133,129.1545,visitbusan_web,VisitBusanContent:food:1485:ko,VisitBusanContent:food:1485:ko|FoodService:1485:ko,https://www.visitbusan.net/kr/index.do?menuCd=DOM_000000201002001000&uc_seq=1485&lang_cd=ko,,https://www.visitbusan.net/uploadImgs/files/cntnts/20230602145152107_ttiel,1,image_sufficient,operational_assumed,"공식 관광 원천 일반 홍보 이미지, 이미지 수준 명시적 제한 미확인",2026-07-24T07:14:12.166Z,data/tourapi/candidates/busan/busan-integrated-candidates.csv,fe43388
busan-F-00200,스톤스트리트,restaurant,중구,35.102036,129.03119,visitbusan_web,VisitBusanContent:food:1486:ko,VisitBusanContent:food:1486:ko|FoodService:1486:ko,https://www.visitbusan.net/kr/index.do?menuCd=DOM_000000201002001000&uc_seq=1486&lang_cd=ko,,https://www.visitbusan.net/uploadImgs/files/cntnts/20230602145719327_ttiel,1,image_sufficient,operational_assumed,"공식 관광 원천 일반 홍보 이미지, 이미지 수준 명시적 제한 미확인",2026-07-24T07:14:11.388Z,data/tourapi/candidates/busan/busan-integrated-candidates.csv,fe43388
busan-F-00201,산동완탕교자관,restaurant,동구,35.119602,129.04268,visitbusan_web,VisitBusanContent:food:1487:ko,VisitBusanContent:food:1487:ko|FoodService:1487:ko,https://www.visitbusan.net/kr/index.do?menuCd=DOM_000000201002001000&uc_seq=1487&lang_cd=ko,,https://www.visitbusan.net/uploadImgs/files/cntnts/20230602145733245_ttiel,1,image_sufficient,operational_assumed,"공식 관광 원천 일반 홍보 이미지, 이미지 수준 명시적 제한 미확인",2026-07-24T07:14:10.662Z,data/tourapi/candidates/busan/busan-integrated-candidates.csv,fe43388
busan-F-00202,삼형제오리 부산1호점,restaurant,영도구,35.09349,129.03928,visitbusan_web,VisitBusanContent:food:1488:ko,VisitBusanContent:food:1488:ko|FoodService:1488:ko,https://www.visitbusan.net/kr/index.do?menuCd=DOM_000000201002001000&uc_seq=1488&lang_cd=ko,,https://www.visitbusan.net/uploadImgs/files/cntnts/20230602150346849_ttiel,1,image_sufficient,operational_assumed,"공식 관광 원천 일반 홍보 이미지, 이미지 수준 명시적 제한 미확인",2026-07-24T07:14:09.878Z,data/tourapi/candidates/busan/busan-integrated-candidates.csv,fe43388
busan-F-00203,동광동 석기시대 본점,restaurant,중구,35.106155,129.03487,busan_official_api,FoodService:1489:ko,FoodService:1489:ko,,,https://www.visitbusan.net/uploadImgs/files/cntnts/20240419105032027_ttiel,1,image_sufficient,operational_assumed,"공식 관광 원천 일반 홍보 이미지, 이미지 수준 명시적 제한 미확인",2026-07-24T00:27:42.723Z,data/tourapi/candidates/busan/busan-integrated-candidates.csv,fe43388
busan-F-00204,음주양식당 오스테리아 어부,restaurant,부산진구,35.160614,129.15663,visitbusan_web,VisitBusanContent:food:1490:ko,VisitBusanContent:food:1490:ko|FoodService:1490:ko,https://www.visitbusan.net/kr/index.do?menuCd=DOM_000000201002001000&uc_seq=1490&lang_cd=ko,,https://www.visitbusan.net/uploadImgs/files/cntnts/20231109183734515_ttiel,1,image_sufficient,operational_assumed,"공식 관광 원천 일반 홍보 이미지, 이미지 수준 명시적 제한 미확인",2026-07-24T07:14:08.462Z,data/tourapi/candidates/busan/busan-integrated-candidates.csv,fe43388
busan-F-00205,칸웨이,restaurant,강서구,35.08141,128.90326,visitbusan_web,VisitBusanContent:food:1491:ko,VisitBusanContent:food:1491:ko|FoodService:1491:ko,https://www.visitbusan.net/kr/index.do?menuCd=DOM_000000201002001000&uc_seq=1491&lang_cd=ko,,https://www.visitbusan.net/uploadImgs/files/cntnts/20230602153447605_ttiel,1,image_sufficient,operational_assumed,"공식 관광 원천 일반 홍보 이미지, 이미지 수준 명시적 제한 미확인",2026-07-24T07:14:07.724Z,data/tourapi/candidates/busan/busan-integrated-candidates.csv,fe43388
busan-F-00206,고옥,restaurant,수영구,35.143585,129.10974,visitbusan_web,VisitBusanContent:food:1492:ko,VisitBusanContent:food:1492:ko|FoodService:1492:ko,https://www.visitbusan.net/kr/index.do?menuCd=DOM_000000201002001000&uc_seq=1492&lang_cd=ko,,https://www.visitbusan.net/uploadImgs/files/cntnts/20240418094044725_ttiel,1,image_sufficient,operational_assumed,"공식 관광 원천 일반 홍보 이미지, 이미지 수준 명시적 제한 미확인",2026-07-24T07:14:07.010Z,data/tourapi/candidates/busan/busan-integrated-candidates.csv,fe43388
busan-F-00207,글라스앤보틀,restaurant,연제구,35.188755,129.0872,visitbusan_web,VisitBusanContent:food:1493:ko,VisitBusanContent:food:1493:ko|FoodService:1493:ko,https://www.visitbusan.net/kr/index.do?menuCd=DOM_000000201002001000&uc_seq=1493&lang_cd=ko,,https://www.visitbusan.net/uploadImgs/files/cntnts/20230602175414282_ttiel,1,image_sufficient,operational_assumed,"공식 관광 원천 일반 홍보 이미지, 이미지 수준 명시적 제한 미확인",2026-07-24T07:14:06.316Z,data/tourapi/candidates/busan/busan-integrated-candidates.csv,fe43388
busan-F-00208,앙탄,restaurant,강서구,35.204876,128.90659,visitbusan_web,VisitBusanContent:food:1494:ko,VisitBusanContent:food:1494:ko|FoodService:1494:ko,https://www.visitbusan.net/kr/index.do?menuCd=DOM_000000201002001000&uc_seq=1494&lang_cd=ko,,https://www.visitbusan.net/uploadImgs/files/cntnts/20230603140846612_ttiel,1,image_sufficient,operational_assumed,"공식 관광 원천 일반 홍보 이미지, 이미지 수준 명시적 제한 미확인",2026-07-24T07:14:05.588Z,data/tourapi/candidates/busan/busan-integrated-candidates.csv,fe43388
busan-F-00209,교토돈부리 본점,restaurant,남구,35.137672,129.10362,visitbusan_web,VisitBusanContent:food:1495:ko,VisitBusanContent:food:1495:ko|FoodService:1495:ko,https://www.visitbusan.net/kr/index.do?menuCd=DOM_000000201002001000&uc_seq=1495&lang_cd=ko,,https://www.visitbusan.net/uploadImgs/files/cntnts/20230605092808009_ttiel,1,image_sufficient,operational_assumed,"공식 관광 원천 일반 홍보 이미지, 이미지 수준 명시적 제한 미확인",2026-07-24T07:14:04.894Z,data/tourapi/candidates/busan/busan-integrated-candidates.csv,fe43388
busan-F-00210,나가하마만게츠,restaurant,해운대구,35.16669,129.15746,visitbusan_web,VisitBusanContent:food:1496:ko,VisitBusanContent:food:1496:ko|FoodService:1496:ko,https://www.visitbusan.net/kr/index.do?menuCd=DOM_000000201002001000&uc_seq=1496&lang_cd=ko,,https://www.visitbusan.net/uploadImgs/files/cntnts/20240419133053912_ttiel,1,image_sufficient,operational_assumed,"공식 관광 원천 일반 홍보 이미지, 이미지 수준 명시적 제한 미확인",2026-07-24T07:14:04.189Z,data/tourapi/candidates/busan/busan-integrated-candidates.csv,fe43388
busan-F-00211,노는바다,restaurant,수영구,35.140026,129.10835,visitbusan_web,VisitBusanContent:food:1497:ko,VisitBusanContent:food:1497:ko|FoodService:1497:ko,https://www.visitbusan.net/kr/index.do?menuCd=DOM_000000201002001000&uc_seq=1497&lang_cd=ko,,https://www.visitbusan.net/uploadImgs/files/cntnts/20230605094032446_ttiel,1,image_sufficient,operational_assumed,"공식 관광 원천 일반 홍보 이미지, 이미지 수준 명시적 제한 미확인",2026-07-24T07:14:03.481Z,data/tourapi/candidates/busan/busan-integrated-candidates.csv,fe43388
busan-F-00212,동경밥상,restaurant,수영구,35.148396,129.11385,visitbusan_web,VisitBusanContent:food:1498:ko,VisitBusanContent:food:1498:ko|FoodService:1498:ko,https://www.visitbusan.net/kr/index.do?menuCd=DOM_000000201002001000&uc_seq=1498&lang_cd=ko,,https://www.visitbusan.net/uploadImgs/files/cntnts/20230605094602155_ttiel,1,image_sufficient,operational_assumed,"공식 관광 원천 일반 홍보 이미지, 이미지 수준 명시적 제한 미확인",2026-07-24T07:14:02.777Z,data/tourapi/candidates/busan/busan-integrated-candidates.csv,fe43388
busan-F-00213,슌,restaurant,기장군,35.25241,129.217,busan_official_api,FoodService:1499:ko,FoodService:1499:ko,,,https://www.visitbusan.net/uploadImgs/files/cntnts/20230605100447110_ttiel,1,image_sufficient,operational_assumed,"공식 관광 원천 일반 홍보 이미지, 이미지 수준 명시적 제한 미확인",2026-07-24T00:27:42.723Z,data/tourapi/candidates/busan/busan-integrated-candidates.csv,fe43388
busan-F-00214,스시미르네 본점,restaurant,해운대구,35.17129,129.17677,visitbusan_web,VisitBusanContent:food:1500:ko,VisitBusanContent:food:1500:ko|FoodService:1500:ko,https://www.visitbusan.net/kr/index.do?menuCd=DOM_000000201002001000&uc_seq=1500&lang_cd=ko,,https://www.visitbusan.net/uploadImgs/files/cntnts/20240419170216133_ttiel,1,image_sufficient,operational_assumed,"공식 관광 원천 일반 홍보 이미지, 이미지 수준 명시적 제한 미확인",2026-07-24T07:14:02.058Z,data/tourapi/candidates/busan/busan-integrated-candidates.csv,fe43388
busan-F-00215,스시심 타카이,restaurant,금정구,35.230793,129.08801,visitbusan_web,VisitBusanContent:food:1501:ko,VisitBusanContent:food:1501:ko|FoodService:1501:ko,https://www.visitbusan.net/kr/index.do?menuCd=DOM_000000201002001000&uc_seq=1501&lang_cd=ko,,https://www.visitbusan.net/uploadImgs/files/cntnts/20230605101855650_ttiel,1,image_sufficient,operational_assumed,"공식 관광 원천 일반 홍보 이미지, 이미지 수준 명시적 제한 미확인",2026-07-24T07:14:01.336Z,data/tourapi/candidates/busan/busan-integrated-candidates.csv,fe43388
busan-F-00216,야스마루 쇼쿠도,restaurant,부산진구,35.159283,129.06197,visitbusan_web,VisitBusanContent:food:1502:ko,VisitBusanContent:food:1502:ko|FoodService:1502:ko,https://www.visitbusan.net/kr/index.do?menuCd=DOM_000000201002001000&uc_seq=1502&lang_cd=ko,,https://www.visitbusan.net/uploadImgs/files/cntnts/20240417143025804_ttiel,1,image_sufficient,operational_assumed,"공식 관광 원천 일반 홍보 이미지, 이미지 수준 명시적 제한 미확인",2026-07-24T07:14:00.620Z,data/tourapi/candidates/busan/busan-integrated-candidates.csv,fe43388
busan-F-00217,중앙모밀,restaurant,중구,35.101845,129.0353,visitbusan_web,VisitBusanContent:food:1503:ko,VisitBusanContent:food:1503:ko|FoodService:1503:ko,https://www.visitbusan.net/kr/index.do?menuCd=DOM_000000201002001000&uc_seq=1503&lang_cd=ko,,https://www.visitbusan.net/uploadImgs/files/cntnts/20240419113634712_ttiel,1,image_sufficient,operational_assumed,"공식 관광 원천 일반 홍보 이미지, 이미지 수준 명시적 제한 미확인",2026-07-24T07:13:59.883Z,data/tourapi/candidates/busan/busan-integrated-candidates.csv,fe43388
busan-F-00218,킹콩스시,restaurant,수영구,35.1689,129.11972,visitbusan_web,VisitBusanContent:food:1504:ko,VisitBusanContent:food:1504:ko|FoodService:1504:ko,https://www.visitbusan.net/kr/index.do?menuCd=DOM_000000201002001000&uc_seq=1504&lang_cd=ko,,https://www.visitbusan.net/uploadImgs/files/cntnts/20230605105014796_ttiel,1,image_sufficient,operational_assumed,"공식 관광 원천 일반 홍보 이미지, 이미지 수준 명시적 제한 미확인",2026-07-24T07:13:59.159Z,data/tourapi/candidates/busan/busan-integrated-candidates.csv,fe43388
busan-F-00219,타이가 텐푸라,restaurant,해운대구,35.164764,129.1584,visitbusan_web,VisitBusanContent:food:1505:ko,VisitBusanContent:food:1505:ko|FoodService:1505:ko,https://www.visitbusan.net/kr/index.do?menuCd=DOM_000000201002001000&uc_seq=1505&lang_cd=ko,,https://www.visitbusan.net/uploadImgs/files/cntnts/20230605114432846_ttiel,1,image_sufficient,operational_assumed,"공식 관광 원천 일반 홍보 이미지, 이미지 수준 명시적 제한 미확인",2026-07-24T07:13:58.463Z,data/tourapi/candidates/busan/busan-integrated-candidates.csv,fe43388
busan-F-00220,톤쇼우 부산대점,restaurant,금정구,35.230446,129.08427,visitbusan_web,VisitBusanContent:food:1506:ko,VisitBusanContent:food:1506:ko|FoodService:1506:ko,https://www.visitbusan.net/kr/index.do?menuCd=DOM_000000201002001000&uc_seq=1506&lang_cd=ko,,https://www.visitbusan.net/uploadImgs/files/cntnts/20240416105423031_ttiel,1,image_sufficient,operational_assumed,"공식 관광 원천 일반 홍보 이미지, 이미지 수준 명시적 제한 미확인",2026-07-24T07:13:57.722Z,data/tourapi/candidates/busan/busan-integrated-candidates.csv,fe43388
busan-F-00221,삼성밀면,restaurant,부산진구,35.181423,129.05115,visitbusan_web,VisitBusanContent:food:1507:ko,VisitBusanContent:food:1507:ko|FoodService:1507:ko,https://www.visitbusan.net/kr/index.do?menuCd=DOM_000000201002001000&uc_seq=1507&lang_cd=ko,,https://www.visitbusan.net/uploadImgs/files/cntnts/20240417141426032_ttiel,1,image_sufficient,operational_assumed,"공식 관광 원천 일반 홍보 이미지, 이미지 수준 명시적 제한 미확인",2026-07-24T07:13:57.013Z,data/tourapi/candidates/busan/busan-integrated-candidates.csv,fe43388
busan-F-00222,부산약콩밀면 이기대본점,restaurant,남구,35.123108,129.11333,busan_official_api,FoodService:1508:ko,FoodService:1508:ko,,,https://www.visitbusan.net/uploadImgs/files/cntnts/20230605160757154_ttiel,1,image_sufficient,operational_assumed,"공식 관광 원천 일반 홍보 이미지, 이미지 수준 명시적 제한 미확인",2026-07-24T00:27:42.723Z,data/tourapi/candidates/busan/busan-integrated-candidates.csv,fe43388
busan-F-00223,면채움,restaurant,금정구,35.24463,129.0901,visitbusan_web,VisitBusanContent:food:1509:ko,VisitBusanContent:food:1509:ko|FoodService:1509:ko,https://www.visitbusan.net/kr/index.do?menuCd=DOM_000000201002001000&uc_seq=1509&lang_cd=ko,,https://www.visitbusan.net/uploadImgs/files/cntnts/20230605162454973_ttiel,1,image_sufficient,operational_assumed,"공식 관광 원천 일반 홍보 이미지, 이미지 수준 명시적 제한 미확인",2026-07-24T07:13:55.572Z,data/tourapi/candidates/busan/busan-integrated-candidates.csv,fe43388
busan-F-00224,대연밀면,restaurant,남구,35.13132,129.08981,visitbusan_web,VisitBusanContent:food:1510:ko,VisitBusanContent:food:1510:ko|FoodService:1510:ko,https://www.visitbusan.net/kr/index.do?menuCd=DOM_000000201002001000&uc_seq=1510&lang_cd=ko,,https://www.visitbusan.net/uploadImgs/files/cntnts/20230605163059829_ttiel,1,image_sufficient,operational_assumed,"공식 관광 원천 일반 홍보 이미지, 이미지 수준 명시적 제한 미확인",2026-07-24T07:13:54.823Z,data/tourapi/candidates/busan/busan-integrated-candidates.csv,fe43388
busan-F-00225,합천국밥집,restaurant,남구,35.111244,129.11125,visitbusan_web,VisitBusanContent:food:1511:ko,VisitBusanContent:food:1511:ko|FoodService:1511:ko,https://www.visitbusan.net/kr/index.do?menuCd=DOM_000000201002001000&uc_seq=1511&lang_cd=ko,,https://www.visitbusan.net/uploadImgs/files/cntnts/20230605171506269_ttiel,1,image_sufficient,operational_assumed,"공식 관광 원천 일반 홍보 이미지, 이미지 수준 명시적 제한 미확인",2026-07-24T07:13:54.100Z,data/tourapi/candidates/busan/busan-integrated-candidates.csv,fe43388
busan-F-00226,정짓간 돼지국밥 & 막국수,restaurant,사하구,35.095695,128.96248,visitbusan_web,VisitBusanContent:food:1512:ko,VisitBusanContent:food:1512:ko|FoodService:1512:ko,https://www.visitbusan.net/kr/index.do?menuCd=DOM_000000201002001000&uc_seq=1512&lang_cd=ko,,https://www.visitbusan.net/uploadImgs/files/cntnts/20240417171440711_ttiel,1,image_sufficient,operational_assumed,"공식 관광 원천 일반 홍보 이미지, 이미지 수준 명시적 제한 미확인",2026-07-24T07:13:53.393Z,data/tourapi/candidates/busan/busan-integrated-candidates.csv,fe43388
busan-F-00227,우리돼지국밥,restaurant,동구,35.11995,129.03925,visitbusan_web,VisitBusanContent:food:1513:ko,VisitBusanContent:food:1513:ko|FoodService:1513:ko,https://www.visitbusan.net/kr/index.do?menuCd=DOM_000000201002001000&uc_seq=1513&lang_cd=ko,,https://www.visitbusan.net/uploadImgs/files/cntnts/20230605175347129_ttiel,1,image_sufficient,operational_assumed,"공식 관광 원천 일반 홍보 이미지, 이미지 수준 명시적 제한 미확인",2026-07-24T07:13:52.593Z,data/tourapi/candidates/busan/busan-integrated-candidates.csv,fe43388
busan-F-00228,수복돼지국밥,restaurant,연제구,35.1859,129.0869,visitbusan_web,VisitBusanContent:food:1515:ko,VisitBusanContent:food:1515:ko|FoodService:1515:ko,https://www.visitbusan.net/kr/index.do?menuCd=DOM_000000201002001000&uc_seq=1515&lang_cd=ko,,https://www.visitbusan.net/uploadImgs/files/cntnts/20230607101844356_ttiel,1,image_sufficient,operational_assumed,"공식 관광 원천 일반 홍보 이미지, 이미지 수준 명시적 제한 미확인",2026-07-24T07:13:51.869Z,data/tourapi/candidates/busan/busan-integrated-candidates.csv,fe43388
busan-F-00229,부광돼지국밥전문점,restaurant,중구,35.104244,129.03506,busan_official_api,FoodService:1516:ko,FoodService:1516:ko,,,https://www.visitbusan.net/uploadImgs/files/cntnts/20240419095508857_ttiel,1,image_sufficient,operational_assumed,"공식 관광 원천 일반 홍보 이미지, 이미지 수준 명시적 제한 미확인",2026-07-24T00:27:42.723Z,data/tourapi/candidates/busan/busan-integrated-candidates.csv,fe43388
busan-F-00230,행복을 짓는 수향촌밥상,restaurant,사하구,35.053585,128.97047,visitbusan_web,VisitBusanContent:food:1517:ko,VisitBusanContent:food:1517:ko|FoodService:1517:ko,https://www.visitbusan.net/kr/index.do?menuCd=DOM_000000201002001000&uc_seq=1517&lang_cd=ko,,https://www.visitbusan.net/uploadImgs/files/cntnts/20230607104813073_ttiel,1,image_sufficient,operational_assumed,"공식 관광 원천 일반 홍보 이미지, 이미지 수준 명시적 제한 미확인",2026-07-24T07:13:50.472Z,data/tourapi/candidates/busan/busan-integrated-candidates.csv,fe43388
busan-F-00231,해물왕창칼국수,restaurant,사상구,35.1727,128.98376,visitbusan_web,VisitBusanContent:food:1518:ko,VisitBusanContent:food:1518:ko|FoodService:1518:ko,https://www.visitbusan.net/kr/index.do?menuCd=DOM_000000201002001000&uc_seq=1518&lang_cd=ko,,https://www.visitbusan.net/uploadImgs/files/cntnts/20240417163101609_ttiel,1,image_sufficient,operational_assumed,"공식 관광 원천 일반 홍보 이미지, 이미지 수준 명시적 제한 미확인",2026-07-24T07:13:49.711Z,data/tourapi/candidates/busan/busan-integrated-candidates.csv,fe43388
busan-F-00232,할매재첩국부산본점,restaurant,수영구,35.151875,129.11638,visitbusan_web,VisitBusanContent:food:1519:ko,VisitBusanContent:food:1519:ko|FoodService:1519:ko,https://www.visitbusan.net/kr/index.do?menuCd=DOM_000000201002001000&uc_seq=1519&lang_cd=ko,,https://www.visitbusan.net/uploadImgs/files/cntnts/20240418131536518_ttiel,1,image_sufficient,operational_assumed,"공식 관광 원천 일반 홍보 이미지, 이미지 수준 명시적 제한 미확인",2026-07-24T07:13:49.002Z,data/tourapi/candidates/busan/busan-integrated-candidates.csv,fe43388
busan-F-00233,동래할매파전,restaurant,동래구,35.204575,129.08385,visitbusan_web,VisitBusanContent:food:1520:ko,VisitBusanContent:food:1520:ko|FoodService:1520:ko,https://www.visitbusan.net/kr/index.do?menuCd=DOM_000000201002001000&uc_seq=1520&lang_cd=ko,,https://www.visitbusan.net/uploadImgs/files/cntnts/20240417095049087_ttiel,1,image_sufficient,operational_assumed,"공식 관광 원천 일반 홍보 이미지, 이미지 수준 명시적 제한 미확인",2026-07-24T07:13:48.312Z,data/tourapi/candidates/busan/busan-integrated-candidates.csv,fe43388
busan-F-00234,박해윤통영해물밥상,restaurant,동래구,35.191082,129.10825,visitbusan_web,VisitBusanContent:food:1521:ko,VisitBusanContent:food:1521:ko|FoodService:1521:ko,https://www.visitbusan.net/kr/index.do?menuCd=DOM_000000201002001000&uc_seq=1521&lang_cd=ko,,https://www.visitbusan.net/uploadImgs/files/cntnts/20230607115106313_ttiel,1,image_sufficient,operational_assumed,"공식 관광 원천 일반 홍보 이미지, 이미지 수준 명시적 제한 미확인",2026-07-24T07:13:47.617Z,data/tourapi/candidates/busan/busan-integrated-candidates.csv,fe43388
busan-F-00235,원조꼬리곰집,restaurant,동래구,35.216038,129.08095,visitbusan_web,VisitBusanContent:food:1522:ko,VisitBusanContent:food:1522:ko|FoodService:1522:ko,https://www.visitbusan.net/kr/index.do?menuCd=DOM_000000201002001000&uc_seq=1522&lang_cd=ko,,https://www.visitbusan.net/uploadImgs/files/cntnts/20240417104737417_ttiel,1,image_sufficient,operational_assumed,"공식 관광 원천 일반 홍보 이미지, 이미지 수준 명시적 제한 미확인",2026-07-24T07:13:46.877Z,data/tourapi/candidates/busan/busan-integrated-candidates.csv,fe43388
busan-F-00236,하동재첩국,restaurant,사상구,35.19344,128.98584,busan_official_api,FoodService:1523:ko,FoodService:1523:ko,,,https://www.visitbusan.net/uploadImgs/files/cntnts/20240417160652816_ttiel,1,image_sufficient,operational_assumed,"공식 관광 원천 일반 홍보 이미지, 이미지 수준 명시적 제한 미확인",2026-07-24T00:27:42.723Z,data/tourapi/candidates/busan/busan-integrated-candidates.csv,fe43388
busan-F-00237,하기연진주냉면,restaurant,사하구,35.102787,128.9677,visitbusan_web,VisitBusanContent:food:1524:ko,VisitBusanContent:food:1524:ko|FoodService:1524:ko,https://www.visitbusan.net/kr/index.do?menuCd=DOM_000000201002001000&uc_seq=1524&lang_cd=ko,,https://www.visitbusan.net/uploadImgs/files/cntnts/20240417172509146_ttiel,1,image_sufficient,operational_assumed,"공식 관광 원천 일반 홍보 이미지, 이미지 수준 명시적 제한 미확인",2026-07-24T07:13:45.469Z,data/tourapi/candidates/busan/busan-integrated-candidates.csv,fe43388
busan-F-00238,장안집,restaurant,기장군,35.369785,129.24432,visitbusan_web,VisitBusanContent:food:1525:ko,VisitBusanContent:food:1525:ko|FoodService:1525:ko,https://www.visitbusan.net/kr/index.do?menuCd=DOM_000000201002001000&uc_seq=1525&lang_cd=ko,,https://www.visitbusan.net/uploadImgs/files/cntnts/20230607150107037_ttiel,1,image_sufficient,operational_assumed,"공식 관광 원천 일반 홍보 이미지, 이미지 수준 명시적 제한 미확인",2026-07-24T07:13:44.711Z,data/tourapi/candidates/busan/busan-integrated-candidates.csv,fe43388
busan-F-00239,이가네칼국수,restaurant,사상구,35.163177,128.97974,visitbusan_web,VisitBusanContent:food:1526:ko,VisitBusanContent:food:1526:ko|FoodService:1526:ko,https://www.visitbusan.net/kr/index.do?menuCd=DOM_000000201002001000&uc_seq=1526&lang_cd=ko,,https://www.visitbusan.net/uploadImgs/files/cntnts/20230607152613580_ttiel,1,image_sufficient,operational_assumed,"공식 관광 원천 일반 홍보 이미지, 이미지 수준 명시적 제한 미확인",2026-07-24T07:13:44.014Z,data/tourapi/candidates/busan/busan-integrated-candidates.csv,fe43388
busan-F-00240,이가네떡볶이,restaurant,중구,35.10156,129.02602,visitbusan_web,VisitBusanContent:food:1527:ko,VisitBusanContent:food:1527:ko|FoodService:1527:ko,https://www.visitbusan.net/kr/index.do?menuCd=DOM_000000201002001000&uc_seq=1527&lang_cd=ko,,https://www.visitbusan.net/uploadImgs/files/cntnts/20230607153356051_ttiel,1,image_sufficient,operational_assumed,"공식 관광 원천 일반 홍보 이미지, 이미지 수준 명시적 제한 미확인",2026-07-24T07:13:43.284Z,data/tourapi/candidates/busan/busan-integrated-candidates.csv,fe43388
busan-F-00241,우성삼계탕,restaurant,수영구,35.16719,129.11409,visitbusan_web,VisitBusanContent:food:1528:ko,VisitBusanContent:food:1528:ko|FoodService:1528:ko,https://www.visitbusan.net/kr/index.do?menuCd=DOM_000000201002001000&uc_seq=1528&lang_cd=ko,,https://www.visitbusan.net/uploadImgs/files/cntnts/20230607154228087_ttiel,1,image_sufficient,operational_assumed,"공식 관광 원천 일반 홍보 이미지, 이미지 수준 명시적 제한 미확인",2026-07-24T07:13:42.587Z,data/tourapi/candidates/busan/busan-integrated-candidates.csv,fe43388
busan-F-00242,몽뜰,restaurant,동래구,35.210857,129.07614,visitbusan_web,VisitBusanContent:food:1529:ko,VisitBusanContent:food:1529:ko|FoodService:1529:ko,https://www.visitbusan.net/kr/index.do?menuCd=DOM_000000201002001000&uc_seq=1529&lang_cd=ko,,https://www.visitbusan.net/uploadImgs/files/cntnts/20230607170054185_ttiel,1,image_sufficient,operational_assumed,"공식 관광 원천 일반 홍보 이미지, 이미지 수준 명시적 제한 미확인",2026-07-24T07:13:41.859Z,data/tourapi/candidates/busan/busan-integrated-candidates.csv,fe43388
busan-F-00243,조광심민속왕순대,restaurant,동래구,35.20074,129.09787,visitbusan_web,VisitBusanContent:food:1530:ko,VisitBusanContent:food:1530:ko|FoodService:1530:ko,https://www.visitbusan.net/kr/index.do?menuCd=DOM_000000201002001000&uc_seq=1530&lang_cd=ko,,https://www.visitbusan.net/uploadImgs/files/cntnts/20240417105843962_ttiel,1,image_sufficient,operational_assumed,"공식 관광 원천 일반 홍보 이미지, 이미지 수준 명시적 제한 미확인",2026-07-24T07:13:41.171Z,data/tourapi/candidates/busan/busan-integrated-candidates.csv,fe43388
busan-F-00244,할매집회국수,restaurant,중구,35.09885,129.03146,visitbusan_web,VisitBusanContent:food:1531:ko,VisitBusanContent:food:1531:ko|FoodService:1531:ko,https://www.visitbusan.net/kr/index.do?menuCd=DOM_000000201002001000&uc_seq=1531&lang_cd=ko,,https://www.visitbusan.net/uploadImgs/files/cntnts/20240419113933249_ttiel,1,image_sufficient,operational_assumed,"공식 관광 원천 일반 홍보 이미지, 이미지 수준 명시적 제한 미확인",2026-07-24T07:13:40.448Z,data/tourapi/candidates/busan/busan-integrated-candidates.csv,fe43388
busan-F-00245,나탄약선요리,restaurant,부산진구,35.18711,129.04843,visitbusan_web,VisitBusanContent:food:1533:ko,VisitBusanContent:food:1533:ko|FoodService:1533:ko,https://www.visitbusan.net/kr/index.do?menuCd=DOM_000000201002001000&uc_seq=1533&lang_cd=ko,,https://www.visitbusan.net/uploadImgs/files/cntnts/20240417133833912_ttiel,1,image_sufficient,operational_assumed,"공식 관광 원천 일반 홍보 이미지, 이미지 수준 명시적 제한 미확인",2026-07-24T07:13:39.688Z,data/tourapi/candidates/busan/busan-integrated-candidates.csv,fe43388
busan-F-00246,부다면옥,restaurant,해운대구,35.162384,129.16298,visitbusan_web,VisitBusanContent:food:1534:ko,VisitBusanContent:food:1534:ko|FoodService:1534:ko,https://www.visitbusan.net/kr/index.do?menuCd=DOM_000000201002001000&uc_seq=1534&lang_cd=ko,,https://www.visitbusan.net/uploadImgs/files/cntnts/20240419153703944_ttiel,1,image_sufficient,operational_assumed,"공식 관광 원천 일반 홍보 이미지, 이미지 수준 명시적 제한 미확인",2026-07-24T07:13:38.919Z,data/tourapi/candidates/busan/busan-integrated-candidates.csv,fe43388
busan-F-00247,본 고갈비,restaurant,동래구,35.20054,129.08878,visitbusan_web,VisitBusanContent:food:1535:ko,VisitBusanContent:food:1535:ko|FoodService:1535:ko,https://www.visitbusan.net/kr/index.do?menuCd=DOM_000000201002001000&uc_seq=1535&lang_cd=ko,,https://www.visitbusan.net/uploadImgs/files/cntnts/20230608140120811_ttiel,1,image_sufficient,operational_assumed,"공식 관광 원천 일반 홍보 이미지, 이미지 수준 명시적 제한 미확인",2026-07-24T07:13:38.204Z,data/tourapi/candidates/busan/busan-integrated-candidates.csv,fe43388
busan-F-00248,88돼지갈비,restaurant,동구,35.128063,129.04562,visitbusan_web,VisitBusanContent:food:1536:ko,VisitBusanContent:food:1536:ko|FoodService:1536:ko,https://www.visitbusan.net/kr/index.do?menuCd=DOM_000000201002001000&uc_seq=1536&lang_cd=ko,,https://www.visitbusan.net/uploadImgs/files/cntnts/20240416171818172_ttiel,1,image_sufficient,operational_assumed,"공식 관광 원천 일반 홍보 이미지, 이미지 수준 명시적 제한 미확인",2026-07-24T07:13:37.461Z,data/tourapi/candidates/busan/busan-integrated-candidates.csv,fe43388
busan-F-00249,돌솥밥집,restaurant,중구,35.099976,129.02908,visitbusan_web,VisitBusanContent:food:1537:ko,VisitBusanContent:food:1537:ko|FoodService:1537:ko,https://www.visitbusan.net/kr/index.do?menuCd=DOM_000000201002001000&uc_seq=1537&lang_cd=ko,,https://www.visitbusan.net/uploadImgs/files/cntnts/20230608144815779_ttiel,1,image_sufficient,operational_assumed,"공식 관광 원천 일반 홍보 이미지, 이미지 수준 명시적 제한 미확인",2026-07-24T07:13:36.704Z,data/tourapi/candidates/busan/busan-integrated-candidates.csv,fe43388
busan-F-00250,맹여사육전육회,restaurant,사상구,35.165836,128.9835,visitbusan_web,VisitBusanContent:food:1538:ko,VisitBusanContent:food:1538:ko|FoodService:1538:ko,https://www.visitbusan.net/kr/index.do?menuCd=DOM_000000201002001000&uc_seq=1538&lang_cd=ko,,https://www.visitbusan.net/uploadImgs/files/cntnts/20230608150916484_ttiel,1,image_sufficient,operational_assumed,"공식 관광 원천 일반 홍보 이미지, 이미지 수준 명시적 제한 미확인",2026-07-24T07:13:35.927Z,data/tourapi/candidates/busan/busan-integrated-candidates.csv,fe43388
busan-F-00251,은하갈비,restaurant,동구,35.119347,129.03961,busan_official_api,FoodService:1539:ko,FoodService:1539:ko,,,,0,source_exhausted,N/A,,2026-07-24T00:27:42.723Z,data/tourapi/candidates/busan/busan-integrated-candidates.csv,fe43388
busan-F-00252,합천국밥집,restaurant,남구,35.111244,129.11125,busan_official_api,FoodService:1540:ko,FoodService:1540:ko,,,https://www.visitbusan.net/uploadImgs/files/cntnts/20230612125944822_ttiel,1,image_sufficient,operational_assumed,"공식 관광 원천 일반 홍보 이미지, 이미지 수준 명시적 제한 미확인",2026-07-24T00:27:42.723Z,data/tourapi/candidates/busan/busan-integrated-candidates.csv,fe43388
busan-F-00253,기장손칼국수,restaurant,부산진구,35.15551,129.0583,busan_official_api,FoodService:1541:ko,FoodService:1541:ko,,,,0,source_exhausted,N/A,,2026-07-24T00:27:42.723Z,data/tourapi/candidates/busan/busan-integrated-candidates.csv,fe43388
busan-F-00254,쌍둥이돼지국밥,restaurant,남구,35.13177,129.0923,busan_official_api,FoodService:1542:ko,FoodService:1542:ko,,,https://www.visitbusan.net/uploadImgs/files/cntnts/20230612130601401_ttiel,1,image_sufficient,operational_assumed,"공식 관광 원천 일반 홍보 이미지, 이미지 수준 명시적 제한 미확인",2026-07-24T00:27:42.723Z,data/tourapi/candidates/busan/busan-integrated-candidates.csv,fe43388
busan-F-00255,삼오불고기,restaurant,수영구,35.160027,129.1149,busan_official_api,FoodService:1543:ko,FoodService:1543:ko,,,,0,source_exhausted,N/A,,2026-07-24T00:27:42.723Z,data/tourapi/candidates/busan/busan-integrated-candidates.csv,fe43388
busan-F-00256,언양불고기부산집,restaurant,수영구,35.14793,129.11354,busan_official_api,FoodService:1544:ko,FoodService:1544:ko,,,,0,source_exhausted,N/A,,2026-07-24T00:27:42.723Z,data/tourapi/candidates/busan/busan-integrated-candidates.csv,fe43388
busan-F-00257,은해갈치,restaurant,수영구,35.157005,129.12592,busan_official_api,FoodService:1545:ko,FoodService:1545:ko,,,https://www.visitbusan.net/uploadImgs/files/cntnts/20230612131518983_ttiel,1,image_sufficient,operational_assumed,"공식 관광 원천 일반 홍보 이미지, 이미지 수준 명시적 제한 미확인",2026-07-24T00:27:42.723Z,data/tourapi/candidates/busan/busan-integrated-candidates.csv,fe43388
busan-F-00258,동백섬횟집,restaurant,해운대구,35.160408,129.15466,busan_official_api,FoodService:1546:ko,FoodService:1546:ko,,,https://www.visitbusan.net/uploadImgs/files/cntnts/20230612133402186_ttiel,1,image_sufficient,operational_assumed,"공식 관광 원천 일반 홍보 이미지, 이미지 수준 명시적 제한 미확인",2026-07-24T00:27:42.723Z,data/tourapi/candidates/busan/busan-integrated-candidates.csv,fe43388
busan-F-00259,새총횟집,restaurant,해운대구,35.205696,129.12448,busan_official_api,FoodService:1547:ko,FoodService:1547:ko,,,,0,source_exhausted,N/A,,2026-07-24T00:27:42.723Z,data/tourapi/candidates/busan/busan-integrated-candidates.csv,fe43388
busan-F-00260,초필살돼지구이,restaurant,해운대구,35.156647,129.14693,busan_official_api,FoodService:1548:ko,FoodService:1548:ko,,,,0,source_exhausted,N/A,,2026-07-24T00:27:42.723Z,data/tourapi/candidates/busan/busan-integrated-candidates.csv,fe43388
busan-F-00261,거대숯불구이,restaurant,해운대구,35.161602,129.16695,busan_official_api,FoodService:1549:ko,FoodService:1549:ko,,,https://www.visitbusan.net/uploadImgs/files/cntnts/20230612134343289_ttiel,1,image_sufficient,operational_assumed,"공식 관광 원천 일반 홍보 이미지, 이미지 수준 명시적 제한 미확인",2026-07-24T00:27:42.723Z,data/tourapi/candidates/busan/busan-integrated-candidates.csv,fe43388
busan-F-00262,부다면옥,restaurant,해운대구,35.162384,129.16298,busan_official_api,FoodService:1550:ko,FoodService:1550:ko,,,,0,source_exhausted,N/A,,2026-07-24T00:27:42.723Z,data/tourapi/candidates/busan/busan-integrated-candidates.csv,fe43388
busan-F-00263,아저씨대구탕,restaurant,해운대구,35.158676,129.17163,busan_official_api,FoodService:1551:ko,FoodService:1551:ko,,,https://www.visitbusan.net/uploadImgs/files/cntnts/20230612135343874_ttiel,1,image_sufficient,operational_assumed,"공식 관광 원천 일반 홍보 이미지, 이미지 수준 명시적 제한 미확인",2026-07-24T00:27:42.723Z,data/tourapi/candidates/busan/busan-integrated-candidates.csv,fe43388
busan-F-00264,영남돼지,restaurant,해운대구,35.160004,129.15541,busan_official_api,FoodService:1552:ko,FoodService:1552:ko,,,,0,source_exhausted,N/A,,2026-07-24T00:27:42.723Z,data/tourapi/candidates/busan/busan-integrated-candidates.csv,fe43388
busan-F-00265,무진장횟집,restaurant,기장군,35.216946,129.22612,busan_official_api,FoodService:1553:ko,FoodService:1553:ko,,,https://www.visitbusan.net/uploadImgs/files/cntnts/20230612140201584_ttiel,1,image_sufficient,operational_assumed,"공식 관광 원천 일반 홍보 이미지, 이미지 수준 명시적 제한 미확인",2026-07-24T00:27:42.723Z,data/tourapi/candidates/busan/busan-integrated-candidates.csv,fe43388
busan-F-00266,탐복,restaurant,기장군,35.28275,129.25766,busan_official_api,FoodService:1554:ko,FoodService:1554:ko,,,,0,source_exhausted,N/A,,2026-07-24T00:27:42.723Z,data/tourapi/candidates/busan/busan-integrated-candidates.csv,fe43388
busan-F-00267,미미루,restaurant,동래구,35.219494,129.08295,busan_official_api,FoodService:1555:ko,FoodService:1555:ko,,,https://www.visitbusan.net/uploadImgs/files/cntnts/20230612142200836_ttiel,1,image_sufficient,operational_assumed,"공식 관광 원천 일반 홍보 이미지, 이미지 수준 명시적 제한 미확인",2026-07-24T00:27:42.723Z,data/tourapi/candidates/busan/busan-integrated-candidates.csv,fe43388
busan-F-00268,부우사안,restaurant,해운대구,35.160133,129.1545,busan_official_api,FoodService:1556:ko,FoodService:1556:ko,,,https://www.visitbusan.net/uploadImgs/files/cntnts/20230612142741318_ttiel,1,image_sufficient,operational_assumed,"공식 관광 원천 일반 홍보 이미지, 이미지 수준 명시적 제한 미확인",2026-07-24T00:27:42.723Z,data/tourapi/candidates/busan/busan-integrated-candidates.csv,fe43388
busan-F-00269,산동완탕교자관,restaurant,동구,35.119602,129.04268,busan_official_api,FoodService:1557:ko,FoodService:1557:ko,,,,0,source_exhausted,N/A,,2026-07-24T00:27:42.723Z,data/tourapi/candidates/busan/busan-integrated-candidates.csv,fe43388
busan-F-00270,동경밥상,restaurant,수영구,35.148396,129.11385,busan_official_api,FoodService:1558:ko,FoodService:1558:ko,,,https://www.visitbusan.net/uploadImgs/files/cntnts/20230612143356750_ttiel,1,image_sufficient,operational_assumed,"공식 관광 원천 일반 홍보 이미지, 이미지 수준 명시적 제한 미확인",2026-07-24T00:27:42.723Z,data/tourapi/candidates/busan/busan-integrated-candidates.csv,fe43388
busan-F-00271,모즈,restaurant,해운대구,35.15704,129.14333,busan_official_api,FoodService:1559:ko,FoodService:1559:ko,,,https://www.visitbusan.net/uploadImgs/files/cntnts/20230612143942704_ttiel,1,image_sufficient,operational_assumed,"공식 관광 원천 일반 홍보 이미지, 이미지 수준 명시적 제한 미확인",2026-07-24T00:27:42.723Z,data/tourapi/candidates/busan/busan-integrated-candidates.csv,fe43388
busan-F-00272,쇼진,restaurant,해운대구,35.163307,129.1596,visitbusan_web,VisitBusanContent:food:1847:ko,VisitBusanContent:food:1847:ko|FoodService:1560:ko,https://www.visitbusan.net/kr/index.do?menuCd=DOM_000000201002001000&uc_seq=1847&lang_cd=ko,,https://www.visitbusan.net/uploadImgs/files/cntnts/20240419165347836,1,image_sufficient,operational_assumed,"공식 관광 원천 일반 홍보 이미지, 사이트 공통 ARR (domain_inferred) — 21I: 사이트 공통 ARR만으로 blocked 처리 금지",2026-07-24T07:13:06.351Z,data/tourapi/candidates/busan/busan-integrated-candidates.csv,fe43388
busan-F-00273,스시시안,restaurant,해운대구,35.167847,129.13097,busan_official_api,FoodService:1561:ko,FoodService:1561:ko,,,,0,source_exhausted,N/A,,2026-07-24T00:27:42.723Z,data/tourapi/candidates/busan/busan-integrated-candidates.csv,fe43388
busan-F-00274,스시이루카,restaurant,해운대구,35.15704,129.14333,busan_official_api,FoodService:1562:ko,FoodService:1562:ko,,,https://www.visitbusan.net/uploadImgs/files/cntnts/20230612145045002_ttiel,1,image_sufficient,operational_assumed,"공식 관광 원천 일반 홍보 이미지, 이미지 수준 명시적 제한 미확인",2026-07-24T00:27:42.723Z,data/tourapi/candidates/busan/busan-integrated-candidates.csv,fe43388
busan-F-00275,야키토리해공,restaurant,수영구,35.158237,129.12712,busan_official_api,FoodService:1563:ko,FoodService:1563:ko,,,,0,source_exhausted,N/A,,2026-07-24T00:27:42.723Z,data/tourapi/candidates/busan/busan-integrated-candidates.csv,fe43388
busan-F-00276,제로베이스,restaurant,수영구,35.15741,129.12096,visitbusan_web,VisitBusanContent:food:1835:ko,VisitBusanContent:food:1835:ko|FoodService:1564:ko,https://www.visitbusan.net/kr/index.do?menuCd=DOM_000000201002001000&uc_seq=1835&lang_cd=ko,,https://www.visitbusan.net/uploadImgs/files/cntnts/20240418130407601,1,image_sufficient,operational_assumed,"공식 관광 원천 일반 홍보 이미지, 사이트 공통 ARR (domain_inferred) — 21I: 사이트 공통 ARR만으로 blocked 처리 금지",2026-07-24T07:13:14.933Z,data/tourapi/candidates/busan/busan-integrated-candidates.csv,fe43388
busan-F-00277,떼떼오네,restaurant,부산진구,35.152622,129.06642,busan_official_api,FoodService:1565:ko,FoodService:1565:ko,,,https://www.visitbusan.net/uploadImgs/files/cntnts/20230612150436417_ttiel,1,image_sufficient,operational_assumed,"공식 관광 원천 일반 홍보 이미지, 이미지 수준 명시적 제한 미확인",2026-07-24T00:27:42.723Z,data/tourapi/candidates/busan/busan-integrated-candidates.csv,fe43388
busan-F-00278,라꽁띠,restaurant,해운대구,35.162567,129.18898,busan_official_api,FoodService:1566:ko,FoodService:1566:ko,,,,0,source_exhausted,N/A,,2026-07-24T00:27:42.723Z,data/tourapi/candidates/busan/busan-integrated-candidates.csv,fe43388
busan-F-00279,리오네,restaurant,수영구,35.171597,129.12004,busan_official_api,FoodService:1567:ko,FoodService:1567:ko,,,,0,source_exhausted,N/A,,2026-07-24T00:27:42.723Z,data/tourapi/candidates/busan/busan-integrated-candidates.csv,fe43388
busan-F-00280,쉐프리,restaurant,해운대구,35.159615,129.15382,busan_official_api,FoodService:1568:ko,FoodService:1568:ko,,,https://www.visitbusan.net/uploadImgs/files/cntnts/20230612151651185_ttiel,1,image_sufficient,operational_assumed,"공식 관광 원천 일반 홍보 이미지, 이미지 수준 명시적 제한 미확인",2026-07-24T00:27:42.723Z,data/tourapi/candidates/busan/busan-integrated-candidates.csv,fe43388
busan-F-00281,음주양식당오스테리아어부,restaurant,부산진구,35.160618,129.1566,busan_official_api,FoodService:1569:ko,FoodService:1569:ko,,,,0,source_exhausted,N/A,,2026-07-24T00:27:42.723Z,data/tourapi/candidates/busan/busan-integrated-candidates.csv,fe43388
busan-F-00282,이재모피자,restaurant,중구,35.1021,129.03058,busan_official_api,FoodService:1570:ko,FoodService:1570:ko,,,,0,source_exhausted,N/A,,2026-07-24T00:27:42.723Z,data/tourapi/candidates/busan/busan-integrated-candidates.csv,fe43388
busan-F-00283,레땅,restaurant,부산진구,35.172516,129.05516,busan_official_api,FoodService:1571:ko,FoodService:1571:ko,,,https://www.visitbusan.net/uploadImgs/files/cntnts/20230612152628930_ttiel,1,image_sufficient,operational_assumed,"공식 관광 원천 일반 홍보 이미지, 이미지 수준 명시적 제한 미확인",2026-07-24T00:27:42.723Z,data/tourapi/candidates/busan/busan-integrated-candidates.csv,fe43388
busan-F-00284,라이옥,restaurant,남구,35.138275,129.10408,busan_official_api,FoodService:1572:ko,FoodService:1572:ko,,,https://www.visitbusan.net/uploadImgs/files/cntnts/20230612153328501_ttiel,1,image_sufficient,operational_assumed,"공식 관광 원천 일반 홍보 이미지, 이미지 수준 명시적 제한 미확인",2026-07-24T00:27:42.723Z,data/tourapi/candidates/busan/busan-integrated-candidates.csv,fe43388
busan-F-00285,달타이,restaurant,해운대구,35.158127,129.18245,busan_official_api,FoodService:1573:ko,FoodService:1573:ko,,,,0,source_exhausted,N/A,,2026-07-24T00:27:42.723Z,data/tourapi/candidates/busan/busan-integrated-candidates.csv,fe43388
busan-F-00286,알로이타이레스토랑,restaurant,수영구,35.16252,129.12901,busan_official_api,FoodService:1574:ko,FoodService:1574:ko,,,https://www.visitbusan.net/uploadImgs/files/cntnts/20230612153921763_ttiel,1,image_sufficient,operational_assumed,"공식 관광 원천 일반 홍보 이미지, 이미지 수준 명시적 제한 미확인",2026-07-24T00:27:42.723Z,data/tourapi/candidates/busan/busan-integrated-candidates.csv,fe43388
busan-F-00287,카파도키아,restaurant,금정구,35.260086,129.0922,busan_official_api,FoodService:1575:ko,FoodService:1575:ko,,,https://www.visitbusan.net/uploadImgs/files/cntnts/20230612154508334_ttiel,1,image_sufficient,operational_assumed,"공식 관광 원천 일반 홍보 이미지, 이미지 수준 명시적 제한 미확인",2026-07-24T00:27:42.723Z,data/tourapi/candidates/busan/busan-integrated-candidates.csv,fe43388
busan-F-00288,거북선횟집,restaurant,해운대구,35.156822,129.17397,busan_official_api,FoodService:1576:ko,FoodService:1576:ko,,,,0,source_exhausted,N/A,,2026-07-24T00:27:42.723Z,data/tourapi/candidates/busan/busan-integrated-candidates.csv,fe43388
busan-F-00289,고스락,restaurant,기장군,35.322273,129.26978,busan_official_api,FoodService:1577:ko,FoodService:1577:ko,,,,0,source_exhausted,N/A,,2026-07-24T00:27:42.723Z,data/tourapi/candidates/busan/busan-integrated-candidates.csv,fe43388
busan-F-00290,규우정,restaurant,해운대구,35.15723,129.17676,busan_official_api,FoodService:1578:ko,FoodService:1578:ko,,,,0,source_exhausted,N/A,,2026-07-24T00:27:42.723Z,data/tourapi/candidates/busan/busan-integrated-candidates.csv,fe43388
busan-F-00291,금랑횟집,restaurant,수영구,35.15518,129.13103,busan_official_api,FoodService:1579:ko,FoodService:1579:ko,,,https://www.visitbusan.net/uploadImgs/files/cntnts/20230612155844697_ttiel,1,image_sufficient,operational_assumed,"공식 관광 원천 일반 홍보 이미지, 이미지 수준 명시적 제한 미확인",2026-07-24T00:27:42.723Z,data/tourapi/candidates/busan/busan-integrated-candidates.csv,fe43388
busan-F-00292,뉼리,restaurant,수영구,35.155136,129.12401,busan_official_api,FoodService:1580:ko,FoodService:1580:ko,,,,0,source_exhausted,N/A,,2026-07-24T00:27:42.723Z,data/tourapi/candidates/busan/busan-integrated-candidates.csv,fe43388
busan-F-00293,맥퀸즈라운지,restaurant,기장군,35.198193,129.22858,busan_official_api,FoodService:1581:ko,FoodService:1581:ko,,,https://www.visitbusan.net/uploadImgs/files/cntnts/20230612160716657_ttiel,1,image_sufficient,operational_assumed,"공식 관광 원천 일반 홍보 이미지, 이미지 수준 명시적 제한 미확인",2026-07-24T00:27:42.723Z,data/tourapi/candidates/busan/busan-integrated-candidates.csv,fe43388
busan-F-00294,목장원,restaurant,영도구,35.07164,129.05736,busan_official_api,FoodService:1582:ko,FoodService:1582:ko,,,https://www.visitbusan.net/uploadImgs/files/cntnts/20230612161146972_ttiel,1,image_sufficient,operational_assumed,"공식 관광 원천 일반 홍보 이미지, 이미지 수준 명시적 제한 미확인",2026-07-24T00:27:42.723Z,data/tourapi/candidates/busan/busan-integrated-candidates.csv,fe43388
busan-F-00295,오륙도가원,restaurant,남구,35.106842,129.11136,busan_official_api,FoodService:1583:ko,FoodService:1583:ko,,,https://www.visitbusan.net/uploadImgs/files/cntnts/20230612161538543_ttiel,1,image_sufficient,operational_assumed,"공식 관광 원천 일반 홍보 이미지, 이미지 수준 명시적 제한 미확인",2026-07-24T00:27:42.723Z,data/tourapi/candidates/busan/busan-integrated-candidates.csv,fe43388
busan-F-00296,이레옥,restaurant,해운대구,35.154057,129.14583,busan_official_api,FoodService:1584:ko,FoodService:1584:ko,,,https://www.visitbusan.net/uploadImgs/files/cntnts/20230612162233926_ttiel,1,image_sufficient,operational_assumed,"공식 관광 원천 일반 홍보 이미지, 이미지 수준 명시적 제한 미확인",2026-07-24T00:27:42.723Z,data/tourapi/candidates/busan/busan-integrated-candidates.csv,fe43388
busan-F-00297,칠성횟집,restaurant,수영구,35.155697,129.12259,busan_official_api,FoodService:1585:ko,FoodService:1585:ko,,,,0,source_exhausted,N/A,,2026-07-24T00:27:42.723Z,data/tourapi/candidates/busan/busan-integrated-candidates.csv,fe43388
busan-F-00298,남풍,restaurant,해운대구,35.16022,129.16527,busan_official_api,FoodService:1586:ko,FoodService:1586:ko,,,https://www.visitbusan.net/uploadImgs/files/cntnts/20230612163040120_ttiel,1,image_sufficient,operational_assumed,"공식 관광 원천 일반 홍보 이미지, 이미지 수준 명시적 제한 미확인",2026-07-24T00:27:42.723Z,data/tourapi/candidates/busan/busan-integrated-candidates.csv,fe43388
busan-F-00299,랩24바이쿠무다,restaurant,해운대구,35.177433,129.19717,visitbusan_web,VisitBusanContent:food:1842:ko,VisitBusanContent:food:1842:ko|FoodService:1587:ko,https://www.visitbusan.net/kr/index.do?menuCd=DOM_000000201002001000&uc_seq=1842&lang_cd=ko,,https://www.visitbusan.net/uploadImgs/files/cntnts/20230612163348599_ttiel,1,image_sufficient,operational_assumed,"공식 관광 원천 일반 홍보 이미지, 이미지 수준 명시적 제한 미확인",2026-07-24T07:13:09.913Z,data/tourapi/candidates/busan/busan-integrated-candidates.csv,fe43388
busan-F-00300,르도헤,restaurant,해운대구,35.15545,129.1466,visitbusan_web,VisitBusanContent:food:1843:ko,VisitBusanContent:food:1843:ko|FoodService:1588:ko,https://www.visitbusan.net/kr/index.do?menuCd=DOM_000000201002001000&uc_seq=1843&lang_cd=ko,,https://www.visitbusan.net/uploadImgs/files/cntnts/20240419135826203,1,image_sufficient,operational_assumed,"공식 관광 원천 일반 홍보 이미지, 사이트 공통 ARR (domain_inferred) — 21I: 사이트 공통 ARR만으로 blocked 처리 금지",2026-07-24T07:13:09.213Z,data/tourapi/candidates/busan/busan-integrated-candidates.csv,fe43388
busan-F-00301,마이클어반팜테이블,restaurant,수영구,35.176235,129.11557,busan_official_api,FoodService:1589:ko,FoodService:1589:ko,,,https://www.visitbusan.net/uploadImgs/files/cntnts/20230612165530398_ttiel,1,image_sufficient,operational_assumed,"공식 관광 원천 일반 홍보 이미지, 이미지 수준 명시적 제한 미확인",2026-07-24T00:27:42.723Z,data/tourapi/candidates/busan/busan-integrated-candidates.csv,fe43388
busan-F-00302,모리,restaurant,해운대구,35.160202,129.16658,visitbusan_web,VisitBusanContent:food:1844:ko,VisitBusanContent:food:1844:ko|FoodService:1590:ko,https://www.visitbusan.net/kr/index.do?menuCd=DOM_000000201002001000&uc_seq=1844&lang_cd=ko,,https://www.visitbusan.net/uploadImgs/files/cntnts/20240419140242960,1,image_sufficient,operational_assumed,"공식 관광 원천 일반 홍보 이미지, 사이트 공통 ARR (domain_inferred) — 21I: 사이트 공통 ARR만으로 blocked 처리 금지",2026-07-24T07:13:08.535Z,data/tourapi/candidates/busan/busan-integrated-candidates.csv,fe43388
busan-F-00303,무궁화,restaurant,부산진구,35.15679,129.05641,busan_official_api,FoodService:1591:ko,FoodService:1591:ko,,,,0,source_exhausted,N/A,,2026-07-24T00:27:42.723Z,data/tourapi/candidates/busan/busan-integrated-candidates.csv,fe43388
busan-F-00304,사까에,restaurant,해운대구,35.16022,129.16527,busan_official_api,FoodService:1592:ko,FoodService:1592:ko,,,https://www.visitbusan.net/uploadImgs/files/cntnts/20230612170609406_ttiel,1,image_sufficient,operational_assumed,"공식 관광 원천 일반 홍보 이미지, 이미지 수준 명시적 제한 미확인",2026-07-24T00:27:42.723Z,data/tourapi/candidates/busan/busan-integrated-candidates.csv,fe43388
busan-F-00305,셔블,restaurant,해운대구,35.155994,129.15404,busan_official_api,FoodService:1593:ko,FoodService:1593:ko,,,,0,source_exhausted,N/A,,2026-07-24T00:27:42.723Z,data/tourapi/candidates/busan/busan-integrated-candidates.csv,fe43388
busan-F-00306,아쁘앙,restaurant,기장군,35.200165,129.2289,busan_official_api,FoodService:1594:ko,FoodService:1594:ko,,,https://www.visitbusan.net/uploadImgs/files/cntnts/20230612171254815_ttiel,1,image_sufficient,operational_assumed,"공식 관광 원천 일반 홍보 이미지, 이미지 수준 명시적 제한 미확인",2026-07-24T00:27:42.723Z,data/tourapi/candidates/busan/busan-integrated-candidates.csv,fe43388
busan-F-00307,아오모리,restaurant,해운대구,35.167812,129.13281,busan_official_api,FoodService:1595:ko,FoodService:1595:ko,,,,0,source_exhausted,N/A,,2026-07-24T00:27:42.723Z,data/tourapi/candidates/busan/busan-integrated-candidates.csv,fe43388
busan-F-00308,율링,restaurant,해운대구,35.158867,129.1706,busan_official_api,FoodService:1596:ko,FoodService:1596:ko,,,https://www.visitbusan.net/uploadImgs/files/cntnts/20230612175041562_ttiel,1,image_sufficient,operational_assumed,"공식 관광 원천 일반 홍보 이미지, 이미지 수준 명시적 제한 미확인",2026-07-24T00:27:42.723Z,data/tourapi/candidates/busan/busan-integrated-candidates.csv,fe43388
busan-F-00309,차오란,restaurant,해운대구,35.16133,129.16801,busan_official_api,FoodService:1597:ko,FoodService:1597:ko,,,,0,source_exhausted,N/A,,2026-07-24T00:27:42.723Z,data/tourapi/candidates/busan/busan-integrated-candidates.csv,fe43388
busan-F-00310,팔레드신,restaurant,해운대구,35.160065,129.16313,busan_official_api,FoodService:1598:ko,FoodService:1598:ko,,,,0,source_exhausted,N/A,,2026-07-24T00:27:42.723Z,data/tourapi/candidates/busan/busan-integrated-candidates.csv,fe43388
busan-F-00311,팔레트,restaurant,해운대구,35.131638,129.11977,visitbusan_web,VisitBusanContent:food:1811:ko,VisitBusanContent:food:1811:ko|FoodService:1599:ko,https://www.visitbusan.net/kr/index.do?menuCd=DOM_000000201002001000&uc_seq=1811&lang_cd=ko,,https://www.visitbusan.net/uploadImgs/files/cntnts/20240416154834100,1,image_sufficient,operational_assumed,"공식 관광 원천 일반 홍보 이미지, 사이트 공통 ARR (domain_inferred) — 21I: 사이트 공통 ARR만으로 blocked 처리 금지",2026-07-24T07:13:29.585Z,data/tourapi/candidates/busan/busan-integrated-candidates.csv,fe43388
busan-F-00312,하레마,restaurant,해운대구,35.157204,129.14482,visitbusan_web,VisitBusanContent:food:1851:ko,VisitBusanContent:food:1851:ko|FoodService:1600:ko,https://www.visitbusan.net/kr/index.do?menuCd=DOM_000000201002001000&uc_seq=1851&lang_cd=ko,,https://www.visitbusan.net/uploadImgs/files/cntnts/20230613092152629_ttiel,1,image_sufficient,operational_assumed,"공식 관광 원천 일반 홍보 이미지, 이미지 수준 명시적 제한 미확인",2026-07-24T07:13:04.280Z,data/tourapi/candidates/busan/busan-integrated-candidates.csv,fe43388
busan-F-00313,60년전통할매국밥,restaurant,동구,35.141018,129.05618,busan_official_api,FoodService:1601:ko,FoodService:1601:ko,,,https://www.visitbusan.net/uploadImgs/files/cntnts/20230613093228255_ttiel,1,image_sufficient,operational_assumed,"공식 관광 원천 일반 홍보 이미지, 이미지 수준 명시적 제한 미확인",2026-07-24T00:27:42.723Z,data/tourapi/candidates/busan/busan-integrated-candidates.csv,fe43388
busan-F-00314,개금밀면,restaurant,부산진구,35.152542,129.02509,busan_official_api,FoodService:1602:ko,FoodService:1602:ko,,,https://www.visitbusan.net/uploadImgs/files/cntnts/20230613095016120_ttiel,1,image_sufficient,operational_assumed,"공식 관광 원천 일반 홍보 이미지, 이미지 수준 명시적 제한 미확인",2026-07-24T00:27:42.723Z,data/tourapi/candidates/busan/busan-integrated-candidates.csv,fe43388
busan-F-00315,구포촌국수,restaurant,금정구,35.26658,129.08473,busan_official_api,FoodService:1603:ko,FoodService:1603:ko,,,,0,source_exhausted,N/A,,2026-07-24T00:27:42.723Z,data/tourapi/candidates/busan/busan-integrated-candidates.csv,fe43388
busan-F-00316,금수복국,restaurant,해운대구,35.16242,129.16449,busan_official_api,FoodService:1604:ko,FoodService:1604:ko,,,https://www.visitbusan.net/uploadImgs/files/cntnts/20230613095933451_ttiel,1,image_sufficient,operational_assumed,"공식 관광 원천 일반 홍보 이미지, 이미지 수준 명시적 제한 미확인",2026-07-24T00:27:42.723Z,data/tourapi/candidates/busan/busan-integrated-candidates.csv,fe43388
busan-F-00317,금용,restaurant,북구,35.205463,128.99666,busan_official_api,FoodService:1605:ko,FoodService:1605:ko,,,,0,source_exhausted,N/A,,2026-07-24T00:27:42.723Z,data/tourapi/candidates/busan/busan-integrated-candidates.csv,fe43388
busan-F-00318,기장곰장어,restaurant,기장군,35.1853,129.2114,busan_official_api,FoodService:1606:ko,FoodService:1606:ko,,,,0,source_exhausted,N/A,,2026-07-24T00:27:42.723Z,data/tourapi/candidates/busan/busan-integrated-candidates.csv,fe43388
busan-F-00319,동래할매파전,restaurant,동래구,35.204605,129.08386,busan_official_api,FoodService:1607:ko,FoodService:1607:ko,,,https://www.visitbusan.net/uploadImgs/files/cntnts/20230613102734246_ttiel,1,image_sufficient,operational_assumed,"공식 관광 원천 일반 홍보 이미지, 이미지 수준 명시적 제한 미확인",2026-07-24T00:27:42.723Z,data/tourapi/candidates/busan/busan-integrated-candidates.csv,fe43388
busan-F-00320,물꽁식당,restaurant,중구,35.104496,129.02438,busan_official_api,FoodService:1608:ko,FoodService:1608:ko,,,https://www.visitbusan.net/uploadImgs/files/cntnts/20230613103828538_ttiel,1,image_sufficient,operational_assumed,"공식 관광 원천 일반 홍보 이미지, 이미지 수준 명시적 제한 미확인",2026-07-24T00:27:42.723Z,data/tourapi/candidates/busan/busan-integrated-candidates.csv,fe43388
busan-F-00321,박옥희할매집원조복국,restaurant,해운대구,35.158867,129.1706,busan_official_api,FoodService:1609:ko,FoodService:1609:ko,,,https://www.visitbusan.net/uploadImgs/files/cntnts/20230613104626061_ttiel,1,image_sufficient,operational_assumed,"공식 관광 원천 일반 홍보 이미지, 이미지 수준 명시적 제한 미확인",2026-07-24T00:27:42.723Z,data/tourapi/candidates/busan/busan-integrated-candidates.csv,fe43388
busan-F-00322,배종관동래삼계탕,restaurant,동래구,35.20526,129.08475,visitbusan_web,VisitBusanContent:food:1813:ko,VisitBusanContent:food:1813:ko|FoodService:1610:ko,https://www.visitbusan.net/kr/index.do?menuCd=DOM_000000201002001000&uc_seq=1813&lang_cd=ko,,https://www.visitbusan.net/uploadImgs/files/cntnts/20240417101857747,1,image_sufficient,operational_assumed,"공식 관광 원천 일반 홍보 이미지, 사이트 공통 ARR (domain_inferred) — 21I: 사이트 공통 ARR만으로 blocked 처리 금지",2026-07-24T07:13:28.157Z,data/tourapi/candidates/busan/busan-integrated-candidates.csv,fe43388
busan-F-00323,백구당,restaurant,중구,35.10482,129.03575,busan_official_api,FoodService:1611:ko,FoodService:1611:ko,,,https://www.visitbusan.net/uploadImgs/files/cntnts/20230613105612900_ttiel,1,image_sufficient,operational_assumed,"공식 관광 원천 일반 홍보 이미지, 이미지 수준 명시적 제한 미확인",2026-07-24T00:27:42.723Z,data/tourapi/candidates/busan/busan-integrated-candidates.csv,fe43388
busan-F-00324,부산명물횟집,restaurant,중구,35.097115,129.03111,busan_official_api,FoodService:1612:ko,FoodService:1612:ko,,,https://www.visitbusan.net/uploadImgs/files/cntnts/20230613131233567_ttiel,1,image_sufficient,operational_assumed,"공식 관광 원천 일반 홍보 이미지, 이미지 수준 명시적 제한 미확인",2026-07-24T00:27:42.723Z,data/tourapi/candidates/busan/busan-integrated-candidates.csv,fe43388
busan-F-00325,비엔씨,restaurant,중구,35.09972,129.02959,busan_official_api,FoodService:1613:ko,FoodService:1613:ko,,,https://www.visitbusan.net/uploadImgs/files/cntnts/20230613132128202_ttiel,1,image_sufficient,operational_assumed,"공식 관광 원천 일반 홍보 이미지, 이미지 수준 명시적 제한 미확인",2026-07-24T00:27:42.723Z,data/tourapi/candidates/busan/busan-integrated-candidates.csv,fe43388
busan-F-00326,새진주식당,restaurant,중구,35.104774,129.0249,busan_official_api,FoodService:1614:ko,FoodService:1614:ko,,,,0,source_exhausted,N/A,,2026-07-24T00:27:42.723Z,data/tourapi/candidates/busan/busan-integrated-candidates.csv,fe43388
busan-F-00327,서울깍두기,restaurant,중구,35.104774,129.0249,busan_official_api,FoodService:1615:ko,FoodService:1615:ko,,,https://www.visitbusan.net/uploadImgs/files/cntnts/20230613132725801_ttiel,1,image_sufficient,operational_assumed,"공식 관광 원천 일반 홍보 이미지, 이미지 수준 명시적 제한 미확인",2026-07-24T00:27:42.723Z,data/tourapi/candidates/busan/busan-integrated-candidates.csv,fe43388
busan-F-00328,송정3대국밥,restaurant,부산진구,35.155567,129.05853,busan_official_api,FoodService:1616:ko,FoodService:1616:ko,,,,0,source_exhausted,N/A,,2026-07-24T00:27:42.723Z,data/tourapi/candidates/busan/busan-integrated-candidates.csv,fe43388
busan-F-00329,신발원,restaurant,동구,35.11481,129.03871,busan_official_api,FoodService:1617:ko,FoodService:1617:ko,,,https://www.visitbusan.net/uploadImgs/files/cntnts/20230613133243687_ttiel,1,image_sufficient,operational_assumed,"공식 관광 원천 일반 홍보 이미지, 이미지 수준 명시적 제한 미확인",2026-07-24T00:27:42.723Z,data/tourapi/candidates/busan/busan-integrated-candidates.csv,fe43388
busan-F-00330,신창국밥,restaurant,중구,35.101936,129.02934,busan_official_api,FoodService:1618:ko,FoodService:1618:ko,,,https://www.visitbusan.net/uploadImgs/files/cntnts/20230613133632663_ttiel,1,image_sufficient,operational_assumed,"공식 관광 원천 일반 홍보 이미지, 이미지 수준 명시적 제한 미확인",2026-07-24T00:27:42.723Z,data/tourapi/candidates/busan/busan-integrated-candidates.csv,fe43388
busan-F-00331,신흥관,restaurant,해운대구,35.16279,129.16302,busan_official_api,FoodService:1619:ko,FoodService:1619:ko,,,https://www.visitbusan.net/uploadImgs/files/cntnts/20230613134515049_ttiel,1,image_sufficient,operational_assumed,"공식 관광 원천 일반 홍보 이미지, 이미지 수준 명시적 제한 미확인",2026-07-24T00:27:42.723Z,data/tourapi/candidates/busan/busan-integrated-candidates.csv,fe43388
busan-F-00332,옛날오막집,restaurant,서구,35.10883,129.0197,busan_official_api,FoodService:1620:ko,FoodService:1620:ko,,,https://www.visitbusan.net/uploadImgs/files/cntnts/20230613135150498_ttiel,1,image_sufficient,operational_assumed,"공식 관광 원천 일반 홍보 이미지, 이미지 수준 명시적 제한 미확인",2026-07-24T00:27:42.723Z,data/tourapi/candidates/busan/busan-integrated-candidates.csv,fe43388
busan-F-00333,원조할매낙지,restaurant,부산진구,35.14214,129.06015,busan_official_api,FoodService:1621:ko,FoodService:1621:ko,,,,0,source_exhausted,N/A,,2026-07-24T00:27:42.723Z,data/tourapi/candidates/busan/busan-integrated-candidates.csv,fe43388
busan-F-00334,초원복국,restaurant,남구,35.13777,129.1059,busan_official_api,FoodService:1622:ko,FoodService:1622:ko,,,https://www.visitbusan.net/uploadImgs/files/cntnts/20230613135851405_ttiel,1,image_sufficient,operational_assumed,"공식 관광 원천 일반 홍보 이미지, 이미지 수준 명시적 제한 미확인",2026-07-24T00:27:42.723Z,data/tourapi/candidates/busan/busan-integrated-candidates.csv,fe43388
busan-F-00335,평산옥,restaurant,동구,35.11429,129.0371,busan_official_api,FoodService:1623:ko,FoodService:1623:ko,,,https://www.visitbusan.net/uploadImgs/files/cntnts/20230613144231653_ttiel,1,image_sufficient,operational_assumed,"공식 관광 원천 일반 홍보 이미지, 이미지 수준 명시적 제한 미확인",2026-07-24T00:27:42.723Z,data/tourapi/candidates/busan/busan-integrated-candidates.csv,fe43388
busan-F-00336,할매재첩국,restaurant,사상구,35.193363,128.98607,busan_official_api,FoodService:1625:ko,FoodService:1625:ko,,,,0,source_exhausted,N/A,,2026-07-24T00:27:42.723Z,data/tourapi/candidates/busan/busan-integrated-candidates.csv,fe43388
busan-F-00337,해운대소문난암소갈비집,restaurant,해운대구,35.163235,129.16628,busan_official_api,FoodService:1626:ko,FoodService:1626:ko,,,https://www.visitbusan.net/uploadImgs/files/cntnts/20230613165118483_ttiel,1,image_sufficient,operational_assumed,"공식 관광 원천 일반 홍보 이미지, 이미지 수준 명시적 제한 미확인",2026-07-24T00:27:42.723Z,data/tourapi/candidates/busan/busan-integrated-candidates.csv,fe43388
busan-F-00338,레망파티쓰리,restaurant,동래구,35.192314,129.10294,busan_official_api,FoodService:1627:ko,FoodService:1627:ko,,,,0,source_exhausted,N/A,,2026-07-24T00:27:42.723Z,data/tourapi/candidates/busan/busan-integrated-candidates.csv,fe43388
busan-F-00339,머그디저트랩,restaurant,해운대구,35.15704,129.14333,busan_official_api,FoodService:1628:ko,FoodService:1628:ko,,,https://www.visitbusan.net/uploadImgs/files/cntnts/20230613165701228_ttiel,1,image_sufficient,operational_assumed,"공식 관광 원천 일반 홍보 이미지, 이미지 수준 명시적 제한 미확인",2026-07-24T00:27:42.723Z,data/tourapi/candidates/busan/busan-integrated-candidates.csv,fe43388
busan-F-00340,무슈뱅상,restaurant,수영구,35.146374,129.11293,visitbusan_web,VisitBusanContent:food:1831:ko,VisitBusanContent:food:1831:ko|FoodService:1629:ko,https://www.visitbusan.net/kr/index.do?menuCd=DOM_000000201002001000&uc_seq=1831&lang_cd=ko,,https://www.visitbusan.net/uploadImgs/files/cntnts/20240418112726853,1,image_sufficient,operational_assumed,"공식 관광 원천 일반 홍보 이미지, 사이트 공통 ARR (domain_inferred) — 21I: 사이트 공통 ARR만으로 blocked 처리 금지",2026-07-24T07:13:16.978Z,data/tourapi/candidates/busan/busan-integrated-candidates.csv,fe43388
busan-F-00341,보느파티쓰 리,restaurant,연제구,35.195267,35.195267,busan_official_api,FoodService:1630:ko,FoodService:1630:ko,,,,0,source_exhausted,N/A,,2026-07-24T00:27:42.723Z,data/tourapi/candidates/busan/busan-integrated-candidates.csv,fe43388
busan-F-00342,브레드365,restaurant,남구,35.135815,129.08633,busan_official_api,FoodService:1631:ko,FoodService:1631:ko,,,,0,source_exhausted,N/A,,2026-07-24T00:27:42.723Z,data/tourapi/candidates/busan/busan-integrated-candidates.csv,fe43388
busan-F-00343,브리앙,restaurant,동래구,35.221756,129.08356,busan_official_api,FoodService:1632:ko,FoodService:1632:ko,,,https://www.visitbusan.net/uploadImgs/files/cntnts/20230613171951255_ttiel,1,image_sufficient,operational_assumed,"공식 관광 원천 일반 홍보 이미지, 이미지 수준 명시적 제한 미확인",2026-07-24T00:27:42.723Z,data/tourapi/candidates/busan/busan-integrated-candidates.csv,fe43388
busan-F-00344,옵스,restaurant,수영구,35.139668,129.10875,busan_official_api,FoodService:1633:ko,FoodService:1633:ko,,,,0,source_exhausted,N/A,,2026-07-24T00:27:42.723Z,data/tourapi/candidates/busan/busan-integrated-candidates.csv,fe43388
busan-F-00345,모모스커피,restaurant,금정구,35.219234,129.08647,busan_official_api,FoodService:1634:ko,FoodService:1634:ko,,,https://www.visitbusan.net/uploadImgs/files/cntnts/20230613173346368_ttiel,1,image_sufficient,operational_assumed,"공식 관광 원천 일반 홍보 이미지, 이미지 수준 명시적 제한 미확인",2026-07-24T00:27:42.723Z,data/tourapi/candidates/busan/busan-integrated-candidates.csv,fe43388
busan-F-00346,베르크로스터스,restaurant,부산진구,35.152615,129.06628,visitbusan_web,VisitBusanContent:food:1819:ko,VisitBusanContent:food:1819:ko|FoodService:1635:ko,https://www.visitbusan.net/kr/index.do?menuCd=DOM_000000201002001000&uc_seq=1819&lang_cd=ko,,https://www.visitbusan.net/uploadImgs/files/cntnts/20230613174142673_ttiel,1,image_sufficient,operational_assumed,"공식 관광 원천 일반 홍보 이미지, 이미지 수준 명시적 제한 미확인",2026-07-24T07:13:23.876Z,data/tourapi/candidates/busan/busan-integrated-candidates.csv,fe43388
busan-F-00347,블랙업커피,restaurant,부산진구,35.156055,129.05998,busan_official_api,FoodService:1636:ko,FoodService:1636:ko,,,https://www.visitbusan.net/uploadImgs/files/cntnts/20230613174426706_ttiel,1,image_sufficient,operational_assumed,"공식 관광 원천 일반 홍보 이미지, 이미지 수준 명시적 제한 미확인",2026-07-24T00:27:42.723Z,data/tourapi/candidates/busan/busan-integrated-candidates.csv,fe43388
busan-F-00348,히떼로스터리,restaurant,부산진구,35.155754,129.0682,busan_official_api,FoodService:1637:ko,FoodService:1637:ko,,,https://www.visitbusan.net/uploadImgs/files/cntnts/20230613175240521_ttiel,1,image_sufficient,operational_assumed,"공식 관광 원천 일반 홍보 이미지, 이미지 수준 명시적 제한 미확인",2026-07-24T00:27:42.723Z,data/tourapi/candidates/busan/busan-integrated-candidates.csv,fe43388
busan-F-00349,쥬가정효,restaurant,해운대구,35.165035,129.15915,busan_official_api,FoodService:1638:ko,FoodService:1638:ko,,,,0,source_exhausted,N/A,,2026-07-24T00:27:42.723Z,data/tourapi/candidates/busan/busan-integrated-candidates.csv,fe43388
busan-F-00350,톤쇼우,restaurant,수영구,35.15644,129.12479,busan_official_api,FoodService:1639:ko,FoodService:1639:ko,,,,0,source_exhausted,N/A,,2026-07-24T00:27:42.723Z,data/tourapi/candidates/busan/busan-integrated-candidates.csv,fe43388
busan-F-00351,토북베이커리,restaurant,강서구,35.11187,128.87785,visitbusan_web,VisitBusanContent:food:1802:ko,VisitBusanContent:food:1802:ko|FoodService:1802:ko,https://www.visitbusan.net/kr/index.do?menuCd=DOM_000000201002001000&uc_seq=1802&lang_cd=ko,,https://www.visitbusan.net/uploadImgs/files/cntnts/20240415173022243_ttiel,1,image_sufficient,operational_assumed,"공식 관광 원천 일반 홍보 이미지, 이미지 수준 명시적 제한 미확인",2026-07-24T07:13:35.233Z,data/tourapi/candidates/busan/busan-integrated-candidates.csv,fe43388
busan-F-00352,카페호밀,restaurant,금정구,35.22877,129.07726,visitbusan_web,VisitBusanContent:food:1803:ko,VisitBusanContent:food:1803:ko|FoodService:1803:ko,https://www.visitbusan.net/kr/index.do?menuCd=DOM_000000201002001000&uc_seq=1803&lang_cd=ko,,https://www.visitbusan.net/uploadImgs/files/cntnts/20240416104638891_ttiel,1,image_sufficient,operational_assumed,"공식 관광 원천 일반 홍보 이미지, 이미지 수준 명시적 제한 미확인",2026-07-24T07:13:34.533Z,data/tourapi/candidates/busan/busan-integrated-candidates.csv,fe43388
busan-F-00353,고향연화,restaurant,기장군,35.21732,129.22461,visitbusan_web,VisitBusanContent:food:1804:ko,VisitBusanContent:food:1804:ko|FoodService:1804:ko,https://www.visitbusan.net/kr/index.do?menuCd=DOM_000000201002001000&uc_seq=1804&lang_cd=ko,,https://www.visitbusan.net/uploadImgs/files/cntnts/20240416105926870_ttiel,1,image_sufficient,operational_assumed,"공식 관광 원천 일반 홍보 이미지, 이미지 수준 명시적 제한 미확인",2026-07-24T07:13:33.785Z,data/tourapi/candidates/busan/busan-integrated-candidates.csv,fe43388
busan-F-00354,대성칼치찌개구이,restaurant,기장군,35.22375,129.23132,visitbusan_web,VisitBusanContent:food:1805:ko,VisitBusanContent:food:1805:ko|FoodService:1805:ko,https://www.visitbusan.net/kr/index.do?menuCd=DOM_000000201002001000&uc_seq=1805&lang_cd=ko,,https://www.visitbusan.net/uploadImgs/files/cntnts/20240416111045673_ttiel,1,image_sufficient,operational_assumed,"공식 관광 원천 일반 홍보 이미지, 이미지 수준 명시적 제한 미확인",2026-07-24T07:13:33.092Z,data/tourapi/candidates/busan/busan-integrated-candidates.csv,fe43388
busan-F-00355,무진장횟집 기장점,restaurant,기장군,35.216946,129.22612,visitbusan_web,VisitBusanContent:food:1806:ko,VisitBusanContent:food:1806:ko|FoodService:1806:ko,https://www.visitbusan.net/kr/index.do?menuCd=DOM_000000201002001000&uc_seq=1806&lang_cd=ko,,https://www.visitbusan.net/uploadImgs/files/cntnts/20240416111916488_ttiel,1,image_sufficient,operational_assumed,"공식 관광 원천 일반 홍보 이미지, 이미지 수준 명시적 제한 미확인",2026-07-24T07:13:32.407Z,data/tourapi/candidates/busan/busan-integrated-candidates.csv,fe43388
busan-F-00356,올바릇식당 본점,restaurant,기장군,35.282795,129.25926,busan_official_api,FoodService:1808:ko,FoodService:1808:ko,,,https://www.visitbusan.net/uploadImgs/files/cntnts/20240416142348310_ttiel,1,image_sufficient,operational_assumed,"공식 관광 원천 일반 홍보 이미지, 이미지 수준 명시적 제한 미확인",2026-07-24T00:27:42.723Z,data/tourapi/candidates/busan/busan-integrated-candidates.csv,fe43388
busan-F-00357,알천순대곱창전골전문점,restaurant,남구,35.138542,129.1047,visitbusan_web,VisitBusanContent:food:1809:ko,VisitBusanContent:food:1809:ko|FoodService:1809:ko,https://www.visitbusan.net/kr/index.do?menuCd=DOM_000000201002001000&uc_seq=1809&lang_cd=ko,,https://www.visitbusan.net/uploadImgs/files/cntnts/20240416152751004_ttiel,1,image_sufficient,operational_assumed,"공식 관광 원천 일반 홍보 이미지, 이미지 수준 명시적 제한 미확인",2026-07-24T07:13:31.005Z,data/tourapi/candidates/busan/busan-integrated-candidates.csv,fe43388
busan-F-00358,태화반점,restaurant,남구,35.13219,129.11273,visitbusan_web,VisitBusanContent:food:1810:ko,VisitBusanContent:food:1810:ko|FoodService:1810:ko,https://www.visitbusan.net/kr/index.do?menuCd=DOM_000000201002001000&uc_seq=1810&lang_cd=ko,,https://www.visitbusan.net/uploadImgs/files/cntnts/20240416153901728_ttiel,1,image_sufficient,operational_assumed,"공식 관광 원천 일반 홍보 이미지, 이미지 수준 명시적 제한 미확인",2026-07-24T07:13:30.287Z,data/tourapi/candidates/busan/busan-integrated-candidates.csv,fe43388
busan-F-00359,팔레트,restaurant,해운대구,35.131638,129.11977,busan_official_api,FoodService:1811:ko,FoodService:1811:ko,,,https://www.visitbusan.net/uploadImgs/files/cntnts/20240416154834100_ttiel,1,image_sufficient,operational_assumed,"공식 관광 원천 일반 홍보 이미지, 이미지 수준 명시적 제한 미확인",2026-07-24T00:27:42.723Z,data/tourapi/candidates/busan/busan-integrated-candidates.csv,fe43388
busan-F-00360,공담 파스타,restaurant,동래구,35.215736,129.08414,visitbusan_web,VisitBusanContent:food:1812:ko,VisitBusanContent:food:1812:ko|FoodService:1812:ko,https://www.visitbusan.net/kr/index.do?menuCd=DOM_000000201002001000&uc_seq=1812&lang_cd=ko,,https://www.visitbusan.net/uploadImgs/files/cntnts/20240417091749698_ttiel,1,image_sufficient,operational_assumed,"공식 관광 원천 일반 홍보 이미지, 이미지 수준 명시적 제한 미확인",2026-07-24T07:13:28.892Z,data/tourapi/candidates/busan/busan-integrated-candidates.csv,fe43388
busan-F-00361,배종관동래삼계탕,restaurant,동래구,35.20526,129.08475,busan_official_api,FoodService:1813:ko,FoodService:1813:ko,,,https://www.visitbusan.net/uploadImgs/files/cntnts/20240417101857747_ttiel,1,image_sufficient,operational_assumed,"공식 관광 원천 일반 홍보 이미지, 이미지 수준 명시적 제한 미확인",2026-07-24T00:27:42.723Z,data/tourapi/candidates/busan/busan-integrated-candidates.csv,fe43388
busan-F-00362,신가네 호떡 김밥 떡볶이,restaurant,동래구,35.204052,129.08676,visitbusan_web,VisitBusanContent:food:1814:ko,VisitBusanContent:food:1814:ko|FoodService:1814:ko,https://www.visitbusan.net/kr/index.do?menuCd=DOM_000000201002001000&uc_seq=1814&lang_cd=ko,,https://www.visitbusan.net/uploadImgs/files/cntnts/20240417103903563_ttiel,1,image_sufficient,operational_assumed,"공식 관광 원천 일반 홍보 이미지, 이미지 수준 명시적 제한 미확인",2026-07-24T07:13:27.439Z,data/tourapi/candidates/busan/busan-integrated-candidates.csv,fe43388
busan-F-00363,칙투칙,restaurant,동래구,35.192467,129.10147,visitbusan_web,VisitBusanContent:food:1815:ko,VisitBusanContent:food:1815:ko|FoodService:1815:ko,https://www.visitbusan.net/kr/index.do?menuCd=DOM_000000201002001000&uc_seq=1815&lang_cd=ko,,https://www.visitbusan.net/uploadImgs/files/cntnts/20240417110222327_ttiel,1,image_sufficient,operational_assumed,"공식 관광 원천 일반 홍보 이미지, 이미지 수준 명시적 제한 미확인",2026-07-24T07:13:26.723Z,data/tourapi/candidates/busan/busan-integrated-candidates.csv,fe43388
busan-F-00364,프랑스 과자점  브리앙,restaurant,동래구,35.221756,129.08356,visitbusan_web,VisitBusanContent:food:1816:ko,VisitBusanContent:food:1816:ko|FoodService:1816:ko,https://www.visitbusan.net/kr/index.do?menuCd=DOM_000000201002001000&uc_seq=1816&lang_cd=ko,,https://www.visitbusan.net/uploadImgs/files/cntnts/20240417113010113_ttiel,1,image_sufficient,operational_assumed,"공식 관광 원천 일반 홍보 이미지, 이미지 수준 명시적 제한 미확인",2026-07-24T07:13:26.022Z,data/tourapi/candidates/busan/busan-integrated-candidates.csv,fe43388
busan-F-00365,기장손칼국수,restaurant,부산진구,35.15566,129.05814,visitbusan_web,VisitBusanContent:food:1817:ko,VisitBusanContent:food:1817:ko|FoodService:1817:ko,https://www.visitbusan.net/kr/index.do?menuCd=DOM_000000201002001000&uc_seq=1817&lang_cd=ko,,https://www.visitbusan.net/uploadImgs/files/cntnts/20240417130710913_ttiel,1,image_sufficient,operational_assumed,"공식 관광 원천 일반 홍보 이미지, 이미지 수준 명시적 제한 미확인",2026-07-24T07:13:25.315Z,data/tourapi/candidates/busan/busan-integrated-candidates.csv,fe43388
busan-F-00366,두번째 늘해랑,restaurant,부산진구,35.17058,129.07031,visitbusan_web,VisitBusanContent:food:1818:ko,VisitBusanContent:food:1818:ko|FoodService:1818:ko,https://www.visitbusan.net/kr/index.do?menuCd=DOM_000000201002001000&uc_seq=1818&lang_cd=ko,,https://www.visitbusan.net/uploadImgs/files/cntnts/20240417134039028_ttiel,1,image_sufficient,operational_assumed,"공식 관광 원천 일반 홍보 이미지, 이미지 수준 명시적 제한 미확인",2026-07-24T07:13:24.587Z,data/tourapi/candidates/busan/busan-integrated-candidates.csv,fe43388
busan-F-00367,베르크로스터스,restaurant,부산진구,35.152615,129.06628,busan_official_api,FoodService:1819:ko,FoodService:1819:ko,,,https://www.visitbusan.net/uploadImgs/files/cntnts/20240417134640835_ttiel,1,image_sufficient,operational_assumed,"공식 관광 원천 일반 홍보 이미지, 이미지 수준 명시적 제한 미확인",2026-07-24T00:27:42.723Z,data/tourapi/candidates/busan/busan-integrated-candidates.csv,fe43388
busan-F-00368,코르 파스타 바,restaurant,부산진구,35.15265,129.06767,visitbusan_web,VisitBusanContent:food:1820:ko,VisitBusanContent:food:1820:ko|FoodService:1820:ko,https://www.visitbusan.net/kr/index.do?menuCd=DOM_000000201002001000&uc_seq=1820&lang_cd=ko,,https://www.visitbusan.net/uploadImgs/files/cntnts/20240417145812364_ttiel,1,image_sufficient,operational_assumed,"공식 관광 원천 일반 홍보 이미지, 이미지 수준 명시적 제한 미확인",2026-07-24T07:13:22.711Z,data/tourapi/candidates/busan/busan-integrated-candidates.csv,fe43388
busan-F-00369,곰보식당,restaurant,사상구,35.196556,128.98784,visitbusan_web,VisitBusanContent:food:1822:ko,VisitBusanContent:food:1822:ko|FoodService:1822:ko,https://www.visitbusan.net/kr/index.do?menuCd=DOM_000000201002001000&uc_seq=1822&lang_cd=ko,,https://www.visitbusan.net/uploadImgs/files/cntnts/20240417160043995_ttiel,1,image_sufficient,operational_assumed,"공식 관광 원천 일반 홍보 이미지, 이미지 수준 명시적 제한 미확인",2026-07-24T07:13:22.022Z,data/tourapi/candidates/busan/busan-integrated-candidates.csv,fe43388
busan-F-00370,611WoodFire,restaurant,수영구,35.147713,129.10889,visitbusan_web,VisitBusanContent:food:1824:ko,VisitBusanContent:food:1824:ko|FoodService:1824:ko,https://www.visitbusan.net/kr/index.do?menuCd=DOM_000000201002001000&uc_seq=1824&lang_cd=ko,,https://www.visitbusan.net/uploadImgs/files/cntnts/20240418091923719_ttiel,1,image_sufficient,operational_assumed,"공식 관광 원천 일반 홍보 이미지, 이미지 수준 명시적 제한 미확인",2026-07-24T07:13:21.241Z,data/tourapi/candidates/busan/busan-integrated-candidates.csv,fe43388
busan-F-00371,골목포차,restaurant,수영구,35.159405,129.11446,visitbusan_web,VisitBusanContent:food:1825:ko,VisitBusanContent:food:1825:ko|FoodService:1825:ko,https://www.visitbusan.net/kr/index.do?menuCd=DOM_000000201002001000&uc_seq=1825&lang_cd=ko,,https://www.visitbusan.net/uploadImgs/files/cntnts/20240418095202742_ttiel,1,image_sufficient,operational_assumed,"공식 관광 원천 일반 홍보 이미지, 이미지 수준 명시적 제한 미확인",2026-07-24T07:13:20.522Z,data/tourapi/candidates/busan/busan-integrated-candidates.csv,fe43388
busan-F-00372,뉼리 광안리점,restaurant,수영구,35.155136,129.12401,visitbusan_web,VisitBusanContent:food:1826:ko,VisitBusanContent:food:1826:ko|FoodService:1826:ko,https://www.visitbusan.net/kr/index.do?menuCd=DOM_000000201002001000&uc_seq=1826&lang_cd=ko,,https://www.visitbusan.net/uploadImgs/files/cntnts/20240418103340192_ttiel,1,image_sufficient,operational_assumed,"공식 관광 원천 일반 홍보 이미지, 이미지 수준 명시적 제한 미확인",2026-07-24T07:13:19.808Z,data/tourapi/candidates/busan/busan-integrated-candidates.csv,fe43388
busan-F-00373,다이도코로 광안리본점,restaurant,수영구,35.1466,129.11255,visitbusan_web,VisitBusanContent:food:1827:ko,VisitBusanContent:food:1827:ko|FoodService:1827:ko,https://www.visitbusan.net/kr/index.do?menuCd=DOM_000000201002001000&uc_seq=1827&lang_cd=ko,,https://www.visitbusan.net/uploadImgs/files/cntnts/20240418110041026_ttiel,1,image_sufficient,operational_assumed,"공식 관광 원천 일반 홍보 이미지, 이미지 수준 명시적 제한 미확인",2026-07-24T07:13:19.096Z,data/tourapi/candidates/busan/busan-integrated-candidates.csv,fe43388
busan-F-00374,더스모코,restaurant,수영구,35.15483,129.12616,visitbusan_web,VisitBusanContent:food:1828:ko,VisitBusanContent:food:1828:ko|FoodService:1828:ko,https://www.visitbusan.net/kr/index.do?menuCd=DOM_000000201002001000&uc_seq=1828&lang_cd=ko,,https://www.visitbusan.net/uploadImgs/files/cntnts/20240418110738039_ttiel,1,image_sufficient,operational_assumed,"공식 관광 원천 일반 홍보 이미지, 이미지 수준 명시적 제한 미확인",2026-07-24T07:13:18.400Z,data/tourapi/candidates/busan/busan-integrated-candidates.csv,fe43388
busan-F-00375,램지,restaurant,수영구,35.153328,129.12515,visitbusan_web,VisitBusanContent:food:1829:ko,VisitBusanContent:food:1829:ko|FoodService:1829:ko,https://www.visitbusan.net/kr/index.do?menuCd=DOM_000000201002001000&uc_seq=1829&lang_cd=ko,,https://www.visitbusan.net/uploadImgs/files/cntnts/20250529125315121_ttiel,1,image_sufficient,operational_assumed,"공식 관광 원천 일반 홍보 이미지, 이미지 수준 명시적 제한 미확인",2026-07-24T07:13:17.707Z,data/tourapi/candidates/busan/busan-integrated-candidates.csv,fe43388
busan-F-00376,무슈뱅상,restaurant,수영구,35.146374,129.11293,busan_official_api,FoodService:1831:ko,FoodService:1831:ko,,,https://www.visitbusan.net/uploadImgs/files/cntnts/20240418112726853_ttiel,1,image_sufficient,operational_assumed,"공식 관광 원천 일반 홍보 이미지, 이미지 수준 명시적 제한 미확인",2026-07-24T00:27:42.723Z,data/tourapi/candidates/busan/busan-integrated-candidates.csv,fe43388
busan-F-00377,샤브남바완,restaurant,수영구,35.153236,129.12465,visitbusan_web,VisitBusanContent:food:1833:ko,VisitBusanContent:food:1833:ko|FoodService:1833:ko,https://www.visitbusan.net/kr/index.do?menuCd=DOM_000000201002001000&uc_seq=1833&lang_cd=ko,,https://www.visitbusan.net/uploadImgs/files/cntnts/20240418113753614_ttiel,1,image_sufficient,operational_assumed,"공식 관광 원천 일반 홍보 이미지, 이미지 수준 명시적 제한 미확인",2026-07-24T07:13:16.299Z,data/tourapi/candidates/busan/busan-integrated-candidates.csv,fe43388
busan-F-00378,아웃트로 바이 비토,restaurant,수영구,35.15835,129.12785,visitbusan_web,VisitBusanContent:food:1834:ko,VisitBusanContent:food:1834:ko|FoodService:1834:ko,https://www.visitbusan.net/kr/index.do?menuCd=DOM_000000201002001000&uc_seq=1834&lang_cd=ko,,https://www.visitbusan.net/uploadImgs/files/cntnts/20240418114912249_ttiel,1,image_sufficient,operational_assumed,"공식 관광 원천 일반 홍보 이미지, 이미지 수준 명시적 제한 미확인",2026-07-24T07:13:15.628Z,data/tourapi/candidates/busan/busan-integrated-candidates.csv,fe43388
busan-F-00379,제로베이스,restaurant,수영구,35.15741,129.12096,busan_official_api,FoodService:1835:ko,FoodService:1835:ko,,,https://www.visitbusan.net/uploadImgs/files/cntnts/20240418130407601_ttiel,1,image_sufficient,operational_assumed,"공식 관광 원천 일반 홍보 이미지, 이미지 수준 명시적 제한 미확인",2026-07-24T00:27:42.723Z,data/tourapi/candidates/busan/busan-integrated-candidates.csv,fe43388
busan-F-00380,고등어다찌  연산본점,restaurant,연제구,35.187637,129.08607,visitbusan_web,VisitBusanContent:food:1836:ko,VisitBusanContent:food:1836:ko|FoodService:1836:ko,https://www.visitbusan.net/kr/index.do?menuCd=DOM_000000201002001000&uc_seq=1836&lang_cd=ko,,https://www.visitbusan.net/uploadImgs/files/cntnts/20240418132720308_ttiel,1,image_sufficient,operational_assumed,"공식 관광 원천 일반 홍보 이미지, 이미지 수준 명시적 제한 미확인",2026-07-24T07:13:14.252Z,data/tourapi/candidates/busan/busan-integrated-candidates.csv,fe43388
busan-F-00381,재기돼지국밥,restaurant,영도구,35.08963,129.03987,visitbusan_web,VisitBusanContent:food:1837:ko,VisitBusanContent:food:1837:ko|FoodService:1837:ko,https://www.visitbusan.net/kr/index.do?menuCd=DOM_000000201002001000&uc_seq=1837&lang_cd=ko,,https://www.visitbusan.net/uploadImgs/files/cntnts/20240418143354206_ttiel,1,image_sufficient,operational_assumed,"공식 관광 원천 일반 홍보 이미지, 이미지 수준 명시적 제한 미확인",2026-07-24T07:13:13.537Z,data/tourapi/candidates/busan/busan-integrated-candidates.csv,fe43388
busan-F-00382,그리다부부,restaurant,중구,35.102577,129.03072,visitbusan_web,VisitBusanContent:food:1838:ko,VisitBusanContent:food:1838:ko|FoodService:1838:ko,https://www.visitbusan.net/kr/index.do?menuCd=DOM_000000201002001000&uc_seq=1838&lang_cd=ko,,https://www.visitbusan.net/uploadImgs/files/cntnts/20240419090634454_ttiel,1,image_sufficient,operational_assumed,"공식 관광 원천 일반 홍보 이미지, 이미지 수준 명시적 제한 미확인",2026-07-24T07:13:12.801Z,data/tourapi/candidates/busan/busan-integrated-candidates.csv,fe43388
busan-F-00383,동화반점,restaurant,중구,35.10579,129.02345,visitbusan_web,VisitBusanContent:food:1839:ko,VisitBusanContent:food:1839:ko|FoodService:1839:ko,https://www.visitbusan.net/kr/index.do?menuCd=DOM_000000201002001000&uc_seq=1839&lang_cd=ko,,https://www.visitbusan.net/uploadImgs/files/cntnts/20240419093503992_ttiel,1,image_sufficient,operational_assumed,"공식 관광 원천 일반 홍보 이미지, 이미지 수준 명시적 제한 미확인",2026-07-24T07:13:12.127Z,data/tourapi/candidates/busan/busan-integrated-candidates.csv,fe43388
busan-F-00384,연경재,restaurant,중구,35.10035,129.03592,visitbusan_web,VisitBusanContent:food:1840:ko,VisitBusanContent:food:1840:ko|FoodService:1840:ko,https://www.visitbusan.net/kr/index.do?menuCd=DOM_000000201002001000&uc_seq=1840&lang_cd=ko,,https://www.visitbusan.net/uploadImgs/files/cntnts/20240419110121584_ttiel,1,image_sufficient,operational_assumed,"공식 관광 원천 일반 홍보 이미지, 이미지 수준 명시적 제한 미확인",2026-07-24T07:13:11.326Z,data/tourapi/candidates/busan/busan-integrated-candidates.csv,fe43388
busan-F-00385,김정연분식 면옥향천,restaurant,해운대구,35.170124,129.13939,visitbusan_web,VisitBusanContent:food:1841:ko,VisitBusanContent:food:1841:ko|FoodService:1841:ko,https://www.visitbusan.net/kr/index.do?menuCd=DOM_000000201002001000&uc_seq=1841&lang_cd=ko,,https://www.visitbusan.net/uploadImgs/files/cntnts/20240419131021388_ttiel,1,image_sufficient,operational_assumed,"공식 관광 원천 일반 홍보 이미지, 이미지 수준 명시적 제한 미확인",2026-07-24T07:13:10.642Z,data/tourapi/candidates/busan/busan-integrated-candidates.csv,fe43388
busan-F-00386,랩24 바이 쿠무다,restaurant,해운대구,35.177433,129.19717,busan_official_api,FoodService:1842:ko,FoodService:1842:ko,,,https://www.visitbusan.net/uploadImgs/files/cntnts/20240419135409622_ttiel,1,image_sufficient,operational_assumed,"공식 관광 원천 일반 홍보 이미지, 이미지 수준 명시적 제한 미확인",2026-07-24T00:27:42.723Z,data/tourapi/candidates/busan/busan-integrated-candidates.csv,fe43388
busan-F-00387,르도헤,restaurant,해운대구,35.15545,129.1466,busan_official_api,FoodService:1843:ko,FoodService:1843:ko,,,https://www.visitbusan.net/uploadImgs/files/cntnts/20240419135826203_ttiel,1,image_sufficient,operational_assumed,"공식 관광 원천 일반 홍보 이미지, 이미지 수준 명시적 제한 미확인",2026-07-24T00:27:42.723Z,data/tourapi/candidates/busan/busan-integrated-candidates.csv,fe43388
busan-F-00388,모리,restaurant,해운대구,35.160202,129.16658,busan_official_api,FoodService:1844:ko,FoodService:1844:ko,,,https://www.visitbusan.net/uploadImgs/files/cntnts/20240419140242960_ttiel,1,image_sufficient,operational_assumed,"공식 관광 원천 일반 홍보 이미지, 이미지 수준 명시적 제한 미확인",2026-07-24T00:27:42.723Z,data/tourapi/candidates/busan/busan-integrated-candidates.csv,fe43388
busan-F-00389,비비비당,restaurant,해운대구,35.16249,129.18504,visitbusan_web,VisitBusanContent:food:1845:ko,VisitBusanContent:food:1845:ko|FoodService:1845:ko,https://www.visitbusan.net/kr/index.do?menuCd=DOM_000000201002001000&uc_seq=1845&lang_cd=ko,,https://www.visitbusan.net/uploadImgs/files/cntnts/20240419155611699_ttiel,1,image_sufficient,operational_assumed,"공식 관광 원천 일반 홍보 이미지, 이미지 수준 명시적 제한 미확인",2026-07-24T07:13:07.794Z,data/tourapi/candidates/busan/busan-integrated-candidates.csv,fe43388
busan-F-00390,소공간,restaurant,해운대구,35.16169,129.16737,visitbusan_web,VisitBusanContent:food:1846:ko,VisitBusanContent:food:1846:ko|FoodService:1846:ko,https://www.visitbusan.net/kr/index.do?menuCd=DOM_000000201002001000&uc_seq=1846&lang_cd=ko,,https://www.visitbusan.net/uploadImgs/files/cntnts/20240419164740169_ttiel,1,image_sufficient,operational_assumed,"공식 관광 원천 일반 홍보 이미지, 이미지 수준 명시적 제한 미확인",2026-07-24T07:13:07.052Z,data/tourapi/candidates/busan/busan-integrated-candidates.csv,fe43388
busan-F-00391,쇼진,restaurant,해운대구,35.163307,129.1596,busan_official_api,FoodService:1847:ko,FoodService:1847:ko,,,https://www.visitbusan.net/uploadImgs/files/cntnts/20240419165347836_ttiel,1,image_sufficient,operational_assumed,"공식 관광 원천 일반 홍보 이미지, 이미지 수준 명시적 제한 미확인",2026-07-24T00:27:42.723Z,data/tourapi/candidates/busan/busan-integrated-candidates.csv,fe43388
busan-F-00392,우봉 샤브 청사포점,restaurant,해운대구,35.160713,129.19269,visitbusan_web,VisitBusanContent:food:1849:ko,VisitBusanContent:food:1849:ko|FoodService:1849:ko,https://www.visitbusan.net/kr/index.do?menuCd=DOM_000000201002001000&uc_seq=1849&lang_cd=ko,,https://www.visitbusan.net/uploadImgs/files/cntnts/20240419175312314_ttiel,1,image_sufficient,operational_assumed,"공식 관광 원천 일반 홍보 이미지, 이미지 수준 명시적 제한 미확인",2026-07-24T07:13:05.655Z,data/tourapi/candidates/busan/busan-integrated-candidates.csv,fe43388
busan-F-00393,초필살돼지구이 해운대 본점,restaurant,해운대구,35.156647,129.14693,visitbusan_web,VisitBusanContent:food:1850:ko,VisitBusanContent:food:1850:ko|FoodService:1850:ko,https://www.visitbusan.net/kr/index.do?menuCd=DOM_000000201002001000&uc_seq=1850&lang_cd=ko,,https://www.visitbusan.net/uploadImgs/files/cntnts/20240422093323560_ttiel,1,image_sufficient,operational_assumed,"공식 관광 원천 일반 홍보 이미지, 이미지 수준 명시적 제한 미확인",2026-07-24T07:13:04.967Z,data/tourapi/candidates/busan/busan-integrated-candidates.csv,fe43388
busan-F-00394,하레마,restaurant,해운대구,35.157204,129.14482,busan_official_api,FoodService:1851:ko,FoodService:1851:ko,,,https://www.visitbusan.net/uploadImgs/files/cntnts/20240422100016453_ttiel,1,image_sufficient,operational_assumed,"공식 관광 원천 일반 홍보 이미지, 이미지 수준 명시적 제한 미확인",2026-07-24T00:27:42.723Z,data/tourapi/candidates/busan/busan-integrated-candidates.csv,fe43388
busan-F-00395,백가백반,restaurant,남구,35.13379,129.11293,visitbusan_web,VisitBusanContent:food:2324:ko,VisitBusanContent:food:2324:ko|FoodService:2324:ko,https://www.visitbusan.net/kr/index.do?menuCd=DOM_000000201002001000&uc_seq=2324&lang_cd=ko,,https://www.visitbusan.net/uploadImgs/files/cntnts/20250408092958955_ttiel,1,image_sufficient,operational_assumed,"공식 관광 원천 일반 홍보 이미지, 이미지 수준 명시적 제한 미확인",2026-07-24T07:13:03.556Z,data/tourapi/candidates/busan/busan-integrated-candidates.csv,fe43388
busan-F-00396,밀양갈비,restaurant,동구,35.11918,129.03975,visitbusan_web,VisitBusanContent:food:2325:ko,VisitBusanContent:food:2325:ko|FoodService:2325:ko,https://www.visitbusan.net/kr/index.do?menuCd=DOM_000000201002001000&uc_seq=2325&lang_cd=ko,,https://www.visitbusan.net/uploadImgs/files/cntnts/20250408093648041_ttiel,1,image_sufficient,operational_assumed,"공식 관광 원천 일반 홍보 이미지, 이미지 수준 명시적 제한 미확인",2026-07-24T07:13:02.886Z,data/tourapi/candidates/busan/busan-integrated-candidates.csv,fe43388
busan-F-00397,가야포차선지국밥 본점,restaurant,부산진구,35.14817,129.0299,visitbusan_web,VisitBusanContent:food:2326:ko,VisitBusanContent:food:2326:ko|FoodService:2326:ko,https://www.visitbusan.net/kr/index.do?menuCd=DOM_000000201002001000&uc_seq=2326&lang_cd=ko,,https://www.visitbusan.net/uploadImgs/files/cntnts/20250408094027003_ttiel,1,image_sufficient,operational_assumed,"공식 관광 원천 일반 홍보 이미지, 이미지 수준 명시적 제한 미확인",2026-07-24T07:13:02.148Z,data/tourapi/candidates/busan/busan-integrated-candidates.csv,fe43388
busan-F-00398,30년전통가마솥석쇠돼지갈비,restaurant,해운대구,35.1689,129.17159,visitbusan_web,VisitBusanContent:food:2327:ko,VisitBusanContent:food:2327:ko|FoodService:2327:ko,https://www.visitbusan.net/kr/index.do?menuCd=DOM_000000201002001000&uc_seq=2327&lang_cd=ko,,https://www.visitbusan.net/uploadImgs/files/cntnts/20250408094429754_ttiel,1,image_sufficient,operational_assumed,"공식 관광 원천 일반 홍보 이미지, 이미지 수준 명시적 제한 미확인",2026-07-24T07:13:01.388Z,data/tourapi/candidates/busan/busan-integrated-candidates.csv,fe43388
busan-F-00399,달타이,restaurant,해운대구,35.158108,129.18246,visitbusan_web,VisitBusanContent:food:2328:ko,VisitBusanContent:food:2328:ko|FoodService:2328:ko,https://www.visitbusan.net/kr/index.do?menuCd=DOM_000000201002001000&uc_seq=2328&lang_cd=ko,,https://www.visitbusan.net/uploadImgs/files/cntnts/20250408095539103_ttiel,1,image_sufficient,operational_assumed,"공식 관광 원천 일반 홍보 이미지, 이미지 수준 명시적 제한 미확인",2026-07-24T07:13:00.705Z,data/tourapi/candidates/busan/busan-integrated-candidates.csv,fe43388
busan-F-00400,란아한,restaurant,부산진구,35.15837,129.06421,visitbusan_web,VisitBusanContent:food:2329:ko,VisitBusanContent:food:2329:ko|FoodService:2329:ko,https://www.visitbusan.net/kr/index.do?menuCd=DOM_000000201002001000&uc_seq=2329&lang_cd=ko,,https://www.visitbusan.net/uploadImgs/files/cntnts/20250408095705335_ttiel,1,image_sufficient,operational_assumed,"공식 관광 원천 일반 홍보 이미지, 이미지 수준 명시적 제한 미확인",2026-07-24T07:13:00.020Z,data/tourapi/candidates/busan/busan-integrated-candidates.csv,fe43388
busan-F-00401,바오하우스,restaurant,부산진구,35.154896,129.06335,visitbusan_web,VisitBusanContent:food:2330:ko,VisitBusanContent:food:2330:ko|FoodService:2330:ko,https://www.visitbusan.net/kr/index.do?menuCd=DOM_000000201002001000&uc_seq=2330&lang_cd=ko,,https://www.visitbusan.net/uploadImgs/files/cntnts/20250408095935004_ttiel,1,image_sufficient,operational_assumed,"공식 관광 원천 일반 홍보 이미지, 이미지 수준 명시적 제한 미확인",2026-07-24T07:12:59.306Z,data/tourapi/candidates/busan/busan-integrated-candidates.csv,fe43388
busan-F-00402,롯데호텔 부산 블루헤이븐,restaurant,부산진구,35.15663,129.05563,visitbusan_web,VisitBusanContent:food:2332:ko,VisitBusanContent:food:2332:ko|FoodService:2332:ko,https://www.visitbusan.net/kr/index.do?menuCd=DOM_000000201002001000&uc_seq=2332&lang_cd=ko,,https://www.visitbusan.net/uploadImgs/files/cntnts/20250408100151107_ttiel,1,image_sufficient,operational_assumed,"공식 관광 원천 일반 홍보 이미지, 이미지 수준 명시적 제한 미확인",2026-07-24T07:12:58.602Z,data/tourapi/candidates/busan/busan-integrated-candidates.csv,fe43388
busan-F-00403,못난이식당 해운대점,restaurant,해운대구,35.154926,129.1445,visitbusan_web,VisitBusanContent:food:2334:ko,VisitBusanContent:food:2334:ko|FoodService:2334:ko,https://www.visitbusan.net/kr/index.do?menuCd=DOM_000000201002001000&uc_seq=2334&lang_cd=ko,,https://www.visitbusan.net/uploadImgs/files/cntnts/20250408100308119_ttiel,1,image_sufficient,operational_assumed,"공식 관광 원천 일반 홍보 이미지, 이미지 수준 명시적 제한 미확인",2026-07-24T07:12:57.915Z,data/tourapi/candidates/busan/busan-integrated-candidates.csv,fe43388
busan-F-00404,손내향미,restaurant,부산진구,35.153034,129.06851,visitbusan_web,VisitBusanContent:food:2336:ko,VisitBusanContent:food:2336:ko|FoodService:2336:ko,https://www.visitbusan.net/kr/index.do?menuCd=DOM_000000201002001000&uc_seq=2336&lang_cd=ko,,https://www.visitbusan.net/uploadImgs/files/cntnts/20250408100525344_ttiel,1,image_sufficient,operational_assumed,"공식 관광 원천 일반 홍보 이미지, 이미지 수준 명시적 제한 미확인",2026-07-24T07:12:57.230Z,data/tourapi/candidates/busan/busan-integrated-candidates.csv,fe43388
busan-F-00405,선창횟집,restaurant,해운대구,35.156857,129.17383,visitbusan_web,VisitBusanContent:food:2337:ko,VisitBusanContent:food:2337:ko|FoodService:2337:ko,https://www.visitbusan.net/kr/index.do?menuCd=DOM_000000201002001000&uc_seq=2337&lang_cd=ko,,https://www.visitbusan.net/uploadImgs/files/cntnts/20250408102722301_ttiel,1,image_sufficient,operational_assumed,"공식 관광 원천 일반 홍보 이미지, 이미지 수준 명시적 제한 미확인",2026-07-24T07:12:56.531Z,data/tourapi/candidates/busan/busan-integrated-candidates.csv,fe43388
busan-F-00406,수블,restaurant,해운대구,35.159527,129.17055,visitbusan_web,VisitBusanContent:food:2339:ko,VisitBusanContent:food:2339:ko|FoodService:2339:ko,https://www.visitbusan.net/kr/index.do?menuCd=DOM_000000201002001000&uc_seq=2339&lang_cd=ko,,https://www.visitbusan.net/uploadImgs/files/cntnts/20250408103219387_ttiel,1,image_sufficient,operational_assumed,"공식 관광 원천 일반 홍보 이미지, 이미지 수준 명시적 제한 미확인",2026-07-24T07:12:55.810Z,data/tourapi/candidates/busan/busan-integrated-candidates.csv,fe43388
busan-F-00407,스시시안,restaurant,해운대구,35.167683,129.13104,visitbusan_web,VisitBusanContent:food:2340:ko,VisitBusanContent:food:2340:ko|FoodService:2340:ko,https://www.visitbusan.net/kr/index.do?menuCd=DOM_000000201002001000&uc_seq=2340&lang_cd=ko,,https://www.visitbusan.net/uploadImgs/files/cntnts/20250408103617676_ttiel,1,image_sufficient,operational_assumed,"공식 관광 원천 일반 홍보 이미지, 이미지 수준 명시적 제한 미확인",2026-07-24T07:12:55.079Z,data/tourapi/candidates/busan/busan-integrated-candidates.csv,fe43388
busan-F-00408,쥬가,restaurant,해운대구,35.165016,129.15915,visitbusan_web,VisitBusanContent:food:2341:ko,VisitBusanContent:food:2341:ko|FoodService:2341:ko,https://www.visitbusan.net/kr/index.do?menuCd=DOM_000000201002001000&uc_seq=2341&lang_cd=ko,,https://www.visitbusan.net/uploadImgs/files/cntnts/20250408104140736_ttiel,1,image_sufficient,operational_assumed,"공식 관광 원천 일반 홍보 이미지, 이미지 수준 명시적 제한 미확인",2026-07-24T07:12:54.399Z,data/tourapi/candidates/busan/busan-integrated-candidates.csv,fe43388
busan-F-00409,쿠지라멘,restaurant,해운대구,35.166203,129.16014,visitbusan_web,VisitBusanContent:food:2342:ko,VisitBusanContent:food:2342:ko|FoodService:2342:ko,https://www.visitbusan.net/kr/index.do?menuCd=DOM_000000201002001000&uc_seq=2342&lang_cd=ko,,https://www.visitbusan.net/uploadImgs/files/cntnts/20250408104843726_ttiel,1,image_sufficient,operational_assumed,"공식 관광 원천 일반 홍보 이미지, 이미지 수준 명시적 제한 미확인",2026-07-24T07:12:53.710Z,data/tourapi/candidates/busan/busan-integrated-candidates.csv,fe43388
busan-F-00410,팔레트,restaurant,해운대구,35.156513,129.17834,visitbusan_web,VisitBusanContent:food:2344:ko,VisitBusanContent:food:2344:ko|FoodService:2344:ko,https://www.visitbusan.net/kr/index.do?menuCd=DOM_000000201002001000&uc_seq=2344&lang_cd=ko,,https://www.visitbusan.net/uploadImgs/files/cntnts/20250408111911870_ttiel,1,image_sufficient,operational_assumed,"공식 관광 원천 일반 홍보 이미지, 이미지 수준 명시적 제한 미확인",2026-07-24T07:12:52.949Z,data/tourapi/candidates/busan/busan-integrated-candidates.csv,fe43388
busan-F-00411,1969부원동칼국수 부산본점,restaurant,중구,35.097927,129.03316,visitbusan_web,VisitBusanContent:food:2345:ko,VisitBusanContent:food:2345:ko|FoodService:2345:ko,https://www.visitbusan.net/kr/index.do?menuCd=DOM_000000201002001000&uc_seq=2345&lang_cd=ko,,https://www.visitbusan.net/uploadImgs/files/cntnts/20250408112548429_ttiel,1,image_sufficient,operational_assumed,"공식 관광 원천 일반 홍보 이미지, 이미지 수준 명시적 제한 미확인",2026-07-24T07:12:52.250Z,data/tourapi/candidates/busan/busan-integrated-candidates.csv,fe43388
busan-F-00412,고등어연구소 본점,restaurant,중구,35.104816,129.03603,visitbusan_web,VisitBusanContent:food:2346:ko,VisitBusanContent:food:2346:ko|FoodService:2346:ko,https://www.visitbusan.net/kr/index.do?menuCd=DOM_000000201002001000&uc_seq=2346&lang_cd=ko,,https://www.visitbusan.net/uploadImgs/files/cntnts/20250408113257860_ttiel,1,image_sufficient,operational_assumed,"공식 관광 원천 일반 홍보 이미지, 이미지 수준 명시적 제한 미확인",2026-07-24T07:12:51.552Z,data/tourapi/candidates/busan/busan-integrated-candidates.csv,fe43388
busan-F-00413,동삼정,restaurant,중구,35.10059,129.03143,visitbusan_web,VisitBusanContent:food:2347:ko,VisitBusanContent:food:2347:ko|FoodService:2347:ko,https://www.visitbusan.net/kr/index.do?menuCd=DOM_000000201002001000&uc_seq=2347&lang_cd=ko,,https://www.visitbusan.net/uploadImgs/files/cntnts/20250408113919836_ttiel,1,image_sufficient,operational_assumed,"공식 관광 원천 일반 홍보 이미지, 이미지 수준 명시적 제한 미확인",2026-07-24T07:12:50.850Z,data/tourapi/candidates/busan/busan-integrated-candidates.csv,fe43388
busan-F-00414,유원,restaurant,중구,35.10799,129.03767,visitbusan_web,VisitBusanContent:food:2348:ko,VisitBusanContent:food:2348:ko|FoodService:2348:ko,https://www.visitbusan.net/kr/index.do?menuCd=DOM_000000201002001000&uc_seq=2348&lang_cd=ko,,https://www.visitbusan.net/uploadImgs/files/cntnts/20250408114718754_ttiel,1,image_sufficient,operational_assumed,"공식 관광 원천 일반 홍보 이미지, 이미지 수준 명시적 제한 미확인",2026-07-24T07:12:50.155Z,data/tourapi/candidates/busan/busan-integrated-candidates.csv,fe43388
busan-F-00415,야스마루 닌니쿠,restaurant,부산진구,35.15606,129.06438,visitbusan_web,VisitBusanContent:food:2349:ko,VisitBusanContent:food:2349:ko|FoodService:2349:ko,https://www.visitbusan.net/kr/index.do?menuCd=DOM_000000201002001000&uc_seq=2349&lang_cd=ko,,https://www.visitbusan.net/uploadImgs/files/cntnts/20250408114844827_ttiel,1,image_sufficient,operational_assumed,"공식 관광 원천 일반 홍보 이미지, 이미지 수준 명시적 제한 미확인",2026-07-24T07:12:49.452Z,data/tourapi/candidates/busan/busan-integrated-candidates.csv,fe43388
busan-F-00416,지즈,restaurant,부산진구,35.15622,129.06595,visitbusan_web,VisitBusanContent:food:2350:ko,VisitBusanContent:food:2350:ko|FoodService:2350:ko,https://www.visitbusan.net/kr/index.do?menuCd=DOM_000000201002001000&uc_seq=2350&lang_cd=ko,,https://www.visitbusan.net/uploadImgs/files/cntnts/20250408115051503_ttiel,1,image_sufficient,operational_assumed,"공식 관광 원천 일반 홍보 이미지, 이미지 수준 명시적 제한 미확인",2026-07-24T07:12:48.760Z,data/tourapi/candidates/busan/busan-integrated-candidates.csv,fe43388
busan-F-00417,순사이쿠보,restaurant,북구,35.240913,129.01465,visitbusan_web,VisitBusanContent:food:2351:ko,VisitBusanContent:food:2351:ko|FoodService:2351:ko,https://www.visitbusan.net/kr/index.do?menuCd=DOM_000000201002001000&uc_seq=2351&lang_cd=ko,,https://www.visitbusan.net/uploadImgs/files/cntnts/20250408115525042_ttiel,1,image_sufficient,operational_assumed,"공식 관광 원천 일반 홍보 이미지, 이미지 수준 명시적 제한 미확인",2026-07-24T07:12:48.047Z,data/tourapi/candidates/busan/busan-integrated-candidates.csv,fe43388
busan-F-00418,델리봉,restaurant,연제구,35.19158,129.09442,visitbusan_web,VisitBusanContent:food:2353:ko,VisitBusanContent:food:2353:ko|FoodService:2353:ko,https://www.visitbusan.net/kr/index.do?menuCd=DOM_000000201002001000&uc_seq=2353&lang_cd=ko,,https://www.visitbusan.net/uploadImgs/files/cntnts/20250408122426619_ttiel,1,image_sufficient,operational_assumed,"공식 관광 원천 일반 홍보 이미지, 이미지 수준 명시적 제한 미확인",2026-07-24T07:12:47.340Z,data/tourapi/candidates/busan/busan-integrated-candidates.csv,fe43388
busan-F-00419,보느파티쓰리,restaurant,연제구,35.19527,129.07895,visitbusan_web,VisitBusanContent:food:2354:ko,VisitBusanContent:food:2354:ko|FoodService:2354:ko,https://www.visitbusan.net/kr/index.do?menuCd=DOM_000000201002001000&uc_seq=2354&lang_cd=ko,,https://www.visitbusan.net/uploadImgs/files/cntnts/20250408123831370_ttiel,1,image_sufficient,operational_assumed,"공식 관광 원천 일반 홍보 이미지, 이미지 수준 명시적 제한 미확인",2026-07-24T07:12:46.628Z,data/tourapi/candidates/busan/busan-integrated-candidates.csv,fe43388
busan-F-00420,남천면가,restaurant,수영구,35.139626,129.10675,visitbusan_web,VisitBusanContent:food:2356:ko,VisitBusanContent:food:2356:ko|FoodService:2356:ko,https://www.visitbusan.net/kr/index.do?menuCd=DOM_000000201002001000&uc_seq=2356&lang_cd=ko,,https://www.visitbusan.net/uploadImgs/files/cntnts/20250408131231343_ttiel,1,image_sufficient,operational_assumed,"공식 관광 원천 일반 홍보 이미지, 이미지 수준 명시적 제한 미확인",2026-07-24T07:12:45.940Z,data/tourapi/candidates/busan/busan-integrated-candidates.csv,fe43388
busan-F-00421,닭발의 지존,restaurant,수영구,35.170143,129.11069,visitbusan_web,VisitBusanContent:food:2357:ko,VisitBusanContent:food:2357:ko|FoodService:2357:ko,https://www.visitbusan.net/kr/index.do?menuCd=DOM_000000201002001000&uc_seq=2357&lang_cd=ko,,https://www.visitbusan.net/uploadImgs/files/cntnts/20250408131658485_ttiel,1,image_sufficient,operational_assumed,"공식 관광 원천 일반 홍보 이미지, 이미지 수준 명시적 제한 미확인",2026-07-24T07:12:45.171Z,data/tourapi/candidates/busan/busan-integrated-candidates.csv,fe43388
busan-F-00422,데일리럭키,restaurant,수영구,35.153927,129.11264,visitbusan_web,VisitBusanContent:food:2358:ko,VisitBusanContent:food:2358:ko|FoodService:2358:ko,https://www.visitbusan.net/kr/index.do?menuCd=DOM_000000201002001000&uc_seq=2358&lang_cd=ko,,https://www.visitbusan.net/uploadImgs/files/cntnts/20250408132244401_ttiel,1,image_sufficient,operational_assumed,"공식 관광 원천 일반 홍보 이미지, 이미지 수준 명시적 제한 미확인",2026-07-24T07:12:44.476Z,data/tourapi/candidates/busan/busan-integrated-candidates.csv,fe43388
busan-F-00423,백일평냉,restaurant,수영구,35.148556,129.11166,visitbusan_web,VisitBusanContent:food:2359:ko,VisitBusanContent:food:2359:ko|FoodService:2359:ko,https://www.visitbusan.net/kr/index.do?menuCd=DOM_000000201002001000&uc_seq=2359&lang_cd=ko,,https://www.visitbusan.net/uploadImgs/files/cntnts/20250408132935773_ttiel,1,image_sufficient,operational_assumed,"공식 관광 원천 일반 홍보 이미지, 이미지 수준 명시적 제한 미확인",2026-07-24T07:12:43.782Z,data/tourapi/candidates/busan/busan-integrated-candidates.csv,fe43388
busan-F-00424,아펙트,restaurant,수영구,35.159874,129.12129,visitbusan_web,VisitBusanContent:food:2360:ko,VisitBusanContent:food:2360:ko|FoodService:2360:ko,https://www.visitbusan.net/kr/index.do?menuCd=DOM_000000201002001000&uc_seq=2360&lang_cd=ko,,https://www.visitbusan.net/uploadImgs/files/cntnts/20250408133516752_ttiel,1,image_sufficient,operational_assumed,"공식 관광 원천 일반 홍보 이미지, 이미지 수준 명시적 제한 미확인",2026-07-24T07:12:43.093Z,data/tourapi/candidates/busan/busan-integrated-candidates.csv,fe43388
busan-F-00425,야키토리 백탄,restaurant,수영구,35.15614,129.1215,visitbusan_web,VisitBusanContent:food:2361:ko,VisitBusanContent:food:2361:ko|FoodService:2361:ko,https://www.visitbusan.net/kr/index.do?menuCd=DOM_000000201002001000&uc_seq=2361&lang_cd=ko,,https://www.visitbusan.net/uploadImgs/files/cntnts/20250408134146562_ttiel,1,image_sufficient,operational_assumed,"공식 관광 원천 일반 홍보 이미지, 이미지 수준 명시적 제한 미확인",2026-07-24T07:12:42.378Z,data/tourapi/candidates/busan/busan-integrated-candidates.csv,fe43388
busan-F-00426,야키토리 해공,restaurant,수영구,35.158234,129.1271,visitbusan_web,VisitBusanContent:food:2362:ko,VisitBusanContent:food:2362:ko|FoodService:2362:ko,https://www.visitbusan.net/kr/index.do?menuCd=DOM_000000201002001000&uc_seq=2362&lang_cd=ko,,https://www.visitbusan.net/uploadImgs/files/cntnts/20250408135037039_ttiel,1,image_sufficient,operational_assumed,"공식 관광 원천 일반 홍보 이미지, 이미지 수준 명시적 제한 미확인",2026-07-24T07:12:41.666Z,data/tourapi/candidates/busan/busan-integrated-candidates.csv,fe43388
busan-F-00427,우리포차,restaurant,수영구,35.161915,129.11087,visitbusan_web,VisitBusanContent:food:2363:ko,VisitBusanContent:food:2363:ko|FoodService:2363:ko,https://www.visitbusan.net/kr/index.do?menuCd=DOM_000000201002001000&uc_seq=2363&lang_cd=ko,,https://www.visitbusan.net/uploadImgs/files/cntnts/20250408135630428_ttiel,1,image_sufficient,operational_assumed,"공식 관광 원천 일반 홍보 이미지, 이미지 수준 명시적 제한 미확인",2026-07-24T07:12:40.888Z,data/tourapi/candidates/busan/busan-integrated-candidates.csv,fe43388
busan-F-00428,으뜸이로리바타,restaurant,수영구,35.141987,129.10915,visitbusan_web,VisitBusanContent:food:2364:ko,VisitBusanContent:food:2364:ko|FoodService:2364:ko,https://www.visitbusan.net/kr/index.do?menuCd=DOM_000000201002001000&uc_seq=2364&lang_cd=ko,,https://www.visitbusan.net/uploadImgs/files/cntnts/20250408140215924_ttiel,1,image_sufficient,operational_assumed,"공식 관광 원천 일반 홍보 이미지, 이미지 수준 명시적 제한 미확인",2026-07-24T07:12:40.168Z,data/tourapi/candidates/busan/busan-integrated-candidates.csv,fe43388
busan-F-00429,자매국밥,restaurant,수영구,35.158283,129.12569,visitbusan_web,VisitBusanContent:food:2365:ko,VisitBusanContent:food:2365:ko|FoodService:2365:ko,https://www.visitbusan.net/kr/index.do?menuCd=DOM_000000201002001000&uc_seq=2365&lang_cd=ko,,https://www.visitbusan.net/uploadImgs/files/cntnts/20250408142939682_ttiel,1,image_sufficient,operational_assumed,"공식 관광 원천 일반 홍보 이미지, 이미지 수준 명시적 제한 미확인",2026-07-24T07:12:39.425Z,data/tourapi/candidates/busan/busan-integrated-candidates.csv,fe43388
busan-F-00430,조이풀조이풀(골드핀치by조이풀조이풀),restaurant,수영구,35.157604,129.1274,visitbusan_web,VisitBusanContent:food:2366:ko,VisitBusanContent:food:2366:ko|FoodService:2366:ko,https://www.visitbusan.net/kr/index.do?menuCd=DOM_000000201002001000&uc_seq=2366&lang_cd=ko,,https://www.visitbusan.net/uploadImgs/files/cntnts/20250408143450330_ttiel,1,image_sufficient,operational_assumed,"공식 관광 원천 일반 홍보 이미지, 이미지 수준 명시적 제한 미확인",2026-07-24T07:12:38.725Z,data/tourapi/candidates/busan/busan-integrated-candidates.csv,fe43388
busan-F-00431,청산1954,restaurant,수영구,35.148266,129.10788,visitbusan_web,VisitBusanContent:food:2367:ko,VisitBusanContent:food:2367:ko|FoodService:2367:ko,https://www.visitbusan.net/kr/index.do?menuCd=DOM_000000201002001000&uc_seq=2367&lang_cd=ko,,https://www.visitbusan.net/uploadImgs/files/cntnts/20250408144017778_ttiel,1,image_sufficient,operational_assumed,"공식 관광 원천 일반 홍보 이미지, 이미지 수준 명시적 제한 미확인",2026-07-24T07:12:38.016Z,data/tourapi/candidates/busan/busan-integrated-candidates.csv,fe43388
busan-F-00432,해운대암소갈비집,restaurant,해운대구,35.163258,129.16626,visitbusan_web,VisitBusanContent:food:2370:ko,VisitBusanContent:food:2370:ko|FoodService:2370:ko,https://www.visitbusan.net/kr/index.do?menuCd=DOM_000000201002001000&uc_seq=2370&lang_cd=ko,,https://www.visitbusan.net/uploadImgs/files/cntnts/20250507154200232_ttiel,1,image_sufficient,operational_assumed,"공식 관광 원천 일반 홍보 이미지, 이미지 수준 명시적 제한 미확인",2026-07-24T07:12:37.268Z,data/tourapi/candidates/busan/busan-integrated-candidates.csv,fe43388
busan-F-00433,연화제과,restaurant,부산진구,35.179752,129.04688,visitbusan_web,VisitBusanContent:food:2371:ko,VisitBusanContent:food:2371:ko|FoodService:2371:ko,https://www.visitbusan.net/kr/index.do?menuCd=DOM_000000201002001000&uc_seq=2371&lang_cd=ko,,https://www.visitbusan.net/uploadImgs/files/cntnts/20250507155421924_ttiel,1,image_sufficient,operational_assumed,"공식 관광 원천 일반 홍보 이미지, 이미지 수준 명시적 제한 미확인",2026-07-24T07:12:36.568Z,data/tourapi/candidates/busan/busan-integrated-candidates.csv,fe43388
busan-F-00434,대성갈치찌개구이,restaurant,기장군,35.2239,129.23161,visitbusan_web,VisitBusanContent:food:2379:ko,VisitBusanContent:food:2379:ko|FoodService:2379:ko,https://www.visitbusan.net/kr/index.do?menuCd=DOM_000000201002001000&uc_seq=2379&lang_cd=ko,,https://www.visitbusan.net/uploadImgs/files/cntnts/20250516132502489_ttiel,1,image_sufficient,operational_assumed,"공식 관광 원천 일반 홍보 이미지, 이미지 수준 명시적 제한 미확인",2026-07-24T07:12:35.863Z,data/tourapi/candidates/busan/busan-integrated-candidates.csv,fe43388
busan-F-00435,고기형,restaurant,수영구,35.166687,129.11377,visitbusan_web,VisitBusanContent:food:2381:ko,VisitBusanContent:food:2381:ko|FoodService:2381:ko,https://www.visitbusan.net/kr/index.do?menuCd=DOM_000000201002001000&uc_seq=2381&lang_cd=ko,,https://www.visitbusan.net/uploadImgs/files/cntnts/20250516162239090_ttiel,1,image_sufficient,operational_assumed,"공식 관광 원천 일반 홍보 이미지, 이미지 수준 명시적 제한 미확인",2026-07-24T07:12:35.169Z,data/tourapi/candidates/busan/busan-integrated-candidates.csv,fe43388
busan-F-00436,우봉샤브,restaurant,해운대구,35.1607,129.19267,visitbusan_web,VisitBusanContent:food:2384:ko,VisitBusanContent:food:2384:ko|FoodService:2384:ko,https://www.visitbusan.net/kr/index.do?menuCd=DOM_000000201002001000&uc_seq=2384&lang_cd=ko,,https://www.visitbusan.net/uploadImgs/files/cntnts/20250522162933740_ttiel,1,image_sufficient,operational_assumed,"공식 관광 원천 일반 홍보 이미지, 이미지 수준 명시적 제한 미확인",2026-07-24T07:12:34.432Z,data/tourapi/candidates/busan/busan-integrated-candidates.csv,fe43388
busan-F-00437,히떼로스터리 전포점,restaurant,부산진구,35.15574,129.06819,visitbusan_web,VisitBusanContent:food:2386:ko,VisitBusanContent:food:2386:ko|FoodService:2386:ko,https://www.visitbusan.net/kr/index.do?menuCd=DOM_000000201002001000&uc_seq=2386&lang_cd=ko,,https://www.visitbusan.net/uploadImgs/files/cntnts/20250523164409148_ttiel,1,image_sufficient,operational_assumed,"공식 관광 원천 일반 홍보 이미지, 이미지 수준 명시적 제한 미확인",2026-07-24T07:12:33.698Z,data/tourapi/candidates/busan/busan-integrated-candidates.csv,fe43388
busan-K-00001,금정산,attraction,2,35.268448978,129.0518587773,kto_tourapi,KorService2:126028:ko,KorService2:126028:ko,,,http://tong.visitkorea.or.kr/cms/resource/44/3575744_image2_1.jpg,1,image_sufficient,N/A,,2026-07-24T00:27:42.723Z,data/tourapi/candidates/busan/busan-integrated-candidates.csv,fe43388
busan-K-00002,해운대온천센터,attraction,16,35.1634406103,129.1645768542,kto_tourapi,KorService2:126108:ko,KorService2:126108:ko,,,http://tong.visitkorea.or.kr/cms/resource/17/3026517_image2_1.JPG,1,image_sufficient,N/A,,2026-07-24T00:27:42.723Z,data/tourapi/candidates/busan/busan-integrated-candidates.csv,fe43388
busan-K-00003,부산 송도해수욕장,attraction,11,35.0739256715,129.016458847,kto_tourapi,KorService2:126122:ko,KorService2:126122:ko,,,http://tong.visitkorea.or.kr/cms/resource/86/2504686_image2_1.jpg,2,image_sufficient,N/A,,2026-07-24T00:27:42.723Z,data/tourapi/candidates/busan/busan-integrated-candidates.csv,fe43388
busan-K-00004,부산동명불원,attraction,4,35.1189694636,129.1038166893,kto_tourapi,KorService2:126147:ko,KorService2:126147:ko,,,http://tong.visitkorea.or.kr/cms/resource/69/3070669_image2_1.JPG,1,image_sufficient,N/A,,2026-07-24T00:27:42.723Z,data/tourapi/candidates/busan/busan-integrated-candidates.csv,fe43388
busan-K-00005,25의용단,attraction,12,35.1719498296,129.1138921398,kto_tourapi,KorService2:126814:ko,KorService2:126814:ko,,,,0,source_exhausted,N/A,,2026-07-24T00:27:42.723Z,data/tourapi/candidates/busan/busan-integrated-candidates.csv,fe43388
busan-K-00006,부산 중앙공원,attraction,11,35.1121438284,129.027954028,kto_tourapi,KorService2:126856:ko,KorService2:126856:ko,,,http://tong.visitkorea.or.kr/cms/resource/87/2754987_image2_1.jpg,2,image_sufficient,N/A,,2026-07-24T00:27:42.723Z,data/tourapi/candidates/busan/busan-integrated-candidates.csv,fe43388
busan-K-00007,광복로패션거리,attraction,15,35.0986398717,129.0327400915,kto_tourapi,KorService2:126857:ko,KorService2:126857:ko,,,http://tong.visitkorea.or.kr/cms/resource/11/3049611_image2_1.JPG,1,image_sufficient,N/A,,2026-07-24T00:27:42.723Z,data/tourapi/candidates/busan/busan-integrated-candidates.csv,fe43388
busan-K-00009,민주공원,attraction,15,35.1093802515,129.0281096457,kto_tourapi,KorService2:127149:ko,KorService2:127149:ko,,,http://tong.visitkorea.or.kr/cms/resource/47/3498447_image2_1.jpg,2,image_sufficient,N/A,,2026-07-24T00:27:42.723Z,data/tourapi/candidates/busan/busan-integrated-candidates.csv,fe43388
busan-K-00010,태종대온천찜질방,attraction,14,35.0645889744,129.0787786847,kto_tourapi,KorService2:127752:ko,KorService2:127752:ko,,,http://tong.visitkorea.or.kr/cms/resource/85/3547085_image2_1.jpg,1,image_sufficient,N/A,,2026-07-24T00:27:42.723Z,data/tourapi/candidates/busan/busan-integrated-candidates.csv,fe43388
busan-K-00011,대천천,attraction,8,35.2422290925,129.019201232,kto_tourapi,KorService2:127891:ko,KorService2:127891:ko,,,http://tong.visitkorea.or.kr/cms/resource/60/3476760_image2_1.jpg,2,image_sufficient,N/A,,2026-07-24T00:27:42.723Z,data/tourapi/candidates/busan/busan-integrated-candidates.csv,fe43388
busan-K-00012,광안리해변 테마거리,attraction,12,35.1551657503,129.1221363273,kto_tourapi,KorService2:127925:ko,KorService2:127925:ko,,,http://tong.visitkorea.or.kr/cms/resource/42/3071042_image2_1.JPG,1,image_sufficient,N/A,,2026-07-24T00:27:42.723Z,data/tourapi/candidates/busan/busan-integrated-candidates.csv,fe43388
busan-K-00015,스포원파크,attraction,2,35.289161567,129.1070700628,kto_tourapi,KorService2:128108:ko,KorService2:128108:ko,,,http://tong.visitkorea.or.kr/cms/resource/25/3409925_image2_1.jpg,2,image_sufficient,N/A,,2026-07-24T00:27:42.723Z,data/tourapi/candidates/busan/busan-integrated-candidates.csv,fe43388
busan-K-00016,옥련선원,attraction,12,35.161379026,129.1266024351,kto_tourapi,KorService2:128134:ko,KorService2:128134:ko,,,http://tong.visitkorea.or.kr/cms/resource/58/3589758_image2_1.jpg,1,image_sufficient,N/A,,2026-07-24T00:27:42.723Z,data/tourapi/candidates/busan/busan-integrated-candidates.csv,fe43388
busan-K-00017,부산광안대교,attraction,16,35.1449947568,129.1270084045,kto_tourapi,KorService2:128164:ko,KorService2:128164:ko,,,http://tong.visitkorea.or.kr/cms/resource/77/3368477_image2_1.jpg,2,image_sufficient,N/A,,2026-07-24T00:27:42.723Z,data/tourapi/candidates/busan/busan-integrated-candidates.csv,fe43388
busan-K-00019,대항 어촌체험 휴양마을,attraction,1,35.0117208424,128.8276908389,kto_tourapi,KorService2:128564:ko,KorService2:128564:ko,,,http://tong.visitkorea.or.kr/cms/resource/26/2607126_image2_1.bmp,1,image_sufficient,N/A,,2026-07-24T00:27:42.723Z,data/tourapi/candidates/busan/busan-integrated-candidates.csv,fe43388
busan-K-00020,공수어촌체험마을,attraction,3,35.1844585662,129.2111944455,kto_tourapi,KorService2:128610:ko,KorService2:128610:ko,,,http://tong.visitkorea.or.kr/cms/resource/32/2504632_image2_1.jpg,1,image_sufficient,N/A,,2026-07-24T00:27:42.723Z,data/tourapi/candidates/busan/busan-integrated-candidates.csv,fe43388
busan-K-00021,동백공원,attraction,16,35.1536609221,129.1523226328,kto_tourapi,KorService2:128810:ko,KorService2:128810:ko,,,http://tong.visitkorea.or.kr/cms/resource/62/3575962_image2_1.jpg,1,image_sufficient,N/A,,2026-07-24T00:27:42.723Z,data/tourapi/candidates/busan/busan-integrated-candidates.csv,fe43388
busan-K-00022,금강식물원,attraction,2,35.2264763727,129.077063292,kto_tourapi,KorService2:128830:ko,KorService2:128830:ko,,,http://tong.visitkorea.or.kr/cms/resource/04/3070504_image2_1.JPG,1,image_sufficient,N/A,,2026-07-24T00:27:42.723Z,data/tourapi/candidates/busan/busan-integrated-candidates.csv,fe43388
busan-K-00023,홍법사(부산),attraction,2,35.3040405268,129.111010976,kto_tourapi,KorService2:128886:ko,KorService2:128886:ko,,,http://tong.visitkorea.or.kr/cms/resource/87/3561487_image2_1.jpg,1,image_sufficient,N/A,,2026-07-24T00:27:42.723Z,data/tourapi/candidates/busan/busan-integrated-candidates.csv,fe43388
busan-K-00024,송도마을,attraction,11,35.0789056952,129.0178502571,kto_tourapi,KorService2:129093:ko,KorService2:129093:ko,,,http://tong.visitkorea.or.kr/cms/resource/87/3476787_image2_1.jpg,1,image_sufficient,N/A,,2026-07-24T00:27:42.723Z,data/tourapi/candidates/busan/busan-integrated-candidates.csv,fe43388
busan-K-00025,금련산,attraction,12,35.1602230601,129.0974161159,kto_tourapi,KorService2:129140:ko,KorService2:129140:ko,,,http://tong.visitkorea.or.kr/cms/resource/43/3589743_image2_1.jpg,1,image_sufficient,N/A,,2026-07-24T00:27:42.723Z,data/tourapi/candidates/busan/busan-integrated-candidates.csv,fe43388
busan-K-00026,가덕도 등대,attraction,1,35.0006471157,128.8295937487,kto_tourapi,KorService2:129156:ko,KorService2:129156:ko,,,http://tong.visitkorea.or.kr/cms/resource/81/3342781_image2_1.jpg,1,image_sufficient,N/A,,2026-07-24T00:27:42.723Z,data/tourapi/candidates/busan/busan-integrated-candidates.csv,fe43388
busan-K-00027,죽도공원,attraction,16,35.1799561988,129.206133898,kto_tourapi,KorService2:129597:ko,KorService2:129597:ko,,,http://tong.visitkorea.or.kr/cms/resource/88/3019388_image2_1.JPG,2,image_sufficient,N/A,,2026-07-24T00:27:42.723Z,data/tourapi/candidates/busan/busan-integrated-candidates.csv,fe43388
busan-K-00028,경상좌수영성지,attraction,12,35.1743106361,129.1117117085,kto_tourapi,KorService2:129631:ko,KorService2:129631:ko,,,http://tong.visitkorea.or.kr/cms/resource/02/3476802_image2_1.jpg,1,image_sufficient,N/A,,2026-07-24T00:27:42.723Z,data/tourapi/candidates/busan/busan-integrated-candidates.csv,fe43388
busan-K-00029,부산문화회관,attraction,4,35.128507099,129.0937450823,kto_tourapi,KorService2:129725:ko,KorService2:129725:ko,,,http://tong.visitkorea.or.kr/cms/resource/68/3332668_image2_1.jpg,1,image_sufficient,N/A,,2026-07-24T00:27:42.723Z,data/tourapi/candidates/busan/busan-integrated-candidates.csv,fe43388
busan-K-00031,구덕민속예술관,attraction,11,35.1239756631,129.0185100829,kto_tourapi,KorService2:130200:ko,KorService2:130200:ko,,,http://tong.visitkorea.or.kr/cms/resource/42/2649742_image2_1.jpg,1,image_sufficient,N/A,,2026-07-24T00:27:42.723Z,data/tourapi/candidates/busan/busan-integrated-candidates.csv,fe43388
busan-K-00032,부산 강서문화원,attraction,1,35.2113235102,128.9805054495,kto_tourapi,KorService2:130216:ko,KorService2:130216:ko,,,http://tong.visitkorea.or.kr/cms/resource/88/3336488_image2_1.jpg,1,image_sufficient,N/A,,2026-07-24T00:27:42.723Z,data/tourapi/candidates/busan/busan-integrated-candidates.csv,fe43388
busan-K-00033,기장문화원,attraction,3,35.2353502842,129.2217032374,kto_tourapi,KorService2:130380:ko,KorService2:130380:ko,,,http://tong.visitkorea.or.kr/cms/resource/82/3476682_image2_1.jpg,1,image_sufficient,N/A,,2026-07-24T00:27:42.723Z,data/tourapi/candidates/busan/busan-integrated-candidates.csv,fe43388
busan-K-00034,동래문화원,attraction,6,35.2121198984,129.0905625108,kto_tourapi,KorService2:130381:ko,KorService2:130381:ko,,,http://tong.visitkorea.or.kr/cms/resource/41/3476741_image2_1.jpg,1,image_sufficient,N/A,,2026-07-24T00:27:42.723Z,data/tourapi/candidates/busan/busan-integrated-candidates.csv,fe43388
busan-K-00035,사상문화원,attraction,9,35.1476309123,128.994858718,kto_tourapi,KorService2:130382:ko,KorService2:130382:ko,,,,0,source_exhausted,N/A,,2026-07-24T00:27:42.723Z,data/tourapi/candidates/busan/busan-integrated-candidates.csv,fe43388
busan-K-00036,금정문화원,attraction,2,35.2473298892,129.0932140893,kto_tourapi,KorService2:130383:ko,KorService2:130383:ko,,,http://tong.visitkorea.or.kr/cms/resource/52/3336552_image2_1.jpg,1,image_sufficient,N/A,,2026-07-24T00:27:42.723Z,data/tourapi/candidates/busan/busan-integrated-candidates.csv,fe43388
busan-K-00037,조현화랑,attraction,16,35.1568860663,129.1795840631,kto_tourapi,KorService2:130642:ko,KorService2:130642:ko,,,http://tong.visitkorea.or.kr/cms/resource/85/3568585_image2_1.jpg,1,image_sufficient,N/A,,2026-07-24T00:27:42.723Z,data/tourapi/candidates/busan/busan-integrated-candidates.csv,fe43388
busan-K-00039,부산자유회관(부산통일관),attraction,7,35.1828751212,129.0455755619,kto_tourapi,KorService2:130737:ko,KorService2:130737:ko,,,http://tong.visitkorea.or.kr/cms/resource/42/3032342_image2_1.JPG,1,image_sufficient,N/A,,2026-07-24T00:27:42.723Z,data/tourapi/candidates/busan/busan-integrated-candidates.csv,fe43388
busan-K-00040,부산광역시립 명장도서관,attraction,6,35.200871455,129.1065697598,kto_tourapi,KorService2:130749:ko,KorService2:130749:ko,,,http://tong.visitkorea.or.kr/cms/resource/28/3476728_image2_1.jpg,1,image_sufficient,N/A,,2026-07-24T00:27:42.723Z,data/tourapi/candidates/busan/busan-integrated-candidates.csv,fe43388
busan-K-00041,부산광역시립 시민도서관,attraction,7,35.1828835404,129.0503001507,kto_tourapi,KorService2:130752:ko,KorService2:130752:ko,,,http://tong.visitkorea.or.kr/cms/resource/01/3336501_image2_1.jpg,1,image_sufficient,N/A,,2026-07-24T00:27:42.723Z,data/tourapi/candidates/busan/busan-integrated-candidates.csv,fe43388
busan-K-00043,부산광역시 영도도서관,attraction,14,35.0755014082,129.0660433825,kto_tourapi,KorService2:130793:ko,KorService2:130793:ko,,,http://tong.visitkorea.or.kr/cms/resource/44/3032044_image2_1.JPG,1,image_sufficient,N/A,,2026-07-24T00:27:42.723Z,data/tourapi/candidates/busan/busan-integrated-candidates.csv,fe43388
busan-K-00044,부산광역시립 중앙도서관,attraction,15,35.10999405,129.0269458417,kto_tourapi,KorService2:130795:ko,KorService2:130795:ko,,,http://tong.visitkorea.or.kr/cms/resource/29/3049829_image2_1.JPG,1,image_sufficient,N/A,,2026-07-24T00:27:42.723Z,data/tourapi/candidates/busan/busan-integrated-candidates.csv,fe43388
busan-K-00045,반여도서관,attraction,16,35.2020357183,129.1338451325,kto_tourapi,KorService2:130796:ko,KorService2:130796:ko,,,http://tong.visitkorea.or.kr/cms/resource/30/3081430_image2_1.JPG,1,image_sufficient,N/A,,2026-07-24T00:27:42.723Z,data/tourapi/candidates/busan/busan-integrated-candidates.csv,fe43388
busan-K-00046,부산광역시립 연산도서관,attraction,13,35.1861091721,129.1040120547,kto_tourapi,KorService2:130797:ko,KorService2:130797:ko,,,http://tong.visitkorea.or.kr/cms/resource/05/3343405_image2_1.jpg,1,image_sufficient,N/A,,2026-07-24T00:27:42.723Z,data/tourapi/candidates/busan/busan-integrated-candidates.csv,fe43388
busan-K-00047,부산 동구도서관,attraction,5,35.138088597,129.0524428566,kto_tourapi,KorService2:130798:ko,KorService2:130798:ko,,,http://tong.visitkorea.or.kr/cms/resource/48/3343348_image2_1.jpg,1,image_sufficient,N/A,,2026-07-24T00:27:42.723Z,data/tourapi/candidates/busan/busan-integrated-candidates.csv,fe43388
busan-K-00048,부산광역시 기장도서관,attraction,3,35.2497097044,129.2172810028,kto_tourapi,KorService2:130799:ko,KorService2:130799:ko,,,http://tong.visitkorea.or.kr/cms/resource/87/3476687_image2_1.jpg,1,image_sufficient,N/A,,2026-07-24T00:27:42.723Z,data/tourapi/candidates/busan/busan-integrated-candidates.csv,fe43388
busan-K-00049,부산점자도서관,attraction,9,35.17813018,128.9898027697,kto_tourapi,KorService2:130834:ko,KorService2:130834:ko,,,http://tong.visitkorea.or.kr/cms/resource/53/3338053_image2_1.jpg,1,image_sufficient,N/A,,2026-07-24T00:27:42.723Z,data/tourapi/candidates/busan/busan-integrated-candidates.csv,fe43388
busan-K-00050,용호동일대 바다낚시,nature,4,35.1335291572,129.1153208463,kto_tourapi,KorService2:131087:ko,KorService2:131087:ko,,,http://tong.visitkorea.or.kr/cms/resource/86/3496786_image2_1.jpg,1,image_sufficient,N/A,,2026-07-24T00:27:42.723Z,data/tourapi/candidates/busan/busan-integrated-candidates.csv,fe43388
busan-K-00051,부산광역시교육청학생인성교육원,attraction,2,35.2606108543,129.0456984184,kto_tourapi,KorService2:131146:ko,KorService2:131146:ko,,,http://tong.visitkorea.or.kr/cms/resource/61/2445261_image2_1.jpg,1,image_sufficient,N/A,,2026-07-24T00:27:42.723Z,data/tourapi/candidates/busan/busan-integrated-candidates.csv,fe43388
busan-K-00052,함지골청소년수련관,attraction,14,35.0744874138,129.0541777748,kto_tourapi,KorService2:131452:ko,KorService2:131452:ko,,,,0,source_exhausted,N/A,,2026-07-24T00:27:42.723Z,data/tourapi/candidates/busan/busan-integrated-candidates.csv,fe43388
busan-K-00053,영도관광실탄사격장,attraction,14,35.0735291869,129.0541194729,kto_tourapi,KorService2:131943:ko,KorService2:131943:ko,,,,0,source_exhausted,N/A,,2026-07-24T00:27:42.723Z,data/tourapi/candidates/busan/busan-integrated-candidates.csv,fe43388
busan-K-00054,남포동 지하도상가,attraction,15,35.0980149031,129.0306458464,kto_tourapi,KorService2:132187:ko,KorService2:132187:ko,,,http://tong.visitkorea.or.kr/cms/resource/25/3561825_image2_1.jpg,1,image_sufficient,N/A,,2026-07-24T00:27:42.723Z,data/tourapi/candidates/busan/busan-integrated-candidates.csv,fe43388
busan-K-00055,부전마켓타운,attraction,7,35.1624610334,129.0614025211,kto_tourapi,KorService2:132188:ko,KorService2:132188:ko,,,http://tong.visitkorea.or.kr/cms/resource/04/3070904_image2_1.JPG,2,image_sufficient,N/A,,2026-07-24T00:27:42.723Z,data/tourapi/candidates/busan/busan-integrated-candidates.csv,fe43388
busan-K-00056,부산진시장,attraction,5,35.1361805951,129.0587979118,kto_tourapi,KorService2:132189:ko,KorService2:132189:ko,,,http://tong.visitkorea.or.kr/cms/resource/33/3561833_image2_1.jpg,1,image_sufficient,N/A,,2026-07-24T00:27:42.723Z,data/tourapi/candidates/busan/busan-integrated-candidates.csv,fe43388
busan-K-00057,부산 자갈치시장,attraction,15,35.0966511661,129.0306042201,kto_tourapi,KorService2:132190:ko,KorService2:132190:ko,,,http://tong.visitkorea.or.kr/cms/resource/13/2941313_image2_1.bmp,1,image_sufficient,N/A,,2026-07-24T00:27:42.723Z,data/tourapi/candidates/busan/busan-integrated-candidates.csv,fe43388
busan-K-00058,국제시장,attraction,15,35.1016422372,129.0285792599,kto_tourapi,KorService2:132191:ko,KorService2:132191:ko,,,https://tong.visitkorea.or.kr/cms/resource_photo/07/2927807_image2_1.jpg,3,image_partial,operational_assumed,PG 3건 채택(주소 일치): src 2927807(primary·신창로4가 일원 정확 일치)·3406729·3406739(context·신창동4가 동 단위 일치·2024-09 전문 촬영),2026-07-24T00:27:42.723Z,data/tourapi/candidates/busan/busan-integrated-candidates.csv,fe43388
busan-K-00059,부산 자유도매시장,attraction,5,35.1410439821,129.0611336867,kto_tourapi,KorService2:132499:ko,KorService2:132499:ko,,,http://tong.visitkorea.or.kr/cms/resource/44/3561844_image2_1.jpg,1,image_sufficient,N/A,,2026-07-24T00:27:42.723Z,data/tourapi/candidates/busan/busan-integrated-candidates.csv,fe43388
busan-K-00060,부산 엄궁농산물도매시장,attraction,9,35.1287185796,128.9643091143,kto_tourapi,KorService2:132524:ko,KorService2:132524:ko,,,http://tong.visitkorea.or.kr/cms/resource/02/3071002_image2_1.JPG,1,image_sufficient,N/A,,2026-07-24T00:27:42.723Z,data/tourapi/candidates/busan/busan-integrated-candidates.csv,fe43388
busan-K-00061,부평동한복거리,attraction,15,35.1014505558,129.0265905492,kto_tourapi,KorService2:132550:ko,KorService2:132550:ko,,,http://tong.visitkorea.or.kr/cms/resource/44/3476844_image2_1.jpg,1,image_sufficient,N/A,,2026-07-24T00:27:42.723Z,data/tourapi/candidates/busan/busan-integrated-candidates.csv,fe43388
busan-K-00062,부산 중앙시장,attraction,7,35.1434103837,129.0611197346,kto_tourapi,KorService2:132572:ko,KorService2:132572:ko,,,http://tong.visitkorea.or.kr/cms/resource/23/3070923_image2_1.JPG,1,image_sufficient,N/A,,2026-07-24T00:27:42.723Z,data/tourapi/candidates/busan/busan-integrated-candidates.csv,fe43388
busan-K-00063,광복 지하도상가,attraction,15,35.0997620313,129.0361453203,kto_tourapi,KorService2:132574:ko,KorService2:132574:ko,,,http://tong.visitkorea.or.kr/cms/resource/55/3561855_image2_1.jpg,1,image_sufficient,N/A,,2026-07-24T00:27:42.723Z,data/tourapi/candidates/busan/busan-integrated-candidates.csv,fe43388
busan-K-00064,신동아 수산물시장,attraction,15,35.096851116,129.0290793478,kto_tourapi,KorService2:132576:ko,KorService2:132576:ko,,,http://tong.visitkorea.or.kr/cms/resource/63/3561863_image2_1.jpg,1,image_sufficient,N/A,,2026-07-24T00:27:42.723Z,data/tourapi/candidates/busan/busan-integrated-candidates.csv,fe43388
busan-K-00068,18번완당집,restaurant,15,35.0989841994,129.0284682315,kto_tourapi,KorService2:133525:ko,KorService2:133525:ko,,,,0,source_exhausted,N/A,,2026-07-24T00:27:42.723Z,data/tourapi/candidates/busan/busan-integrated-candidates.csv,fe43388
busan-K-00070,대궐안집,restaurant,9,35.1617263562,128.9840592735,kto_tourapi,KorService2:133997:ko,KorService2:133997:ko,,,,0,source_exhausted,N/A,,2026-07-24T00:27:42.723Z,data/tourapi/candidates/busan/busan-integrated-candidates.csv,fe43388
busan-K-00072,원조소문난산곰장어,restaurant,6,35.2206409979,129.081515842,kto_tourapi,KorService2:134718:ko,KorService2:134718:ko,,,,0,source_exhausted,N/A,,2026-07-24T00:27:42.723Z,data/tourapi/candidates/busan/busan-integrated-candidates.csv,fe43388
busan-K-00073,금문,restaurant,6,35.2218825305,129.0817935615,kto_tourapi,KorService2:134949:ko,KorService2:134949:ko,,,,0,source_exhausted,N/A,,2026-07-24T00:27:42.723Z,data/tourapi/candidates/busan/busan-integrated-candidates.csv,fe43388
busan-K-00074,산성청송가든,restaurant,2,35.2448405765,129.0552285771,kto_tourapi,KorService2:135004:ko,KorService2:135004:ko,,,,0,source_exhausted,N/A,,2026-07-24T00:27:42.723Z,data/tourapi/candidates/busan/busan-integrated-candidates.csv,fe43388
busan-K-00075,구덕민속촌,restaurant,9,35.1328603979,128.9977755336,kto_tourapi,KorService2:135287:ko,KorService2:135287:ko,,,,0,source_exhausted,N/A,,2026-07-24T00:27:42.723Z,data/tourapi/candidates/busan/busan-integrated-candidates.csv,fe43388
busan-K-00077,코모도 호텔 부산,accommodation,15,35.108816558,129.03530348,kto_tourapi,KorService2:142852:ko,KorService2:142852:ko,,,http://tong.visitkorea.or.kr/cms/resource/49/2722649_image2_1.JPG,1,image_sufficient,N/A,,2026-07-24T00:27:42.723Z,data/tourapi/candidates/busan/busan-integrated-candidates.csv,fe43388
busan-K-00078,파라다이스 호텔 부산,accommodation,16,35.1599409935,129.1641214339,kto_tourapi,KorService2:142853:ko,KorService2:142853:ko,,,http://tong.visitkorea.or.kr/cms/resource/55/3510355_image2_1.jpg,1,image_sufficient,N/A,,2026-07-24T00:27:42.723Z,data/tourapi/candidates/busan/busan-integrated-candidates.csv,fe43388
busan-K-00079,라메르호텔,accommodation,5,35.1405246178,129.062319709,kto_tourapi,KorService2:142861:ko,KorService2:142861:ko,,,http://tong.visitkorea.or.kr/cms/resource/71/3592171_image2_1.jpg,1,image_sufficient,N/A,,2026-07-24T00:27:42.723Z,data/tourapi/candidates/busan/busan-integrated-candidates.csv,fe43388
busan-K-00080,리베로호텔,accommodation,16,35.1624489933,129.161266058,kto_tourapi,KorService2:142978:ko,KorService2:142978:ko,,,http://tong.visitkorea.or.kr/cms/resource/37/3012137_image2_1.jpg,1,image_sufficient,N/A,,2026-07-24T00:27:42.723Z,data/tourapi/candidates/busan/busan-integrated-candidates.csv,fe43388
busan-K-00081,롯데호텔 부산,accommodation,7,35.1573337296,129.0559892441,kto_tourapi,KorService2:142998:ko,KorService2:142998:ko,,,http://tong.visitkorea.or.kr/cms/resource/02/3019302_image2_1.jpg,1,image_sufficient,N/A,,2026-07-24T00:27:42.723Z,data/tourapi/candidates/busan/busan-integrated-candidates.csv,fe43388
busan-K-00082,씨라이프부산아쿠아리움,attraction,16,35.159196575,129.1610328343,kto_tourapi,KorService2:229912:ko,KorService2:229912:ko,,,http://tong.visitkorea.or.kr/cms/resource/09/3020609_image2_1.jpg,1,image_sufficient,N/A,,2026-07-24T00:27:42.723Z,data/tourapi/candidates/busan/busan-integrated-candidates.csv,fe43388
busan-K-00083,부산 복천동 고분군,attraction,6,35.2068732659,129.0906820891,kto_tourapi,KorService2:231945:ko,KorService2:231945:ko,,,http://tong.visitkorea.or.kr/cms/resource/94/3083494_image2_1.JPG,2,image_sufficient,N/A,,2026-07-24T00:27:42.723Z,data/tourapi/candidates/busan/busan-integrated-candidates.csv,fe43388
busan-K-00084,망산도·유주암,attraction,1,35.0967250919,128.8209252451,kto_tourapi,KorService2:250424:ko,KorService2:250424:ko,,,http://tong.visitkorea.or.kr/cms/resource/91/3031391_image2_1.JPG,1,image_sufficient,N/A,,2026-07-24T00:27:42.723Z,data/tourapi/candidates/busan/busan-integrated-candidates.csv,fe43388
busan-K-00086,절영해안산책로,attraction,14,35.0812475294,129.0411870536,kto_tourapi,KorService2:252561:ko,KorService2:252561:ko,,,http://tong.visitkorea.or.kr/cms2/website/38/2443438.jpg,1,image_sufficient,N/A,,2026-07-27T00:48:20.955Z,data/tourapi/candidates/busan/busan-integrated-candidates.csv,fe43388
busan-K-00087,부산대교,attraction,14,35.0945765502,129.0388146742,kto_tourapi,KorService2:252562:ko,KorService2:252562:ko,,,http://tong.visitkorea.or.kr/cms/resource/75/3031875_image2_1.JPG,1,image_sufficient,N/A,,2026-07-24T00:27:42.723Z,data/tourapi/candidates/busan/busan-integrated-candidates.csv,fe43388
busan-K-00088,감천사(부산),attraction,13,35.1833036953,129.0912632411,kto_tourapi,KorService2:294452:ko,KorService2:294452:ko,,,http://tong.visitkorea.or.kr/cms/resource/20/3476820_image2_1.jpg,1,image_sufficient,N/A,,2026-07-24T00:27:42.723Z,data/tourapi/candidates/busan/busan-integrated-candidates.csv,fe43388
busan-K-00089,국청사(부산),attraction,2,35.2538895578,129.0549922383,kto_tourapi,KorService2:298099:ko,KorService2:298099:ko,,,http://tong.visitkorea.or.kr/cms/resource/82/3552382_image2_1.jpg,1,image_sufficient,N/A,,2026-07-24T00:27:42.723Z,data/tourapi/candidates/busan/busan-integrated-candidates.csv,fe43388
busan-K-00090,금수사(부산),attraction,5,35.1204207111,129.029678653,kto_tourapi,KorService2:298111:ko,KorService2:298111:ko,,,http://tong.visitkorea.or.kr/cms/resource/04/3561504_image2_1.jpg,1,image_sufficient,N/A,,2026-07-24T00:27:42.723Z,data/tourapi/candidates/busan/busan-integrated-candidates.csv,fe43388
busan-K-00091,금용암(부산),attraction,13,35.1916075512,129.049663856,kto_tourapi,KorService2:298112:ko,KorService2:298112:ko,,,http://tong.visitkorea.or.kr/cms/resource/77/3031277_image2_1.JPG,1,image_sufficient,N/A,,2026-07-24T00:27:42.723Z,data/tourapi/candidates/busan/busan-integrated-candidates.csv,fe43388
busan-K-00092,마하사(부산),attraction,13,35.1639058017,129.0876863061,kto_tourapi,KorService2:304695:ko,KorService2:304695:ko,,,http://tong.visitkorea.or.kr/cms/resource/32/3031232_image2_1.JPG,1,image_sufficient,N/A,,2026-07-24T00:27:42.723Z,data/tourapi/candidates/busan/busan-integrated-candidates.csv,fe43388
busan-K-00093,묘심사(부산),attraction,5,35.126761849,129.0395054026,kto_tourapi,KorService2:304811:ko,KorService2:304811:ko,,,http://tong.visitkorea.or.kr/cms/resource/32/3343332_image2_1.jpg,1,image_sufficient,N/A,,2026-07-24T00:27:42.723Z,data/tourapi/candidates/busan/busan-integrated-candidates.csv,fe43388
busan-K-00094,미륵사(부산),attraction,2,35.274006634,129.0489255467,kto_tourapi,KorService2:309293:ko,KorService2:309293:ko,,,http://tong.visitkorea.or.kr/cms/resource/99/2687599_image2_1.jpg,1,image_sufficient,N/A,,2026-07-24T00:27:42.723Z,data/tourapi/candidates/busan/busan-integrated-candidates.csv,fe43388
busan-K-00095,법륜사(부산),attraction,6,35.2036235793,129.0879435276,kto_tourapi,KorService2:309338:ko,KorService2:309338:ko,,,http://tong.visitkorea.or.kr/cms/resource/97/3081197_image2_1.JPG,1,image_sufficient,N/A,,2026-07-24T00:27:42.723Z,data/tourapi/candidates/busan/busan-integrated-candidates.csv,fe43388
busan-K-00096,성암사(부산),attraction,4,35.1456799238,129.0800957995,kto_tourapi,KorService2:319563:ko,KorService2:319563:ko,,,http://tong.visitkorea.or.kr/cms/resource/32/3070632_image2_1.JPG,1,image_sufficient,N/A,,2026-07-24T00:27:42.723Z,data/tourapi/candidates/busan/busan-integrated-candidates.csv,fe43388
busan-K-00097,안적사(부산),attraction,3,35.2142766822,129.169888882,kto_tourapi,KorService2:337415:ko,KorService2:337415:ko,,,http://tong.visitkorea.or.kr/cms/resource/81/3561181_image2_1.jpg,1,image_sufficient,N/A,,2026-07-24T00:27:42.723Z,data/tourapi/candidates/busan/busan-integrated-candidates.csv,fe43388
busan-K-00098,약수암(부산),attraction,9,35.1782275148,128.9965271813,kto_tourapi,KorService2:337435:ko,KorService2:337435:ko,,,http://tong.visitkorea.or.kr/cms/resource/80/3342880_image2_1.jpg,1,image_sufficient,N/A,,2026-07-24T00:27:42.723Z,data/tourapi/candidates/busan/busan-integrated-candidates.csv,fe43388
busan-K-00099,영주암(부산),attraction,12,35.1766545764,129.0986683346,kto_tourapi,KorService2:337532:ko,KorService2:337532:ko,,,http://tong.visitkorea.or.kr/cms/resource/17/3032417_image2_1.JPG,1,image_sufficient,N/A,,2026-07-24T00:27:42.723Z,data/tourapi/candidates/busan/busan-integrated-candidates.csv,fe43388
busan-K-00101,월명사(부산),attraction,3,35.269243617,129.2167499529,kto_tourapi,KorService2:347229:ko,KorService2:347229:ko,,,http://tong.visitkorea.or.kr/cms/resource/89/3561189_image2_1.jpg,1,image_sufficient,N/A,,2026-07-24T00:27:42.723Z,data/tourapi/candidates/busan/busan-integrated-candidates.csv,fe43388
busan-K-00102,토비코,restaurant,2,35.228867933,129.0857930213,kto_tourapi,KorService2:403929:ko,KorService2:403929:ko,,,,0,source_exhausted,N/A,,2026-07-24T00:27:42.723Z,data/tourapi/candidates/busan/busan-integrated-candidates.csv,fe43388
busan-K-00105,청량사(부산),attraction,1,35.117757865,128.9190855715,kto_tourapi,KorService2:482123:ko,KorService2:482123:ko,,,http://tong.visitkorea.or.kr/cms/resource/85/3041185_image2_1.JPG,1,image_sufficient,N/A,,2026-07-24T00:27:42.723Z,data/tourapi/candidates/busan/busan-integrated-candidates.csv,fe43388
busan-K-00106,남성관,restaurant,7,35.1622327711,129.0337549338,kto_tourapi,KorService2:574250:ko,KorService2:574250:ko,,,http://tong.visitkorea.or.kr/cms/resource/82/1982682_image2_1.jpg,1,image_sufficient,N/A,,2026-07-24T00:27:42.723Z,data/tourapi/candidates/busan/busan-integrated-candidates.csv,fe43388
busan-K-00107,아시아드 컨트리클럽,attraction,3,35.2872281487,129.2401863043,kto_tourapi,KorService2:576732:ko,KorService2:576732:ko,,,http://tong.visitkorea.or.kr/cms/resource/78/2444978_image2_1.jpg,1,image_sufficient,N/A,,2026-07-24T00:27:42.723Z,data/tourapi/candidates/busan/busan-integrated-candidates.csv,fe43388
busan-K-00109,아미산,restaurant,16,35.1581353515,129.1485450604,kto_tourapi,KorService2:688610:ko,KorService2:688610:ko,,,,0,source_exhausted,N/A,레스토랑 실존 확인(웹 2026-07-27). 소스 내 이미지 없음: KTO 공란·VB 별개 사업체(다온한정식)·PG 전량 무효(사하구 산악지역),2026-07-24T00:27:42.723Z,data/tourapi/candidates/busan/busan-integrated-candidates.csv,fe43388
busan-K-00110,신세계백화점 센텀시티점,attraction,16,35.1687865886,129.1297408475,kto_tourapi,KorService2:767084:ko,KorService2:767084:ko,,,http://tong.visitkorea.or.kr/cms/resource/17/3026417_image2_1.JPG,1,image_sufficient,N/A,,2026-07-24T00:27:42.723Z,data/tourapi/candidates/busan/busan-integrated-candidates.csv,fe43388
busan-K-00111,다대포 꿈의 낙조분수,attraction,10,35.0463945293,128.9680471374,kto_tourapi,KorService2:769761:ko,KorService2:769761:ko,,,http://tong.visitkorea.or.kr/cms/resource/08/3506208_image2_1.jpg,2,image_sufficient,N/A,,2026-07-24T00:27:42.723Z,data/tourapi/candidates/busan/busan-integrated-candidates.csv,fe43388
busan-K-00114,클라우드32,restaurant,16,35.1543912594,129.1449565859,kto_tourapi,KorService2:843489:ko,KorService2:843489:ko,,,http://tong.visitkorea.or.kr/cms/resource/35/3585635_image2_1.jpg,1,image_sufficient,N/A,,2026-07-24T00:27:42.723Z,data/tourapi/candidates/busan/busan-integrated-candidates.csv,fe43388
busan-K-00117,급행장,restaurant,7,35.1581031257,129.0580307117,kto_tourapi,KorService2:850093:ko,KorService2:850093:ko,,,,0,source_exhausted,N/A,,2026-07-24T00:27:42.723Z,data/tourapi/candidates/busan/busan-integrated-candidates.csv,fe43388
busan-K-00118,꺼먹동네횟집,restaurant,3,35.2985883478,129.2595731906,kto_tourapi,KorService2:850121:ko,KorService2:850121:ko,,,http://tong.visitkorea.or.kr/cms/resource/75/1902175_image2_1.jpg,1,image_sufficient,N/A,,2026-07-24T00:27:42.723Z,data/tourapi/candidates/busan/busan-integrated-candidates.csv,fe43388
busan-K-00119,다원,restaurant,7,35.1591363085,129.0561530695,kto_tourapi,KorService2:850217:ko,KorService2:850217:ko,,,,0,source_exhausted,N/A,,2026-07-24T00:27:42.723Z,data/tourapi/candidates/busan/busan-integrated-candidates.csv,fe43388
busan-K-00120,명수정,restaurant,2,35.2466271039,129.0885367382,kto_tourapi,KorService2:850466:ko,KorService2:850466:ko,,,,0,source_exhausted,N/A,,2026-07-24T00:27:42.723Z,data/tourapi/candidates/busan/busan-integrated-candidates.csv,fe43388
busan-K-00121,조방본가낙지,restaurant,7,35.1420660746,129.0602976198,kto_tourapi,KorService2:850558:ko,KorService2:850558:ko,,,,0,source_exhausted,N/A,,2026-07-24T00:27:42.723Z,data/tourapi/candidates/busan/busan-integrated-candidates.csv,fe43388
busan-K-00122,오사카,restaurant,10,35.1004109631,128.9820222326,kto_tourapi,KorService2:850847:ko,KorService2:850847:ko,,,,0,source_exhausted,N/A,,2026-07-24T00:27:42.723Z,data/tourapi/candidates/busan/busan-integrated-candidates.csv,fe43388
busan-K-00123,외식1번가,restaurant,16,35.1663954099,129.1416454336,kto_tourapi,KorService2:850880:ko,KorService2:850880:ko,,,,0,source_exhausted,N/A,,2026-07-24T00:27:42.723Z,data/tourapi/candidates/busan/busan-integrated-candidates.csv,fe43388
busan-K-00124,용궁해물야채쟁반짜장,restaurant,3,35.1940437818,129.2207489054,kto_tourapi,KorService2:850891:ko,KorService2:850891:ko,,,,0,source_exhausted,N/A,,2026-07-24T00:27:42.723Z,data/tourapi/candidates/busan/busan-integrated-candidates.csv,fe43388
busan-K-00125,원조 범일동 매떡,restaurant,7,35.1440852924,129.0602642345,kto_tourapi,KorService2:850932:ko,KorService2:850932:ko,,,,0,source_exhausted,N/A,,2026-07-24T00:27:42.723Z,data/tourapi/candidates/busan/busan-integrated-candidates.csv,fe43388
busan-K-00126,장성향,restaurant,5,35.1135771812,129.0377225842,kto_tourapi,KorService2:851073:ko,KorService2:851073:ko,,,,0,source_exhausted,N/A,,2026-07-24T00:27:42.723Z,data/tourapi/candidates/busan/busan-integrated-candidates.csv,fe43388
busan-K-00127,정림전통한정식,restaurant,6,35.2030402602,129.0851937831,kto_tourapi,KorService2:851104:ko,KorService2:851104:ko,,,http://tong.visitkorea.or.kr/cms/resource/60/3048860_image2_1.JPG,1,image_sufficient,N/A,,2026-07-24T00:27:42.723Z,data/tourapi/candidates/busan/busan-integrated-candidates.csv,fe43388
busan-K-00128,상국이네,restaurant,16,35.1620074073,129.1629548127,kto_tourapi,KorService2:851286:ko,KorService2:851286:ko,,,,0,source_exhausted,N/A,,2026-07-24T00:27:42.723Z,data/tourapi/candidates/busan/busan-integrated-candidates.csv,fe43388
busan-K-00129,신센,restaurant,12,35.1468804084,129.11359563,kto_tourapi,KorService2:851832:ko,KorService2:851832:ko,,,http://tong.visitkorea.or.kr/cms/resource/65/1867165_image2_1.jpg,1,image_sufficient,N/A,,2026-07-24T00:27:42.723Z,data/tourapi/candidates/busan/busan-integrated-candidates.csv,fe43388
busan-K-00130,문화쌈밥,restaurant,4,35.1287570602,129.0931951234,kto_tourapi,KorService2:851907:ko,KorService2:851907:ko,,,,0,source_exhausted,N/A,,2026-07-24T00:27:42.723Z,data/tourapi/candidates/busan/busan-integrated-candidates.csv,fe43388
busan-K-00131,일품한우,restaurant,16,35.1602575377,129.1594329447,kto_tourapi,KorService2:851955:ko,KorService2:851955:ko,,,,0,source_exhausted,N/A,,2026-07-24T00:27:42.723Z,data/tourapi/candidates/busan/busan-integrated-candidates.csv,fe43388
busan-K-00133,미술의거리,attraction,15,35.1006395595,129.0279265666,kto_tourapi,KorService2:985921:ko,KorService2:985921:ko,,,http://tong.visitkorea.or.kr/cms/resource/89/3552989_image2_1.jpg,1,image_sufficient,N/A,,2026-07-24T00:27:42.723Z,data/tourapi/candidates/busan/busan-integrated-candidates.csv,fe43388
busan-K-00134,남포동건어물도매시장,attraction,15,35.097345605,129.034523305,kto_tourapi,KorService2:986063:ko,KorService2:986063:ko,,,http://tong.visitkorea.or.kr/cms/resource/14/3561914_image2_1.jpg,1,image_sufficient,N/A,,2026-07-24T00:27:42.723Z,data/tourapi/candidates/busan/busan-integrated-candidates.csv,fe43388
busan-K-00135,해운대 동백섬,attraction,16,35.153991438,129.1521809693,kto_tourapi,KorService2:987810:ko,KorService2:987810:ko,,,http://tong.visitkorea.or.kr/cms/resource/47/3350847_image2_1.jpg,2,image_sufficient,N/A,,2026-07-24T00:27:42.723Z,data/tourapi/candidates/busan/busan-integrated-candidates.csv,fe43388
busan-K-00136,광주요,attraction,16,35.1688671344,129.1297464005,kto_tourapi,KorService2:1013112:ko,KorService2:1013112:ko,,,http://tong.visitkorea.or.kr/cms/resource/53/1016353_image2_1.jpg,1,image_sufficient,N/A,,2026-07-24T00:27:42.723Z,data/tourapi/candidates/busan/busan-integrated-candidates.csv,fe43388
busan-K-00137,아이하시 (수제젓가락공예),attraction,15,35.1024004807,129.028312596,kto_tourapi,KorService2:1013461:ko,KorService2:1013461:ko,,,http://tong.visitkorea.or.kr/cms/resource/87/1015987_image2_1.jpg,1,image_sufficient,N/A,,2026-07-24T00:27:42.723Z,data/tourapi/candidates/busan/busan-integrated-candidates.csv,fe43388
busan-K-00138,만물의거리,attraction,15,35.0996507962,129.0286987483,kto_tourapi,KorService2:1013694:ko,KorService2:1013694:ko,,,http://tong.visitkorea.or.kr/cms/resource/19/3561919_image2_1.jpg,1,image_sufficient,N/A,,2026-07-24T00:27:42.723Z,data/tourapi/candidates/busan/busan-integrated-candidates.csv,fe43388
busan-K-00139,아리랑거리,attraction,15,35.100281283,129.0287931674,kto_tourapi,KorService2:1013709:ko,KorService2:1013709:ko,,,http://tong.visitkorea.or.kr/cms/resource/26/3561926_image2_1.jpg,1,image_sufficient,N/A,,2026-07-24T00:27:42.723Z,data/tourapi/candidates/busan/busan-integrated-candidates.csv,fe43388
busan-K-00140,조명의거리,attraction,15,35.0996591215,129.0283348915,kto_tourapi,KorService2:1013721:ko,KorService2:1013721:ko,,,http://tong.visitkorea.or.kr/cms/resource/33/3561933_image2_1.jpg,1,image_sufficient,N/A,,2026-07-24T00:27:42.723Z,data/tourapi/candidates/busan/busan-integrated-candidates.csv,fe43388
busan-K-00141,국제시장 먹자골목,attraction,15,35.1011311741,129.0280793175,kto_tourapi,KorService2:1018702:ko,KorService2:1018702:ko,,,http://tong.visitkorea.or.kr/cms/resource/30/3476830_image2_1.jpg,1,image_sufficient,N/A,,2026-07-24T00:27:42.723Z,data/tourapi/candidates/busan/busan-integrated-candidates.csv,fe43388
busan-K-00142,센텀시티 아이스링크,attraction,16,35.1688560217,129.129551973,kto_tourapi,KorService2:1019616:ko,KorService2:1019616:ko,,,http://tong.visitkorea.or.kr/cms/resource/63/3544863_image2_1.JPEG,2,image_sufficient,N/A,,2026-07-24T00:27:42.723Z,data/tourapi/candidates/busan/busan-integrated-candidates.csv,fe43388
busan-K-00143,영도다리축제,event,14,35.0786013237,129.0802726164,kto_tourapi,KorService2:1080734:ko,KorService2:1080734:ko,,,http://tong.visitkorea.or.kr/cms/resource/90/3561790_image2_1.jpg,1,image_sufficient,N/A,,2026-07-24T00:27:42.723Z,data/tourapi/candidates/busan/busan-integrated-candidates.csv,fe43388
busan-K-00144,스포원파크재난안전체험관,attraction,2,35.2918223435,129.1051090492,kto_tourapi,KorService2:1082315:ko,KorService2:1082315:ko,,,http://tong.visitkorea.or.kr/cms/resource/12/2504712_image2_1.jpg,1,image_sufficient,N/A,,2026-07-24T00:27:42.723Z,data/tourapi/candidates/busan/busan-integrated-candidates.csv,fe43388
busan-K-00145,송정전통재래시장,attraction,3,35.3047987868,129.1116442329,kto_tourapi,KorService2:1117817:ko,KorService2:1117817:ko,,,http://tong.visitkorea.or.kr/cms/resource/24/3070624_image2_1.JPG,1,image_sufficient,N/A,,2026-07-24T00:27:42.723Z,data/tourapi/candidates/busan/busan-integrated-candidates.csv,fe43388
busan-K-00146,토요코인호텔 부산서면,accommodation,7,35.1580060259,129.0640801887,kto_tourapi,KorService2:1162526:ko,KorService2:1162526:ko,,,http://tong.visitkorea.or.kr/cms/resource/49/3476749_image2_1.jpg,1,image_sufficient,N/A,,2026-07-24T00:27:42.723Z,data/tourapi/candidates/busan/busan-integrated-candidates.csv,fe43388
busan-K-00147,부산 센트럴호텔,accommodation,13,35.1877669046,129.0815722951,kto_tourapi,KorService2:1215432:ko,KorService2:1215432:ko,,,http://tong.visitkorea.or.kr/cms/resource/01/2640501_image2_1.jpg,1,image_sufficient,N/A,,2026-07-24T00:27:42.723Z,data/tourapi/candidates/busan/busan-integrated-candidates.csv,fe43388
busan-K-00148,구포시장,attraction,8,35.2087575605,129.0037896031,kto_tourapi,KorService2:1250885:ko,KorService2:1250885:ko,,,http://tong.visitkorea.or.kr/cms/resource/38/3081238_image2_1.JPG,1,image_sufficient,N/A,,2026-07-24T00:27:42.723Z,data/tourapi/candidates/busan/busan-integrated-candidates.csv,fe43388
busan-K-00150,초원농원,restaurant,9,35.1922756903,128.9829474247,kto_tourapi,KorService2:1280921:ko,KorService2:1280921:ko,,,,0,source_exhausted,N/A,,2026-07-24T00:27:42.723Z,data/tourapi/candidates/busan/busan-integrated-candidates.csv,fe43388
busan-K-00151,부산 르네시떼,attraction,9,35.1638537784,128.9776597721,kto_tourapi,KorService2:1303697:ko,KorService2:1303697:ko,,,http://tong.visitkorea.or.kr/cms/resource/72/3476772_image2_1.jpg,1,image_sufficient,N/A,,2026-07-24T00:27:42.723Z,data/tourapi/candidates/busan/busan-integrated-candidates.csv,fe43388
busan-K-00152,구서오시게시장,attraction,2,35.2473742654,129.0898032743,kto_tourapi,KorService2:1303759:ko,KorService2:1303759:ko,,,http://tong.visitkorea.or.kr/cms/resource/75/1982175_image2_1.jpg,1,image_sufficient,N/A,,2026-07-24T00:27:42.723Z,data/tourapi/candidates/busan/busan-integrated-candidates.csv,fe43388
busan-K-00153,남천 해변시장,attraction,12,35.1392728438,129.1090851202,kto_tourapi,KorService2:1303784:ko,KorService2:1303784:ko,,,http://tong.visitkorea.or.kr/cms/resource/58/3071058_image2_1.JPG,1,image_sufficient,N/A,,2026-07-24T00:27:42.723Z,data/tourapi/candidates/busan/busan-integrated-candidates.csv,fe43388
busan-K-00154,해운대 로데오거리,attraction,16,35.1634129289,129.1696430809,kto_tourapi,KorService2:1304431:ko,KorService2:1304431:ko,,,http://tong.visitkorea.or.kr/cms/resource/95/3032195_image2_1.JPG,1,image_sufficient,N/A,,2026-07-24T00:27:42.723Z,data/tourapi/candidates/busan/busan-integrated-candidates.csv,fe43388
busan-K-00155,좌천동 가구거리,attraction,5,35.1351167823,129.0564925856,kto_tourapi,KorService2:1304515:ko,KorService2:1304515:ko,,,http://tong.visitkorea.or.kr/cms/resource/13/3552613_image2_1.jpg,1,image_sufficient,N/A,,2026-07-24T00:27:42.723Z,data/tourapi/candidates/busan/busan-integrated-candidates.csv,fe43388
busan-K-00157,부산고등어축제,event,11,35.0768587065,129.0180752934,kto_tourapi,KorService2:1399532:ko,KorService2:1399532:ko,,,http://tong.visitkorea.or.kr/cms/resource/36/3547136_image2_1.jpg,1,image_sufficient,N/A,,2026-07-24T00:27:42.723Z,data/tourapi/candidates/busan/busan-integrated-candidates.csv,fe43388
busan-K-00158,이비스 앰배서더 부산 시티센터,accommodation,7,35.1618722189,129.0618719415,kto_tourapi,KorService2:1428723:ko,KorService2:1428723:ko,,,http://tong.visitkorea.or.kr/cms/resource/99/3509899_image2_1.png,1,image_sufficient,N/A,,2026-07-24T00:27:42.723Z,data/tourapi/candidates/busan/busan-integrated-candidates.csv,fe43388
busan-K-00159,부산대학교 박물관,attraction,2,35.2333923163,129.0798600805,kto_tourapi,KorService2:1607138:ko,KorService2:1607138:ko,,,http://tong.visitkorea.or.kr/cms/resource/13/3332613_image2_1.jpg,1,image_sufficient,N/A,,2026-07-24T00:27:42.723Z,data/tourapi/candidates/busan/busan-integrated-candidates.csv,fe43388
busan-K-00160,보광사(부산),attraction,5,35.1408826262,129.0468821528,kto_tourapi,KorService2:1607242:ko,KorService2:1607242:ko,,,http://tong.visitkorea.or.kr/cms/resource/04/3552504_image2_1.jpg,1,image_sufficient,N/A,,2026-07-24T00:27:42.723Z,data/tourapi/candidates/busan/busan-integrated-candidates.csv,fe43388
busan-K-00161,소림사(부산),attraction,5,35.1177378193,129.0373336157,kto_tourapi,KorService2:1607335:ko,KorService2:1607335:ko,,,http://tong.visitkorea.or.kr/cms/resource/09/3561509_image2_1.jpg,1,image_sufficient,N/A,,2026-07-24T00:27:42.723Z,data/tourapi/candidates/busan/busan-integrated-candidates.csv,fe43388
busan-K-00163,금강사(부산),attraction,6,35.2250098725,129.0771855435,kto_tourapi,KorService2:1607440:ko,KorService2:1607440:ko,,,http://tong.visitkorea.or.kr/cms/resource/14/3561514_image2_1.jpg,1,image_sufficient,N/A,,2026-07-24T00:27:42.723Z,data/tourapi/candidates/busan/busan-integrated-candidates.csv,fe43388
busan-K-00164,태종사,attraction,14,35.0560095813,129.0897751849,kto_tourapi,KorService2:1608751:ko,KorService2:1608751:ko,,,http://tong.visitkorea.or.kr/cms/resource/87/3552687_image2_1.jpg,2,image_sufficient,N/A,,2026-07-24T00:27:42.723Z,data/tourapi/candidates/busan/busan-integrated-candidates.csv,fe43388
busan-K-00165,북구문화예술회관 공연장,attraction,8,35.2134515157,129.0057670798,kto_tourapi,KorService2:1747913:ko,KorService2:1747913:ko,,,http://tong.visitkorea.or.kr/cms/resource/87/3343387_image2_1.jpg,1,image_sufficient,N/A,,2026-07-24T00:27:42.723Z,data/tourapi/candidates/busan/busan-integrated-candidates.csv,fe43388
busan-K-00166,을숙도문화회관,attraction,10,35.1099925394,128.944764103,kto_tourapi,KorService2:1748028:ko,KorService2:1748028:ko,,,http://tong.visitkorea.or.kr/cms/resource/99/3029299_image2_1.JPG,2,image_sufficient,N/A,,2026-07-24T00:27:42.723Z,data/tourapi/candidates/busan/busan-integrated-candidates.csv,fe43388
busan-K-00167,해운대문화회관,attraction,16,35.1711815853,129.1740313744,kto_tourapi,KorService2:1748157:ko,KorService2:1748157:ko,,,http://tong.visitkorea.or.kr/cms/resource/27/3026627_image2_1.JPG,1,image_sufficient,N/A,,2026-07-24T00:27:42.723Z,data/tourapi/candidates/busan/busan-integrated-candidates.csv,fe43388
busan-K-00169,일번지자갈치산곰장어,restaurant,16,35.1610408317,129.1620465848,kto_tourapi,KorService2:1805656:ko,KorService2:1805656:ko,,,,0,source_exhausted,N/A,,2026-07-24T00:27:42.723Z,data/tourapi/candidates/busan/busan-integrated-candidates.csv,fe43388
busan-K-00170,해동횟집,restaurant,3,35.2250432656,129.2302916643,kto_tourapi,KorService2:1805792:ko,KorService2:1805792:ko,,,,0,source_exhausted,N/A,,2026-07-24T00:27:42.723Z,data/tourapi/candidates/busan/busan-integrated-candidates.csv,fe43388
busan-K-00171,수민이네,restaurant,16,35.1606275259,129.1909968571,kto_tourapi,KorService2:1805853:ko,KorService2:1805853:ko,,,,0,source_exhausted,N/A,,2026-07-24T00:27:42.723Z,data/tourapi/candidates/busan/busan-integrated-candidates.csv,fe43388
busan-K-00172,속시원한 대구탕,restaurant,16,35.1610190212,129.1841196663,kto_tourapi,KorService2:1805861:ko,KorService2:1805861:ko,,,http://tong.visitkorea.or.kr/cms/resource/88/3049888_image2_1.JPG,1,image_sufficient,N/A,,2026-07-24T00:27:42.723Z,data/tourapi/candidates/busan/busan-integrated-candidates.csv,fe43388
busan-K-00173,아델라7,restaurant,16,35.1734230535,129.1768644,kto_tourapi,KorService2:1826034:ko,KorService2:1826034:ko,,,,0,source_exhausted,N/A,,2026-07-24T00:27:42.723Z,data/tourapi/candidates/busan/busan-integrated-candidates.csv,fe43388
busan-K-00174,남도해양열차 에스트레인(S-train),attraction,5,35.1152715223,129.0424332391,kto_tourapi,KorService2:1846830:ko,KorService2:1846830:ko,,,http://tong.visitkorea.or.kr/cms/resource/78/3070878_image2_1.JPG,1,image_sufficient,N/A,,2026-07-24T00:27:42.723Z,data/tourapi/candidates/busan/busan-integrated-candidates.csv,fe43388
busan-K-00175,부전돼지국밥,restaurant,9,35.1642344065,128.9839369933,kto_tourapi,KorService2:1855868:ko,KorService2:1855868:ko,,,,0,source_exhausted,N/A,,2026-07-24T00:27:42.723Z,data/tourapi/candidates/busan/busan-integrated-candidates.csv,fe43388
busan-K-00176,부평깡통시장,attraction,15,35.1015921962,129.0260517037,kto_tourapi,KorService2:1878218:ko,KorService2:1878218:ko,,,http://tong.visitkorea.or.kr/cms/resource/70/3561970_image2_1.jpg,1,image_sufficient,N/A,,2026-07-24T00:27:42.723Z,data/tourapi/candidates/busan/busan-integrated-candidates.csv,fe43388
busan-K-00177,[부산 갈맷길] 2코스 2구간,nature,16,35.1618263079,129.13252413,kto_tourapi,KorService2:1878262:ko,KorService2:1878262:ko,,,http://tong.visitkorea.or.kr/cms/resource/12/3575912_image2_1.jpg,1,image_sufficient,N/A,,2026-07-24T00:27:42.723Z,data/tourapi/candidates/busan/busan-integrated-candidates.csv,fe43388
busan-K-00186,가톨릭 특성화 거리,attraction,2,35.2434553947,129.097038863,kto_tourapi,KorService2:1935608:ko,KorService2:1935608:ko,,,http://tong.visitkorea.or.kr/cms/resource/44/3552344_image2_1.jpg,1,image_sufficient,N/A,,2026-07-24T00:27:42.723Z,data/tourapi/candidates/busan/busan-integrated-candidates.csv,fe43388
busan-K-00187,대각사(부산),attraction,15,35.1010840062,129.0307152012,kto_tourapi,KorService2:1942233:ko,KorService2:1942233:ko,,,http://tong.visitkorea.or.kr/cms/resource/39/3049439_image2_1.JPG,1,image_sufficient,N/A,,2026-07-24T00:27:42.723Z,data/tourapi/candidates/busan/busan-integrated-candidates.csv,fe43388
busan-K-00188,초량교회,attraction,5,35.1171434347,129.0369614421,kto_tourapi,KorService2:1942239:ko,KorService2:1942239:ko,,,http://tong.visitkorea.or.kr/cms/resource/14/3343314_image2_1.jpg,1,image_sufficient,N/A,,2026-07-24T00:27:42.723Z,data/tourapi/candidates/busan/busan-integrated-candidates.csv,fe43388
busan-K-00189,수리조선소길,attraction,14,35.0923794753,129.033490197,kto_tourapi,KorService2:1942253:ko,KorService2:1942253:ko,,,http://tong.visitkorea.or.kr/cms/resource/19/3031919_image2_1.JPG,1,image_sufficient,N/A,,2026-07-24T00:27:42.723Z,data/tourapi/candidates/busan/busan-integrated-candidates.csv,fe43388
busan-K-00190,남항시장,attraction,14,35.0889216911,129.0422784164,kto_tourapi,KorService2:1942298:ko,KorService2:1942298:ko,,,http://tong.visitkorea.or.kr/cms/resource/45/3026245_image2_1.JPG,1,image_sufficient,N/A,,2026-07-24T00:27:42.723Z,data/tourapi/candidates/busan/busan-integrated-candidates.csv,fe43388
busan-K-00191,남선창고터,attraction,5,35.1167962983,129.0395112298,kto_tourapi,KorService2:1942299:ko,KorService2:1942299:ko,,,http://tong.visitkorea.or.kr/cms/resource/79/3070879_image2_1.JPG,1,image_sufficient,N/A,,2026-07-24T00:27:42.723Z,data/tourapi/candidates/busan/busan-integrated-candidates.csv,fe43388
busan-K-00192,이바구공작소,attraction,5,35.1171267121,129.0338450468,kto_tourapi,KorService2:1942314:ko,KorService2:1942314:ko,,,http://tong.visitkorea.or.kr/cms/resource/29/2735629_image2_1.jpg,1,image_sufficient,N/A,,2026-07-24T00:27:42.723Z,data/tourapi/candidates/busan/busan-integrated-candidates.csv,fe43388
busan-K-00193,영도봉래시장,attraction,14,35.0927462941,129.0439559432,kto_tourapi,KorService2:1942316:ko,KorService2:1942316:ko,,,http://tong.visitkorea.or.kr/cms/resource/73/3026273_image2_1.JPG,1,image_sufficient,N/A,,2026-07-24T00:27:42.723Z,data/tourapi/candidates/busan/busan-integrated-candidates.csv,fe43388
busan-K-00194,관수옥과 초량왜관 터,attraction,15,35.1005396593,129.0327483723,kto_tourapi,KorService2:1942348:ko,KorService2:1942348:ko,,,http://tong.visitkorea.or.kr/cms/resource/24/3049224_image2_1.JPG,1,image_sufficient,N/A,,2026-07-24T00:27:42.723Z,data/tourapi/candidates/busan/busan-integrated-candidates.csv,fe43388
busan-K-00199,장기려기념 더 나눔센터,attraction,5,35.1185793062,129.0327117725,kto_tourapi,KorService2:1945293:ko,KorService2:1945293:ko,,,http://tong.visitkorea.or.kr/cms/resource/67/3070867_image2_1.JPG,1,image_sufficient,N/A,,2026-07-24T00:27:42.723Z,data/tourapi/candidates/busan/busan-integrated-candidates.csv,fe43388
busan-K-00200,기장향교,attraction,3,35.2578421006,129.2158836772,kto_tourapi,KorService2:1953936:ko,KorService2:1953936:ko,,,http://tong.visitkorea.or.kr/cms/resource/38/3534938_image2_1.png,2,image_sufficient,N/A,,2026-07-24T00:27:42.723Z,data/tourapi/candidates/busan/busan-integrated-candidates.csv,fe43388
busan-K-00201,용두산 자갈치 관광특구,attraction,15,35.0966650543,129.0306014426,kto_tourapi,KorService2:1957694:ko,KorService2:1957694:ko,,,http://tong.visitkorea.or.kr/cms/resource/46/3049246_image2_1.JPG,1,image_sufficient,N/A,,2026-07-24T00:27:42.723Z,data/tourapi/candidates/busan/busan-integrated-candidates.csv,fe43388
busan-K-00202,부산 자갈치 양곱창 골목,attraction,15,35.0973677005,129.0277461155,kto_tourapi,KorService2:1960620:ko,KorService2:1960620:ko,,,http://tong.visitkorea.or.kr/cms/resource/37/3049537_image2_1.JPG,1,image_sufficient,N/A,,2026-07-24T00:27:42.723Z,data/tourapi/candidates/busan/busan-integrated-candidates.csv,fe43388
busan-K-00203,롯데프리미엄아울렛 동부산점,attraction,3,35.1922299485,129.2127940917,kto_tourapi,KorService2:1993017:ko,KorService2:1993017:ko,,,http://tong.visitkorea.or.kr/cms/resource/51/3070551_image2_1.JPG,1,image_sufficient,N/A,,2026-07-24T00:27:42.723Z,data/tourapi/candidates/busan/busan-integrated-candidates.csv,fe43388
busan-K-00204,대한민국 국제해양레저위크(KIMA WEEK),event,10,35.0572211857,128.9729408629,kto_tourapi,KorService2:2019366:ko,KorService2:2019366:ko,,,http://tong.visitkorea.or.kr/cms/resource/21/2553821_image2_1.jpg,1,image_sufficient,N/A,,2026-07-24T00:27:42.723Z,data/tourapi/candidates/busan/busan-integrated-candidates.csv,fe43388
busan-K-00206,사상강변축제,event,9,35.168939243,128.9735266606,kto_tourapi,KorService2:2032436:ko,KorService2:2032436:ko,,,http://tong.visitkorea.or.kr/cms/resource/40/3539740_image2_1.png,1,image_sufficient,N/A,,2026-07-24T00:27:42.723Z,data/tourapi/candidates/busan/busan-integrated-candidates.csv,fe43388
busan-K-00210,코오롱 씨클라우드 호텔,accommodation,16,35.1604686777,129.1622688032,kto_tourapi,KorService2:2039866:ko,KorService2:2039866:ko,,,http://tong.visitkorea.or.kr/cms/resource/09/3544809_image2_1.jpg,1,image_sufficient,N/A,,2026-07-24T00:27:42.723Z,data/tourapi/candidates/busan/busan-integrated-candidates.csv,fe43388
busan-K-00211,해운대 빛축제,event,16,35.1595354549,129.1626049105,kto_tourapi,KorService2:2048902:ko,KorService2:2048902:ko,,,http://tong.visitkorea.or.kr/cms/resource/12/3576412_image2_1.jpg,1,image_sufficient,N/A,,2026-07-24T00:27:42.723Z,data/tourapi/candidates/busan/busan-integrated-candidates.csv,fe43388
busan-K-00213,호텔포레 더 스파,accommodation,5,35.1226151856,129.0446439572,kto_tourapi,KorService2:2378912:ko,KorService2:2378912:ko,,,http://tong.visitkorea.or.kr/cms/resource/39/3095139_image2_1.jpg,1,image_sufficient,N/A,,2026-07-24T00:27:42.723Z,data/tourapi/candidates/busan/busan-integrated-candidates.csv,fe43388
busan-K-00215,부산영화촬영스튜디오,attraction,16,35.1625180008,129.1380958485,kto_tourapi,KorService2:2381553:ko,KorService2:2381553:ko,,,http://tong.visitkorea.or.kr/cms/resource/73/3337973_image2_1.jpg,1,image_sufficient,N/A,,2026-07-24T00:27:42.723Z,data/tourapi/candidates/busan/busan-integrated-candidates.csv,fe43388
busan-K-00216,문탠로드,nature,16,35.1574970351,129.1756010591,kto_tourapi,KorService2:2381567:ko,KorService2:2381567:ko,,,http://tong.visitkorea.or.kr/cms/resource/35/3575935_image2_1.jpg,1,image_sufficient,N/A,,2026-07-24T00:27:42.723Z,data/tourapi/candidates/busan/busan-integrated-candidates.csv,fe43388
busan-K-00218,아홉산숲,attraction,3,35.2871407693,129.1715589466,kto_tourapi,KorService2:2385686:ko,KorService2:2385686:ko,,,http://tong.visitkorea.or.kr/cms/resource/91/3309791_image2_1.jpg,2,image_sufficient,N/A,,2026-07-24T00:27:42.723Z,data/tourapi/candidates/busan/busan-integrated-candidates.csv,fe43388
busan-K-00220,렛츠런파크 부산경남,attraction,1,35.1546447184,128.8819239173,kto_tourapi,KorService2:2456224:ko,KorService2:2456224:ko,,,http://tong.visitkorea.or.kr/cms/resource/39/3350939_image2_1.jpg,1,image_sufficient,N/A,,2026-07-24T00:27:42.723Z,data/tourapi/candidates/busan/busan-integrated-candidates.csv,fe43388
busan-K-00221,부산 영화의 전당,attraction,16,35.170794647,129.1270576924,kto_tourapi,KorService2:2456837:ko,KorService2:2456837:ko,,,http://tong.visitkorea.or.kr/cms/resource/52/3035052_image2_1.jpg,1,image_sufficient,N/A,,2026-07-24T00:27:42.723Z,data/tourapi/candidates/busan/busan-integrated-candidates.csv,fe43388
busan-K-00222,삼진어묵 체험·역사과학관,attraction,14,35.0928101531,129.0427254928,kto_tourapi,KorService2:2470024:ko,KorService2:2470024:ko,,,http://tong.visitkorea.or.kr/cms/resource/64/3399264_image2_1.jpg,1,image_sufficient,N/A,,2026-07-24T00:27:42.723Z,data/tourapi/candidates/busan/busan-integrated-candidates.csv,fe43388
busan-K-00223,키자니아 부산,attraction,16,35.1699003261,129.1283187187,kto_tourapi,KorService2:2496023:ko,KorService2:2496023:ko,,,http://tong.visitkorea.or.kr/cms/resource/33/3526933_image2_1.jpg,1,image_sufficient,N/A,,2026-07-24T00:27:42.723Z,data/tourapi/candidates/busan/busan-integrated-candidates.csv,fe43388
busan-K-00224,아난티 앳 부산 코브,accommodation,3,35.1979934802,129.2283259162,kto_tourapi,KorService2:2503780:ko,KorService2:2503780:ko,,,http://tong.visitkorea.or.kr/cms/resource/21/3512521_image2_1.jpg,1,image_sufficient,N/A,,2026-07-24T00:27:42.723Z,data/tourapi/candidates/busan/busan-integrated-candidates.csv,fe43388
busan-K-00225,부산 송도해상케이블카,attraction,11,35.0766810472,129.0234248332,kto_tourapi,KorService2:2504464:ko,KorService2:2504464:ko,,,http://tong.visitkorea.or.kr/cms/resource/11/3413711_image2_1.jpg,2,image_sufficient,N/A,,2026-07-24T00:27:42.723Z,data/tourapi/candidates/busan/busan-integrated-candidates.csv,fe43388
busan-K-00226,지엔비호텔(GNB호텔),accommodation,15,35.1012588776,129.0248379298,kto_tourapi,KorService2:2509838:ko,KorService2:2509838:ko,,,http://tong.visitkorea.or.kr/cms/resource/83/2808383_image2_1.png,1,image_sufficient,N/A,,2026-07-24T00:27:42.723Z,data/tourapi/candidates/busan/busan-integrated-candidates.csv,fe43388
busan-K-00227,오막집,restaurant,16,35.160082476,129.1550666621,kto_tourapi,KorService2:2512488:ko,KorService2:2512488:ko,,,,0,source_exhausted,N/A,,2026-07-24T00:27:42.723Z,data/tourapi/candidates/busan/busan-integrated-candidates.csv,fe43388
busan-K-00228,더파크 게스트하우스(The Park Guesthouse),accommodation,12,35.1548434836,129.1177811592,kto_tourapi,KorService2:2531399:ko,KorService2:2531399:ko,,,http://tong.visitkorea.or.kr/cms/resource/59/2557359_image2_1.jpg,1,image_sufficient,N/A,,2026-07-24T00:27:42.723Z,data/tourapi/candidates/busan/busan-integrated-candidates.csv,fe43388
busan-K-00229,신세계사이먼 부산 프리미엄 아울렛,attraction,3,35.3238517233,129.2349940728,kto_tourapi,KorService2:2532877:ko,KorService2:2532877:ko,,,http://tong.visitkorea.or.kr/cms/resource/90/3542590_image2_1.jpg,1,image_sufficient,N/A,,2026-07-24T00:27:42.723Z,data/tourapi/candidates/busan/busan-integrated-candidates.csv,fe43388
busan-K-00230,한국기독교선교박물관,attraction,6,35.2012570842,129.0828690343,kto_tourapi,KorService2:2550799:ko,KorService2:2550799:ko,,,http://tong.visitkorea.or.kr/cms/resource/81/3081181_image2_1.JPG,1,image_sufficient,N/A,,2026-07-24T00:27:42.723Z,data/tourapi/candidates/busan/busan-integrated-candidates.csv,fe43388
busan-K-00232,깡깡이 예술마을,attraction,14,35.0932043968,129.0342206663,kto_tourapi,KorService2:2554070:ko,KorService2:2554070:ko,,,http://tong.visitkorea.or.kr/cms/resource/26/2672726_image2_1.jpg,1,image_sufficient,N/A,,2026-07-24T00:27:42.723Z,data/tourapi/candidates/busan/busan-integrated-candidates.csv,fe43388
busan-K-00233,범어사 성보박물관,attraction,2,35.2839753157,129.0681152667,kto_tourapi,KorService2:2554111:ko,KorService2:2554111:ko,,,http://tong.visitkorea.or.kr/cms/resource/18/3342818_image2_1.jpg,1,image_sufficient,N/A,,2026-07-24T00:27:42.723Z,data/tourapi/candidates/busan/busan-integrated-candidates.csv,fe43388
busan-K-00234,낙동강문화관,attraction,10,35.1082872241,128.9474416939,kto_tourapi,KorService2:2554141:ko,KorService2:2554141:ko,,,http://tong.visitkorea.or.kr/cms/resource/22/3337322_image2_1.jpg,2,image_sufficient,N/A,,2026-07-24T00:27:42.723Z,data/tourapi/candidates/busan/busan-integrated-candidates.csv,fe43388
busan-K-00235,정관박물관,attraction,3,35.3269448875,129.1849372349,kto_tourapi,KorService2:2556598:ko,KorService2:2556598:ko,,,http://tong.visitkorea.or.kr/cms/resource/91/3541891_image2_1.jpg,1,image_sufficient,N/A,,2026-07-24T00:27:42.723Z,data/tourapi/candidates/busan/busan-integrated-candidates.csv,fe43388
busan-K-00236,송도 구름산책로,nature,11,35.0753645109,129.0224999494,kto_tourapi,KorService2:2557807:ko,KorService2:2557807:ko,,,http://tong.visitkorea.or.kr/cms/resource/65/2687365_image2_1.jpg,2,image_sufficient,N/A,,2026-07-24T00:27:42.723Z,data/tourapi/candidates/busan/busan-integrated-candidates.csv,fe43388
busan-K-00237,부산국제공연예술제,event,2,35.2296540211,129.0893371356,kto_tourapi,KorService2:2558735:ko,KorService2:2558735:ko,,,http://tong.visitkorea.or.kr/cms/resource/24/3534524_image2_1.jpg,1,image_sufficient,N/A,,2026-07-24T00:27:42.723Z,data/tourapi/candidates/busan/busan-integrated-candidates.csv,fe43388
busan-K-00238,헬로메이커,event,3,35.204636891,129.2127298662,kto_tourapi,KorService2:2560161:ko,KorService2:2560161:ko,,,http://tong.visitkorea.or.kr/cms/resource/93/3525493_image2_1.png,1,image_sufficient,N/A,,2026-07-24T00:27:42.723Z,data/tourapi/candidates/busan/busan-integrated-candidates.csv,fe43388
busan-K-00239,[백년가게]옥미아구찜,restaurant,12,35.1737300923,129.108836975,kto_tourapi,KorService2:2563357:ko,KorService2:2563357:ko,,,,0,source_exhausted,N/A,,2026-07-24T00:27:42.723Z,data/tourapi/candidates/busan/busan-integrated-candidates.csv,fe43388
busan-K-00240,La Casa del Sol (라까사델솔 게스트하우스),accommodation,11,35.1080051969,129.0167912233,kto_tourapi,KorService2:2569922:ko,KorService2:2569922:ko,,,http://tong.visitkorea.or.kr/cms/resource/61/2567961_image2_1.jpg,1,image_sufficient,N/A,,2026-07-24T00:27:42.723Z,data/tourapi/candidates/busan/busan-integrated-candidates.csv,fe43388
busan-K-00241,AJ하우스(AJ House),accommodation,14,35.0945070713,129.0365232086,kto_tourapi,KorService2:2570213:ko,KorService2:2570213:ko,,,http://tong.visitkorea.or.kr/cms/resource/64/2568064_image2_1.jpg,1,image_sufficient,N/A,,2026-07-24T00:27:42.723Z,data/tourapi/candidates/busan/busan-integrated-candidates.csv,fe43388
busan-K-00242,방가방가게스트하우스(풍경집),accommodation,10,35.097084068,129.0097699096,kto_tourapi,KorService2:2571959:ko,KorService2:2571959:ko,,,http://tong.visitkorea.or.kr/cms/resource/96/2571096_image2_1.jpg,1,image_sufficient,N/A,,2026-07-24T00:27:42.723Z,data/tourapi/candidates/busan/busan-integrated-candidates.csv,fe43388
busan-K-00243,모닝듀 게스트 하우스(모닝듀),accommodation,5,35.1141493149,129.036433792,kto_tourapi,KorService2:2572851:ko,KorService2:2572851:ko,,,http://tong.visitkorea.or.kr/cms/resource/58/2571658_image2_1.jpg,1,image_sufficient,N/A,,2026-07-24T00:27:42.723Z,data/tourapi/candidates/busan/busan-integrated-candidates.csv,fe43388
busan-K-00244,윙민박,accommodation,16,35.1822391732,129.200550987,kto_tourapi,KorService2:2574073:ko,KorService2:2574073:ko,,,http://tong.visitkorea.or.kr/cms/resource/06/2573206_image2_1.jpg,1,image_sufficient,N/A,,2026-07-24T00:27:42.723Z,data/tourapi/candidates/busan/busan-integrated-candidates.csv,fe43388
busan-K-00245,비치모텔,accommodation,14,35.0692440569,129.0813283358,kto_tourapi,KorService2:2595879:ko,KorService2:2595879:ko,,,http://tong.visitkorea.or.kr/cms/resource/64/2686464_image2_1.jpg,1,image_sufficient,N/A,,2026-07-24T00:27:42.723Z,data/tourapi/candidates/busan/busan-integrated-candidates.csv,fe43388
busan-K-00246,더 비에스 호텔,accommodation,5,35.1186044863,129.0426359082,kto_tourapi,KorService2:2596750:ko,KorService2:2596750:ko,,,http://tong.visitkorea.or.kr/cms/resource/55/2595455_image2_1.jpg,1,image_sufficient,N/A,,2026-07-24T00:27:42.723Z,data/tourapi/candidates/busan/busan-integrated-candidates.csv,fe43388
busan-K-00247,외양포 포진지,attraction,1,35.0056381443,128.8251995524,kto_tourapi,KorService2:2605602:ko,KorService2:2605602:ko,,,http://tong.visitkorea.or.kr/cms/resource/03/3342803_image2_1.jpg,1,image_sufficient,N/A,,2026-07-24T00:27:42.723Z,data/tourapi/candidates/busan/busan-integrated-candidates.csv,fe43388
busan-K-00249,영도 흰여울해안터널,attraction,14,35.0779590845,129.0453201165,kto_tourapi,KorService2:2606221:ko,KorService2:2606221:ko,,,,0,source_exhausted,N/A,,2026-07-24T00:27:42.723Z,data/tourapi/candidates/busan/busan-integrated-candidates.csv,fe43388
busan-K-00251,일송면옥,restaurant,2,35.2287458356,129.0918341648,kto_tourapi,KorService2:2608181:ko,KorService2:2608181:ko,,,http://tong.visitkorea.or.kr/cms/resource/89/2608289_image2_1.JPG,1,image_sufficient,N/A,,2026-07-24T00:27:42.723Z,data/tourapi/candidates/busan/busan-integrated-candidates.csv,fe43388
busan-K-00252,죽도횟집,restaurant,3,35.2195993671,129.2268671131,kto_tourapi,KorService2:2608459:ko,KorService2:2608459:ko,,,http://tong.visitkorea.or.kr/cms/resource/93/2608593_image2_1.JPG,1,image_sufficient,N/A,,2026-07-24T00:27:42.723Z,data/tourapi/candidates/busan/busan-integrated-candidates.csv,fe43388
busan-K-00253,77돌곱창,restaurant,9,35.1572213251,128.9851204151,kto_tourapi,KorService2:2608470:ko,KorService2:2608470:ko,,,http://tong.visitkorea.or.kr/cms/resource/11/2608611_image2_1.JPG,1,image_sufficient,N/A,,2026-07-24T00:27:42.723Z,data/tourapi/candidates/busan/busan-integrated-candidates.csv,fe43388
busan-K-00255,그림하우스,accommodation,16,35.1729595988,129.1974681772,kto_tourapi,KorService2:2610815:ko,KorService2:2610815:ko,,,,0,source_exhausted,N/A,,2026-07-24T00:27:42.723Z,data/tourapi/candidates/busan/busan-integrated-candidates.csv,fe43388
busan-K-00256,팝콘 호스텔 해운대점,accommodation,16,35.1625407241,129.165307371,kto_tourapi,KorService2:2613988:ko,KorService2:2613988:ko,,,,0,source_exhausted,N/A,,2026-07-24T00:27:42.723Z,data/tourapi/candidates/busan/busan-integrated-candidates.csv,fe43388
busan-K-00257,낙동강하구 (부산 국가지질공원),attraction,10,35.104551505,128.9460085869,kto_tourapi,KorService2:2614714:ko,KorService2:2614714:ko,,,http://tong.visitkorea.or.kr/cms/resource/37/3029337_image2_1.jpg,1,image_sufficient,N/A,,2026-07-24T00:27:42.723Z,data/tourapi/candidates/busan/busan-integrated-candidates.csv,fe43388
busan-K-00258,두도,attraction,11,35.0490923097,129.0148985467,kto_tourapi,KorService2:2614716:ko,KorService2:2614716:ko,,,http://tong.visitkorea.or.kr/cms/resource/28/3589728_image2_1.jpg,1,image_sufficient,N/A,,2026-07-24T00:27:42.723Z,data/tourapi/candidates/busan/busan-integrated-candidates.csv,fe43388
busan-K-00259,송도반도 (부산 국가지질공원),attraction,11,35.0659655069,129.019511576,kto_tourapi,KorService2:2614725:ko,KorService2:2614725:ko,,,http://tong.visitkorea.or.kr/cms/resource/24/2614724_image2_1.bmp,1,image_sufficient,N/A,,2026-07-24T00:27:42.723Z,data/tourapi/candidates/busan/busan-integrated-candidates.csv,fe43388
busan-K-00260,장산 (부산 국가지질공원),attraction,16,35.1811053657,129.168189943,kto_tourapi,KorService2:2614727:ko,KorService2:2614727:ko,,,http://tong.visitkorea.or.kr/cms/resource/66/2661666_image2_1.jpg,1,image_sufficient,N/A,,2026-07-24T00:27:42.723Z,data/tourapi/candidates/busan/busan-integrated-candidates.csv,fe43388
busan-K-00261,금정산성 창녕집,restaurant,2,35.2445794969,129.0553257981,kto_tourapi,KorService2:2616370:ko,KorService2:2616370:ko,,,http://tong.visitkorea.or.kr/cms/resource/10/2616410_image2_1.jpg,1,image_sufficient,N/A,,2026-07-24T00:27:42.723Z,data/tourapi/candidates/busan/busan-integrated-candidates.csv,fe43388
busan-K-00262,풍년오리박사,restaurant,2,35.2756710635,129.0882165219,kto_tourapi,KorService2:2616371:ko,KorService2:2616371:ko,,,http://tong.visitkorea.or.kr/cms/resource/16/2616416_image2_1.jpg,1,image_sufficient,N/A,,2026-07-24T00:27:42.723Z,data/tourapi/candidates/busan/busan-integrated-candidates.csv,fe43388
busan-K-00263,마린시티,attraction,16,35.1560327184,129.1436566548,kto_tourapi,KorService2:2617724:ko,KorService2:2617724:ko,,,http://tong.visitkorea.or.kr/cms/resource/89/3575989_image2_1.jpg,2,image_sufficient,N/A,,2026-07-24T00:27:42.723Z,data/tourapi/candidates/busan/busan-integrated-candidates.csv,fe43388
busan-K-00264,싱글싱글,accommodation,5,35.1137465906,129.036839323,kto_tourapi,KorService2:2622969:ko,KorService2:2622969:ko,,,,0,source_exhausted,N/A,,2026-07-24T00:27:42.723Z,data/tourapi/candidates/busan/busan-integrated-candidates.csv,fe43388
busan-K-00265,캔버스,accommodation,16,35.1592353048,129.1526891145,kto_tourapi,KorService2:2622984:ko,KorService2:2622984:ko,,,,0,source_exhausted,N/A,,2026-07-24T00:27:42.723Z,data/tourapi/candidates/busan/busan-integrated-candidates.csv,fe43388
busan-K-00266,The Park Guest House,accommodation,12,35.1548712584,129.1177867137,kto_tourapi,KorService2:2624014:ko,KorService2:2624014:ko,,,,0,source_exhausted,N/A,,2026-07-24T00:27:42.723Z,data/tourapi/candidates/busan/busan-integrated-candidates.csv,fe43388
busan-K-00267,그랜드애플,restaurant,16,35.1664785554,129.1320129356,kto_tourapi,KorService2:2626043:ko,KorService2:2626043:ko,,,,0,source_exhausted,N/A,,2026-07-24T00:27:42.723Z,data/tourapi/candidates/busan/busan-integrated-candidates.csv,fe43388
busan-K-00268,카페 385,restaurant,14,35.0843256105,129.0763172491,kto_tourapi,KorService2:2642681:ko,KorService2:2642681:ko,,,http://tong.visitkorea.or.kr/cms/resource/90/3423190_image2_1.png,1,image_sufficient,N/A,,2026-07-24T00:27:42.723Z,data/tourapi/candidates/busan/busan-integrated-candidates.csv,fe43388
busan-K-00269,북맛골,attraction,2,35.2369919623,129.0825597462,kto_tourapi,KorService2:2643387:ko,KorService2:2643387:ko,,,http://tong.visitkorea.or.kr/cms/resource/01/3336601_image2_1.jpg,1,image_sufficient,N/A,,2026-07-24T00:27:42.723Z,data/tourapi/candidates/busan/busan-integrated-candidates.csv,fe43388
busan-K-00270,금정산성마을 먹거리촌,attraction,2,35.2513870387,129.0538229642,kto_tourapi,KorService2:2643873:ko,KorService2:2643873:ko,,,http://tong.visitkorea.or.kr/cms/resource/82/3561482_image2_1.jpg,1,image_sufficient,N/A,,2026-07-24T00:27:42.723Z,data/tourapi/candidates/busan/busan-integrated-candidates.csv,fe43388
busan-K-00271,산복도로,attraction,15,35.1092330974,129.0309232942,kto_tourapi,KorService2:2650232:ko,KorService2:2650232:ko,,,http://tong.visitkorea.or.kr/cms/resource/16/3343716_image2_1.jpg,1,image_sufficient,N/A,,2026-07-24T00:27:42.723Z,data/tourapi/candidates/busan/busan-integrated-candidates.csv,fe43388
busan-K-00272,친환경 스카이웨이 전망대(이바구길),attraction,5,35.1213095185,129.0306535435,kto_tourapi,KorService2:2656194:ko,KorService2:2656194:ko,,,http://tong.visitkorea.or.kr/cms/resource/06/2720806_image2_1.jpg,1,image_sufficient,N/A,,2026-07-24T00:27:42.723Z,data/tourapi/candidates/busan/busan-integrated-candidates.csv,fe43388
busan-K-00273,옥탑방,restaurant,3,35.1982517091,129.224256818,kto_tourapi,KorService2:2659244:ko,KorService2:2659244:ko,,,http://tong.visitkorea.or.kr/cms/resource/48/2659248_image2_1.jpg,1,image_sufficient,N/A,,2026-07-24T00:27:42.723Z,data/tourapi/candidates/busan/busan-integrated-candidates.csv,fe43388
busan-K-00275,안데르센 동화마을,attraction,3,35.3601199691,129.2399148578,kto_tourapi,KorService2:2661452:ko,KorService2:2661452:ko,,,http://tong.visitkorea.or.kr/cms/resource/61/2795861_image2_1.jpg,2,image_sufficient,N/A,,2026-07-24T00:27:42.723Z,data/tourapi/candidates/busan/busan-integrated-candidates.csv,fe43388
busan-K-00276,회동수원지,attraction,2,35.2252550204,129.116648768,kto_tourapi,KorService2:2661475:ko,KorService2:2661475:ko,,,http://tong.visitkorea.or.kr/cms/resource/72/2661472_image2_1.jpg,1,image_sufficient,N/A,,2026-07-24T00:27:42.723Z,data/tourapi/candidates/busan/busan-integrated-candidates.csv,fe43388
busan-K-00278,회동수원지 둘레길,nature,2,35.2660392535,129.1121285941,kto_tourapi,KorService2:2663187:ko,KorService2:2663187:ko,,,http://tong.visitkorea.or.kr/cms/resource/53/3552453_image2_1.jpg,1,image_sufficient,N/A,,2026-07-24T00:27:42.723Z,data/tourapi/candidates/busan/busan-integrated-candidates.csv,fe43388
busan-K-00279,해운대센텀호텔,accommodation,16,35.1678506389,129.1328433813,kto_tourapi,KorService2:2663379:ko,KorService2:2663379:ko,,,http://tong.visitkorea.or.kr/cms/resource/14/2719514_image2_1.jpg,1,image_sufficient,N/A,,2026-07-24T00:27:42.723Z,data/tourapi/candidates/busan/busan-integrated-candidates.csv,fe43388
busan-K-00280,캔버스 블랙,accommodation,16,35.1594102909,129.1530057486,kto_tourapi,KorService2:2663616:ko,KorService2:2663616:ko,,,,0,source_exhausted,N/A,,2026-07-24T00:27:42.723Z,data/tourapi/candidates/busan/busan-integrated-candidates.csv,fe43388
busan-K-00281,수변최고돼지국밥 민락본점,restaurant,12,35.1567852389,129.1343130018,kto_tourapi,KorService2:2668102:ko,KorService2:2668102:ko,,,,0,source_exhausted,N/A,,2026-07-24T00:27:42.723Z,data/tourapi/candidates/busan/busan-integrated-candidates.csv,fe43388
busan-K-00283,동래원조산곰장어,restaurant,6,35.2021625913,129.0857576472,kto_tourapi,KorService2:2670518:ko,KorService2:2670518:ko,,,http://tong.visitkorea.or.kr/cms/resource/93/2668993_image2_1.jpg,1,image_sufficient,N/A,,2026-07-24T00:27:42.723Z,data/tourapi/candidates/busan/busan-integrated-candidates.csv,fe43388
busan-K-00284,스시몬,restaurant,6,35.2047566751,129.0819690166,kto_tourapi,KorService2:2670566:ko,KorService2:2670566:ko,,,http://tong.visitkorea.or.kr/cms/resource/91/2668991_image2_1.jpg,1,image_sufficient,N/A,,2026-07-24T00:27:42.723Z,data/tourapi/candidates/busan/busan-integrated-candidates.csv,fe43388
busan-K-00285,청와정,restaurant,7,35.1641103825,129.036163006,kto_tourapi,KorService2:2670611:ko,KorService2:2670611:ko,,,http://tong.visitkorea.or.kr/cms/resource/97/2670697_image2_1.jpg,1,image_sufficient,N/A,,2026-07-24T00:27:42.723Z,data/tourapi/candidates/busan/busan-integrated-candidates.csv,fe43388
busan-K-00286,승학산,attraction,10,35.1310381466,128.9851266839,kto_tourapi,KorService2:2674974:ko,KorService2:2674974:ko,,,http://tong.visitkorea.or.kr/cms/resource/46/3029246_image2_1.jpg,2,image_sufficient,N/A,,2026-07-24T00:27:42.723Z,data/tourapi/candidates/busan/busan-integrated-candidates.csv,fe43388
busan-K-00287,땅뫼산,attraction,2,35.2472747896,129.1174425369,kto_tourapi,KorService2:2675011:ko,KorService2:2675011:ko,,,http://tong.visitkorea.or.kr/cms/resource/30/3552430_image2_1.jpg,1,image_sufficient,N/A,,2026-07-24T00:27:42.723Z,data/tourapi/candidates/busan/busan-integrated-candidates.csv,fe43388
busan-K-00288,백양산 웰빙숲,attraction,9,35.1849381103,129.0093258839,kto_tourapi,KorService2:2677748:ko,KorService2:2677748:ko,,,http://tong.visitkorea.or.kr/cms/resource/04/3575804_image2_1.jpg,1,image_sufficient,N/A,,2026-07-24T00:27:42.723Z,data/tourapi/candidates/busan/busan-integrated-candidates.csv,fe43388
busan-K-00289,브로시스 호텔,accommodation,15,35.0986453934,129.030929138,kto_tourapi,KorService2:2696456:ko,KorService2:2696456:ko,,,,0,source_exhausted,N/A,,2026-07-24T00:27:42.723Z,data/tourapi/candidates/busan/busan-integrated-candidates.csv,fe43388
busan-K-00290,JSTAY,accommodation,12,35.1488052015,129.1140538711,kto_tourapi,KorService2:2696504:ko,KorService2:2696504:ko,,,,0,source_exhausted,N/A,,2026-07-24T00:27:42.723Z,data/tourapi/candidates/busan/busan-integrated-candidates.csv,fe43388
busan-K-00291,더웨이브,accommodation,12,35.155099129,129.1241833736,kto_tourapi,KorService2:2699332:ko,KorService2:2699332:ko,,,,0,source_exhausted,N/A,,2026-07-24T00:27:42.723Z,data/tourapi/candidates/busan/busan-integrated-candidates.csv,fe43388
busan-K-00292,옐로우라이트하우스,accommodation,12,35.1567852389,129.1343130018,kto_tourapi,KorService2:2699563:ko,KorService2:2699563:ko,,,,0,source_exhausted,N/A,,2026-07-24T00:27:42.723Z,data/tourapi/candidates/busan/busan-integrated-candidates.csv,fe43388
busan-K-00293,호텔 프렌치코드,accommodation,2,35.2449384744,129.0923197882,kto_tourapi,KorService2:2701011:ko,KorService2:2701011:ko,,,http://tong.visitkorea.or.kr/cms/resource/32/2698332_image2_1.jpg,1,image_sufficient,N/A,,2026-07-24T00:27:42.723Z,data/tourapi/candidates/busan/busan-integrated-candidates.csv,fe43388
busan-K-00294,카운트다운 부산,event,12,35.1538130576,129.1185477876,kto_tourapi,KorService2:2702333:ko,KorService2:2702333:ko,,,http://tong.visitkorea.or.kr/cms/resource/64/3579164_image2_1.png,1,image_sufficient,N/A,,2026-07-24T00:27:42.723Z,data/tourapi/candidates/busan/busan-integrated-candidates.csv,fe43388
busan-K-00295,[해파랑길] 2코스,nature,16,35.1584551702,129.1706820162,kto_tourapi,KorService2:2704645:ko,KorService2:2704645:ko,,,http://tong.visitkorea.or.kr/cms/resource/80/2642780_image2_1.jpg,1,image_sufficient,N/A,,2026-07-24T00:27:42.723Z,data/tourapi/candidates/busan/busan-integrated-candidates.csv,fe43388
busan-K-00296,해운대리버크루즈,attraction,16,35.1679171964,129.1273244146,kto_tourapi,KorService2:2705325:ko,KorService2:2705325:ko,,,http://tong.visitkorea.or.kr/cms/resource/26/3041326_image2_1.JPG,2,image_sufficient,N/A,,2026-07-24T00:27:42.723Z,data/tourapi/candidates/busan/busan-integrated-candidates.csv,fe43388
busan-K-00297,해운대 영무파라드호텔,accommodation,16,35.1609381479,129.1665100882,kto_tourapi,KorService2:2705418:ko,KorService2:2705418:ko,,,http://tong.visitkorea.or.kr/cms/resource/20/2705420_image2_1.jpg,1,image_sufficient,N/A,,2026-07-24T00:27:42.723Z,data/tourapi/candidates/busan/busan-integrated-candidates.csv,fe43388
busan-K-00298,오이아호텔,accommodation,10,35.0573878305,128.9727742061,kto_tourapi,KorService2:2706774:ko,KorService2:2706774:ko,,,http://tong.visitkorea.or.kr/cms/resource/32/2709432_image2_1.jpg,1,image_sufficient,N/A,,2026-07-24T00:27:42.723Z,data/tourapi/candidates/busan/busan-integrated-candidates.csv,fe43388
busan-K-00299,광안리 SUP Zone,nature,12,35.1477386656,129.114673291,kto_tourapi,KorService2:2708019:ko,KorService2:2708019:ko,,,,0,source_exhausted,N/A,,2026-07-24T00:27:42.723Z,data/tourapi/candidates/busan/busan-integrated-candidates.csv,fe43388
busan-K-00300,범일 이중섭거리,attraction,5,35.1403327856,129.0521955945,kto_tourapi,KorService2:2708108:ko,KorService2:2708108:ko,,,http://tong.visitkorea.or.kr/cms/resource/71/3552571_image2_1.jpg,1,image_sufficient,N/A,,2026-07-24T00:27:42.723Z,data/tourapi/candidates/busan/busan-integrated-candidates.csv,fe43388
busan-K-00301,해안누리길 몰운대길,nature,10,35.0498384676,128.9614309528,kto_tourapi,KorService2:2708164:ko,KorService2:2708164:ko,,,http://tong.visitkorea.or.kr/cms/resource/00/2646400_image2_1.jpg,1,image_sufficient,N/A,,2026-07-24T00:27:42.723Z,data/tourapi/candidates/busan/busan-integrated-candidates.csv,fe43388
busan-K-00302,호텔포레 프리미어 남포,accommodation,15,35.0984231743,129.0297348037,kto_tourapi,KorService2:2708667:ko,KorService2:2708667:ko,,,http://tong.visitkorea.or.kr/cms/resource/00/2708500_image2_1.jpg,1,image_sufficient,N/A,,2026-07-24T00:27:42.723Z,data/tourapi/candidates/busan/busan-integrated-candidates.csv,fe43388
busan-K-00303,라비드아틀란호텔2,accommodation,16,35.1611685856,129.1615188489,kto_tourapi,KorService2:2708705:ko,KorService2:2708705:ko,,,http://tong.visitkorea.or.kr/cms/resource/53/2709453_image2_1.jpg,1,image_sufficient,N/A,,2026-07-24T00:27:42.723Z,data/tourapi/candidates/busan/busan-integrated-candidates.csv,fe43388
busan-K-00304,신라스테이 서부산,accommodation,1,35.0967044145,128.9052901222,kto_tourapi,KorService2:2714406:ko,KorService2:2714406:ko,,,http://tong.visitkorea.or.kr/cms/resource/10/2714410_image2_1.jpg,1,image_sufficient,N/A,,2026-07-24T00:27:42.723Z,data/tourapi/candidates/busan/busan-integrated-candidates.csv,fe43388
busan-K-00305,영주하늘눈전망대,attraction,15,35.1146102693,129.0307259427,kto_tourapi,KorService2:2721157:ko,KorService2:2721157:ko,,,http://tong.visitkorea.or.kr/cms2/website/56/2802956.jpg,1,image_sufficient,N/A,,2026-07-27T00:48:20.955Z,data/tourapi/candidates/busan/busan-integrated-candidates.csv,fe43388
busan-K-00306,천마산하늘전망대,attraction,11,35.093648481,129.0173415667,kto_tourapi,KorService2:2721158:ko,KorService2:2721158:ko,,,https://tong.visitkorea.or.kr/cms/resource_photo/23/2927923_image2_1.jpg,3,image_partial,operational_assumed,,2026-07-24T00:27:42.723Z,data/tourapi/candidates/busan/busan-integrated-candidates.csv,fe43388
busan-K-00309,부산항힐링야영장,nature,5,35.1057837263,129.0440916874,kto_tourapi,KorService2:2726803:ko,KorService2:2726803:ko,,,http://tong.visitkorea.or.kr/cms/resource/57/2726957_image2_1.jpg,1,image_sufficient,N/A,,2026-07-24T00:27:42.723Z,data/tourapi/candidates/busan/busan-integrated-candidates.csv,fe43388
busan-K-00310,가덕도 연대봉,attraction,1,35.0317518247,128.8216713782,kto_tourapi,KorService2:2726843:ko,KorService2:2726843:ko,,,https://tong.visitkorea.or.kr/cms/resource_photo/27/2925827_image2_1.jpg,1,image_sufficient,N/A,,2026-07-24T00:27:42.723Z,data/tourapi/candidates/busan/busan-integrated-candidates.csv,fe43388
busan-K-00311,대저캠핑장,nature,1,35.2074545784,128.9847746284,kto_tourapi,KorService2:2729157:ko,KorService2:2729157:ko,,,http://tong.visitkorea.or.kr/cms/resource/74/2729374_image2_1.jpg,1,image_sufficient,N/A,,2026-07-24T00:27:42.723Z,data/tourapi/candidates/busan/busan-integrated-candidates.csv,fe43388
busan-K-00312,펠릭스바이STX,accommodation,16,35.163001657,129.1584801742,kto_tourapi,KorService2:2731553:ko,KorService2:2731553:ko,,,http://tong.visitkorea.or.kr/cms/resource/69/2816269_image2_1.jpg,1,image_sufficient,N/A,,2026-07-24T00:27:42.723Z,data/tourapi/candidates/busan/busan-integrated-candidates.csv,fe43388
busan-K-00313,물빛색스튜디오,attraction,1,35.2093737159,128.979783344,kto_tourapi,KorService2:2732397:ko,KorService2:2732397:ko,,,http://tong.visitkorea.or.kr/cms/resource/64/3491264_image2_1.jpg,1,image_sufficient,N/A,,2026-07-24T00:27:42.723Z,data/tourapi/candidates/busan/busan-integrated-candidates.csv,fe43388
busan-K-00314,황령산 전망대,attraction,4,35.1579341561,129.0827285679,kto_tourapi,KorService2:2733472:ko,KorService2:2733472:ko,,,http://tong.visitkorea.or.kr/cms2/website/99/2802999.jpg,1,image_sufficient,N/A,,2026-07-27T00:48:20.955Z,data/tourapi/candidates/busan/busan-integrated-candidates.csv,fe43388
busan-K-00315,초원숲속캠핑장,nature,3,35.3449845893,129.1880920151,kto_tourapi,KorService2:2734175:ko,KorService2:2734175:ko,,,http://tong.visitkorea.or.kr/cms/resource/79/2799379_image2_1.png,1,image_sufficient,N/A,,2026-07-24T00:27:42.723Z,data/tourapi/candidates/busan/busan-integrated-candidates.csv,fe43388
busan-K-00316,장안캠프,nature,3,35.3418805818,129.252403167,kto_tourapi,KorService2:2734243:ko,KorService2:2734243:ko,,,http://tong.visitkorea.or.kr/cms/resource/55/2735855_image2_1.JPG,1,image_sufficient,N/A,,2026-07-24T00:27:42.723Z,data/tourapi/candidates/busan/busan-integrated-candidates.csv,fe43388
busan-K-00317,화명오토캠핑장,nature,8,35.2164177357,128.9995730939,kto_tourapi,KorService2:2734674:ko,KorService2:2734674:ko,,,http://tong.visitkorea.or.kr/cms/resource/80/2735780_image2_1.JPG,2,image_sufficient,N/A,,2026-07-24T00:27:42.723Z,data/tourapi/candidates/busan/busan-integrated-candidates.csv,fe43388
busan-K-00318,시그니엘 부산,accommodation,16,35.1611020536,129.1684043635,kto_tourapi,KorService2:2736088:ko,KorService2:2736088:ko,,,http://tong.visitkorea.or.kr/cms/resource/74/2736074_image2_1.png,1,image_sufficient,N/A,,2026-07-24T00:27:42.723Z,data/tourapi/candidates/busan/busan-integrated-candidates.csv,fe43388
busan-K-00319,청학수변공원,attraction,14,35.0977293865,129.0611626448,kto_tourapi,KorService2:2736392:ko,KorService2:2736392:ko,,,http://tong.visitkorea.or.kr/cms/resource/30/3080230_image2_1.JPG,1,image_sufficient,N/A,,2026-07-24T00:27:42.723Z,data/tourapi/candidates/busan/busan-integrated-candidates.csv,fe43388
busan-K-00320,제이스글램핑,nature,3,35.2777040982,129.2338482308,kto_tourapi,KorService2:2741526:ko,KorService2:2741526:ko,,,http://tong.visitkorea.or.kr/cms/resource/98/2741698_image2_1.jpg,1,image_sufficient,N/A,,2026-07-24T00:27:42.723Z,data/tourapi/candidates/busan/busan-integrated-candidates.csv,fe43388
busan-K-00321,임랑카라반파크,nature,3,35.3095065653,129.2593979022,kto_tourapi,KorService2:2741535:ko,KorService2:2741535:ko,,,,0,source_exhausted,N/A,,2026-07-24T00:27:42.723Z,data/tourapi/candidates/busan/busan-integrated-candidates.csv,fe43388
busan-K-00322,명지시장,attraction,1,35.1129197501,128.9317096042,kto_tourapi,KorService2:2742601:ko,KorService2:2742601:ko,,,,0,source_exhausted,N/A,,2026-07-24T00:27:42.723Z,data/tourapi/candidates/busan/busan-integrated-candidates.csv,fe43388
busan-K-00323,충무동 새벽시장,attraction,11,35.0932847737,129.0250186863,kto_tourapi,KorService2:2744582:ko,KorService2:2744582:ko,,,http://tong.visitkorea.or.kr/cms/resource/30/2744930_image2_1.jpg,1,image_sufficient,N/A,,2026-07-24T00:27:42.723Z,data/tourapi/candidates/busan/busan-integrated-candidates.csv,fe43388
busan-K-00325,더무빙 카라반,nature,3,35.3226997305,129.2701216022,kto_tourapi,KorService2:2747589:ko,KorService2:2747589:ko,,,http://tong.visitkorea.or.kr/cms/resource/81/2748081_image2_1.jpg,1,image_sufficient,N/A,,2026-07-24T00:27:42.723Z,data/tourapi/candidates/busan/busan-integrated-candidates.csv,fe43388
busan-K-00326,지오클럽,attraction,3,35.2578452406,129.2353514279,kto_tourapi,KorService2:2749611:ko,KorService2:2749611:ko,,,http://tong.visitkorea.or.kr/cms/resource/83/3516183_image2_1.jpeg,1,image_sufficient,N/A,,2026-07-24T00:27:42.723Z,data/tourapi/candidates/busan/busan-integrated-candidates.csv,fe43388
busan-K-00327,대저할매국수,restaurant,1,35.2213502237,128.9837354496,kto_tourapi,KorService2:2752168:ko,KorService2:2752168:ko,,,,0,source_exhausted,N/A,,2026-07-24T00:27:42.723Z,data/tourapi/candidates/busan/busan-integrated-candidates.csv,fe43388
busan-K-00329,브라운피크닉,restaurant,3,35.2691645819,129.1487058779,kto_tourapi,KorService2:2752996:ko,KorService2:2752996:ko,,,http://tong.visitkorea.or.kr/cms/resource/15/2753515_image2_1.jpg,1,image_sufficient,N/A,,2026-07-24T00:27:42.723Z,data/tourapi/candidates/busan/busan-integrated-candidates.csv,fe43388
busan-K-00330,어느멋진날,restaurant,3,35.2588256667,129.2343181572,kto_tourapi,KorService2:2753006:ko,KorService2:2753006:ko,,,http://tong.visitkorea.or.kr/cms/resource/18/2753518_image2_1.jpg,1,image_sufficient,N/A,,2026-07-24T00:27:42.723Z,data/tourapi/candidates/busan/busan-integrated-candidates.csv,fe43388
busan-K-00331,더펫텔프리미엄스위트,accommodation,16,35.1592408683,129.1531418525,kto_tourapi,KorService2:2754601:ko,KorService2:2754601:ko,,,http://tong.visitkorea.or.kr/cms/resource/16/2754616_image2_1.jpg,1,image_sufficient,N/A,,2026-07-24T00:27:42.723Z,data/tourapi/candidates/busan/busan-integrated-candidates.csv,fe43388
busan-K-00333,구포무장애숲길,nature,8,35.197780951,129.0004318626,kto_tourapi,KorService2:2755696:ko,KorService2:2755696:ko,,,http://tong.visitkorea.or.kr/cms/resource/80/2755680_image2_1.jpg,2,image_sufficient,N/A,,2026-07-24T00:27:42.723Z,data/tourapi/candidates/busan/busan-integrated-candidates.csv,fe43388
busan-K-00334,포레스트3002,restaurant,1,35.1159575984,128.8935322897,kto_tourapi,KorService2:2756678:ko,KorService2:2756678:ko,,,http://tong.visitkorea.or.kr/cms/resource/96/2756896_image2_1.jpg,1,image_sufficient,N/A,,2026-07-24T00:27:42.723Z,data/tourapi/candidates/busan/busan-integrated-candidates.csv,fe43388
busan-K-00336,화명수목원,attraction,8,35.2510535364,129.0426767218,kto_tourapi,KorService2:2756696:ko,KorService2:2756696:ko,,,http://tong.visitkorea.or.kr/cms/resource/41/3497041_image2_1.jpg,2,image_sufficient,N/A,,2026-07-24T00:27:42.723Z,data/tourapi/candidates/busan/busan-integrated-candidates.csv,fe43388
busan-K-00337,삼락수상레포츠타운,nature,9,35.1728970354,128.9682186811,kto_tourapi,KorService2:2756707:ko,KorService2:2756707:ko,,,http://tong.visitkorea.or.kr/cms/resource/54/2756954_image2_1.jpg,1,image_sufficient,N/A,,2026-07-24T00:27:42.723Z,data/tourapi/candidates/busan/busan-integrated-candidates.csv,fe43388
busan-K-00338,소두방공원,attraction,3,35.3291390743,129.1843288936,kto_tourapi,KorService2:2758469:ko,KorService2:2758469:ko,,,http://tong.visitkorea.or.kr/cms/resource/82/3336582_image2_1.jpg,1,image_sufficient,N/A,,2026-07-24T00:27:42.723Z,data/tourapi/candidates/busan/busan-integrated-candidates.csv,fe43388
busan-K-00339,장안사계곡,attraction,3,35.3744348966,129.2328150778,kto_tourapi,KorService2:2758489:ko,KorService2:2758489:ko,,,http://tong.visitkorea.or.kr/cms/resource/46/3342846_image2_1.jpg,1,image_sufficient,N/A,,2026-07-24T00:27:42.723Z,data/tourapi/candidates/busan/busan-integrated-candidates.csv,fe43388
busan-K-00340,은진사,attraction,3,35.3360483529,129.2765262292,kto_tourapi,KorService2:2758498:ko,KorService2:2758498:ko,,,http://tong.visitkorea.or.kr/cms/resource/36/3342836_image2_1.jpg,1,image_sufficient,N/A,,2026-07-24T00:27:42.723Z,data/tourapi/candidates/busan/busan-integrated-candidates.csv,fe43388
busan-K-00341,전산가든,restaurant,3,35.2578176071,129.2429341024,kto_tourapi,KorService2:2759593:ko,KorService2:2759593:ko,,,http://tong.visitkorea.or.kr/cms/resource/56/2759656_image2_1.jpg,1,image_sufficient,N/A,,2026-07-24T00:27:42.723Z,data/tourapi/candidates/busan/busan-integrated-candidates.csv,fe43388
busan-K-00343,해풍가마솥,restaurant,3,35.215202578,129.22364807,kto_tourapi,KorService2:2759611:ko,KorService2:2759611:ko,,,http://tong.visitkorea.or.kr/cms/resource/64/2759664_image2_1.jpg,1,image_sufficient,N/A,,2026-07-24T00:27:42.723Z,data/tourapi/candidates/busan/busan-integrated-candidates.csv,fe43388
busan-K-00346,해운대기와집대구탕,restaurant,16,35.1611742976,129.1700125548,kto_tourapi,KorService2:2760773:ko,KorService2:2760773:ko,,,http://tong.visitkorea.or.kr/cms/resource/66/2761266_image2_1.jpg,1,image_sufficient,N/A,,2026-07-24T00:27:42.723Z,data/tourapi/candidates/busan/busan-integrated-candidates.csv,fe43388
busan-K-00347,놀이마루,attraction,7,35.1564089608,129.0628997796,kto_tourapi,KorService2:2763856:ko,KorService2:2763856:ko,,,http://tong.visitkorea.or.kr/cms/resource/77/3343377_image2_1.jpg,1,image_sufficient,N/A,,2026-07-24T00:27:42.723Z,data/tourapi/candidates/busan/busan-integrated-candidates.csv,fe43388
busan-K-00348,부곡상가시장,attraction,2,35.2255211909,129.0914815074,kto_tourapi,KorService2:2763881:ko,KorService2:2763881:ko,,,http://tong.visitkorea.or.kr/cms/resource/95/3561995_image2_1.jpg,1,image_sufficient,N/A,,2026-07-24T00:27:42.723Z,data/tourapi/candidates/busan/busan-integrated-candidates.csv,fe43388
busan-K-00349,서동미로시장,attraction,2,35.215908583,129.1024697033,kto_tourapi,KorService2:2763981:ko,KorService2:2763981:ko,,,http://tong.visitkorea.or.kr/cms/resource/76/3561476_image2_1.jpg,2,image_sufficient,N/A,,2026-07-24T00:27:42.723Z,data/tourapi/candidates/busan/busan-integrated-candidates.csv,fe43388
busan-K-00350,부산자원순환협력센터,attraction,1,35.1331637995,128.882341131,kto_tourapi,KorService2:2764008:ko,KorService2:2764008:ko,,,http://tong.visitkorea.or.kr/cms/resource/61/3342761_image2_1.jpg,1,image_sufficient,N/A,,2026-07-24T00:27:42.723Z,data/tourapi/candidates/busan/busan-integrated-candidates.csv,fe43388
busan-K-00352,해동성취사,attraction,3,35.338625818,129.2752373809,kto_tourapi,KorService2:2775495:ko,KorService2:2775495:ko,,,http://tong.visitkorea.or.kr/cms/resource/73/3561273_image2_1.jpg,1,image_sufficient,N/A,,2026-07-24T00:27:42.723Z,data/tourapi/candidates/busan/busan-integrated-candidates.csv,fe43388
busan-K-00354,칠암일번지횟집,restaurant,3,35.3002520455,129.2592953908,kto_tourapi,KorService2:2775556:ko,KorService2:2775556:ko,,,,0,source_exhausted,N/A,,2026-07-24T00:27:42.723Z,data/tourapi/candidates/busan/busan-integrated-candidates.csv,fe43388
busan-K-00356,학리항(학리방파제),attraction,3,35.2599730111,129.2477530679,kto_tourapi,KorService2:2775565:ko,KorService2:2775565:ko,,,http://tong.visitkorea.or.kr/cms/resource/27/3334627_image2_1.jpg,1,image_sufficient,N/A,,2026-07-24T00:27:42.723Z,data/tourapi/candidates/busan/busan-integrated-candidates.csv,fe43388
busan-K-00357,옥정사,attraction,3,35.3112806782,129.2225232855,kto_tourapi,KorService2:2776276:ko,KorService2:2776276:ko,,,http://tong.visitkorea.or.kr/cms/resource/02/3561302_image2_1.jpg,1,image_sufficient,N/A,,2026-07-24T00:27:42.723Z,data/tourapi/candidates/busan/busan-integrated-candidates.csv,fe43388
busan-K-00358,정관신도시시장,attraction,3,35.3205232079,129.1753910217,kto_tourapi,KorService2:2776286:ko,KorService2:2776286:ko,,,http://tong.visitkorea.or.kr/cms/resource/98/3561498_image2_1.jpg,1,image_sufficient,N/A,,2026-07-24T00:27:42.723Z,data/tourapi/candidates/busan/busan-integrated-candidates.csv,fe43388
busan-K-00362,가야포차선지국,restaurant,3,35.3223258488,129.1788934446,kto_tourapi,KorService2:2778443:ko,KorService2:2778443:ko,,,,0,source_exhausted,N/A,,2026-07-24T00:27:42.723Z,data/tourapi/candidates/busan/busan-integrated-candidates.csv,fe43388
busan-K-00363,동래밀면,restaurant,6,35.1984074269,129.0841689993,kto_tourapi,KorService2:2778476:ko,KorService2:2778476:ko,,,http://tong.visitkorea.or.kr/cms/resource/65/2778665_image2_1.jpg,1,image_sufficient,N/A,,2026-07-24T00:27:42.723Z,data/tourapi/candidates/busan/busan-integrated-candidates.csv,fe43388
busan-K-00365,서울깍두기,restaurant,2,35.2317537744,129.0887065771,kto_tourapi,KorService2:2778503:ko,KorService2:2778503:ko,,,,0,source_exhausted,N/A,,2026-07-24T00:27:42.723Z,data/tourapi/candidates/busan/busan-integrated-candidates.csv,fe43388
busan-K-00366,앙로고택,restaurant,1,35.2052506098,128.9066203876,kto_tourapi,KorService2:2781598:ko,KorService2:2781598:ko,,,http://tong.visitkorea.or.kr/cms/resource/37/2781837_image2_1.jpg,1,image_sufficient,N/A,,2026-07-24T00:27:42.723Z,data/tourapi/candidates/busan/busan-integrated-candidates.csv,fe43388
busan-K-00367,덕미,restaurant,3,35.1963992053,129.2278093383,kto_tourapi,KorService2:2781799:ko,KorService2:2781799:ko,,,http://tong.visitkorea.or.kr/cms/resource/28/2782128_image2_1.jpg,1,image_sufficient,N/A,,2026-07-24T00:27:42.723Z,data/tourapi/candidates/busan/busan-integrated-candidates.csv,fe43388
busan-K-00368,삼익비치수변공원,attraction,12,35.1462388759,129.1169286916,kto_tourapi,KorService2:2782626:ko,KorService2:2782626:ko,,,http://tong.visitkorea.or.kr/cms/resource/38/3575838_image2_1.jpg,1,image_sufficient,N/A,,2026-07-24T00:27:42.723Z,data/tourapi/candidates/busan/busan-integrated-candidates.csv,fe43388
busan-K-00369,그린노마드,restaurant,12,35.1784130482,129.1167972647,kto_tourapi,KorService2:2782628:ko,KorService2:2782628:ko,,,http://tong.visitkorea.or.kr/cms/resource/53/2800253_image2_1.jpg,1,image_sufficient,N/A,,2026-07-24T00:27:42.723Z,data/tourapi/candidates/busan/busan-integrated-candidates.csv,fe43388
busan-K-00370,르쎄,restaurant,6,35.1914030262,129.1041674513,kto_tourapi,KorService2:2782695:ko,KorService2:2782695:ko,,,http://tong.visitkorea.or.kr/cms/resource/29/2795729_image2_1.png,1,image_sufficient,N/A,,2026-07-24T00:27:42.723Z,data/tourapi/candidates/busan/busan-integrated-candidates.csv,fe43388
busan-K-00371,데팡스가든센터,attraction,2,35.290811206,129.0975791779,kto_tourapi,KorService2:2782699:ko,KorService2:2782699:ko,,,http://tong.visitkorea.or.kr/cms/resource/74/2795674_image2_1.jpg,1,image_sufficient,N/A,,2026-07-24T00:27:42.723Z,data/tourapi/candidates/busan/busan-integrated-candidates.csv,fe43388
busan-K-00372,책방봄봄,attraction,16,35.1673652425,129.1684791847,kto_tourapi,KorService2:2782714:ko,KorService2:2782714:ko,,,http://tong.visitkorea.or.kr/cms/resource/54/2795954_image2_1.png,1,image_sufficient,N/A,,2026-07-24T00:27:42.723Z,data/tourapi/candidates/busan/busan-integrated-candidates.csv,fe43388
busan-K-00373,분홍이네,attraction,12,35.1554211893,129.1173728455,kto_tourapi,KorService2:2782747:ko,KorService2:2782747:ko,,,http://tong.visitkorea.or.kr/cms/resource/94/2794294_image2_1.jpg,1,image_sufficient,N/A,,2026-07-24T00:27:42.723Z,data/tourapi/candidates/busan/busan-integrated-candidates.csv,fe43388
busan-K-00374,러브이즈기빙,attraction,12,35.1560822443,129.1183532979,kto_tourapi,KorService2:2782750:ko,KorService2:2782750:ko,,,http://tong.visitkorea.or.kr/cms/resource/38/2794238_image2_1.jpg,1,image_sufficient,N/A,,2026-07-24T00:27:42.723Z,data/tourapi/candidates/busan/busan-integrated-candidates.csv,fe43388
busan-K-00375,책방오월,attraction,12,35.1604483075,129.1121398296,kto_tourapi,KorService2:2782757:ko,KorService2:2782757:ko,,,http://tong.visitkorea.or.kr/cms/resource/97/2795997_image2_1.jpg,1,image_sufficient,N/A,,2026-07-24T00:27:42.723Z,data/tourapi/candidates/busan/busan-integrated-candidates.csv,fe43388
busan-K-00376,곰내연밭,attraction,3,35.2954092493,129.1695450043,kto_tourapi,KorService2:2782765:ko,KorService2:2782765:ko,,,http://tong.visitkorea.or.kr/cms/resource/58/2794158_image2_1.jpg,1,image_sufficient,N/A,,2026-07-24T00:27:42.723Z,data/tourapi/candidates/busan/busan-integrated-candidates.csv,fe43388
busan-K-00377,천연제작소,attraction,6,35.199137504,129.062695848,kto_tourapi,KorService2:2782794:ko,KorService2:2782794:ko,,,http://tong.visitkorea.or.kr/cms/resource/08/2796008_image2_1.jpg,1,image_sufficient,N/A,,2026-07-24T00:27:42.723Z,data/tourapi/candidates/busan/busan-integrated-candidates.csv,fe43388
busan-K-00378,서프마린,nature,12,35.1461166232,129.1145761217,kto_tourapi,KorService2:2783308:ko,KorService2:2783308:ko,,,http://tong.visitkorea.or.kr/cms/resource/87/3500487_image2_1.jpg,1,image_sufficient,N/A,,2026-07-24T00:27:42.723Z,data/tourapi/candidates/busan/busan-integrated-candidates.csv,fe43388
busan-K-00379,낙동강 생태탐방선,attraction,10,35.1102509254,128.9492081536,kto_tourapi,KorService2:2783344:ko,KorService2:2783344:ko,,,http://tong.visitkorea.or.kr/cms/resource/51/2787651_image2_1.jpg,1,image_sufficient,N/A,,2026-07-24T00:27:42.723Z,data/tourapi/candidates/busan/busan-integrated-candidates.csv,fe43388
busan-K-00380,꽃피는 4월 밀익는 5월,restaurant,12,35.1727996812,129.1110173659,kto_tourapi,KorService2:2783360:ko,KorService2:2783360:ko,,,http://tong.visitkorea.or.kr/cms/resource/27/2795627_image2_1.jpg,1,image_sufficient,N/A,,2026-07-24T00:27:42.723Z,data/tourapi/candidates/busan/busan-integrated-candidates.csv,fe43388
busan-K-00381,대연수목전시원,attraction,4,35.1251964498,129.0986919647,kto_tourapi,KorService2:2783380:ko,KorService2:2783380:ko,,,http://tong.visitkorea.or.kr/cms/resource/56/2795656_image2_1.jpg,1,image_sufficient,N/A,,2026-07-24T00:27:42.723Z,data/tourapi/candidates/busan/busan-integrated-candidates.csv,fe43388
busan-K-00382,러브얼스,restaurant,12,35.1564683169,129.118606043,kto_tourapi,KorService2:2783646:ko,KorService2:2783646:ko,,,http://tong.visitkorea.or.kr/cms/resource/15/2795715_image2_1.jpg,1,image_sufficient,N/A,,2026-07-24T00:27:42.723Z,data/tourapi/candidates/busan/busan-integrated-candidates.csv,fe43388
busan-K-00383,송정서핑학교,nature,16,35.1810226785,129.2024952959,kto_tourapi,KorService2:2784112:ko,KorService2:2784112:ko,,,http://tong.visitkorea.or.kr/cms/resource/72/2787972_image2_1.jpg,1,image_sufficient,N/A,,2026-07-24T00:27:42.723Z,data/tourapi/candidates/busan/busan-integrated-candidates.csv,fe43388
busan-K-00386,용암할매횟집,restaurant,3,35.2238017494,129.2309055339,kto_tourapi,KorService2:2784325:ko,KorService2:2784325:ko,,,http://tong.visitkorea.or.kr/cms/resource/98/2787498_image2_1.jpg,1,image_sufficient,N/A,,2026-07-24T00:27:42.723Z,data/tourapi/candidates/busan/busan-integrated-candidates.csv,fe43388
busan-K-00387,미포항,attraction,16,35.1580385696,129.1717291585,kto_tourapi,KorService2:2784330:ko,KorService2:2784330:ko,,,http://tong.visitkorea.or.kr/cms/resource/22/3336622_image2_1.jpg,1,image_sufficient,N/A,,2026-07-24T00:27:42.723Z,data/tourapi/candidates/busan/busan-integrated-candidates.csv,fe43388
busan-K-00388,다대씨파크,attraction,10,35.0551547329,128.9719937791,kto_tourapi,KorService2:2784351:ko,KorService2:2784351:ko,,,http://tong.visitkorea.or.kr/cms/resource/60/2787660_image2_1.jpg,1,image_sufficient,N/A,,2026-07-24T00:27:42.723Z,data/tourapi/candidates/busan/busan-integrated-candidates.csv,fe43388
busan-K-00389,송도해안볼레길,nature,11,35.0672236899,129.0189477017,kto_tourapi,KorService2:2784356:ko,KorService2:2784356:ko,,,http://tong.visitkorea.or.kr/cms/resource/04/2787704_image2_1.jpg,1,image_sufficient,N/A,,2026-07-24T00:27:42.723Z,data/tourapi/candidates/busan/busan-integrated-candidates.csv,fe43388
busan-K-00391,관음사(부산),attraction,10,35.1088376838,128.9758364301,kto_tourapi,KorService2:2785265:ko,KorService2:2785265:ko,,,http://tong.visitkorea.or.kr/cms/resource/10/2790710_image2_1.JPG,1,image_sufficient,N/A,,2026-07-24T00:27:42.723Z,data/tourapi/candidates/busan/busan-integrated-candidates.csv,fe43388
busan-K-00393,클래식캠퍼,restaurant,9,35.1473946491,128.9851956764,kto_tourapi,KorService2:2785267:ko,KorService2:2785267:ko,,,http://tong.visitkorea.or.kr/cms/resource/90/2785290_image2_1.jpg,1,image_sufficient,N/A,,2026-07-24T00:27:42.723Z,data/tourapi/candidates/busan/busan-integrated-candidates.csv,fe43388
busan-K-00394,수월경화,restaurant,16,35.176150892,129.1966014983,kto_tourapi,KorService2:2785269:ko,KorService2:2785269:ko,,,http://tong.visitkorea.or.kr/cms/resource/03/2785303_image2_1.jpg,2,image_sufficient,N/A,,2026-07-24T00:27:42.723Z,data/tourapi/candidates/busan/busan-integrated-candidates.csv,fe43388
busan-K-00397,다솥맛집,restaurant,16,35.1786034198,129.1979263154,kto_tourapi,KorService2:2785275:ko,KorService2:2785275:ko,,,http://tong.visitkorea.or.kr/cms/resource/03/2797503_image2_1.JPG,1,image_sufficient,N/A,,2026-07-24T00:27:42.723Z,data/tourapi/candidates/busan/busan-integrated-candidates.csv,fe43388
busan-K-00399,사천게장집,restaurant,9,35.193531154,128.9855943821,kto_tourapi,KorService2:2785277:ko,KorService2:2785277:ko,,,http://tong.visitkorea.or.kr/cms/resource/93/2790693_image2_1.JPG,1,image_sufficient,N/A,,2026-07-24T00:27:42.723Z,data/tourapi/candidates/busan/busan-integrated-candidates.csv,fe43388
busan-K-00400,감지해변,attraction,14,35.0625336062,129.0764900502,kto_tourapi,KorService2:2785289:ko,KorService2:2785289:ko,,,https://tong.visitkorea.or.kr/cms/resource_photo/94/2927494_image2_1.jpg,1,image_sufficient,N/A,,2026-07-24T00:27:42.723Z,data/tourapi/candidates/busan/busan-integrated-candidates.csv,fe43388
busan-K-00401,덕포시장,attraction,9,35.170800304,128.9821175281,kto_tourapi,KorService2:2785611:ko,KorService2:2785611:ko,,,http://tong.visitkorea.or.kr/cms/resource/56/2790956_image2_1.JPG,1,image_sufficient,N/A,,2026-07-24T00:27:42.723Z,data/tourapi/candidates/busan/busan-integrated-candidates.csv,fe43388
busan-K-00402,사상근린공원,attraction,9,35.1521995132,128.9768740479,kto_tourapi,KorService2:2785762:ko,KorService2:2785762:ko,,,http://tong.visitkorea.or.kr/cms/resource/07/3370707_image2_1.jpg,2,image_sufficient,N/A,,2026-07-24T00:27:42.723Z,data/tourapi/candidates/busan/busan-integrated-candidates.csv,fe43388
busan-K-00403,초량밀면,restaurant,5,35.1173462584,129.0406944453,kto_tourapi,KorService2:2785956:ko,KorService2:2785956:ko,,,http://tong.visitkorea.or.kr/cms/resource/24/2800524_image2_1.jpg,1,image_sufficient,N/A,,2026-07-24T00:27:42.723Z,data/tourapi/candidates/busan/busan-integrated-candidates.csv,fe43388
busan-K-00404,송정집,restaurant,16,35.1762119923,129.1963681835,kto_tourapi,KorService2:2785965:ko,KorService2:2785965:ko,,,http://tong.visitkorea.or.kr/cms/resource/49/2800449_image2_1.JPG,1,image_sufficient,N/A,,2026-07-24T00:27:42.723Z,data/tourapi/candidates/busan/busan-integrated-candidates.csv,fe43388
busan-K-00405,장씨해녀집,restaurant,3,35.2180162214,129.2274337734,kto_tourapi,KorService2:2785970:ko,KorService2:2785970:ko,,,http://tong.visitkorea.or.kr/cms/resource/62/2800462_image2_1.jpg,1,image_sufficient,N/A,,2026-07-24T00:27:42.723Z,data/tourapi/candidates/busan/busan-integrated-candidates.csv,fe43388
busan-K-00406,다온나루,restaurant,1,35.146481742,128.8818019274,kto_tourapi,KorService2:2786008:ko,KorService2:2786008:ko,,,http://tong.visitkorea.or.kr/cms/resource/23/2792523_image2_1.jpg,1,image_sufficient,N/A,,2026-07-24T00:27:42.723Z,data/tourapi/candidates/busan/busan-integrated-candidates.csv,fe43388
busan-K-00407,양산왕돼지국밥,restaurant,16,35.1850013767,129.1263962484,kto_tourapi,KorService2:2786742:ko,KorService2:2786742:ko,,,http://tong.visitkorea.or.kr/cms/resource/14/2797514_image2_1.JPG,1,image_sufficient,N/A,,2026-07-24T00:27:42.723Z,data/tourapi/candidates/busan/busan-integrated-candidates.csv,fe43388
busan-K-00408,해목,restaurant,16,35.1618601408,129.1596828783,kto_tourapi,KorService2:2786766:ko,KorService2:2786766:ko,,,http://tong.visitkorea.or.kr/cms/resource/45/2797545_image2_1.JPG,1,image_sufficient,N/A,,2026-07-24T00:27:42.723Z,data/tourapi/candidates/busan/busan-integrated-candidates.csv,fe43388
busan-K-00409,해운대 가야밀면,restaurant,16,35.1688900329,129.1663598827,kto_tourapi,KorService2:2786779:ko,KorService2:2786779:ko,,,http://tong.visitkorea.or.kr/cms/resource/66/2797566_image2_1.JPG,1,image_sufficient,N/A,,2026-07-24T00:27:42.723Z,data/tourapi/candidates/busan/busan-integrated-candidates.csv,fe43388
busan-K-00410,사비아,restaurant,16,35.1623021845,129.1827141976,kto_tourapi,KorService2:2787109:ko,KorService2:2787109:ko,,,http://tong.visitkorea.or.kr/cms/resource/18/2798218_image2_1.JPG,1,image_sufficient,N/A,,2026-07-24T00:27:42.723Z,data/tourapi/candidates/busan/busan-integrated-candidates.csv,fe43388
busan-K-00411,부산새벽시장,attraction,9,35.1537799975,128.9826012838,kto_tourapi,KorService2:2787128:ko,KorService2:2787128:ko,,,http://tong.visitkorea.or.kr/cms/resource/28/2790928_image2_1.JPG,1,image_sufficient,N/A,,2026-07-24T00:27:42.723Z,data/tourapi/candidates/busan/busan-integrated-candidates.csv,fe43388
busan-K-00412,하녹,restaurant,3,35.2174185508,129.1996889809,kto_tourapi,KorService2:2787137:ko,KorService2:2787137:ko,,,http://tong.visitkorea.or.kr/cms/resource/79/2791979_image2_1.jpg,1,image_sufficient,N/A,,2026-07-24T00:27:42.723Z,data/tourapi/candidates/busan/busan-integrated-candidates.csv,fe43388
busan-K-00413,반송187,restaurant,16,35.2291387386,129.1608948106,kto_tourapi,KorService2:2787408:ko,KorService2:2787408:ko,,,http://tong.visitkorea.or.kr/cms/resource/53/2792153_image2_1.jpg,1,image_sufficient,N/A,,2026-07-24T00:27:42.723Z,data/tourapi/candidates/busan/busan-integrated-candidates.csv,fe43388
busan-K-00414,한국신발관,attraction,7,35.1573442832,129.0258252014,kto_tourapi,KorService2:2788392:ko,KorService2:2788392:ko,,,http://tong.visitkorea.or.kr/cms/resource/31/3587431_image2_1.jpg,1,image_sufficient,N/A,,2026-07-24T00:27:42.723Z,data/tourapi/candidates/busan/busan-integrated-candidates.csv,fe43388
busan-K-00416,연동시장,attraction,13,35.1888808717,129.0925518647,kto_tourapi,KorService2:2788444:ko,KorService2:2788444:ko,,,http://tong.visitkorea.or.kr/cms/resource/25/3561525_image2_1.jpg,1,image_sufficient,N/A,,2026-07-24T00:27:42.723Z,data/tourapi/candidates/busan/busan-integrated-candidates.csv,fe43388
busan-K-00417,장림골목시장,attraction,10,35.0809712112,128.9677684454,kto_tourapi,KorService2:2788451:ko,KorService2:2788451:ko,,,http://tong.visitkorea.or.kr/cms/resource/20/3561520_image2_1.jpg,1,image_sufficient,N/A,,2026-07-24T00:27:42.723Z,data/tourapi/candidates/busan/busan-integrated-candidates.csv,fe43388
busan-K-00418,남산시장,attraction,2,35.2698995092,129.08932214,kto_tourapi,KorService2:2788830:ko,KorService2:2788830:ko,,,http://tong.visitkorea.or.kr/cms/resource/11/3562011_image2_1.jpg,1,image_sufficient,N/A,,2026-07-24T00:27:42.723Z,data/tourapi/candidates/busan/busan-integrated-candidates.csv,fe43388
busan-K-00419,보람공원,attraction,1,35.0881459047,128.8432429784,kto_tourapi,KorService2:2789334:ko,KorService2:2789334:ko,,,http://tong.visitkorea.or.kr/cms/resource/45/3337845_image2_1.jpg,1,image_sufficient,N/A,,2026-07-24T00:27:42.723Z,data/tourapi/candidates/busan/busan-integrated-candidates.csv,fe43388
busan-K-00420,깃발집 국수전골,restaurant,6,35.2204771709,129.0838684194,kto_tourapi,KorService2:2789451:ko,KorService2:2789451:ko,,,,0,source_exhausted,N/A,,2026-07-24T00:27:42.723Z,data/tourapi/candidates/busan/busan-integrated-candidates.csv,fe43388
busan-K-00421,미포정거장,nature,16,35.1581969059,129.172851279,kto_tourapi,KorService2:2789488:ko,KorService2:2789488:ko,,,http://tong.visitkorea.or.kr/cms/resource/26/2800426_image2_1.jpg,1,image_sufficient,N/A,,2026-07-24T00:27:42.723Z,data/tourapi/candidates/busan/busan-integrated-candidates.csv,fe43388
busan-K-00422,부산요트투어 3355마린,nature,16,35.1598405944,129.1419844733,kto_tourapi,KorService2:2790332:ko,KorService2:2790332:ko,,,http://tong.visitkorea.or.kr/cms/resource/71/2790371_image2_1.jpg,1,image_sufficient,N/A,,2026-07-24T00:27:42.723Z,data/tourapi/candidates/busan/busan-integrated-candidates.csv,fe43388
busan-K-00423,청학시장,attraction,14,35.0966433823,129.060371077,kto_tourapi,KorService2:2790483:ko,KorService2:2790483:ko,,,http://tong.visitkorea.or.kr/cms/resource/96/2790996_image2_1.JPG,1,image_sufficient,N/A,,2026-07-24T00:27:42.723Z,data/tourapi/candidates/busan/busan-integrated-candidates.csv,fe43388
busan-K-00424,속씨원한대구탕미포본점,restaurant,16,35.1589051184,129.1706181201,kto_tourapi,KorService2:2793181:ko,KorService2:2793181:ko,,,http://tong.visitkorea.or.kr/cms/resource/23/2794823_image2_1.jpg,1,image_sufficient,N/A,,2026-07-24T00:27:42.723Z,data/tourapi/candidates/busan/busan-integrated-candidates.csv,fe43388
busan-K-00425,칠성식당 본점,restaurant,4,35.1358252547,129.0683387579,kto_tourapi,KorService2:2794743:ko,KorService2:2794743:ko,,,http://tong.visitkorea.or.kr/cms/resource/11/2794811_image2_1.jpg,1,image_sufficient,N/A,,2026-07-24T00:27:42.723Z,data/tourapi/candidates/busan/busan-integrated-candidates.csv,fe43388
busan-K-00426,대변시장,attraction,3,35.2241267082,129.2306472139,kto_tourapi,KorService2:2796940:ko,KorService2:2796940:ko,,,http://tong.visitkorea.or.kr/cms/resource/87/2800387_image2_1.jpg,1,image_sufficient,N/A,,2026-07-24T00:27:42.723Z,data/tourapi/candidates/busan/busan-integrated-candidates.csv,fe43388
busan-K-00427,하운드호텔 부산역점,accommodation,5,35.1177518053,129.0427025928,kto_tourapi,KorService2:2804372:ko,KorService2:2804372:ko,,,http://tong.visitkorea.or.kr/cms/resource/82/2804082_image2_1.jpg,1,image_sufficient,N/A,,2026-07-24T00:27:42.723Z,data/tourapi/candidates/busan/busan-integrated-candidates.csv,fe43388
busan-K-00430,대복성,restaurant,12,35.1746578306,129.1123144249,kto_tourapi,KorService2:2807607:ko,KorService2:2807607:ko,,,,0,source_exhausted,N/A,,2026-07-24T00:27:42.723Z,data/tourapi/candidates/busan/busan-integrated-candidates.csv,fe43388
busan-K-00431,카페썬번,restaurant,6,35.1990465422,129.1002870237,kto_tourapi,KorService2:2807808:ko,KorService2:2807808:ko,,,,0,source_exhausted,N/A,,2026-07-24T00:27:42.723Z,data/tourapi/candidates/busan/busan-integrated-candidates.csv,fe43388
busan-K-00432,송정해녀집,restaurant,3,35.1860500946,129.2133497693,kto_tourapi,KorService2:2808104:ko,KorService2:2808104:ko,,,,0,source_exhausted,N/A,,2026-07-24T00:27:42.723Z,data/tourapi/candidates/busan/busan-integrated-candidates.csv,fe43388
busan-K-00434,만서리 이가네 막국수,restaurant,2,35.2244517473,129.0850570958,kto_tourapi,KorService2:2810909:ko,KorService2:2810909:ko,,,,0,source_exhausted,N/A,,2026-07-24T00:27:42.723Z,data/tourapi/candidates/busan/busan-integrated-candidates.csv,fe43388
busan-K-00435,베이몬드호텔,accommodation,16,35.1595992286,129.1567804158,kto_tourapi,KorService2:2811461:ko,KorService2:2811461:ko,,,http://tong.visitkorea.or.kr/cms/resource/28/2808328_image2_1.png,1,image_sufficient,N/A,,2026-07-24T00:27:42.723Z,data/tourapi/candidates/busan/busan-integrated-candidates.csv,fe43388
busan-K-00437,그레이193호텔,accommodation,12,35.1540103687,129.1245417048,kto_tourapi,KorService2:2816102:ko,KorService2:2816102:ko,,,http://tong.visitkorea.or.kr/cms/resource/61/2815961_image2_1.jpg,1,image_sufficient,N/A,,2026-07-24T00:27:42.723Z,data/tourapi/candidates/busan/busan-integrated-candidates.csv,fe43388
busan-K-00438,남천녹차팥빙수,restaurant,12,35.1407282287,129.1086712269,kto_tourapi,KorService2:2818714:ko,KorService2:2818714:ko,,,,0,source_exhausted,N/A,,2026-07-24T00:27:42.723Z,data/tourapi/candidates/busan/busan-integrated-candidates.csv,fe43388
busan-K-00439,그랜드 조선 부산,accommodation,16,35.1601048456,129.1631548469,kto_tourapi,KorService2:2818890:ko,KorService2:2818890:ko,,,http://tong.visitkorea.or.kr/cms/resource/07/3529807_image2_1.jpg,1,image_sufficient,N/A,,2026-07-24T00:27:42.723Z,data/tourapi/candidates/busan/busan-integrated-candidates.csv,fe43388
busan-K-00441,동래온천길(온천천 카페거리),attraction,6,35.1916279693,129.1024592605,kto_tourapi,KorService2:2822334:ko,KorService2:2822334:ko,,,http://tong.visitkorea.or.kr/cms/resource/33/2822333_image2_1.png,1,image_sufficient,N/A,,2026-07-24T00:27:42.723Z,data/tourapi/candidates/busan/busan-integrated-candidates.csv,fe43388
busan-K-00442,해운대 그린레일웨이 (미포~송정 구간),attraction,16,35.1612857933,129.1914273569,kto_tourapi,KorService2:2822343:ko,KorService2:2822343:ko,,,http://tong.visitkorea.or.kr/cms/resource/37/2822337_image2_1.png,1,image_sufficient,N/A,,2026-07-24T00:27:42.723Z,data/tourapi/candidates/busan/busan-integrated-candidates.csv,fe43388
busan-K-00443,대보름,restaurant,3,35.1877387817,129.2126497835,kto_tourapi,KorService2:2822838:ko,KorService2:2822838:ko,,,http://tong.visitkorea.or.kr/cms/resource/98/2822898_image2_1.jpg,1,image_sufficient,N/A,,2026-07-24T00:27:42.723Z,data/tourapi/candidates/busan/busan-integrated-candidates.csv,fe43388
busan-K-00445,창비부산,attraction,5,35.1163768939,129.0391696039,kto_tourapi,KorService2:2822910:ko,KorService2:2822910:ko,,,http://tong.visitkorea.or.kr/cms/resource/67/2822867_image2_1.jpg,2,image_sufficient,N/A,,2026-07-24T00:27:42.723Z,data/tourapi/candidates/busan/busan-integrated-candidates.csv,fe43388
busan-K-00447,요트탈래,nature,16,35.1566216976,129.152097571,kto_tourapi,KorService2:2825115:ko,KorService2:2825115:ko,,,http://tong.visitkorea.or.kr/cms/resource/05/3583005_image2_1.jpg,1,image_sufficient,N/A,,2026-07-24T00:27:42.723Z,data/tourapi/candidates/busan/busan-integrated-candidates.csv,fe43388
busan-K-00448,코랄라니,restaurant,3,35.1825920662,129.2089308044,kto_tourapi,KorService2:2832636:ko,KorService2:2832636:ko,,,http://tong.visitkorea.or.kr/cms/resource/33/2832633_image2_1.jpg,1,image_sufficient,N/A,,2026-07-24T00:27:42.723Z,data/tourapi/candidates/busan/busan-integrated-candidates.csv,fe43388
busan-K-00449,풍원장시골밥상집,restaurant,3,35.1974490024,129.2232402619,kto_tourapi,KorService2:2832642:ko,KorService2:2832642:ko,,,http://tong.visitkorea.or.kr/cms/resource/39/2832639_image2_1.jpg,1,image_sufficient,N/A,,2026-07-24T00:27:42.723Z,data/tourapi/candidates/busan/busan-integrated-candidates.csv,fe43388
busan-K-00450,피크스퀘어,restaurant,3,35.2325510123,129.2439402696,kto_tourapi,KorService2:2832649:ko,KorService2:2832649:ko,,,http://tong.visitkorea.or.kr/cms/resource/46/2832646_image2_1.jpg,1,image_sufficient,N/A,,2026-07-24T00:27:42.723Z,data/tourapi/candidates/busan/busan-integrated-candidates.csv,fe43388
busan-K-00451,헤이든,restaurant,3,35.2824206625,129.2567155544,kto_tourapi,KorService2:2832655:ko,KorService2:2832655:ko,,,http://tong.visitkorea.or.kr/cms/resource/54/2832654_image2_1.jpg,1,image_sufficient,N/A,,2026-07-24T00:27:42.723Z,data/tourapi/candidates/busan/busan-integrated-candidates.csv,fe43388
busan-K-00453,구디너프,restaurant,1,35.0127458275,128.8331570019,kto_tourapi,KorService2:2832700:ko,KorService2:2832700:ko,,,http://tong.visitkorea.or.kr/cms/resource/94/2832694_image2_1.jpg,1,image_sufficient,N/A,,2026-07-24T00:27:42.723Z,data/tourapi/candidates/busan/busan-integrated-candidates.csv,fe43388
busan-K-00454,록산,restaurant,1,35.1113663626,128.888963368,kto_tourapi,KorService2:2832712:ko,KorService2:2832712:ko,,,http://tong.visitkorea.or.kr/cms/resource/06/2832706_image2_1.jpg,1,image_sufficient,N/A,,2026-07-24T00:27:42.723Z,data/tourapi/candidates/busan/busan-integrated-candidates.csv,fe43388
busan-K-00455,어라우즈로스터리,restaurant,1,35.1038096127,128.9291850713,kto_tourapi,KorService2:2832717:ko,KorService2:2832717:ko,,,http://tong.visitkorea.or.kr/cms/resource/15/2832715_image2_1.jpg,1,image_sufficient,N/A,,2026-07-24T00:27:42.723Z,data/tourapi/candidates/busan/busan-integrated-candidates.csv,fe43388
busan-K-00456,이프리오,restaurant,1,35.1454874813,128.8857738308,kto_tourapi,KorService2:2832723:ko,KorService2:2832723:ko,,,http://tong.visitkorea.or.kr/cms/resource/22/2832722_image2_1.jpg,1,image_sufficient,N/A,,2026-07-24T00:27:42.723Z,data/tourapi/candidates/busan/busan-integrated-candidates.csv,fe43388
busan-K-00458,그릿비 일광,restaurant,3,35.2743159804,129.2548492752,kto_tourapi,KorService2:2833257:ko,KorService2:2833257:ko,,,http://tong.visitkorea.or.kr/cms/resource/43/2833243_image2_1.jpg,1,image_sufficient,N/A,,2026-07-24T00:27:42.723Z,data/tourapi/candidates/busan/busan-integrated-candidates.csv,fe43388
busan-K-00459,갤러리이알디 부산,attraction,16,35.1610686425,129.1639936365,kto_tourapi,KorService2:2834026:ko,KorService2:2834026:ko,,,http://tong.visitkorea.or.kr/cms/resource/60/2836060_image2_1.jpg,1,image_sufficient,N/A,,2026-07-24T00:27:42.723Z,data/tourapi/candidates/busan/busan-integrated-candidates.csv,fe43388
busan-K-00460,신기숲,restaurant,14,35.0868889171,129.0603019046,kto_tourapi,KorService2:2836405:ko,KorService2:2836405:ko,,,http://tong.visitkorea.or.kr/cms/resource/98/2836398_image2_1.jpg,1,image_sufficient,N/A,,2026-07-24T00:27:42.723Z,data/tourapi/candidates/busan/busan-integrated-candidates.csv,fe43388
busan-K-00462,오구카페,restaurant,14,35.0856219234,129.034856929,kto_tourapi,KorService2:2836424:ko,KorService2:2836424:ko,,,http://tong.visitkorea.or.kr/cms/resource/16/2836416_image2_1.jpg,1,image_sufficient,N/A,,2026-07-24T00:27:42.723Z,data/tourapi/candidates/busan/busan-integrated-candidates.csv,fe43388
busan-K-00463,노티스,restaurant,15,35.1022423326,129.0374090315,kto_tourapi,KorService2:2836431:ko,KorService2:2836431:ko,,,http://tong.visitkorea.or.kr/cms/resource/30/2836430_image2_1.jpg,1,image_sufficient,N/A,,2026-07-24T00:27:42.723Z,data/tourapi/candidates/busan/busan-integrated-candidates.csv,fe43388
busan-K-00466,이엘 16.52 (EL16.52),restaurant,11,35.0631547097,129.0194644343,kto_tourapi,KorService2:2838418:ko,KorService2:2838418:ko,,,http://tong.visitkorea.or.kr/cms/resource/04/2838404_image2_1.jpg,1,image_sufficient,N/A,,2026-07-24T00:27:42.723Z,data/tourapi/candidates/busan/busan-integrated-candidates.csv,fe43388
busan-K-00467,엄용백 돼지국밥,restaurant,12,35.1662727497,129.1172781118,kto_tourapi,KorService2:2838432:ko,KorService2:2838432:ko,,,http://tong.visitkorea.or.kr/cms/resource/22/2838422_image2_1.jpg,1,image_sufficient,N/A,,2026-07-24T00:27:42.723Z,data/tourapi/candidates/busan/busan-integrated-candidates.csv,fe43388
busan-K-00469,연어바치,restaurant,4,35.1363897422,129.1041384067,kto_tourapi,KorService2:2838755:ko,KorService2:2838755:ko,,,,0,source_exhausted,N/A,,2026-07-24T00:27:42.723Z,data/tourapi/candidates/busan/busan-integrated-candidates.csv,fe43388
busan-K-00470,주문진 막국수,restaurant,6,35.1960405705,129.0595628726,kto_tourapi,KorService2:2838820:ko,KorService2:2838820:ko,,,http://tong.visitkorea.or.kr/cms/resource/00/2838800_image2_1.jpg,1,image_sufficient,N/A,,2026-07-24T00:27:42.723Z,data/tourapi/candidates/busan/busan-integrated-candidates.csv,fe43388
busan-K-00472,더스타뷔페,restaurant,7,35.1521316444,129.0619694214,kto_tourapi,KorService2:2838872:ko,KorService2:2838872:ko,,,http://tong.visitkorea.or.kr/cms/resource/63/2838863_image2_1.jpg,1,image_sufficient,N/A,,2026-07-24T00:27:42.723Z,data/tourapi/candidates/busan/busan-integrated-candidates.csv,fe43388
busan-K-00473,툇마루,restaurant,8,35.2342436895,129.0090301147,kto_tourapi,KorService2:2838889:ko,KorService2:2838889:ko,,,http://tong.visitkorea.or.kr/cms/resource/78/2838878_image2_1.jpg,1,image_sufficient,N/A,,2026-07-24T00:27:42.723Z,data/tourapi/candidates/busan/busan-integrated-candidates.csv,fe43388
busan-K-00474,고관함박,restaurant,5,35.1270313878,129.0462742511,kto_tourapi,KorService2:2838907:ko,KorService2:2838907:ko,,,http://tong.visitkorea.or.kr/cms/resource/97/2838897_image2_1.jpg,1,image_sufficient,N/A,,2026-07-24T00:27:42.723Z,data/tourapi/candidates/busan/busan-integrated-candidates.csv,fe43388
busan-K-00475,비상(VSANT),restaurant,9,35.1226858823,128.9621705766,kto_tourapi,KorService2:2838935:ko,KorService2:2838935:ko,,,http://tong.visitkorea.or.kr/cms/resource/29/2838929_image2_1.jpg,1,image_sufficient,N/A,,2026-07-24T00:27:42.723Z,data/tourapi/candidates/busan/busan-integrated-candidates.csv,fe43388
busan-K-00476,오소리순대,restaurant,13,35.1872308043,129.0789086531,kto_tourapi,KorService2:2838973:ko,KorService2:2838973:ko,,,http://tong.visitkorea.or.kr/cms/resource/58/2838958_image2_1.jpg,1,image_sufficient,N/A,,2026-07-24T00:27:42.723Z,data/tourapi/candidates/busan/busan-integrated-candidates.csv,fe43388
busan-K-00477,녹산용가든,restaurant,1,35.1190933587,128.893543315,kto_tourapi,KorService2:2840883:ko,KorService2:2840883:ko,,,http://tong.visitkorea.or.kr/cms/resource/60/2840860_image2_1.jpg,1,image_sufficient,N/A,,2026-07-24T00:27:42.723Z,data/tourapi/candidates/busan/busan-integrated-candidates.csv,fe43388
busan-K-00478,로다로지,restaurant,1,35.1062842348,128.9236910382,kto_tourapi,KorService2:2840901:ko,KorService2:2840901:ko,,,http://tong.visitkorea.or.kr/cms/resource/87/2840887_image2_1.jpg,1,image_sufficient,N/A,,2026-07-24T00:27:42.723Z,data/tourapi/candidates/busan/busan-integrated-candidates.csv,fe43388
busan-K-00480,벨렘351,restaurant,1,35.2115096751,128.9845550922,kto_tourapi,KorService2:2840956:ko,KorService2:2840956:ko,,,http://tong.visitkorea.or.kr/cms/resource/33/2840933_image2_1.jpg,1,image_sufficient,N/A,,2026-07-24T00:27:42.723Z,data/tourapi/candidates/busan/busan-integrated-candidates.csv,fe43388
busan-K-00482,월남면반,restaurant,1,35.1025013632,128.9257409618,kto_tourapi,KorService2:2841018:ko,KorService2:2841018:ko,,,http://tong.visitkorea.or.kr/cms/resource/07/2841007_image2_1.jpg,1,image_sufficient,N/A,,2026-07-24T00:27:42.723Z,data/tourapi/candidates/busan/busan-integrated-candidates.csv,fe43388
busan-K-00483,이지요 더파크,restaurant,1,35.0817943628,128.8719628713,kto_tourapi,KorService2:2841029:ko,KorService2:2841029:ko,,,http://tong.visitkorea.or.kr/cms/resource/24/2841024_image2_1.jpg,1,image_sufficient,N/A,,2026-07-24T00:27:42.723Z,data/tourapi/candidates/busan/busan-integrated-candidates.csv,fe43388
busan-K-00484,한그루양과점,restaurant,1,35.0953933502,128.8997906361,kto_tourapi,KorService2:2841052:ko,KorService2:2841052:ko,,,http://tong.visitkorea.or.kr/cms/resource/43/2841043_image2_1.jpg,1,image_sufficient,N/A,,2026-07-24T00:27:42.723Z,data/tourapi/candidates/busan/busan-integrated-candidates.csv,fe43388
busan-K-00485,더팜471,restaurant,2,35.2776734066,129.0768619006,kto_tourapi,KorService2:2841064:ko,KorService2:2841064:ko,,,http://tong.visitkorea.or.kr/cms/resource/58/2841058_image2_1.jpg,1,image_sufficient,N/A,,2026-07-24T00:27:42.723Z,data/tourapi/candidates/busan/busan-integrated-candidates.csv,fe43388
busan-K-00486,리디앤폴(LIDI&PAUL),restaurant,2,35.2437884436,129.0836872388,kto_tourapi,KorService2:2841417:ko,KorService2:2841417:ko,,,http://tong.visitkorea.or.kr/cms/resource/98/2841398_image2_1.jpg,1,image_sufficient,N/A,,2026-07-24T00:27:42.723Z,data/tourapi/candidates/busan/busan-integrated-candidates.csv,fe43388
busan-K-00488,공극샌드커피,restaurant,3,35.1845252618,129.2131276086,kto_tourapi,KorService2:2841481:ko,KorService2:2841481:ko,,,http://tong.visitkorea.or.kr/cms/resource/76/2841476_image2_1.jpg,1,image_sufficient,N/A,,2026-07-24T00:27:42.723Z,data/tourapi/candidates/busan/busan-integrated-candidates.csv,fe43388
busan-K-00489,메르데쿠르,restaurant,3,35.2331120647,129.2441569026,kto_tourapi,KorService2:2841499:ko,KorService2:2841499:ko,,,http://tong.visitkorea.or.kr/cms/resource/93/2841493_image2_1.jpg,1,image_sufficient,N/A,,2026-07-24T00:27:42.723Z,data/tourapi/candidates/busan/busan-integrated-candidates.csv,fe43388
busan-K-00490,향유정 속초이모네찜,restaurant,3,35.2284788768,129.2241254387,kto_tourapi,KorService2:2841524:ko,KorService2:2841524:ko,,,http://tong.visitkorea.or.kr/cms/resource/09/2841509_image2_1.jpg,1,image_sufficient,N/A,,2026-07-24T00:27:42.723Z,data/tourapi/candidates/busan/busan-integrated-candidates.csv,fe43388
busan-K-00491,오프오,restaurant,3,35.2318955293,129.2439041795,kto_tourapi,KorService2:2844259:ko,KorService2:2844259:ko,,,http://tong.visitkorea.or.kr/cms/resource/55/2844255_image2_1.jpg,1,image_sufficient,N/A,,2026-07-24T00:27:42.723Z,data/tourapi/candidates/busan/busan-integrated-candidates.csv,fe43388
busan-K-00492,어보,restaurant,3,35.2937000169,129.26008717,kto_tourapi,KorService2:2844638:ko,KorService2:2844638:ko,,,http://tong.visitkorea.or.kr/cms/resource/32/2844632_image2_1.jpg,1,image_sufficient,N/A,,2026-07-24T00:27:42.723Z,data/tourapi/candidates/busan/busan-integrated-candidates.csv,fe43388
busan-K-00493,진품물회,restaurant,3,35.2150026005,129.2236758504,kto_tourapi,KorService2:2844643:ko,KorService2:2844643:ko,,,http://tong.visitkorea.or.kr/cms/resource/41/2844641_image2_1.jpg,1,image_sufficient,N/A,,2026-07-24T00:27:42.723Z,data/tourapi/candidates/busan/busan-integrated-candidates.csv,fe43388
busan-K-00494,일광당,restaurant,3,35.266613701,129.2352761915,kto_tourapi,KorService2:2844677:ko,KorService2:2844677:ko,,,http://tong.visitkorea.or.kr/cms/resource/74/2844674_image2_1.jpg,1,image_sufficient,N/A,,2026-07-24T00:27:42.723Z,data/tourapi/candidates/busan/busan-integrated-candidates.csv,fe43388
busan-K-00495,장군멸치회촌,restaurant,3,35.2248044098,129.2306388629,kto_tourapi,KorService2:2844687:ko,KorService2:2844687:ko,,,http://tong.visitkorea.or.kr/cms/resource/84/2844684_image2_1.jpg,1,image_sufficient,N/A,,2026-07-24T00:27:42.723Z,data/tourapi/candidates/busan/busan-integrated-candidates.csv,fe43388
busan-K-00496,제주항통갈치,restaurant,3,35.1861028359,129.2116665805,kto_tourapi,KorService2:2844698:ko,KorService2:2844698:ko,,,http://tong.visitkorea.or.kr/cms/resource/96/2844696_image2_1.jpg,1,image_sufficient,N/A,,2026-07-24T00:27:42.723Z,data/tourapi/candidates/busan/busan-integrated-candidates.csv,fe43388
busan-K-00497,팜카페,restaurant,3,35.2033453296,129.2106078643,kto_tourapi,KorService2:2844738:ko,KorService2:2844738:ko,,,http://tong.visitkorea.or.kr/cms/resource/32/2844732_image2_1.jpg,1,image_sufficient,N/A,,2026-07-24T00:27:42.723Z,data/tourapi/candidates/busan/busan-integrated-candidates.csv,fe43388
busan-K-00499,가마솥생복집,restaurant,3,35.2470210453,129.2134452993,kto_tourapi,KorService2:2845011:ko,KorService2:2845011:ko,,,http://tong.visitkorea.or.kr/cms/resource/05/2845005_image2_1.jpg,1,image_sufficient,N/A,,2026-07-24T00:27:42.723Z,data/tourapi/candidates/busan/busan-integrated-candidates.csv,fe43388
busan-K-00500,이화장횟집,restaurant,3,35.2236905771,129.2269447707,kto_tourapi,KorService2:2845027:ko,KorService2:2845027:ko,,,http://tong.visitkorea.or.kr/cms/resource/18/2845018_image2_1.jpg,1,image_sufficient,N/A,,2026-07-24T00:27:42.723Z,data/tourapi/candidates/busan/busan-integrated-candidates.csv,fe43388
busan-K-00501,더바베큐051,restaurant,3,35.1848168585,129.2111305513,kto_tourapi,KorService2:2845041:ko,KorService2:2845041:ko,,,http://tong.visitkorea.or.kr/cms/resource/33/2845033_image2_1.jpg,1,image_sufficient,N/A,,2026-07-24T00:27:42.723Z,data/tourapi/candidates/busan/busan-integrated-candidates.csv,fe43388
busan-K-00502,마레레스토랑,restaurant,3,35.2739382385,129.2545020936,kto_tourapi,KorService2:2845069:ko,KorService2:2845069:ko,,,http://tong.visitkorea.or.kr/cms/resource/60/2845060_image2_1.jpg,1,image_sufficient,N/A,,2026-07-24T00:27:42.723Z,data/tourapi/candidates/busan/busan-integrated-candidates.csv,fe43388
busan-K-00503,마리솔,restaurant,3,35.2721438894,129.2488304146,kto_tourapi,KorService2:2845094:ko,KorService2:2845094:ko,,,http://tong.visitkorea.or.kr/cms/resource/78/2845078_image2_1.jpg,1,image_sufficient,N/A,,2026-07-24T00:27:42.723Z,data/tourapi/candidates/busan/busan-integrated-candidates.csv,fe43388
busan-K-00504,본가딸부자전복죽집,restaurant,3,35.2175468041,129.2260450183,kto_tourapi,KorService2:2845123:ko,KorService2:2845123:ko,,,http://tong.visitkorea.or.kr/cms/resource/06/2845106_image2_1.jpg,1,image_sufficient,N/A,,2026-07-24T00:27:42.723Z,data/tourapi/candidates/busan/busan-integrated-candidates.csv,fe43388
busan-K-00506,일광 카페 숲,restaurant,3,35.2598118501,129.2441089449,kto_tourapi,KorService2:2847877:ko,KorService2:2847877:ko,,,http://tong.visitkorea.or.kr/cms/resource/70/2847870_image2_1.jpg,1,image_sufficient,N/A,,2026-07-24T00:27:42.723Z,data/tourapi/candidates/busan/busan-integrated-candidates.csv,fe43388
busan-K-00507,메이크씨,restaurant,3,35.308384468,129.2593618262,kto_tourapi,KorService2:2847893:ko,KorService2:2847893:ko,,,http://tong.visitkorea.or.kr/cms/resource/82/2847882_image2_1.jpg,1,image_sufficient,N/A,,2026-07-24T00:27:42.723Z,data/tourapi/candidates/busan/busan-integrated-candidates.csv,fe43388
busan-K-00508,메밀447,restaurant,3,35.2809008672,129.2287846943,kto_tourapi,KorService2:2847910:ko,KorService2:2847910:ko,,,http://tong.visitkorea.or.kr/cms/resource/99/2847899_image2_1.jpg,1,image_sufficient,N/A,,2026-07-24T00:27:42.723Z,data/tourapi/candidates/busan/busan-integrated-candidates.csv,fe43388
busan-K-00510,황금새우기장본점,restaurant,3,35.2722884009,129.2532994662,kto_tourapi,KorService2:2848924:ko,KorService2:2848924:ko,,,http://tong.visitkorea.or.kr/cms/resource/20/2848820_image2_1.jpg,1,image_sufficient,N/A,,2026-07-24T00:27:42.723Z,data/tourapi/candidates/busan/busan-integrated-candidates.csv,fe43388
busan-K-00511,하바나,restaurant,3,35.3114897076,129.2610810343,kto_tourapi,KorService2:2848930:ko,KorService2:2848930:ko,,,http://tong.visitkorea.or.kr/cms/resource/93/2848793_image2_1.jpg,1,image_sufficient,N/A,,2026-07-24T00:27:42.723Z,data/tourapi/candidates/busan/busan-integrated-candidates.csv,fe43388
busan-K-00512,튼튼장어 무한리필,restaurant,3,35.2601393874,129.2331682209,kto_tourapi,KorService2:2848939:ko,KorService2:2848939:ko,,,http://tong.visitkorea.or.kr/cms/resource/59/2848759_image2_1.jpg,1,image_sufficient,N/A,,2026-07-24T00:27:42.723Z,data/tourapi/candidates/busan/busan-integrated-candidates.csv,fe43388
busan-K-00513,칠암만장,restaurant,3,35.2999631688,129.258231602,kto_tourapi,KorService2:2848949:ko,KorService2:2848949:ko,,,http://tong.visitkorea.or.kr/cms/resource/92/2848692_image2_1.jpg,1,image_sufficient,N/A,,2026-07-24T00:27:42.723Z,data/tourapi/candidates/busan/busan-integrated-candidates.csv,fe43388
busan-K-00514,일광정,restaurant,3,35.2996881955,129.2580316277,kto_tourapi,KorService2:2848952:ko,KorService2:2848952:ko,,,http://tong.visitkorea.or.kr/cms/resource/63/2848663_image2_1.jpg,1,image_sufficient,N/A,,2026-07-24T00:27:42.723Z,data/tourapi/candidates/busan/busan-integrated-candidates.csv,fe43388
busan-K-00515,웨스턴챔버,restaurant,3,35.3464982613,129.185583858,kto_tourapi,KorService2:2852185:ko,KorService2:2852185:ko,,,http://tong.visitkorea.or.kr/cms/resource/74/2852174_image2_1.jpg,1,image_sufficient,N/A,,2026-07-24T00:27:42.723Z,data/tourapi/candidates/busan/busan-integrated-candidates.csv,fe43388
busan-K-00516,유정1995 기장 본점,restaurant,3,35.3528253562,129.1869974481,kto_tourapi,KorService2:2852200:ko,KorService2:2852200:ko,,,http://tong.visitkorea.or.kr/cms/resource/93/3072393_image2_1.jpg,1,image_sufficient,N/A,,2026-07-24T00:27:42.723Z,data/tourapi/candidates/busan/busan-integrated-candidates.csv,fe43388
busan-K-00517,철마대가한우직판장,restaurant,3,35.2709896369,129.1626601676,kto_tourapi,KorService2:2852238:ko,KorService2:2852238:ko,,,http://tong.visitkorea.or.kr/cms/resource/30/2852230_image2_1.jpg,1,image_sufficient,N/A,,2026-07-24T00:27:42.723Z,data/tourapi/candidates/busan/busan-integrated-candidates.csv,fe43388
busan-K-00518,철마한우수목원,restaurant,3,35.2943538074,129.169311721,kto_tourapi,KorService2:2852250:ko,KorService2:2852250:ko,,,http://tong.visitkorea.or.kr/cms/resource/42/2852242_image2_1.jpg,1,image_sufficient,N/A,,2026-07-24T00:27:42.723Z,data/tourapi/candidates/busan/busan-integrated-candidates.csv,fe43388
busan-K-00519,초오록,restaurant,3,35.2827394161,129.2215574939,kto_tourapi,KorService2:2852263:ko,KorService2:2852263:ko,,,http://tong.visitkorea.or.kr/cms/resource/56/2852256_image2_1.jpg,1,image_sufficient,N/A,,2026-07-24T00:27:42.723Z,data/tourapi/candidates/busan/busan-integrated-candidates.csv,fe43388
busan-K-00520,하늘아래 첫 집,restaurant,3,35.3492314413,129.1938108439,kto_tourapi,KorService2:2852277:ko,KorService2:2852277:ko,,,http://tong.visitkorea.or.kr/cms/resource/69/2852269_image2_1.jpg,1,image_sufficient,N/A,,2026-07-24T00:27:42.723Z,data/tourapi/candidates/busan/busan-integrated-candidates.csv,fe43388
busan-K-00521,해운대해물칼국수,restaurant,3,35.3220608686,129.2677218291,kto_tourapi,KorService2:2852289:ko,KorService2:2852289:ko,,,http://tong.visitkorea.or.kr/cms/resource/85/2852285_image2_1.jpg,1,image_sufficient,N/A,,2026-07-24T00:27:42.723Z,data/tourapi/candidates/busan/busan-integrated-candidates.csv,fe43388
busan-K-00522,형제가든,restaurant,3,35.2857713545,129.1649012311,kto_tourapi,KorService2:2852301:ko,KorService2:2852301:ko,,,http://tong.visitkorea.or.kr/cms/resource/97/2852297_image2_1.jpg,1,image_sufficient,N/A,,2026-07-24T00:27:42.723Z,data/tourapi/candidates/busan/busan-integrated-candidates.csv,fe43388
busan-K-00523,덕산명가 참소국밥,restaurant,4,35.1304208304,129.0968253177,kto_tourapi,KorService2:2852312:ko,KorService2:2852312:ko,,,http://tong.visitkorea.or.kr/cms/resource/08/2852308_image2_1.jpg,1,image_sufficient,N/A,,2026-07-24T00:27:42.723Z,data/tourapi/candidates/busan/busan-integrated-candidates.csv,fe43388
busan-K-00524,이티135,restaurant,10,35.0941421514,128.9782671739,kto_tourapi,KorService2:2852402:ko,KorService2:2852402:ko,,,http://tong.visitkorea.or.kr/cms/resource/00/2852400_image2_1.jpg,1,image_sufficient,N/A,,2026-07-24T00:27:42.723Z,data/tourapi/candidates/busan/busan-integrated-candidates.csv,fe43388
busan-K-00525,카페 만디,restaurant,10,35.1003836071,129.0047758093,kto_tourapi,KorService2:2852408:ko,KorService2:2852408:ko,,,http://tong.visitkorea.or.kr/cms/resource/06/2852406_image2_1.jpg,1,image_sufficient,N/A,,2026-07-24T00:27:42.723Z,data/tourapi/candidates/busan/busan-integrated-candidates.csv,fe43388
busan-K-00527,태백관,restaurant,6,35.2018349452,129.0908960978,kto_tourapi,KorService2:2852602:ko,KorService2:2852602:ko,,,http://tong.visitkorea.or.kr/cms/resource/93/2852593_image2_1.jpg,1,image_sufficient,N/A,,2026-07-24T00:27:42.723Z,data/tourapi/candidates/busan/busan-integrated-candidates.csv,fe43388
busan-K-00528,코모도테이블,restaurant,6,35.1925334341,129.1030314079,kto_tourapi,KorService2:2852620:ko,KorService2:2852620:ko,,,http://tong.visitkorea.or.kr/cms/resource/13/2852613_image2_1.jpg,1,image_sufficient,N/A,,2026-07-24T00:27:42.723Z,data/tourapi/candidates/busan/busan-integrated-candidates.csv,fe43388
busan-K-00530,수안커피컴퍼니 커피하우스,restaurant,6,35.1998517568,129.086710405,kto_tourapi,KorService2:2852696:ko,KorService2:2852696:ko,,,http://tong.visitkorea.or.kr/cms/resource/89/2852689_image2_1.jpg,1,image_sufficient,N/A,,2026-07-24T00:27:42.723Z,data/tourapi/candidates/busan/busan-integrated-candidates.csv,fe43388
busan-K-00531,낭만송백,restaurant,1,35.1337646256,128.9310646493,kto_tourapi,KorService2:2853012:ko,KorService2:2853012:ko,,,http://tong.visitkorea.or.kr/cms/resource/02/2853002_image2_1.jpg,1,image_sufficient,N/A,,2026-07-24T00:27:42.723Z,data/tourapi/candidates/busan/busan-integrated-candidates.csv,fe43388
busan-K-00532,황토마루,restaurant,3,35.3429543502,129.1928416577,kto_tourapi,KorService2:2853031:ko,KorService2:2853031:ko,,,http://tong.visitkorea.or.kr/cms/resource/21/2853021_image2_1.jpg,1,image_sufficient,N/A,,2026-07-24T00:27:42.723Z,data/tourapi/candidates/busan/busan-integrated-candidates.csv,fe43388
busan-K-00533,카페 도토리 로스터스,restaurant,3,35.3699411554,129.2434503873,kto_tourapi,KorService2:2853060:ko,KorService2:2853060:ko,,,http://tong.visitkorea.or.kr/cms/resource/42/2853042_image2_1.jpg,1,image_sufficient,N/A,,2026-07-24T00:27:42.723Z,data/tourapi/candidates/busan/busan-integrated-candidates.csv,fe43388
busan-K-00534,만선해물탕,restaurant,3,35.3216704073,129.1810766062,kto_tourapi,KorService2:2853079:ko,KorService2:2853079:ko,,,http://tong.visitkorea.or.kr/cms/resource/67/2853067_image2_1.jpg,1,image_sufficient,N/A,,2026-07-24T00:27:42.723Z,data/tourapi/candidates/busan/busan-integrated-candidates.csv,fe43388
busan-K-00535,파나카F,restaurant,6,35.2121971536,129.0627927041,kto_tourapi,KorService2:2853081:ko,KorService2:2853081:ko,,,http://tong.visitkorea.or.kr/cms/resource/78/2853078_image2_1.jpg,1,image_sufficient,N/A,,2026-07-24T00:27:42.723Z,data/tourapi/candidates/busan/busan-integrated-candidates.csv,fe43388
busan-K-00536,부산조개창고,restaurant,3,35.3214426643,129.181571014,kto_tourapi,KorService2:2853131:ko,KorService2:2853131:ko,,,http://tong.visitkorea.or.kr/cms/resource/21/2853121_image2_1.jpg,1,image_sufficient,N/A,,2026-07-24T00:27:42.723Z,data/tourapi/candidates/busan/busan-integrated-candidates.csv,fe43388
busan-K-00539,아라진,restaurant,3,35.290119833,129.2585068518,kto_tourapi,KorService2:2853163:ko,KorService2:2853163:ko,,,http://tong.visitkorea.or.kr/cms/resource/52/2853152_image2_1.jpg,1,image_sufficient,N/A,,2026-07-24T00:27:42.723Z,data/tourapi/candidates/busan/busan-integrated-candidates.csv,fe43388
busan-K-00540,우송가든,restaurant,3,35.2643376886,129.1671432951,kto_tourapi,KorService2:2853185:ko,KorService2:2853185:ko,,,http://tong.visitkorea.or.kr/cms/resource/73/2853173_image2_1.jpg,1,image_sufficient,N/A,,2026-07-24T00:27:42.723Z,data/tourapi/candidates/busan/busan-integrated-candidates.csv,fe43388
busan-K-00541,조방제일한우,restaurant,5,35.1408051364,129.0620308373,kto_tourapi,KorService2:2853231:ko,KorService2:2853231:ko,,,http://tong.visitkorea.or.kr/cms/resource/27/2853227_image2_1.jpg,1,image_sufficient,N/A,,2026-07-24T00:27:42.723Z,data/tourapi/candidates/busan/busan-integrated-candidates.csv,fe43388
busan-K-00542,303일상,restaurant,6,35.2170080024,129.0777662684,kto_tourapi,KorService2:2853243:ko,KorService2:2853243:ko,,,http://tong.visitkorea.or.kr/cms/resource/41/2853241_image2_1.jpg,1,image_sufficient,N/A,,2026-07-24T00:27:42.723Z,data/tourapi/candidates/busan/busan-integrated-candidates.csv,fe43388
busan-K-00543,리버사이드,restaurant,3,35.292969535,129.2596622276,kto_tourapi,KorService2:2854887:ko,KorService2:2854887:ko,,,,0,source_exhausted,N/A,,2026-07-24T00:27:42.723Z,data/tourapi/candidates/busan/busan-integrated-candidates.csv,fe43388
busan-K-00544,온든해,restaurant,1,35.1307346091,128.9419360073,kto_tourapi,KorService2:2855623:ko,KorService2:2855623:ko,,,http://tong.visitkorea.or.kr/cms/resource/84/3587884_image2_1.jpg,1,image_sufficient,N/A,,2026-07-24T00:27:42.723Z,data/tourapi/candidates/busan/busan-integrated-candidates.csv,fe43388
busan-K-00545,청마가옥,attraction,14,35.0929880838,129.0521218937,kto_tourapi,KorService2:2855624:ko,KorService2:2855624:ko,,,http://tong.visitkorea.or.kr/cms/resource/45/2781045_image2_1.jpg,1,image_sufficient,N/A,,2026-07-24T00:27:42.723Z,data/tourapi/candidates/busan/busan-integrated-candidates.csv,fe43388
busan-K-00546,부산수제맥주마스터스챌린지,event,16,35.1687450332,129.1355209016,kto_tourapi,KorService2:2856938:ko,KorService2:2856938:ko,,,http://tong.visitkorea.or.kr/cms/resource/53/3536453_image2_1.jpg,1,image_sufficient,N/A,,2026-07-24T00:27:42.723Z,data/tourapi/candidates/busan/busan-integrated-candidates.csv,fe43388
busan-K-00547,해운대하얀오징어집,restaurant,16,35.1611742976,129.1700125548,kto_tourapi,KorService2:2858936:ko,KorService2:2858936:ko,,,http://tong.visitkorea.or.kr/cms/resource/34/2858934_image2_1.jpg,1,image_sufficient,N/A,,2026-07-24T00:27:42.723Z,data/tourapi/candidates/busan/busan-integrated-candidates.csv,fe43388
busan-K-00548,하진이네,restaurant,16,35.1620496446,129.1940076674,kto_tourapi,KorService2:2858955:ko,KorService2:2858955:ko,,,http://tong.visitkorea.or.kr/cms/resource/44/2858944_image2_1.jpg,1,image_sufficient,N/A,,2026-07-24T00:27:42.723Z,data/tourapi/candidates/busan/busan-integrated-candidates.csv,fe43388
busan-K-00550,구덕포끝집고기,restaurant,16,35.1680045876,129.1968878084,kto_tourapi,KorService2:2859073:ko,KorService2:2859073:ko,,,http://tong.visitkorea.or.kr/cms/resource/70/2859070_image2_1.jpg,1,image_sufficient,N/A,,2026-07-24T00:27:42.723Z,data/tourapi/candidates/busan/busan-integrated-candidates.csv,fe43388
busan-K-00552,흑송 우동소바 송정본점,restaurant,16,35.1750510142,129.1965348672,kto_tourapi,KorService2:2859132:ko,KorService2:2859132:ko,,,http://tong.visitkorea.or.kr/cms/resource/00/2859100_image2_1.jpg,1,image_sufficient,N/A,,2026-07-24T00:27:42.723Z,data/tourapi/candidates/busan/busan-integrated-candidates.csv,fe43388
busan-K-00553,키친동백,restaurant,16,35.157827613,129.1787924398,kto_tourapi,KorService2:2859188:ko,KorService2:2859188:ko,,,http://tong.visitkorea.or.kr/cms/resource/85/2859185_image2_1.jpg,1,image_sufficient,N/A,,2026-07-24T00:27:42.723Z,data/tourapi/candidates/busan/busan-integrated-candidates.csv,fe43388
busan-K-00554,영남식육식당,restaurant,16,35.1735868911,129.1750867729,kto_tourapi,KorService2:2860755:ko,KorService2:2860755:ko,,,http://tong.visitkorea.or.kr/cms/resource/43/2860743_image2_1.jpg,1,image_sufficient,N/A,,2026-07-24T00:27:42.723Z,data/tourapi/candidates/busan/busan-integrated-candidates.csv,fe43388
busan-K-00555,오반장,restaurant,16,35.1614851749,129.1592634811,kto_tourapi,KorService2:2860782:ko,KorService2:2860782:ko,,,http://tong.visitkorea.or.kr/cms/resource/67/2860767_image2_1.jpg,1,image_sufficient,N/A,,2026-07-24T00:27:42.723Z,data/tourapi/candidates/busan/busan-integrated-candidates.csv,fe43388
busan-K-00556,샤브막심 송정본점,restaurant,16,35.1712292375,129.1974932227,kto_tourapi,KorService2:2860819:ko,KorService2:2860819:ko,,,http://tong.visitkorea.or.kr/cms/resource/16/2860816_image2_1.jpg,1,image_sufficient,N/A,,2026-07-24T00:27:42.723Z,data/tourapi/candidates/busan/busan-integrated-candidates.csv,fe43388
busan-K-00557,샤브야 본점,restaurant,16,35.1581804168,129.1823171232,kto_tourapi,KorService2:2860823:ko,KorService2:2860823:ko,,,http://tong.visitkorea.or.kr/cms/resource/22/2860822_image2_1.jpg,1,image_sufficient,N/A,,2026-07-24T00:27:42.723Z,data/tourapi/candidates/busan/busan-integrated-candidates.csv,fe43388
busan-K-00558,솔내음한정식,restaurant,16,35.1586246757,129.1750177459,kto_tourapi,KorService2:2860829:ko,KorService2:2860829:ko,,,http://tong.visitkorea.or.kr/cms/resource/26/2860826_image2_1.jpg,1,image_sufficient,N/A,,2026-07-24T00:27:42.723Z,data/tourapi/candidates/busan/busan-integrated-candidates.csv,fe43388
busan-K-00559,송정물총칼국수,restaurant,16,35.1763758683,129.196657043,kto_tourapi,KorService2:2860833:ko,KorService2:2860833:ko,,,http://tong.visitkorea.or.kr/cms/resource/31/2860831_image2_1.jpg,1,image_sufficient,N/A,,2026-07-24T00:27:42.723Z,data/tourapi/candidates/busan/busan-integrated-candidates.csv,fe43388
busan-K-00560,스노잉클라우드,restaurant,16,35.1573082804,129.1816866465,kto_tourapi,KorService2:2860839:ko,KorService2:2860839:ko,,,http://tong.visitkorea.or.kr/cms/resource/37/2860837_image2_1.jpg,1,image_sufficient,N/A,,2026-07-24T00:27:42.723Z,data/tourapi/candidates/busan/busan-integrated-candidates.csv,fe43388
busan-K-00561,싱싱뽈락회 해운대본점,restaurant,16,35.1597103343,129.1571359371,kto_tourapi,KorService2:2860851:ko,KorService2:2860851:ko,,,http://tong.visitkorea.or.kr/cms/resource/50/2860850_image2_1.jpg,1,image_sufficient,N/A,,2026-07-24T00:27:42.723Z,data/tourapi/candidates/busan/busan-integrated-candidates.csv,fe43388
busan-K-00562,기장붕장어축제in칠암,event,3,35.2983189421,129.2599953837,kto_tourapi,KorService2:2860868:ko,KorService2:2860868:ko,,,http://tong.visitkorea.or.kr/cms/resource/29/3553829_image2_1.JPG,1,image_sufficient,N/A,,2026-07-24T00:27:42.723Z,data/tourapi/candidates/busan/busan-integrated-candidates.csv,fe43388
busan-K-00564,사마정,restaurant,16,35.1551411828,129.1453481989,kto_tourapi,KorService2:2861291:ko,KorService2:2861291:ko,,,http://tong.visitkorea.or.kr/cms/resource/90/2861290_image2_1.jpg,1,image_sufficient,N/A,,2026-07-24T00:27:42.723Z,data/tourapi/candidates/busan/busan-integrated-candidates.csv,fe43388
busan-K-00565,부센동,restaurant,12,35.1583902331,129.1136786414,kto_tourapi,KorService2:2861958:ko,KorService2:2861958:ko,,,,0,source_exhausted,N/A,,2026-07-24T00:27:42.723Z,data/tourapi/candidates/busan/busan-integrated-candidates.csv,fe43388
busan-K-00566,몽작,restaurant,14,35.0848414795,129.0361429493,kto_tourapi,KorService2:2862337:ko,KorService2:2862337:ko,,,,0,source_exhausted,N/A,,2026-07-24T00:27:42.723Z,data/tourapi/candidates/busan/busan-integrated-candidates.csv,fe43388
busan-K-00567,희와제과,restaurant,7,35.1584310105,129.0658105816,kto_tourapi,KorService2:2865236:ko,KorService2:2865236:ko,,,http://tong.visitkorea.or.kr/cms/resource/31/2865231_image2_1.jpg,1,image_sufficient,N/A,,2026-07-24T00:27:42.723Z,data/tourapi/candidates/busan/busan-integrated-candidates.csv,fe43388
busan-K-00568,아시오,restaurant,7,35.1822280386,129.0492419275,kto_tourapi,KorService2:2865384:ko,KorService2:2865384:ko,,,http://tong.visitkorea.or.kr/cms/resource/71/2865371_image2_1.jpg,1,image_sufficient,N/A,,2026-07-24T00:27:42.723Z,data/tourapi/candidates/busan/busan-integrated-candidates.csv,fe43388
busan-K-00569,초함,restaurant,7,35.1792367648,129.0523750701,kto_tourapi,KorService2:2865403:ko,KorService2:2865403:ko,,,http://tong.visitkorea.or.kr/cms/resource/88/2865388_image2_1.jpg,1,image_sufficient,N/A,,2026-07-24T00:27:42.723Z,data/tourapi/candidates/busan/busan-integrated-candidates.csv,fe43388
busan-K-00570,해신킹크랩,restaurant,7,35.1630776762,129.0638883992,kto_tourapi,KorService2:2865435:ko,KorService2:2865435:ko,,,http://tong.visitkorea.or.kr/cms/resource/17/2865417_image2_1.jpg,1,image_sufficient,N/A,,2026-07-24T00:27:42.723Z,data/tourapi/candidates/busan/busan-integrated-candidates.csv,fe43388
busan-K-00571,밤나무집,restaurant,3,35.2690173764,129.1487003269,kto_tourapi,KorService2:2865941:ko,KorService2:2865941:ko,,,http://tong.visitkorea.or.kr/cms/resource/16/2865916_image2_1.jpg,1,image_sufficient,N/A,,2026-07-24T00:27:42.723Z,data/tourapi/candidates/busan/busan-integrated-candidates.csv,fe43388
busan-K-00572,스페이스앤무드,restaurant,7,35.1599112511,129.0577306889,kto_tourapi,KorService2:2865975:ko,KorService2:2865975:ko,,,http://tong.visitkorea.or.kr/cms/resource/50/2865950_image2_1.jpg,1,image_sufficient,N/A,,2026-07-24T00:27:42.723Z,data/tourapi/candidates/busan/busan-integrated-candidates.csv,fe43388
busan-K-00573,양산국밥,restaurant,16,35.1678735982,129.1727315789,kto_tourapi,KorService2:2867167:ko,KorService2:2867167:ko,,,http://tong.visitkorea.or.kr/cms/resource/60/2867160_image2_1.JPG,1,image_sufficient,N/A,,2026-07-24T00:27:42.723Z,data/tourapi/candidates/busan/busan-integrated-candidates.csv,fe43388
busan-K-00574,거창맷돌순두부,restaurant,4,35.1306125441,129.1005555434,kto_tourapi,KorService2:2867215:ko,KorService2:2867215:ko,,,http://tong.visitkorea.or.kr/cms/resource/07/2867207_image2_1.JPG,1,image_sufficient,N/A,,2026-07-24T00:27:42.723Z,data/tourapi/candidates/busan/busan-integrated-candidates.csv,fe43388
busan-K-00575,양정기사식당,restaurant,7,35.1749487805,129.0753259678,kto_tourapi,KorService2:2867517:ko,KorService2:2867517:ko,,,http://tong.visitkorea.or.kr/cms/resource/11/2867511_image2_1.JPG,1,image_sufficient,N/A,,2026-07-24T00:27:42.723Z,data/tourapi/candidates/busan/busan-integrated-candidates.csv,fe43388
busan-K-00576,신평종합시장,attraction,10,35.0919423443,128.9753647093,kto_tourapi,KorService2:2867542:ko,KorService2:2867542:ko,,,http://tong.visitkorea.or.kr/cms/resource/24/2867524_image2_1.JPG,1,image_sufficient,N/A,,2026-07-24T00:27:42.723Z,data/tourapi/candidates/busan/busan-integrated-candidates.csv,fe43388
busan-K-00577,서대시장족발,restaurant,11,35.1097049981,129.016318996,kto_tourapi,KorService2:2867598:ko,KorService2:2867598:ko,,,http://tong.visitkorea.or.kr/cms/resource/90/2867590_image2_1.JPG,1,image_sufficient,N/A,,2026-07-24T00:27:42.723Z,data/tourapi/candidates/busan/busan-integrated-candidates.csv,fe43388
busan-K-00578,영남냉면밀면,restaurant,11,35.1131685724,129.0203018886,kto_tourapi,KorService2:2867626:ko,KorService2:2867626:ko,,,http://tong.visitkorea.or.kr/cms/resource/07/2867607_image2_1.JPG,1,image_sufficient,N/A,,2026-07-24T00:27:42.723Z,data/tourapi/candidates/busan/busan-integrated-candidates.csv,fe43388
busan-K-00581,대동냉면밀면,restaurant,15,35.1037002144,129.0217353553,kto_tourapi,KorService2:2867692:ko,KorService2:2867692:ko,,,http://tong.visitkorea.or.kr/cms/resource/89/2867689_image2_1.JPG,1,image_sufficient,N/A,,2026-07-24T00:27:42.723Z,data/tourapi/candidates/busan/busan-integrated-candidates.csv,fe43388
busan-K-00582,만석미역 본점,restaurant,15,35.1081305635,129.037453312,kto_tourapi,KorService2:2867715:ko,KorService2:2867715:ko,,,http://tong.visitkorea.or.kr/cms/resource/02/2867702_image2_1.JPG,1,image_sufficient,N/A,,2026-07-24T00:27:42.723Z,data/tourapi/candidates/busan/busan-integrated-candidates.csv,fe43388
busan-K-00583,한우뭉치,restaurant,15,35.1053166975,129.0215936568,kto_tourapi,KorService2:2867734:ko,KorService2:2867734:ko,,,http://tong.visitkorea.or.kr/cms/resource/29/2867729_image2_1.JPG,1,image_sufficient,N/A,,2026-07-24T00:27:42.723Z,data/tourapi/candidates/busan/busan-integrated-candidates.csv,fe43388
busan-K-00584,늘해랑,restaurant,7,35.1723017878,129.0716985784,kto_tourapi,KorService2:2867762:ko,KorService2:2867762:ko,,,http://tong.visitkorea.or.kr/cms/resource/48/2867748_image2_1.JPG,1,image_sufficient,N/A,,2026-07-24T00:27:42.723Z,data/tourapi/candidates/busan/busan-integrated-candidates.csv,fe43388
busan-K-00585,불끈낙지,restaurant,7,35.1516753219,129.01760385,kto_tourapi,KorService2:2867903:ko,KorService2:2867903:ko,,,http://tong.visitkorea.or.kr/cms/resource/01/2867901_image2_1.JPG,1,image_sufficient,N/A,,2026-07-24T00:27:42.723Z,data/tourapi/candidates/busan/busan-integrated-candidates.csv,fe43388
busan-K-00586,녹산고향동산,attraction,1,35.154317052,128.8860013488,kto_tourapi,KorService2:2867934:ko,KorService2:2867934:ko,,,http://tong.visitkorea.or.kr/cms/resource/14/2867914_image2_1.JPG,1,image_sufficient,N/A,,2026-07-24T00:27:42.723Z,data/tourapi/candidates/busan/busan-integrated-candidates.csv,fe43388
busan-K-00587,타타에스프레소바,restaurant,12,35.1640674534,129.1179253383,kto_tourapi,KorService2:2868448:ko,KorService2:2868448:ko,,,http://tong.visitkorea.or.kr/cms/resource/48/2868348_image2_1.jpg,1,image_sufficient,N/A,,2026-07-24T00:27:42.723Z,data/tourapi/candidates/busan/busan-integrated-candidates.csv,fe43388
busan-K-00588,남천다옴,restaurant,12,35.1473775262,129.1109430695,kto_tourapi,KorService2:2868507:ko,KorService2:2868507:ko,,,http://tong.visitkorea.or.kr/cms/resource/99/2868499_image2_1.jpg,1,image_sufficient,N/A,,2026-07-24T00:27:42.723Z,data/tourapi/candidates/busan/busan-integrated-candidates.csv,fe43388
busan-K-00590,바로해장,restaurant,12,35.15014673,129.1146787801,kto_tourapi,KorService2:2868655:ko,KorService2:2868655:ko,,,http://tong.visitkorea.or.kr/cms/resource/30/2868630_image2_1.jpg,1,image_sufficient,N/A,,2026-07-24T00:27:42.723Z,data/tourapi/candidates/busan/busan-integrated-candidates.csv,fe43388
busan-K-00591,2025 영호남 전통시장 박람회,event,7,35.1652745207,129.0567056306,kto_tourapi,KorService2:2868776:ko,KorService2:2868776:ko,,,http://tong.visitkorea.or.kr/cms/resource/71/3553771_image2_1.jpg,1,image_sufficient,N/A,,2026-07-24T00:27:42.723Z,data/tourapi/candidates/busan/busan-integrated-candidates.csv,fe43388
busan-K-00592,비스포레,restaurant,12,35.1636843621,129.1287021896,kto_tourapi,KorService2:2868824:ko,KorService2:2868824:ko,,,http://tong.visitkorea.or.kr/cms/resource/40/2868740_image2_1.jpg,1,image_sufficient,N/A,,2026-07-24T00:27:42.723Z,data/tourapi/candidates/busan/busan-integrated-candidates.csv,fe43388
busan-K-00593,송원일식,restaurant,12,35.1446611618,129.1108264879,kto_tourapi,KorService2:2868850:ko,KorService2:2868850:ko,,,http://tong.visitkorea.or.kr/cms/resource/37/2868837_image2_1.jpg,1,image_sufficient,N/A,,2026-07-24T00:27:42.723Z,data/tourapi/candidates/busan/busan-integrated-candidates.csv,fe43388
busan-K-00594,엘올리브,restaurant,12,35.1757494815,129.1180638945,kto_tourapi,KorService2:2868912:ko,KorService2:2868912:ko,,,http://tong.visitkorea.or.kr/cms/resource/03/2868903_image2_1.jpg,1,image_sufficient,N/A,,2026-07-24T00:27:42.723Z,data/tourapi/candidates/busan/busan-integrated-candidates.csv,fe43388
busan-K-00595,요이쿠마 본점,restaurant,12,35.1580099594,129.1266219702,kto_tourapi,KorService2:2868940:ko,KorService2:2868940:ko,,,http://tong.visitkorea.or.kr/cms/resource/37/2868937_image2_1.jpg,1,image_sufficient,N/A,,2026-07-24T00:27:42.723Z,data/tourapi/candidates/busan/busan-integrated-candidates.csv,fe43388
busan-K-00597,로아누,restaurant,3,35.2735239812,129.2322429307,kto_tourapi,KorService2:2869129:ko,KorService2:2869129:ko,,,http://tong.visitkorea.or.kr/cms/resource/15/2869115_image2_1.jpg,1,image_sufficient,N/A,,2026-07-24T00:27:42.723Z,data/tourapi/candidates/busan/busan-integrated-candidates.csv,fe43388
busan-K-00598,초량시장,attraction,5,35.1186849857,129.0400611298,kto_tourapi,KorService2:2869135:ko,KorService2:2869135:ko,,,http://tong.visitkorea.or.kr/cms/resource/25/2869125_image2_1.JPG,1,image_sufficient,N/A,,2026-07-24T00:27:42.723Z,data/tourapi/candidates/busan/busan-integrated-candidates.csv,fe43388
busan-K-00599,감포참가자미,restaurant,5,35.1383498379,129.0610587668,kto_tourapi,KorService2:2869158:ko,KorService2:2869158:ko,,,http://tong.visitkorea.or.kr/cms/resource/32/2869132_image2_1.jpg,1,image_sufficient,N/A,,2026-07-24T00:27:42.723Z,data/tourapi/candidates/busan/busan-integrated-candidates.csv,fe43388
busan-K-00600,디원카페,restaurant,3,35.272449487,129.2529272719,kto_tourapi,KorService2:2869159:ko,KorService2:2869159:ko,,,http://tong.visitkorea.or.kr/cms/resource/44/2869144_image2_1.jpg,1,image_sufficient,N/A,,2026-07-24T00:27:42.723Z,data/tourapi/candidates/busan/busan-integrated-candidates.csv,fe43388
busan-K-00602,토로,restaurant,14,35.069213447,129.0782008306,kto_tourapi,KorService2:2869186:ko,KorService2:2869186:ko,,,http://tong.visitkorea.or.kr/cms/resource/78/2869178_image2_1.jpg,1,image_sufficient,N/A,,2026-07-24T00:27:42.723Z,data/tourapi/candidates/busan/busan-integrated-candidates.csv,fe43388
busan-K-00604,공원집,restaurant,7,35.1457178671,129.0290835698,kto_tourapi,KorService2:2869241:ko,KorService2:2869241:ko,,,http://tong.visitkorea.or.kr/cms/resource/33/2869233_image2_1.JPG,1,image_sufficient,N/A,,2026-07-24T00:27:42.723Z,data/tourapi/candidates/busan/busan-integrated-candidates.csv,fe43388
busan-K-00605,푸디1354,restaurant,1,35.1856110779,128.9029434656,kto_tourapi,KorService2:2869249:ko,KorService2:2869249:ko,,,http://tong.visitkorea.or.kr/cms/resource/06/2869206_image2_1.jpg,1,image_sufficient,N/A,,2026-07-24T00:27:42.723Z,data/tourapi/candidates/busan/busan-integrated-candidates.csv,fe43388
busan-K-00606,수영팔도시장,attraction,12,35.1702389751,129.117408547,kto_tourapi,KorService2:2869279:ko,KorService2:2869279:ko,,,http://tong.visitkorea.or.kr/cms/resource/57/2869257_image2_1.JPG,2,image_sufficient,N/A,,2026-07-24T00:27:42.723Z,data/tourapi/candidates/busan/busan-integrated-candidates.csv,fe43388
busan-K-00608,홍순덕 전포양곱창,restaurant,12,35.1735190256,129.1099591046,kto_tourapi,KorService2:2869343:ko,KorService2:2869343:ko,,,http://tong.visitkorea.or.kr/cms/resource/29/2869329_image2_1.JPG,1,image_sufficient,N/A,,2026-07-24T00:27:42.723Z,data/tourapi/candidates/busan/busan-integrated-candidates.csv,fe43388
busan-K-00609,영동밀면&돼지국밥,restaurant,5,35.1163102386,129.0393473684,kto_tourapi,KorService2:2869405:ko,KorService2:2869405:ko,,,http://tong.visitkorea.or.kr/cms/resource/88/2869388_image2_1.jpg,1,image_sufficient,N/A,,2026-07-24T00:27:42.723Z,data/tourapi/candidates/busan/busan-integrated-candidates.csv,fe43388
busan-K-00610,신라농원,restaurant,8,35.2117128258,129.0059921082,kto_tourapi,KorService2:2869439:ko,KorService2:2869439:ko,,,http://tong.visitkorea.or.kr/cms/resource/30/2869430_image2_1.jpg,1,image_sufficient,N/A,,2026-07-24T00:27:42.723Z,data/tourapi/candidates/busan/busan-integrated-candidates.csv,fe43388
busan-K-00613,수영 돼지국밥,restaurant,12,35.1617870895,129.1144673681,kto_tourapi,KorService2:2869572:ko,KorService2:2869572:ko,,,http://tong.visitkorea.or.kr/cms/resource/56/2869556_image2_1.JPG,1,image_sufficient,N/A,,2026-07-24T00:27:42.723Z,data/tourapi/candidates/busan/busan-integrated-candidates.csv,fe43388
busan-K-00616,화복반점,restaurant,14,35.086039094,129.0647515407,kto_tourapi,KorService2:2869875:ko,KorService2:2869875:ko,,,http://tong.visitkorea.or.kr/cms/resource/70/2869870_image2_1.jpg,1,image_sufficient,N/A,,2026-07-24T00:27:42.723Z,data/tourapi/candidates/busan/busan-integrated-candidates.csv,fe43388
busan-K-00617,엣지993,restaurant,16,35.156455477,129.1751650147,kto_tourapi,KorService2:2869896:ko,KorService2:2869896:ko,,,http://tong.visitkorea.or.kr/cms/resource/82/2869882_image2_1.jpg,1,image_sufficient,N/A,,2026-07-24T00:27:42.723Z,data/tourapi/candidates/busan/busan-integrated-candidates.csv,fe43388
busan-K-00619,공원칼국수,restaurant,4,35.126265714,129.0954366632,kto_tourapi,KorService2:2870277:ko,KorService2:2870277:ko,,,http://tong.visitkorea.or.kr/cms/resource/73/2870273_image2_1.JPG,1,image_sufficient,N/A,,2026-07-24T00:27:42.723Z,data/tourapi/candidates/busan/busan-integrated-candidates.csv,fe43388
busan-K-00620,스완양분식,restaurant,5,35.1181073148,129.042383166,kto_tourapi,KorService2:2870354:ko,KorService2:2870354:ko,,,http://tong.visitkorea.or.kr/cms/resource/26/2870326_image2_1.JPG,1,image_sufficient,N/A,,2026-07-24T00:27:42.723Z,data/tourapi/candidates/busan/busan-integrated-candidates.csv,fe43388
busan-K-00622,1950 태성당,restaurant,5,35.123315108,129.0446772693,kto_tourapi,KorService2:2870666:ko,KorService2:2870666:ko,,,http://tong.visitkorea.or.kr/cms/resource/58/2870658_image2_1.jpg,1,image_sufficient,N/A,,2026-07-24T00:27:42.723Z,data/tourapi/candidates/busan/busan-integrated-candidates.csv,fe43388
busan-K-00624,초량845,restaurant,5,35.1195208123,129.0297258951,kto_tourapi,KorService2:2870751:ko,KorService2:2870751:ko,,,http://tong.visitkorea.or.kr/cms/resource/46/2870746_image2_1.jpg,1,image_sufficient,N/A,,2026-07-24T00:27:42.723Z,data/tourapi/candidates/busan/busan-integrated-candidates.csv,fe43388
busan-K-00625,클레이디뷔페 돌잔치,restaurant,5,35.1387665027,129.0634807673,kto_tourapi,KorService2:2870780:ko,KorService2:2870780:ko,,,http://tong.visitkorea.or.kr/cms/resource/67/2870767_image2_1.jpg,1,image_sufficient,N/A,,2026-07-24T00:27:42.723Z,data/tourapi/candidates/busan/busan-integrated-candidates.csv,fe43388
busan-K-00626,303화덕 동래온천장점,restaurant,6,35.2171413152,129.0774746236,kto_tourapi,KorService2:2870800:ko,KorService2:2870800:ko,,,http://tong.visitkorea.or.kr/cms/resource/92/2870792_image2_1.jpg,1,image_sufficient,N/A,,2026-07-24T00:27:42.723Z,data/tourapi/candidates/busan/busan-integrated-candidates.csv,fe43388
busan-K-00627,우디브룩,restaurant,9,35.1345574344,128.9980004677,kto_tourapi,KorService2:2870841:ko,KorService2:2870841:ko,,,http://tong.visitkorea.or.kr/cms/resource/19/2870819_image2_1.jpg,1,image_sufficient,N/A,,2026-07-24T00:27:42.723Z,data/tourapi/candidates/busan/busan-integrated-candidates.csv,fe43388
busan-K-00629,보리에 브레드 팩토리,restaurant,10,35.0609625943,128.9816844453,kto_tourapi,KorService2:2870885:ko,KorService2:2870885:ko,,,http://tong.visitkorea.or.kr/cms/resource/76/2870876_image2_1.jpg,1,image_sufficient,N/A,,2026-07-24T00:27:42.723Z,data/tourapi/candidates/busan/busan-integrated-candidates.csv,fe43388
busan-K-00630,남파랑길(부산),nature,4,35.1026382801,129.1212572871,kto_tourapi,KorService2:2872199:ko,KorService2:2872199:ko,,,http://tong.visitkorea.or.kr/cms/resource/73/3575773_image2_1.jpg,1,image_sufficient,N/A,,2026-07-24T00:27:42.723Z,data/tourapi/candidates/busan/busan-integrated-candidates.csv,fe43388
busan-K-00631,채플린,restaurant,3,35.2337953308,129.2446679494,kto_tourapi,KorService2:2872258:ko,KorService2:2872258:ko,,,http://tong.visitkorea.or.kr/cms/resource/57/2872257_image2_1.JPG,1,image_sufficient,N/A,,2026-07-24T00:27:42.723Z,data/tourapi/candidates/busan/busan-integrated-candidates.csv,fe43388
busan-K-00632,해녀천지할매집,restaurant,3,35.2193827342,129.2273615202,kto_tourapi,KorService2:2872271:ko,KorService2:2872271:ko,,,http://tong.visitkorea.or.kr/cms/resource/67/2872267_image2_1.JPG,1,image_sufficient,N/A,,2026-07-24T00:27:42.723Z,data/tourapi/candidates/busan/busan-integrated-candidates.csv,fe43388
busan-K-00633,엠아이알오,restaurant,3,35.282731787,129.2593180968,kto_tourapi,KorService2:2872353:ko,KorService2:2872353:ko,,,http://tong.visitkorea.or.kr/cms/resource/45/2872345_image2_1.JPG,1,image_sufficient,N/A,,2026-07-24T00:27:42.723Z,data/tourapi/candidates/busan/busan-integrated-candidates.csv,fe43388
busan-K-00634,미동암소정,restaurant,3,35.2883350627,129.1706423269,kto_tourapi,KorService2:2872395:ko,KorService2:2872395:ko,,,http://tong.visitkorea.or.kr/cms/resource/86/2872386_image2_1.JPG,1,image_sufficient,N/A,,2026-07-24T00:27:42.723Z,data/tourapi/candidates/busan/busan-integrated-candidates.csv,fe43388
busan-K-00635,마포면옥,restaurant,3,35.3284992619,129.2798400399,kto_tourapi,KorService2:2872442:ko,KorService2:2872442:ko,,,http://tong.visitkorea.or.kr/cms/resource/10/2872410_image2_1.JPG,1,image_sufficient,N/A,,2026-07-24T00:27:42.723Z,data/tourapi/candidates/busan/busan-integrated-candidates.csv,fe43388
busan-K-00636,기장끝집 죽성본점,restaurant,3,35.2348590788,129.2435319086,kto_tourapi,KorService2:2872474:ko,KorService2:2872474:ko,,,http://tong.visitkorea.or.kr/cms/resource/72/2872472_image2_1.JPG,1,image_sufficient,N/A,,2026-07-24T00:27:42.723Z,data/tourapi/candidates/busan/busan-integrated-candidates.csv,fe43388
busan-K-00637,장룡수산 본점,restaurant,1,35.1214875904,128.8965596542,kto_tourapi,KorService2:2872496:ko,KorService2:2872496:ko,,,http://tong.visitkorea.or.kr/cms/resource/90/2872490_image2_1.JPG,1,image_sufficient,N/A,,2026-07-24T00:27:42.723Z,data/tourapi/candidates/busan/busan-integrated-candidates.csv,fe43388
busan-K-00638,자갈치왕짬뽕,restaurant,1,35.148024519,128.9517374613,kto_tourapi,KorService2:2872517:ko,KorService2:2872517:ko,,,http://tong.visitkorea.or.kr/cms/resource/10/2872510_image2_1.JPG,1,image_sufficient,N/A,,2026-07-24T00:27:42.723Z,data/tourapi/candidates/busan/busan-integrated-candidates.csv,fe43388
busan-K-00639,시즌 조개구이,restaurant,1,35.0850996898,128.8796759994,kto_tourapi,KorService2:2872534:ko,KorService2:2872534:ko,,,http://tong.visitkorea.or.kr/cms/resource/20/2872520_image2_1.JPG,1,image_sufficient,N/A,,2026-07-24T00:27:42.723Z,data/tourapi/candidates/busan/busan-integrated-candidates.csv,fe43388
busan-K-00640,선창갈미조개,restaurant,1,35.1013709857,128.9286018554,kto_tourapi,KorService2:2872553:ko,KorService2:2872553:ko,,,http://tong.visitkorea.or.kr/cms/resource/45/2872545_image2_1.JPG,1,image_sufficient,N/A,,2026-07-24T00:27:42.723Z,data/tourapi/candidates/busan/busan-integrated-candidates.csv,fe43388
busan-K-00641,박가네순두부,restaurant,1,35.0808278824,128.8762264158,kto_tourapi,KorService2:2872574:ko,KorService2:2872574:ko,,,http://tong.visitkorea.or.kr/cms/resource/60/2872560_image2_1.JPG,1,image_sufficient,N/A,,2026-07-24T00:27:42.723Z,data/tourapi/candidates/busan/busan-integrated-candidates.csv,fe43388
busan-K-00642,우남정,restaurant,3,35.2836519843,129.156124276,kto_tourapi,KorService2:2872583:ko,KorService2:2872583:ko,,,http://tong.visitkorea.or.kr/cms/resource/73/2872573_image2_1.JPG,1,image_sufficient,N/A,,2026-07-24T00:27:42.723Z,data/tourapi/candidates/busan/busan-integrated-candidates.csv,fe43388
busan-K-00643,광복경양식,restaurant,1,35.0953632435,128.9241107421,kto_tourapi,KorService2:2872590:ko,KorService2:2872590:ko,,,http://tong.visitkorea.or.kr/cms/resource/87/2872587_image2_1.JPG,1,image_sufficient,N/A,,2026-07-24T00:27:42.723Z,data/tourapi/candidates/busan/busan-integrated-candidates.csv,fe43388
busan-K-00644,월화횟집,restaurant,3,35.2982606042,129.2594398781,kto_tourapi,KorService2:2872610:ko,KorService2:2872610:ko,,,http://tong.visitkorea.or.kr/cms/resource/95/2872595_image2_1.JPG,1,image_sufficient,N/A,,2026-07-24T00:27:42.723Z,data/tourapi/candidates/busan/busan-integrated-candidates.csv,fe43388
busan-K-00646,강호중마라도물회,restaurant,1,35.1120076519,128.8722536946,kto_tourapi,KorService2:2872626:ko,KorService2:2872626:ko,,,http://tong.visitkorea.or.kr/cms/resource/15/2872615_image2_1.JPG,1,image_sufficient,N/A,,2026-07-24T00:27:42.723Z,data/tourapi/candidates/busan/busan-integrated-candidates.csv,fe43388
busan-K-00647,일광수산횟집,restaurant,3,35.2577315502,129.2453172303,kto_tourapi,KorService2:2872634:ko,KorService2:2872634:ko,,,http://tong.visitkorea.or.kr/cms/resource/23/2872623_image2_1.JPG,1,image_sufficient,N/A,,2026-07-24T00:27:42.723Z,data/tourapi/candidates/busan/busan-integrated-candidates.csv,fe43388
busan-K-00648,부산글로벌웹툰페스티벌,event,16,35.1727527343,129.1256077644,kto_tourapi,KorService2:2873292:ko,KorService2:2873292:ko,,,http://tong.visitkorea.or.kr/cms/resource/04/3531704_image2_1.png,1,image_sufficient,N/A,,2026-07-24T00:27:42.723Z,data/tourapi/candidates/busan/busan-integrated-candidates.csv,fe43388
busan-K-00650,구로마쯔,restaurant,16,35.1774729774,129.1971986315,kto_tourapi,KorService2:2873498:ko,KorService2:2873498:ko,,,http://tong.visitkorea.or.kr/cms/resource/87/2873487_image2_1.jpg,1,image_sufficient,N/A,,2026-07-24T00:27:42.723Z,data/tourapi/candidates/busan/busan-integrated-candidates.csv,fe43388
busan-K-00651,철마원조추어탕,restaurant,3,35.2683841323,129.1496613718,kto_tourapi,KorService2:2875311:ko,KorService2:2875311:ko,,,http://tong.visitkorea.or.kr/cms/resource/96/2875296_image2_1.JPG,1,image_sufficient,N/A,,2026-07-24T00:27:42.723Z,data/tourapi/candidates/busan/busan-integrated-candidates.csv,fe43388
busan-K-00652,카페공지,restaurant,3,35.2196576619,129.2251589263,kto_tourapi,KorService2:2875345:ko,KorService2:2875345:ko,,,http://tong.visitkorea.or.kr/cms/resource/38/2875338_image2_1.JPG,1,image_sufficient,N/A,,2026-07-24T00:27:42.723Z,data/tourapi/candidates/busan/busan-integrated-candidates.csv,fe43388
busan-K-00653,해녀할매집,restaurant,3,35.2189494395,129.2268504654,kto_tourapi,KorService2:2875364:ko,KorService2:2875364:ko,,,http://tong.visitkorea.or.kr/cms/resource/53/2875353_image2_1.JPG,1,image_sufficient,N/A,,2026-07-24T00:27:42.723Z,data/tourapi/candidates/busan/busan-integrated-candidates.csv,fe43388
busan-K-00654,엄마손대구탕,restaurant,16,35.1828696674,129.201100922,kto_tourapi,KorService2:2875727:ko,KorService2:2875727:ko,,,http://tong.visitkorea.or.kr/cms/resource/15/2875715_image2_1.JPG,1,image_sufficient,N/A,,2026-07-24T00:27:42.723Z,data/tourapi/candidates/busan/busan-integrated-candidates.csv,fe43388
busan-K-00658,하가원 해운대점,restaurant,16,35.1734396708,129.1742979566,kto_tourapi,KorService2:2875819:ko,KorService2:2875819:ko,,,http://tong.visitkorea.or.kr/cms/resource/17/2875817_image2_1.JPG,1,image_sufficient,N/A,,2026-07-24T00:27:42.723Z,data/tourapi/candidates/busan/busan-integrated-candidates.csv,fe43388
busan-K-00659,달맞이동산,attraction,16,35.1571305311,129.1821532774,kto_tourapi,KorService2:2875837:ko,KorService2:2875837:ko,,,http://tong.visitkorea.or.kr/cms/resource/24/2875824_image2_1.JPG,1,image_sufficient,N/A,,2026-07-24T00:27:42.723Z,data/tourapi/candidates/busan/busan-integrated-candidates.csv,fe43388
busan-K-00660,대천공원,attraction,16,35.1813775511,129.1678566312,kto_tourapi,KorService2:2875849:ko,KorService2:2875849:ko,,,http://tong.visitkorea.or.kr/cms/resource/42/2875842_image2_1.JPG,1,image_sufficient,N/A,,2026-07-24T00:27:42.723Z,data/tourapi/candidates/busan/busan-integrated-candidates.csv,fe43388
busan-K-00661,반송3동골목시장,attraction,16,35.2240446703,129.1503819766,kto_tourapi,KorService2:2875862:ko,KorService2:2875862:ko,,,http://tong.visitkorea.or.kr/cms/resource/50/2875850_image2_1.JPG,1,image_sufficient,N/A,,2026-07-24T00:27:42.723Z,data/tourapi/candidates/busan/busan-integrated-candidates.csv,fe43388
busan-K-00662,좌동재래시장,attraction,16,35.1731091558,129.1744979476,kto_tourapi,KorService2:2875886:ko,KorService2:2875886:ko,,,http://tong.visitkorea.or.kr/cms/resource/68/2875868_image2_1.JPG,1,image_sufficient,N/A,,2026-07-24T00:27:42.723Z,data/tourapi/candidates/busan/busan-integrated-candidates.csv,fe43388
busan-K-00663,듀스포레,restaurant,4,35.1504934531,129.0897781585,kto_tourapi,KorService2:2891745:ko,KorService2:2891745:ko,,,http://tong.visitkorea.or.kr/cms/resource/40/2891740_image2_1.jpg,1,image_sufficient,N/A,,2026-07-24T00:27:42.723Z,data/tourapi/candidates/busan/busan-integrated-candidates.csv,fe43388
busan-K-00665,류센소 본점,restaurant,16,35.1616267696,129.1562304075,kto_tourapi,KorService2:2891814:ko,KorService2:2891814:ko,,,http://tong.visitkorea.or.kr/cms/resource/03/2891803_image2_1.jpg,1,image_sufficient,N/A,,2026-07-24T00:27:42.723Z,data/tourapi/candidates/busan/busan-integrated-candidates.csv,fe43388
busan-K-00666,맘보식당,restaurant,16,35.17485936,129.196057137,kto_tourapi,KorService2:2891826:ko,KorService2:2891826:ko,,,http://tong.visitkorea.or.kr/cms/resource/20/2891820_image2_1.jpg,1,image_sufficient,N/A,,2026-07-24T00:27:42.723Z,data/tourapi/candidates/busan/busan-integrated-candidates.csv,fe43388
busan-K-00667,맛소문오리불고기,restaurant,16,35.1739368835,129.1767893923,kto_tourapi,KorService2:2891849:ko,KorService2:2891849:ko,,,http://tong.visitkorea.or.kr/cms/resource/38/2891838_image2_1.jpg,1,image_sufficient,N/A,,2026-07-24T00:27:42.723Z,data/tourapi/candidates/busan/busan-integrated-candidates.csv,fe43388
busan-K-00668,문토스트,restaurant,16,35.1809477221,129.2043979105,kto_tourapi,KorService2:2891868:ko,KorService2:2891868:ko,,,http://tong.visitkorea.or.kr/cms/resource/57/2891857_image2_1.jpg,1,image_sufficient,N/A,,2026-07-24T00:27:42.723Z,data/tourapi/candidates/busan/busan-integrated-candidates.csv,fe43388
busan-K-00669,프루터리포레스트,restaurant,16,35.1796365432,129.1928600605,kto_tourapi,KorService2:2891887:ko,KorService2:2891887:ko,,,http://tong.visitkorea.or.kr/cms/resource/83/2891883_image2_1.jpg,1,image_sufficient,N/A,,2026-07-24T00:27:42.723Z,data/tourapi/candidates/busan/busan-integrated-candidates.csv,fe43388
busan-K-00670,노떼 라 미아 호텔,accommodation,5,35.111846856,129.0397363452,kto_tourapi,KorService2:2892757:ko,KorService2:2892757:ko,,,http://tong.visitkorea.or.kr/cms/resource/62/2892562_image2_1.jpg,1,image_sufficient,N/A,,2026-07-24T00:27:42.723Z,data/tourapi/candidates/busan/busan-integrated-candidates.csv,fe43388
busan-K-00671,낙동강오리알 본점,restaurant,1,35.1926187056,128.9073095606,kto_tourapi,KorService2:2903049:ko,KorService2:2903049:ko,,,http://tong.visitkorea.or.kr/cms/resource/43/2903043_image2_1.JPG,1,image_sufficient,N/A,,2026-07-24T00:27:42.723Z,data/tourapi/candidates/busan/busan-integrated-candidates.csv,fe43388
busan-K-00672,거대곰탕,restaurant,16,35.1584047875,129.1497310611,kto_tourapi,KorService2:2904908:ko,KorService2:2904908:ko,,,http://tong.visitkorea.or.kr/cms/resource/98/2904898_image2_1.jpg,1,image_sufficient,N/A,,2026-07-24T00:27:42.723Z,data/tourapi/candidates/busan/busan-integrated-candidates.csv,fe43388
busan-K-00673,할매집,restaurant,16,35.1630962099,129.1649018354,kto_tourapi,KorService2:2905141:ko,KorService2:2905141:ko,,,http://tong.visitkorea.or.kr/cms/resource/35/2905135_image2_1.jpg,1,image_sufficient,N/A,,2026-07-24T00:27:42.723Z,data/tourapi/candidates/busan/busan-integrated-candidates.csv,fe43388
busan-K-00674,반송공원,attraction,16,19.69442748,117.9925662504,kto_tourapi,KorService2:2907087:ko,KorService2:2907087:ko,,,http://tong.visitkorea.or.kr/cms/resource/82/2907082_image2_1.JPG,1,image_sufficient,N/A,,2026-07-24T00:27:42.723Z,data/tourapi/candidates/busan/busan-integrated-candidates.csv,fe43388
busan-K-00675,엘시티 레지던스,accommodation,16,35.1619491796,129.1683126815,kto_tourapi,KorService2:2925797:ko,KorService2:2925797:ko,,,http://tong.visitkorea.or.kr/cms/resource/57/2928957_image2_1.jpg,1,image_sufficient,N/A,,2026-07-24T00:27:42.723Z,data/tourapi/candidates/busan/busan-integrated-candidates.csv,fe43388
busan-K-00676,전포 삼거리,attraction,7,35.1536149962,129.071940736,kto_tourapi,KorService2:2944033:ko,KorService2:2944033:ko,,,http://tong.visitkorea.or.kr/cms/resource/22/2947122_image2_1.jpg,1,image_sufficient,N/A,,2026-07-24T00:27:42.723Z,data/tourapi/candidates/busan/busan-integrated-candidates.csv,fe43388
busan-K-00677,남부산교회,attraction,7,35.1523762699,129.0732462115,kto_tourapi,KorService2:2944336:ko,KorService2:2944336:ko,,,http://tong.visitkorea.or.kr/cms/resource/00/2947000_image2_1.jpg,1,image_sufficient,N/A,,2026-07-24T00:27:42.723Z,data/tourapi/candidates/busan/busan-integrated-candidates.csv,fe43388
busan-K-00678,UN조각공원,attraction,4,35.1297375886,129.0976280442,kto_tourapi,KorService2:2945389:ko,KorService2:2945389:ko,,,,0,source_exhausted,N/A,,2026-07-24T00:27:42.723Z,data/tourapi/candidates/busan/busan-integrated-candidates.csv,fe43388
busan-K-00679,부산 영화의 거리,attraction,16,35.1549495207,129.1444371716,kto_tourapi,KorService2:2946508:ko,KorService2:2946508:ko,,,http://tong.visitkorea.or.kr/cms/resource/43/2947043_image2_1.jpg,1,image_sufficient,N/A,,2026-07-24T00:27:42.723Z,data/tourapi/candidates/busan/busan-integrated-candidates.csv,fe43388
busan-K-00681,카페제노아,restaurant,15,35.1004034583,129.0270044311,kto_tourapi,KorService2:2952936:ko,KorService2:2952936:ko,,,http://tong.visitkorea.or.kr/cms/resource/22/2952922_image2_1.jpg,1,image_sufficient,N/A,,2026-07-24T00:27:42.723Z,data/tourapi/candidates/busan/busan-integrated-candidates.csv,fe43388
busan-K-00682,광안리 해양레포츠센터,nature,12,35.1461832972,129.11535383,kto_tourapi,KorService2:2991028:ko,KorService2:2991028:ko,,,http://tong.visitkorea.or.kr/cms/resource/05/2991005_image2_1.jpg,1,image_sufficient,N/A,,2026-07-24T00:27:42.723Z,data/tourapi/candidates/busan/busan-integrated-candidates.csv,fe43388
busan-K-00684,송도스카이파크,attraction,11,35.0613910358,129.0204310648,kto_tourapi,KorService2:2994364:ko,KorService2:2994364:ko,,,http://tong.visitkorea.or.kr/cms/resource/85/3589785_image2_1.jpg,2,image_sufficient,N/A,,2026-07-24T00:27:42.723Z,data/tourapi/candidates/busan/busan-integrated-candidates.csv,fe43388
busan-K-00685,플루니티,attraction,14,35.0923685831,129.0452947259,kto_tourapi,KorService2:2999905:ko,KorService2:2999905:ko,,,,0,source_exhausted,N/A,,2026-07-24T00:27:42.723Z,data/tourapi/candidates/busan/busan-integrated-candidates.csv,fe43388
busan-K-00686,유라리 건맥축제,event,15,35.0964901712,129.0359065412,kto_tourapi,KorService2:3001170:ko,KorService2:3001170:ko,,,http://tong.visitkorea.or.kr/cms/resource/08/3550808_image2_1.jpg,1,image_sufficient,N/A,,2026-07-24T00:27:42.723Z,data/tourapi/candidates/busan/busan-integrated-candidates.csv,fe43388
busan-K-00687,부산국제공연예술마켓,event,4,35.128507099,129.0937450823,kto_tourapi,KorService2:3006246:ko,KorService2:3006246:ko,,,http://tong.visitkorea.or.kr/cms/resource/43/3537143_image2_1.jpg,1,image_sufficient,N/A,,2026-07-24T00:27:42.723Z,data/tourapi/candidates/busan/busan-integrated-candidates.csv,fe43388
busan-K-00688,부산요트투어 고고요트,nature,16,35.1608543617,129.1415539265,kto_tourapi,KorService2:3009050:ko,KorService2:3009050:ko,,,http://tong.visitkorea.or.kr/cms/resource/19/3009019_image2_1.jpg,1,image_sufficient,N/A,,2026-07-24T00:27:42.723Z,data/tourapi/candidates/busan/busan-integrated-candidates.csv,fe43388
busan-K-00689,블루스토리 호텔,accommodation,16,35.1599464255,129.1575108976,kto_tourapi,KorService2:3016434:ko,KorService2:3016434:ko,,,http://tong.visitkorea.or.kr/cms/resource/24/3016424_image2_1.jpg,1,image_sufficient,N/A,,2026-07-24T00:27:42.723Z,data/tourapi/candidates/busan/busan-integrated-candidates.csv,fe43388
busan-K-00690,부산종합민속예술제,event,7,35.1654495102,129.0572361352,kto_tourapi,KorService2:3016659:ko,KorService2:3016659:ko,,,http://tong.visitkorea.or.kr/cms/resource/47/3359047_image2_1.jpg,1,image_sufficient,N/A,,2026-07-24T00:27:42.723Z,data/tourapi/candidates/busan/busan-integrated-candidates.csv,fe43388
busan-K-00691,동래읍성 임진왜란 역사관,attraction,6,35.2018764786,129.0839244809,kto_tourapi,KorService2:3017112:ko,KorService2:3017112:ko,,,http://tong.visitkorea.or.kr/cms/resource/82/3017082_image2_1.JPG,1,image_sufficient,N/A,,2026-07-24T00:27:42.723Z,data/tourapi/candidates/busan/busan-integrated-candidates.csv,fe43388
busan-K-00693,중리노을전망대,attraction,14,35.0692381886,129.0643270354,kto_tourapi,KorService2:3017435:ko,KorService2:3017435:ko,,,http://tong.visitkorea.or.kr/cms/resource/53/3455153_image2_1.jpg,1,image_sufficient,N/A,,2026-07-24T00:27:42.723Z,data/tourapi/candidates/busan/busan-integrated-candidates.csv,fe43388
busan-K-00694,전포커피축제,event,7,35.155470189,129.0635525258,kto_tourapi,KorService2:3018117:ko,KorService2:3018117:ko,,,http://tong.visitkorea.or.kr/cms/resource/54/3549654_image2_1.png,1,image_sufficient,N/A,,2026-07-24T00:27:42.723Z,data/tourapi/candidates/busan/busan-integrated-candidates.csv,fe43388
busan-K-00695,글로컬 문화 in(人) 남산 페스티벌,event,2,35.2668415191,129.0893638877,kto_tourapi,KorService2:3020552:ko,KorService2:3020552:ko,,,http://tong.visitkorea.or.kr/cms/resource/48/3552448_image2_1.jpg,1,image_sufficient,N/A,,2026-07-24T00:27:42.723Z,data/tourapi/candidates/busan/busan-integrated-candidates.csv,fe43388
busan-K-00696,동서대학교 소향씨어터 신한카드홀,attraction,16,35.1731360622,129.1276353562,kto_tourapi,KorService2:3023734:ko,KorService2:3023734:ko,,,http://tong.visitkorea.or.kr/cms/resource/09/3023709_image2_1.JPG,1,image_sufficient,N/A,,2026-07-24T00:27:42.723Z,data/tourapi/candidates/busan/busan-integrated-candidates.csv,fe43388
busan-K-00697,금정산성 유가네누룩,restaurant,2,35.2504121966,129.0564283199,kto_tourapi,KorService2:3026941:ko,KorService2:3026941:ko,,,http://tong.visitkorea.or.kr/cms/resource/14/3026914_image2_1.JPG,1,image_sufficient,N/A,,2026-07-24T00:27:42.723Z,data/tourapi/candidates/busan/busan-integrated-candidates.csv,fe43388
busan-K-00698,늘푸른숲,nature,2,35.266130818,129.1071456915,kto_tourapi,KorService2:3027022:ko,KorService2:3027022:ko,,,http://tong.visitkorea.or.kr/cms/resource/70/3026970_image2_1.JPG,1,image_sufficient,N/A,,2026-07-24T00:27:42.723Z,data/tourapi/candidates/busan/busan-integrated-candidates.csv,fe43388
busan-K-00699,금정산성 동문,attraction,2,35.2453406867,129.0642277794,kto_tourapi,KorService2:3027098:ko,KorService2:3027098:ko,,,http://tong.visitkorea.or.kr/cms/resource/77/3027077_image2_1.JPG,1,image_sufficient,N/A,,2026-07-24T00:27:42.723Z,data/tourapi/candidates/busan/busan-integrated-candidates.csv,fe43388
busan-K-00700,낙조정,attraction,10,35.1096647018,128.9394840158,kto_tourapi,KorService2:3027444:ko,KorService2:3027444:ko,,,http://tong.visitkorea.or.kr/cms/resource/23/3027423_image2_1.JPG,1,image_sufficient,N/A,,2026-07-24T00:27:42.723Z,data/tourapi/candidates/busan/busan-integrated-candidates.csv,fe43388
busan-K-00701,청사포 기찻길,attraction,16,35.1581969059,129.172851279,kto_tourapi,KorService2:3027700:ko,KorService2:3027700:ko,,,http://tong.visitkorea.or.kr/cms/resource/53/3027653_image2_1.JPG,1,image_sufficient,N/A,,2026-07-24T00:27:42.723Z,data/tourapi/candidates/busan/busan-integrated-candidates.csv,fe43388
busan-K-00702,브라운도트호텔 정관점,accommodation,3,35.3161515953,129.1817794758,kto_tourapi,KorService2:3028497:ko,KorService2:3028497:ko,,,http://tong.visitkorea.or.kr/cms/resource/82/3028482_image2_1.JPG,1,image_sufficient,N/A,,2026-07-24T00:27:42.723Z,data/tourapi/candidates/busan/busan-integrated-candidates.csv,fe43388
busan-K-00703,베이하운드호텔,accommodation,14,35.0931822552,129.0384647425,kto_tourapi,KorService2:3028593:ko,KorService2:3028593:ko,,,http://tong.visitkorea.or.kr/cms/resource/73/3028573_image2_1.JPG,1,image_sufficient,N/A,,2026-07-24T00:27:42.723Z,data/tourapi/candidates/busan/busan-integrated-candidates.csv,fe43388
busan-K-00704,브라운도트 호텔 서면역점 비즈니스,accommodation,7,35.156639327,129.0540422103,kto_tourapi,KorService2:3044610:ko,KorService2:3044610:ko,,,,0,source_exhausted,N/A,,2026-07-24T00:27:42.723Z,data/tourapi/candidates/busan/busan-integrated-candidates.csv,fe43388
busan-K-00705,크라운 하버 호텔 부산,accommodation,15,35.1076056112,129.0368450457,kto_tourapi,KorService2:3044634:ko,KorService2:3044634:ko,,,http://tong.visitkorea.or.kr/cms/resource/30/3054130_image2_1.jpg,1,image_sufficient,N/A,,2026-07-24T00:27:42.723Z,data/tourapi/candidates/busan/busan-integrated-candidates.csv,fe43388
busan-K-00706,자갈치 크루즈,attraction,15,35.0967261783,129.0317124553,kto_tourapi,KorService2:3064821:ko,KorService2:3064821:ko,,,http://tong.visitkorea.or.kr/cms/resource/18/3064818_image2_1.JPG,2,image_sufficient,N/A,,2026-07-24T00:27:42.723Z,data/tourapi/candidates/busan/busan-integrated-candidates.csv,fe43388
busan-K-00708,부산 요트투어 요트야,nature,16,35.1608543617,129.1415539265,kto_tourapi,KorService2:3065360:ko,KorService2:3065360:ko,,,http://tong.visitkorea.or.kr/cms/resource/37/3065337_image2_1.JPG,1,image_sufficient,N/A,,2026-07-24T00:27:42.723Z,data/tourapi/candidates/busan/busan-integrated-candidates.csv,fe43388
busan-K-00709,마티에 오시리아,accommodation,3,35.1884970648,129.2145134896,kto_tourapi,KorService2:3075356:ko,KorService2:3075356:ko,,,http://tong.visitkorea.or.kr/cms/resource/44/3075344_image2_1.JPG,1,image_sufficient,N/A,,2026-07-24T00:27:42.723Z,data/tourapi/candidates/busan/busan-integrated-candidates.csv,fe43388
busan-K-00710,부산전자종합시장,attraction,7,35.1637636841,129.0624412844,kto_tourapi,KorService2:3080300:ko,KorService2:3080300:ko,,,http://tong.visitkorea.or.kr/cms/resource/95/3080295_image2_1.JPG,1,image_sufficient,N/A,,2026-07-24T00:27:42.723Z,data/tourapi/candidates/busan/busan-integrated-candidates.csv,fe43388
busan-K-00711,삼락강변체육공원인라인스케이트장,attraction,9,35.1612622933,128.9717797997,kto_tourapi,KorService2:3080310:ko,KorService2:3080310:ko,,,http://tong.visitkorea.or.kr/cms/resource/06/3080306_image2_1.JPG,1,image_sufficient,N/A,,2026-07-24T00:27:42.723Z,data/tourapi/candidates/busan/busan-integrated-candidates.csv,fe43388
busan-K-00712,부산광역시 부산실내빙상장,attraction,8,35.2134792901,129.0057781894,kto_tourapi,KorService2:3080317:ko,KorService2:3080317:ko,,,http://tong.visitkorea.or.kr/cms/resource/12/3080312_image2_1.JPG,1,image_sufficient,N/A,,2026-07-24T00:27:42.723Z,data/tourapi/candidates/busan/busan-integrated-candidates.csv,fe43388
busan-K-00713,아트모이지,restaurant,12,35.1553158082,129.1261720835,kto_tourapi,KorService2:3081825:ko,KorService2:3081825:ko,,,http://tong.visitkorea.or.kr/cms/resource/70/3082370_image2_1.jpg,1,image_sufficient,N/A,,2026-07-24T00:27:42.723Z,data/tourapi/candidates/busan/busan-integrated-candidates.csv,fe43388
busan-K-00714,브라운도트호텔 서면범천점,accommodation,7,35.1485125805,129.0606113054,kto_tourapi,KorService2:3083398:ko,KorService2:3083398:ko,,,http://tong.visitkorea.or.kr/cms/resource/19/3084219_image2_1.jpg,1,image_sufficient,N/A,,2026-07-24T00:27:42.723Z,data/tourapi/candidates/busan/busan-integrated-candidates.csv,fe43388
busan-K-00715,브라운도트호텔 송정점,accommodation,16,35.1787978313,129.19734025,kto_tourapi,KorService2:3083414:ko,KorService2:3083414:ko,,,http://tong.visitkorea.or.kr/cms/resource/07/3083407_image2_1.jpg,1,image_sufficient,N/A,,2026-07-24T00:27:42.723Z,data/tourapi/candidates/busan/busan-integrated-candidates.csv,fe43388
busan-K-00716,제이비디자인호텔,accommodation,16,35.1617295697,129.1580746892,kto_tourapi,KorService2:3083428:ko,KorService2:3083428:ko,,,http://tong.visitkorea.or.kr/cms/resource/18/3083418_image2_1.jpg,1,image_sufficient,N/A,,2026-07-24T00:27:42.723Z,data/tourapi/candidates/busan/busan-integrated-candidates.csv,fe43388
busan-K-00718,부산진 별빛산책길,attraction,7,35.1640385095,129.0546280676,kto_tourapi,KorService2:3093625:ko,KorService2:3093625:ko,,,http://tong.visitkorea.or.kr/cms/resource/21/3093621_image2_1.PNG,1,image_sufficient,N/A,,2026-07-24T00:27:42.723Z,data/tourapi/candidates/busan/busan-integrated-candidates.csv,fe43388
busan-K-00719,레이저태그스포츠 광안점,attraction,12,35.1558823541,129.12306956,kto_tourapi,KorService2:3335951:ko,KorService2:3335951:ko,,,http://tong.visitkorea.or.kr/cms/resource/39/3335939_image2_1.png,1,image_sufficient,N/A,,2026-07-24T00:27:42.723Z,data/tourapi/candidates/busan/busan-integrated-candidates.csv,fe43388
busan-K-00720,고래서이뻐,attraction,16,35.1657319056,129.1583856629,kto_tourapi,KorService2:3336600:ko,KorService2:3336600:ko,,,,0,source_exhausted,N/A,,2026-07-24T00:27:42.723Z,data/tourapi/candidates/busan/busan-integrated-candidates.csv,fe43388
busan-K-00721,부산국제아동도서전,event,16,35.1687450332,129.1355209016,kto_tourapi,KorService2:3345610:ko,KorService2:3345610:ko,,,http://tong.visitkorea.or.kr/cms/resource/25/3536625_image2_1.jpg,1,image_sufficient,N/A,,2026-07-24T00:27:42.723Z,data/tourapi/candidates/busan/busan-integrated-candidates.csv,fe43388
busan-K-00722,중구민의 날 페스타,event,15,35.1055392233,129.0394309881,kto_tourapi,KorService2:3351515:ko,KorService2:3351515:ko,,,http://tong.visitkorea.or.kr/cms/resource/60/3532060_image2_1.JPG,1,image_sufficient,N/A,,2026-07-24T00:27:42.723Z,data/tourapi/candidates/busan/busan-integrated-candidates.csv,fe43388
busan-K-00723,2025 별바다부산 나이트마켓,event,8,35.2397152762,129.0078550672,kto_tourapi,KorService2:3356047:ko,KorService2:3356047:ko,,,http://tong.visitkorea.or.kr/cms/resource/89/3524089_image2_1.png,1,image_sufficient,N/A,,2026-07-24T00:27:42.723Z,data/tourapi/candidates/busan/busan-integrated-candidates.csv,fe43388
busan-K-00724,페스티벌 시월,event,16,35.1687450332,129.1355209016,kto_tourapi,KorService2:3370514:ko,KorService2:3370514:ko,,,http://tong.visitkorea.or.kr/cms/resource/68/3533968_image2_1.jpg,1,image_sufficient,N/A,,2026-07-24T00:27:42.723Z,data/tourapi/candidates/busan/busan-integrated-candidates.csv,fe43388
busan-K-00725,세븐아일랜드,restaurant,1,35.0451417294,128.8072472729,kto_tourapi,KorService2:3373600:ko,KorService2:3373600:ko,,,http://tong.visitkorea.or.kr/cms/resource/21/3373621_image2_1.jpg,1,image_sufficient,N/A,,2026-07-24T00:27:42.723Z,data/tourapi/candidates/busan/busan-integrated-candidates.csv,fe43388
busan-K-00726,암남길 벗과벗,restaurant,11,35.0716453854,129.0172310642,kto_tourapi,KorService2:3412613:ko,KorService2:3412613:ko,,,http://tong.visitkorea.or.kr/cms/resource/63/3412563_image2_1.jpg,1,image_sufficient,N/A,,2026-07-24T00:27:42.723Z,data/tourapi/candidates/busan/busan-integrated-candidates.csv,fe43388
busan-K-00727,금곡동 율리 바위그늘유적,attraction,8,35.2505392944,129.0204258972,kto_tourapi,KorService2:3414171:ko,KorService2:3414171:ko,,,http://tong.visitkorea.or.kr/cms/resource/91/3414191_image2_1.jpg,1,image_sufficient,N/A,,2026-07-24T00:27:42.723Z,data/tourapi/candidates/busan/busan-integrated-candidates.csv,fe43388
busan-K-00728,만달리,restaurant,3,35.2534449764,129.1946773104,kto_tourapi,KorService2:3415203:ko,KorService2:3415203:ko,,,http://tong.visitkorea.or.kr/cms/resource/00/3415200_image2_1.jpg,1,image_sufficient,N/A,,2026-07-24T00:27:42.723Z,data/tourapi/candidates/busan/busan-integrated-candidates.csv,fe43388
busan-K-00729,그런고로,attraction,7,35.1575588567,129.0642468527,kto_tourapi,KorService2:3421909:ko,KorService2:3421909:ko,,,http://tong.visitkorea.or.kr/cms/resource/96/3421696_image2_1.jpg,1,image_sufficient,N/A,,2026-07-24T00:27:42.723Z,data/tourapi/candidates/busan/busan-integrated-candidates.csv,fe43388
busan-K-00730,게임 체험 팝업 전시 ‘Game-Playground’,event,16,35.1504883662,129.1151037338,kto_tourapi,KorService2:3422647:ko,KorService2:3422647:ko,,,http://tong.visitkorea.or.kr/cms/resource/58/3579258_image2_1.jpg,1,image_sufficient,N/A,,2026-07-24T00:27:42.723Z,data/tourapi/candidates/busan/busan-integrated-candidates.csv,fe43388
busan-K-00731,온천천 빛 축제,event,6,35.2056537329,129.0785081817,kto_tourapi,KorService2:3434800:ko,KorService2:3434800:ko,,,http://tong.visitkorea.or.kr/cms/resource/72/3574272_image2_1.jpg,1,image_sufficient,N/A,,2026-07-24T00:27:42.723Z,data/tourapi/candidates/busan/busan-integrated-candidates.csv,fe43388
busan-K-00732,크리스마스 빌리지 부산 2025,event,16,35.1710029572,129.1270687971,kto_tourapi,KorService2:3437916:ko,KorService2:3437916:ko,,,http://tong.visitkorea.or.kr/cms/resource/78/3569778_image2_1.jpg,1,image_sufficient,N/A,,2026-07-24T00:27:42.723Z,data/tourapi/candidates/busan/busan-integrated-candidates.csv,fe43388
busan-K-00733,부산기후변화체험교육관,attraction,8,35.2329549282,129.0081635592,kto_tourapi,KorService2:3442423:ko,KorService2:3442423:ko,,,http://tong.visitkorea.or.kr/cms/resource/07/3442507_image2_1.jpeg,1,image_sufficient,N/A,,2026-07-24T00:27:42.723Z,data/tourapi/candidates/busan/busan-integrated-candidates.csv,fe43388
busan-K-00734,솥이랑 서면점,restaurant,7,35.1530453881,129.0596334885,kto_tourapi,KorService2:3442923:ko,KorService2:3442923:ko,,,http://tong.visitkorea.or.kr/cms/resource/54/3442954_image2_1.jpg,1,image_sufficient,N/A,,2026-07-24T00:27:42.723Z,data/tourapi/candidates/busan/busan-integrated-candidates.csv,fe43388
busan-K-00735,원시학,restaurant,16,35.166279066,129.1583939802,kto_tourapi,KorService2:3443614:ko,KorService2:3443614:ko,,,http://tong.visitkorea.or.kr/cms/resource/89/3443589_image2_1.jpeg,1,image_sufficient,N/A,,2026-07-24T00:27:42.723Z,data/tourapi/candidates/busan/busan-integrated-candidates.csv,fe43388
busan-K-00736,나막집,restaurant,4,35.1342484706,129.1125849531,kto_tourapi,KorService2:3444416:ko,KorService2:3444416:ko,,,http://tong.visitkorea.or.kr/cms/resource/23/3444423_image2_1.JPG,1,image_sufficient,N/A,,2026-07-24T00:27:42.723Z,data/tourapi/candidates/busan/busan-integrated-candidates.csv,fe43388
busan-K-00737,해성아트베이,attraction,4,35.1327486901,129.1153458655,kto_tourapi,KorService2:3451794:ko,KorService2:3451794:ko,,,http://tong.visitkorea.or.kr/cms/resource/71/3459571_image2_1.jpg,1,image_sufficient,N/A,,2026-07-24T00:27:42.723Z,data/tourapi/candidates/busan/busan-integrated-candidates.csv,fe43388
busan-K-00738,부산 카페 라운지,restaurant,13,35.1825730073,129.0796892677,kto_tourapi,KorService2:3452014:ko,KorService2:3452014:ko,,,http://tong.visitkorea.or.kr/cms/resource/97/3451897_image2_1.jpg,1,image_sufficient,N/A,,2026-07-24T00:27:42.723Z,data/tourapi/candidates/busan/busan-integrated-candidates.csv,fe43388
busan-K-00739,커넥트현대,attraction,5,35.1413411243,129.0586005649,visitbusan_web,VisitBusanContent:shopping:549:ko,VisitBusanContent:shopping:549:ko|KorService2:3452166:ko,https://www.visitbusan.net/kr/index.do?menuCd=DOM_000000201003001000&uc_seq=549&lang_cd=ko,http://www.ehyundai.com/newPortal/DP/DP000000_V.do?branchCd=B00124000,http://tong.visitkorea.or.kr/cms/resource/06/3451506_image2_1.jpg,1,image_sufficient,N/A,,2026-07-24T07:17:06.117Z,data/tourapi/candidates/busan/busan-integrated-candidates.csv,fe43388
busan-K-00740,영화의전당 라이브러리 자료실,attraction,16,35.1710029572,129.1270687971,kto_tourapi,KorService2:3454074:ko,KorService2:3454074:ko,,,http://tong.visitkorea.or.kr/cms/resource/99/3453999_image2_1.jpg,1,image_sufficient,N/A,,2026-07-24T00:27:42.723Z,data/tourapi/candidates/busan/busan-integrated-candidates.csv,fe43388
busan-K-00741,아스티호텔 부산,accommodation,5,35.1165019291,129.0418304807,kto_tourapi,KorService2:3464876:ko,KorService2:3464876:ko,,,,0,source_exhausted,N/A,,2026-07-24T00:27:42.723Z,data/tourapi/candidates/busan/busan-integrated-candidates.csv,fe43388
busan-K-00742,아난티 앳 부산 빌라쥬,accommodation,3,35.1994015538,129.2228402426,kto_tourapi,KorService2:3465024:ko,KorService2:3465024:ko,,,,0,source_exhausted,N/A,,2026-07-24T00:27:42.723Z,data/tourapi/candidates/busan/busan-integrated-candidates.csv,fe43388
busan-K-00743,덴바스타호텔 동래점,accommodation,6,35.2049039,129.0829994784,kto_tourapi,KorService2:3469447:ko,KorService2:3469447:ko,,,,0,source_exhausted,N/A,,2026-07-24T00:27:42.723Z,data/tourapi/candidates/busan/busan-integrated-candidates.csv,fe43388
busan-K-00744,호텔 더반,accommodation,9,35.1650732013,128.9839230827,kto_tourapi,KorService2:3469691:ko,KorService2:3469691:ko,,,,0,source_exhausted,N/A,,2026-07-24T00:27:42.723Z,data/tourapi/candidates/busan/busan-integrated-candidates.csv,fe43388
busan-K-00745,호텔 야오,accommodation,10,35.1075098346,128.9638541757,kto_tourapi,KorService2:3469763:ko,KorService2:3469763:ko,,,,0,source_exhausted,N/A,,2026-07-24T00:27:42.723Z,data/tourapi/candidates/busan/busan-integrated-candidates.csv,fe43388
busan-K-00746,그랩 디 오션 송도,accommodation,11,35.0772669902,129.017872522,kto_tourapi,KorService2:3470441:ko,KorService2:3470441:ko,,,,0,source_exhausted,N/A,,2026-07-24T00:27:42.723Z,data/tourapi/candidates/busan/busan-integrated-candidates.csv,fe43388
busan-K-00747,넘버25 호텔 기장 연화리점,accommodation,3,35.2192271784,129.2264338273,kto_tourapi,KorService2:3470558:ko,KorService2:3470558:ko,,,,0,source_exhausted,N/A,,2026-07-24T00:27:42.723Z,data/tourapi/candidates/busan/busan-integrated-candidates.csv,fe43388
busan-K-00748,본호텔,accommodation,8,35.2090574567,128.9999843707,kto_tourapi,KorService2:3470763:ko,KorService2:3470763:ko,,,,0,source_exhausted,N/A,,2026-07-24T00:27:42.723Z,data/tourapi/candidates/busan/busan-integrated-candidates.csv,fe43388
busan-K-00749,브라운도트 호텔 사상르네시떼,accommodation,9,35.1615179638,128.9795791131,kto_tourapi,KorService2:3470765:ko,KorService2:3470765:ko,,,,0,source_exhausted,N/A,,2026-07-24T00:27:42.723Z,data/tourapi/candidates/busan/busan-integrated-candidates.csv,fe43388
busan-K-00750,시타딘커넥트호텔 하리 부산,accommodation,14,35.0696412558,129.0825282207,kto_tourapi,KorService2:3474149:ko,KorService2:3474149:ko,,,,0,source_exhausted,N/A,,2026-07-24T00:27:42.723Z,data/tourapi/candidates/busan/busan-integrated-candidates.csv,fe43388
busan-K-00751,힐스테이호텔,accommodation,8,35.2116802763,129.0482717602,kto_tourapi,KorService2:3474164:ko,KorService2:3474164:ko,,,,0,source_exhausted,N/A,,2026-07-24T00:27:42.723Z,data/tourapi/candidates/busan/busan-integrated-candidates.csv,fe43388
busan-K-00752,주식회사감천아울,attraction,10,35.0934316812,129.0087950933,kto_tourapi,KorService2:3510987:ko,KorService2:3510987:ko,,,,0,source_exhausted,N/A,,2026-07-24T00:27:42.723Z,data/tourapi/candidates/busan/busan-integrated-candidates.csv,fe43388
busan-K-00753,주식회사아래모래,attraction,10,35.0969979358,129.0081228329,kto_tourapi,KorService2:3511011:ko,KorService2:3511011:ko,,,,0,source_exhausted,N/A,,2026-07-24T00:27:42.723Z,data/tourapi/candidates/busan/busan-integrated-candidates.csv,fe43388
busan-K-00754,주식회사어반힐링,attraction,10,35.1118315978,128.9651983858,kto_tourapi,KorService2:3511018:ko,KorService2:3511018:ko,,,,0,source_exhausted,N/A,,2026-07-24T00:27:42.723Z,data/tourapi/candidates/busan/busan-integrated-candidates.csv,fe43388
busan-K-00755,주식회사뷰티홀릭,attraction,12,35.1579180661,129.1138175312,kto_tourapi,KorService2:3511057:ko,KorService2:3511057:ko,,,,0,source_exhausted,N/A,,2026-07-24T00:27:42.723Z,data/tourapi/candidates/busan/busan-integrated-candidates.csv,fe43388
busan-K-00756,주식회사피알아이피,attraction,12,35.1429140892,129.1083545281,kto_tourapi,KorService2:3511071:ko,KorService2:3511071:ko,,,,0,source_exhausted,N/A,,2026-07-24T00:27:42.723Z,data/tourapi/candidates/busan/busan-integrated-candidates.csv,fe43388
busan-K-00757,부산국제AI영화제,event,16,35.1710029572,129.1270687971,kto_tourapi,KorService2:3515311:ko,KorService2:3515311:ko,,,http://tong.visitkorea.or.kr/cms/resource/10/3515310_image2_1.jpg,1,image_sufficient,N/A,,2026-07-24T00:27:42.723Z,data/tourapi/candidates/busan/busan-integrated-candidates.csv,fe43388
busan-K-00758,2025 서부산 슈퍼어싱 페스티벌,event,10,35.0463945293,128.9680471374,kto_tourapi,KorService2:3524130:ko,KorService2:3524130:ko,,,http://tong.visitkorea.or.kr/cms/resource/23/3524123_image2_1.jpg,1,image_sufficient,N/A,,2026-07-24T00:27:42.723Z,data/tourapi/candidates/busan/busan-integrated-candidates.csv,fe43388
busan-K-00759,2025 부산세일페스타 부대앞으로,event,2,35.2301428332,129.0881150065,kto_tourapi,KorService2:3528964:ko,KorService2:3528964:ko,,,http://tong.visitkorea.or.kr/cms/resource/62/3528962_image2_1.png,1,image_sufficient,N/A,,2026-07-24T00:27:42.723Z,data/tourapi/candidates/busan/busan-integrated-candidates.csv,fe43388
busan-K-00760,송정담다펜션,accommodation,16,35.178772849,129.1981457361,kto_tourapi,KorService2:3532572:ko,KorService2:3532572:ko,,,,0,source_exhausted,N/A,,2026-07-24T00:27:42.723Z,data/tourapi/candidates/busan/busan-integrated-candidates.csv,fe43388
busan-K-00761,호두스테이,accommodation,12,35.1590373868,129.1138897159,kto_tourapi,KorService2:3532608:ko,KorService2:3532608:ko,,,,0,source_exhausted,N/A,,2026-07-24T00:27:42.723Z,data/tourapi/candidates/busan/busan-integrated-candidates.csv,fe43388
busan-K-00762,단아,accommodation,7,35.1488570979,129.0666302168,kto_tourapi,KorService2:3532630:ko,KorService2:3532630:ko,,,,0,source_exhausted,N/A,,2026-07-24T00:27:42.723Z,data/tourapi/candidates/busan/busan-integrated-candidates.csv,fe43388
busan-K-00763,민락스테이,accommodation,12,35.1592487503,129.12883841,kto_tourapi,KorService2:3532667:ko,KorService2:3532667:ko,,,,0,source_exhausted,N/A,,2026-07-24T00:27:42.723Z,data/tourapi/candidates/busan/busan-integrated-candidates.csv,fe43388
busan-K-00764,누스테이 부산,accommodation,12,35.168222552,129.1183890728,kto_tourapi,KorService2:3532715:ko,KorService2:3532715:ko,,,,0,source_exhausted,N/A,,2026-07-24T00:27:42.723Z,data/tourapi/candidates/busan/busan-integrated-candidates.csv,fe43388
busan-K-00765,트래블라이트,accommodation,7,35.1546812913,129.0582835611,kto_tourapi,KorService2:3532722:ko,KorService2:3532722:ko,,,,0,source_exhausted,N/A,,2026-07-24T00:27:42.723Z,data/tourapi/candidates/busan/busan-integrated-candidates.csv,fe43388
busan-K-00766,부산 서구 의료관광축제,event,11,35.0727563766,129.017475457,kto_tourapi,KorService2:3532971:ko,KorService2:3532971:ko,,,http://tong.visitkorea.or.kr/cms/resource/55/3532955_image2_1.jpg,1,image_sufficient,N/A,,2026-07-24T00:27:42.723Z,data/tourapi/candidates/busan/busan-integrated-candidates.csv,fe43388
busan-K-00767,베를리너 하우스,accommodation,7,35.1564645846,129.066938315,kto_tourapi,KorService2:3533137:ko,KorService2:3533137:ko,,,,0,source_exhausted,N/A,,2026-07-24T00:27:42.723Z,data/tourapi/candidates/busan/busan-integrated-candidates.csv,fe43388
busan-K-00768,샌드스테이,accommodation,12,35.1569128366,129.1253526663,kto_tourapi,KorService2:3533138:ko,KorService2:3533138:ko,,,,0,source_exhausted,N/A,,2026-07-24T00:27:42.723Z,data/tourapi/candidates/busan/busan-integrated-candidates.csv,fe43388
busan-K-00769,읽다부산,accommodation,7,35.1553201932,129.0628664782,kto_tourapi,KorService2:3533143:ko,KorService2:3533143:ko,,,,0,source_exhausted,N/A,,2026-07-24T00:27:42.723Z,data/tourapi/candidates/busan/busan-integrated-candidates.csv,fe43388
busan-K-00770,청킹멘션부산,accommodation,7,35.1572450414,129.0663189033,kto_tourapi,KorService2:3533147:ko,KorService2:3533147:ko,,,,0,source_exhausted,N/A,,2026-07-24T00:27:42.723Z,data/tourapi/candidates/busan/busan-integrated-candidates.csv,fe43388
busan-K-00771,행운인생,accommodation,4,35.140541448,129.0712911502,kto_tourapi,KorService2:3533150:ko,KorService2:3533150:ko,,,,0,source_exhausted,N/A,,2026-07-24T00:27:42.723Z,data/tourapi/candidates/busan/busan-integrated-candidates.csv,fe43388
busan-K-00772,이스턴룸,accommodation,16,35.1622938525,129.1827197529,kto_tourapi,KorService2:3533169:ko,KorService2:3533169:ko,,,,0,source_exhausted,N/A,,2026-07-24T00:27:42.723Z,data/tourapi/candidates/busan/busan-integrated-candidates.csv,fe43388
busan-K-00773,옥토버페스타 인 광안리,event,12,35.1568628164,129.1239638996,kto_tourapi,KorService2:3555363:ko,KorService2:3555363:ko,,,http://tong.visitkorea.or.kr/cms/resource/52/3555352_image2_1.png,1,image_sufficient,N/A,,2026-07-24T00:27:42.723Z,data/tourapi/candidates/busan/busan-integrated-candidates.csv,fe43388
busan-K-00774,부산중구반려동물축제,event,15,35.1011951345,129.0323594995,kto_tourapi,KorService2:3559571:ko,KorService2:3559571:ko,,,http://tong.visitkorea.or.kr/cms/resource/63/3559563_image2_1.jpg,1,image_sufficient,N/A,,2026-07-24T00:27:42.723Z,data/tourapi/candidates/busan/busan-integrated-candidates.csv,fe43388
busan-K-00775,광복로 겨울빛 트리축제,event,15,35.0986398717,129.0327400915,kto_tourapi,KorService2:3576410:ko,KorService2:3576410:ko,,,http://tong.visitkorea.or.kr/cms/resource/05/3576405_image2_1.JPG,1,image_sufficient,N/A,,2026-07-24T00:27:42.723Z,data/tourapi/candidates/busan/busan-integrated-candidates.csv,fe43388
busan-VB-1031,슬기로운 부산도서관 생활,attraction,,35.172737,128.98526,visitbusan_web,VisitBusanContent:attraction:1031:ko,VisitBusanContent:attraction:1031:ko,https://www.visitbusan.net/kr/index.do?menuCd=DOM_000000201001001000&uc_seq=1031&lang_cd=ko,https://library.busan.go.kr/busanlibrary/index.do,https://www.visitbusan.net/uploadImgs/files/cntnts/20201216170753435,1,image_sufficient,operational_assumed,"공식 관광 원천 일반 홍보 이미지, 사이트 공통 ARR (domain_inferred) — 21I: 사이트 공통 ARR만으로 blocked 처리 금지",2026-07-24T07:11:08.548Z,data/tourapi/candidates/busan/busan-integrated-candidates.csv,fe43388
busan-VB-1034,문화예술촌 공방,attraction,,35.16871,129.05544,visitbusan_web,VisitBusanContent:experience:1034:ko,VisitBusanContent:experience:1034:ko,https://www.visitbusan.net/kr/index.do?menuCd=DOM_000000202008001000&uc_seq=1034&lang_cd=ko,https://www.citizenpark.or.kr/05_wks/wks01.asp,https://www.visitbusan.net/uploadImgs/files/cntnts/20210119092002319,1,image_sufficient,operational_assumed,"공식 관광 원천 일반 홍보 이미지, 사이트 공통 ARR (domain_inferred) — 21I: 사이트 공통 ARR만으로 blocked 처리 금지",2026-07-24T07:18:30.298Z,data/tourapi/candidates/busan/busan-integrated-candidates.csv,fe43388
busan-VB-1057,민속마당,attraction,,35.279415,129.10793,visitbusan_web,VisitBusanContent:experience:1057:ko,VisitBusanContent:experience:1057:ko,https://www.visitbusan.net/kr/index.do?menuCd=DOM_000000202008001000&uc_seq=1057&lang_cd=ko,http://www.zipsin.org,https://www.visitbusan.net/uploadImgs/files/cntnts/20210224093512296,1,image_sufficient,operational_assumed,"공식 관광 원천 일반 홍보 이미지, 사이트 공통 ARR (domain_inferred) — 21I: 사이트 공통 ARR만으로 blocked 처리 금지",2026-07-24T07:18:29.564Z,data/tourapi/candidates/busan/busan-integrated-candidates.csv,fe43388
busan-VB-1063,한지러브,attraction,,35.157078,129.14378,visitbusan_web,VisitBusanContent:experience:1063:ko,VisitBusanContent:experience:1063:ko,https://www.visitbusan.net/kr/index.do?menuCd=DOM_000000202008001000&uc_seq=1063&lang_cd=ko,http://www.damara.co.kr,https://www.visitbusan.net/uploadImgs/files/cntnts/20210415094749661,1,image_sufficient,operational_assumed,"공식 관광 원천 일반 홍보 이미지, 사이트 공통 ARR (domain_inferred) — 21I: 사이트 공통 ARR만으로 blocked 처리 금지",2026-07-24T07:18:28.847Z,data/tourapi/candidates/busan/busan-integrated-candidates.csv,fe43388
busan-VB-1066,드림씨어터,attraction,,35.148117,129.06573,visitbusan_web,VisitBusanContent:experience:1066:ko,VisitBusanContent:experience:1066:ko,https://www.visitbusan.net/kr/index.do?menuCd=DOM_000000202008001000&uc_seq=1066&lang_cd=ko,https://www.dreamtheatre.co.kr/,https://www.visitbusan.net/uploadImgs/files/cntnts/20210415141932215,1,image_sufficient,operational_assumed,"공식 관광 원천 일반 홍보 이미지, 사이트 공통 ARR (domain_inferred) — 21I: 사이트 공통 ARR만으로 blocked 처리 금지",2026-07-24T07:18:28.137Z,data/tourapi/candidates/busan/busan-integrated-candidates.csv,fe43388
busan-VB-1093,부산칠드런스뮤지엄,attraction,,35.192085,129.21779,visitbusan_web,VisitBusanContent:experience:1093:ko,VisitBusanContent:experience:1093:ko,https://www.visitbusan.net/kr/index.do?menuCd=DOM_000000202008001000&uc_seq=1093&lang_cd=ko,http://www.aberdeencm.com,https://www.visitbusan.net/uploadImgs/files/cntnts/20210906193401204,1,image_sufficient,operational_assumed,"공식 관광 원천 일반 홍보 이미지, 사이트 공통 ARR (domain_inferred) — 21I: 사이트 공통 ARR만으로 blocked 처리 금지",2026-07-24T07:18:27.443Z,data/tourapi/candidates/busan/busan-integrated-candidates.csv,fe43388
busan-VB-1133,도날드즉석떡볶이,restaurant,,35.085815,129.04295,visitbusan_web,VisitBusanContent:food:1133:ko,VisitBusanContent:food:1133:ko,https://www.visitbusan.net/kr/index.do?menuCd=DOM_000000201002001000&uc_seq=1133&lang_cd=ko,,https://www.visitbusan.net/uploadImgs/files/cntnts/20240418141930357,1,image_sufficient,operational_assumed,"공식 관광 원천 일반 홍보 이미지, 사이트 공통 ARR (domain_inferred) — 21I: 사이트 공통 ARR만으로 blocked 처리 금지",2026-07-24T07:15:25.326Z,data/tourapi/candidates/busan/busan-integrated-candidates.csv,fe43388
busan-VB-1137,원산면옥 1953,restaurant,,35.098976,129.03105,visitbusan_web,VisitBusanContent:food:1137:ko,VisitBusanContent:food:1137:ko,https://www.visitbusan.net/kr/index.do?menuCd=DOM_000000201002001000&uc_seq=1137&lang_cd=ko,http://wonsannoodle.fordining.kr/,https://www.visitbusan.net/uploadImgs/files/cntnts/20240419110909568,1,image_sufficient,operational_assumed,"공식 관광 원천 일반 홍보 이미지, 사이트 공통 ARR (domain_inferred) — 21I: 사이트 공통 ARR만으로 blocked 처리 금지",2026-07-24T07:15:23.119Z,data/tourapi/candidates/busan/busan-integrated-candidates.csv,fe43388
busan-VB-1142,드넓은 초록 물결 해운대수목원,attraction,,35.22992,129.1327,visitbusan_web,VisitBusanContent:attraction:1142:ko,VisitBusanContent:attraction:1142:ko,https://www.visitbusan.net/kr/index.do?menuCd=DOM_000000201001001000&uc_seq=1142&lang_cd=ko,https://www.busan.go.kr/green/gcintro0401,https://www.visitbusan.net/uploadImgs/files/cntnts/20230202161355598,1,image_sufficient,operational_assumed,"공식 관광 원천 일반 홍보 이미지, 사이트 공통 ARR (domain_inferred) — 21I: 사이트 공통 ARR만으로 blocked 처리 금지",2026-07-24T07:11:07.810Z,data/tourapi/candidates/busan/busan-integrated-candidates.csv,fe43388
busan-VB-1157,부산에서 공해 없이 가을 타기,nature,,35.225994,129.00342,visitbusan_web,VisitBusanContent:experience:1157:ko,VisitBusanContent:experience:1157:ko,https://www.visitbusan.net/kr/index.do?menuCd=DOM_000000202008001000&uc_seq=1157&lang_cd=ko,,https://www.visitbusan.net/uploadImgs/files/cntnts/20211029150212666,1,image_sufficient,operational_assumed,"공식 관광 원천 일반 홍보 이미지, 사이트 공통 ARR (domain_inferred) — 21I: 사이트 공통 ARR만으로 blocked 처리 금지",2026-07-24T07:18:26.747Z,data/tourapi/candidates/busan/busan-integrated-candidates.csv,fe43388
busan-VB-1179,때 묻지 않은 순수 영도 봉산마을,attraction,,35.09309,129.05125,visitbusan_web,VisitBusanContent:attraction:1179:ko,VisitBusanContent:attraction:1179:ko,https://www.visitbusan.net/kr/index.do?menuCd=DOM_000000201001001000&uc_seq=1179&lang_cd=ko,https://bongsan.org/,https://www.visitbusan.net/uploadImgs/files/cntnts/20211116151308755,1,image_sufficient,operational_assumed,"공식 관광 원천 일반 홍보 이미지, 사이트 공통 ARR (domain_inferred) — 21I: 사이트 공통 ARR만으로 blocked 처리 금지",2026-07-24T07:11:07.061Z,data/tourapi/candidates/busan/busan-integrated-candidates.csv,fe43388
busan-VB-1185,문화로 소통하는 복합문화공간 KT&G 상상마당 부산,attraction,,35.15431,129.05728,visitbusan_web,VisitBusanContent:attraction:1185:ko,VisitBusanContent:attraction:1185:ko,https://www.visitbusan.net/kr/index.do?menuCd=DOM_000000201001001000&uc_seq=1185&lang_cd=ko,https://www.sangsangmadang.com/main/BS,https://www.visitbusan.net/uploadImgs/files/cntnts/20211123183743098,1,image_sufficient,operational_assumed,"공식 관광 원천 일반 홍보 이미지, 사이트 공통 ARR (domain_inferred) — 21I: 사이트 공통 ARR만으로 blocked 처리 금지",2026-07-24T07:11:06.287Z,data/tourapi/candidates/busan/busan-integrated-candidates.csv,fe43388
busan-VB-1248,GAB148 Steak & Pasta,restaurant,,35.145763,129.11497,visitbusan_web,VisitBusanContent:food:1248:ko,VisitBusanContent:food:1248:ko,https://www.visitbusan.net/kr/index.do?menuCd=DOM_000000201002001000&uc_seq=1248&lang_cd=ko,https://www.instagram.com/gab148_sin/,https://www.visitbusan.net/uploadImgs/files/cntnts/20220511141322616,1,image_sufficient,operational_assumed,"공식 관광 원천 일반 홍보 이미지, 사이트 공통 ARR (domain_inferred) — 21I: 사이트 공통 ARR만으로 blocked 처리 금지",2026-07-24T07:15:03.662Z,data/tourapi/candidates/busan/busan-integrated-candidates.csv,fe43388
busan-VB-1262,홍성방,restaurant,,35.113834,129.03781,visitbusan_web,VisitBusanContent:food:1262:ko,VisitBusanContent:food:1262:ko,https://www.visitbusan.net/kr/index.do?menuCd=DOM_000000201002001000&uc_seq=1262&lang_cd=ko,,https://www.visitbusan.net/uploadImgs/files/cntnts/20240416173708292,1,image_sufficient,operational_assumed,"공식 관광 원천 일반 홍보 이미지, 사이트 공통 ARR (domain_inferred) — 21I: 사이트 공통 ARR만으로 blocked 처리 금지",2026-07-24T07:14:55.830Z,data/tourapi/candidates/busan/busan-integrated-candidates.csv,fe43388
busan-VB-1315,태종대에서 즐기는 스쿠버다이빙,nature,,35.061485,129.07697,visitbusan_web,VisitBusanContent:experience:1315:ko,VisitBusanContent:experience:1315:ko,https://www.visitbusan.net/kr/index.do?menuCd=DOM_000000202008001000&uc_seq=1315&lang_cd=ko,,https://www.visitbusan.net/uploadImgs/files/cntnts/20220901105625348,1,image_sufficient,operational_assumed,"공식 관광 원천 일반 홍보 이미지, 사이트 공통 ARR (domain_inferred) — 21I: 사이트 공통 ARR만으로 blocked 처리 금지",2026-07-24T07:18:23.748Z,data/tourapi/candidates/busan/busan-integrated-candidates.csv,fe43388
busan-VB-1316,뮤지엄 원,attraction,,35.17134,129.129,visitbusan_web,VisitBusanContent:experience:1316:ko,VisitBusanContent:experience:1316:ko,https://www.visitbusan.net/kr/index.do?menuCd=DOM_000000202008001000&uc_seq=1316&lang_cd=ko,http://museum1.co.kr,https://www.visitbusan.net/uploadImgs/files/cntnts/20230919092725268,1,image_sufficient,operational_assumed,"공식 관광 원천 일반 홍보 이미지, 사이트 공통 ARR (domain_inferred) — 21I: 사이트 공통 ARR만으로 blocked 처리 금지",2026-07-24T07:18:23.003Z,data/tourapi/candidates/busan/busan-integrated-candidates.csv,fe43388
busan-VB-1323,"트렌디함 물씬, 밀락더마켓",attraction,,35.154293,129.12698,visitbusan_web,VisitBusanContent:shopping:1323:ko,VisitBusanContent:shopping:1323:ko,https://www.visitbusan.net/kr/index.do?menuCd=DOM_000000201003001000&uc_seq=1323&lang_cd=ko,https://www.instagram.com/millac_the_market_official/,https://www.visitbusan.net/uploadImgs/files/cntnts/20230613163604135,1,image_sufficient,operational_assumed,"공식 관광 원천 일반 홍보 이미지, 사이트 공통 ARR (domain_inferred) — 21I: 사이트 공통 ARR만으로 blocked 처리 금지",2026-07-24T07:16:56.381Z,data/tourapi/candidates/busan/busan-integrated-candidates.csv,fe43388
busan-VB-1364,"강, 바다 야경을 동시에! 해운대리버크루즈",attraction,,35.16784,129.12729,visitbusan_web,VisitBusanContent:experience:1364:ko,VisitBusanContent:experience:1364:ko,https://www.visitbusan.net/kr/index.do?menuCd=DOM_000000202008001000&uc_seq=1364&lang_cd=ko,https://www.haeundaerivercruise.com/home,https://www.visitbusan.net/uploadImgs/files/cntnts/20230202161545695,1,image_sufficient,operational_assumed,"공식 관광 원천 일반 홍보 이미지, 사이트 공통 ARR (domain_inferred) — 21I: 사이트 공통 ARR만으로 blocked 처리 금지",2026-07-24T07:18:22.252Z,data/tourapi/candidates/busan/busan-integrated-candidates.csv,fe43388
busan-VB-139,서프홀릭 서핑 체험 프로그램,nature,,35.179935,129.20062,visitbusan_web,VisitBusanContent:experience:139:ko,VisitBusanContent:experience:139:ko,https://www.visitbusan.net/kr/index.do?menuCd=DOM_000000202008001000&uc_seq=139&lang_cd=ko,http://www.surfholic.co.kr/,https://www.visitbusan.net/uploadImgs/files/cntnts/20191218132613831,1,image_sufficient,operational_assumed,"공식 관광 원천 일반 홍보 이미지, 사이트 공통 ARR (domain_inferred) — 21I: 사이트 공통 ARR만으로 blocked 처리 금지",2026-07-24T07:18:40.654Z,data/tourapi/candidates/busan/busan-integrated-candidates.csv,fe43388
busan-VB-140,부산요트투어(요트탈래),attraction,,35.160305,129.14052,visitbusan_web,VisitBusanContent:experience:140:ko,VisitBusanContent:experience:140:ko,https://www.visitbusan.net/kr/index.do?menuCd=DOM_000000202008001000&uc_seq=140&lang_cd=ko,http://www.yachttale.com,https://www.visitbusan.net/uploadImgs/files/cntnts/20191218141129672,1,image_sufficient,operational_assumed,"공식 관광 원천 일반 홍보 이미지, 사이트 공통 ARR (domain_inferred) — 21I: 사이트 공통 ARR만으로 blocked 처리 금지",2026-07-24T07:18:45.145Z,data/tourapi/candidates/busan/busan-integrated-candidates.csv,fe43388
busan-VB-1422,청량미 끝판왕 오션뷰 송도해상케이블카!,attraction,,35.076286,129.02365,visitbusan_web,VisitBusanContent:attraction:1422:ko,VisitBusanContent:attraction:1422:ko,https://www.visitbusan.net/kr/index.do?menuCd=DOM_000000201001001000&uc_seq=1422&lang_cd=ko,http://busanaircruise.co.kr/,https://www.visitbusan.net/uploadImgs/files/cntnts/20230508183214812,1,image_sufficient,operational_assumed,"공식 관광 원천 일반 홍보 이미지, 사이트 공통 ARR (domain_inferred) — 21I: 사이트 공통 ARR만으로 blocked 처리 금지",2026-07-24T07:11:02.669Z,data/tourapi/candidates/busan/busan-integrated-candidates.csv,fe43388
busan-VB-1434,은은한 꽃향기로 가득한 화명장미원과 화명생태공원,attraction,,35.22568,129.00327,visitbusan_web,VisitBusanContent:attraction:1434:ko,VisitBusanContent:attraction:1434:ko,https://www.visitbusan.net/kr/index.do?menuCd=DOM_000000201001001000&uc_seq=1434&lang_cd=ko,https://www.busan.go.kr/nakdong/hwamyungpark01,https://www.visitbusan.net/uploadImgs/files/cntnts/20230519190619574,1,image_sufficient,operational_assumed,"공식 관광 원천 일반 홍보 이미지, 사이트 공통 ARR (domain_inferred) — 21I: 사이트 공통 ARR만으로 blocked 처리 금지",2026-07-24T07:11:01.940Z,data/tourapi/candidates/busan/busan-integrated-candidates.csv,fe43388
busan-VB-1440,자연 속 야외영화관 태종대 자동차극장,attraction,,35.062366,129.08342,visitbusan_web,VisitBusanContent:attraction:1440:ko,VisitBusanContent:attraction:1440:ko,https://www.visitbusan.net/kr/index.do?menuCd=DOM_000000201001001000&uc_seq=1440&lang_cd=ko,,https://www.visitbusan.net/uploadImgs/files/cntnts/20230525134753245,1,image_sufficient,operational_assumed,"공식 관광 원천 일반 홍보 이미지, 사이트 공통 ARR (domain_inferred) — 21I: 사이트 공통 ARR만으로 blocked 처리 금지",2026-07-24T07:11:01.202Z,data/tourapi/candidates/busan/busan-integrated-candidates.csv,fe43388
busan-VB-1444,멋진 복합문화공간으로 변신한 부산근현대역사관 별관,attraction,,35.10258,129.03203,visitbusan_web,VisitBusanContent:attraction:1444:ko,VisitBusanContent:attraction:1444:ko,https://www.visitbusan.net/kr/index.do?menuCd=DOM_000000201001001000&uc_seq=1444&lang_cd=ko,https://www.busan.go.kr/mmch/index,https://www.visitbusan.net/uploadImgs/files/cntnts/20230602095512309,1,image_sufficient,operational_assumed,"공식 관광 원천 일반 홍보 이미지, 사이트 공통 ARR (domain_inferred) — 21I: 사이트 공통 ARR만으로 blocked 처리 금지",2026-07-24T07:11:00.477Z,data/tourapi/candidates/busan/busan-integrated-candidates.csv,fe43388
busan-VB-1449,달빛마실 명소 우암동 도시숲,attraction,,35.127033,129.07382,visitbusan_web,VisitBusanContent:attraction:1449:ko,VisitBusanContent:attraction:1449:ko,https://www.visitbusan.net/kr/index.do?menuCd=DOM_000000201001001000&uc_seq=1449&lang_cd=ko,,https://www.visitbusan.net/uploadImgs/files/cntnts/20230531220739285,1,image_sufficient,operational_assumed,"공식 관광 원천 일반 홍보 이미지, 사이트 공통 ARR (domain_inferred) — 21I: 사이트 공통 ARR만으로 blocked 처리 금지",2026-07-24T07:10:59.758Z,data/tourapi/candidates/busan/busan-integrated-candidates.csv,fe43388
busan-VB-1489,석기시대,restaurant,,35.106155,129.03487,visitbusan_web,VisitBusanContent:food:1489:ko,VisitBusanContent:food:1489:ko,https://www.visitbusan.net/kr/index.do?menuCd=DOM_000000201002001000&uc_seq=1489&lang_cd=ko,,https://www.visitbusan.net/uploadImgs/files/cntnts/20240419105032027,1,image_sufficient,operational_assumed,"공식 관광 원천 일반 홍보 이미지, 사이트 공통 ARR (domain_inferred) — 21I: 사이트 공통 ARR만으로 blocked 처리 금지",2026-07-24T07:14:09.159Z,data/tourapi/candidates/busan/busan-integrated-candidates.csv,fe43388
busan-VB-1508,부산약콩밀면,restaurant,,35.123108,129.11333,visitbusan_web,VisitBusanContent:food:1508:ko,VisitBusanContent:food:1508:ko,https://www.visitbusan.net/kr/index.do?menuCd=DOM_000000201002001000&uc_seq=1508&lang_cd=ko,,https://www.visitbusan.net/uploadImgs/files/cntnts/20230605160757154,1,image_sufficient,operational_assumed,"공식 관광 원천 일반 홍보 이미지, 사이트 공통 ARR (domain_inferred) — 21I: 사이트 공통 ARR만으로 blocked 처리 금지",2026-07-24T07:13:56.315Z,data/tourapi/candidates/busan/busan-integrated-candidates.csv,fe43388
busan-VB-1624,무공해 질주 본능 스카이라인루지 부산,attraction,,35.19471,129.21864,visitbusan_web,VisitBusanContent:experience:1624:ko,VisitBusanContent:experience:1624:ko,https://www.visitbusan.net/kr/index.do?menuCd=DOM_000000202008001000&uc_seq=1624&lang_cd=ko,https://www.skylineluge.kr/busan/,https://www.visitbusan.net/uploadImgs/files/cntnts/20230613161356984,1,image_sufficient,operational_assumed,"공식 관광 원천 일반 홍보 이미지, 사이트 공통 ARR (domain_inferred) — 21I: 사이트 공통 ARR만으로 blocked 처리 금지",2026-07-24T07:18:20.753Z,data/tourapi/candidates/busan/busan-integrated-candidates.csv,fe43388
busan-VB-1666,동백상회,attraction,,35.11489,129.03946,visitbusan_web,VisitBusanContent:shopping:1666:ko,VisitBusanContent:shopping:1666:ko,https://www.visitbusan.net/kr/index.do?menuCd=DOM_000000201003001000&uc_seq=1666&lang_cd=ko,https://www.instagram.com/busan_souvenir_/,https://www.visitbusan.net/uploadImgs/files/cntnts/20230630173529014,1,image_sufficient,operational_assumed,"공식 관광 원천 일반 홍보 이미지, 사이트 공통 ARR (domain_inferred) — 21I: 사이트 공통 ARR만으로 blocked 처리 금지",2026-07-24T07:16:55.625Z,data/tourapi/candidates/busan/busan-integrated-candidates.csv,fe43388
busan-VB-1667,해운대 선물가게,attraction,,35.16377,129.15858,visitbusan_web,VisitBusanContent:shopping:1667:ko,VisitBusanContent:shopping:1667:ko,https://www.visitbusan.net/kr/index.do?menuCd=DOM_000000201003001000&uc_seq=1667&lang_cd=ko,https://www.instagram.com/busan._.souvenir?igshid=MzRlODBiNWFlZA%3D%3D,https://www.visitbusan.net/uploadImgs/files/cntnts/20230630182744054,1,image_sufficient,operational_assumed,"공식 관광 원천 일반 홍보 이미지, 사이트 공통 ARR (domain_inferred) — 21I: 사이트 공통 ARR만으로 blocked 처리 금지",2026-07-24T07:16:54.926Z,data/tourapi/candidates/busan/busan-integrated-candidates.csv,fe43388
busan-VB-1680,해운대 한눈에 담은 프리미엄 스파&워터파크 클럽디오아시스,attraction,,35.159615,129.16902,visitbusan_web,VisitBusanContent:experience:1680:ko,VisitBusanContent:experience:1680:ko,https://www.visitbusan.net/kr/index.do?menuCd=DOM_000000202008001000&uc_seq=1680&lang_cd=ko,https://www.clubdoasis.com/,https://www.visitbusan.net/uploadImgs/files/cntnts/20230803111638709,1,image_sufficient,operational_assumed,"공식 관광 원천 일반 홍보 이미지, 사이트 공통 ARR (domain_inferred) — 21I: 사이트 공통 ARR만으로 blocked 처리 금지",2026-07-24T07:18:19.270Z,data/tourapi/candidates/busan/busan-integrated-candidates.csv,fe43388
busan-VB-1695,우시산 인 부산,attraction,,35.17136,129.10883,visitbusan_web,VisitBusanContent:experience:1695:ko,VisitBusanContent:experience:1695:ko,https://www.visitbusan.net/kr/index.do?menuCd=DOM_000000202008001000&uc_seq=1695&lang_cd=ko,,https://www.visitbusan.net/uploadImgs/files/cntnts/20230818110625569,1,image_sufficient,operational_assumed,"공식 관광 원천 일반 홍보 이미지, 사이트 공통 ARR (domain_inferred) — 21I: 사이트 공통 ARR만으로 blocked 처리 금지",2026-07-24T07:18:17.753Z,data/tourapi/candidates/busan/busan-integrated-candidates.csv,fe43388
busan-VB-1710,코코스퀘어,attraction,,35.190998,129.21263,visitbusan_web,VisitBusanContent:experience:1710:ko,VisitBusanContent:experience:1710:ko,https://www.visitbusan.net/kr/index.do?menuCd=DOM_000000202008001000&uc_seq=1710&lang_cd=ko,https://blog.naver.com/cocco_busan,https://www.visitbusan.net/uploadImgs/files/cntnts/20230918105645593,1,image_sufficient,operational_assumed,"공식 관광 원천 일반 홍보 이미지, 사이트 공통 ARR (domain_inferred) — 21I: 사이트 공통 ARR만으로 blocked 처리 금지",2026-07-24T07:18:16.984Z,data/tourapi/candidates/busan/busan-integrated-candidates.csv,fe43388
busan-VB-1721,코리아쿠킹클래스 밥상 인 부산,restaurant,,35.160378,129.14865,visitbusan_web,VisitBusanContent:experience:1721:ko,VisitBusanContent:experience:1721:ko,https://www.visitbusan.net/kr/index.do?menuCd=DOM_000000202008001000&uc_seq=1721&lang_cd=ko,,https://www.visitbusan.net/uploadImgs/files/cntnts/20240115181405769,1,image_sufficient,operational_assumed,"공식 관광 원천 일반 홍보 이미지, 사이트 공통 ARR (domain_inferred) — 21I: 사이트 공통 ARR만으로 blocked 처리 금지",2026-07-24T07:18:16.249Z,data/tourapi/candidates/busan/busan-integrated-candidates.csv,fe43388
busan-VB-1729,부산전통문화체험관,attraction,,35.12647,129.00612,visitbusan_web,VisitBusanContent:experience:1729:ko,VisitBusanContent:experience:1729:ko,https://www.visitbusan.net/kr/index.do?menuCd=DOM_000000202008001000&uc_seq=1729&lang_cd=ko,http://www.bsjeontong.org/,https://www.visitbusan.net/uploadImgs/files/cntnts/20240116112643283,1,image_sufficient,operational_assumed,"공식 관광 원천 일반 홍보 이미지, 사이트 공통 ARR (domain_inferred) — 21I: 사이트 공통 ARR만으로 blocked 처리 금지",2026-07-24T07:18:15.533Z,data/tourapi/candidates/busan/busan-integrated-candidates.csv,fe43388
busan-VB-1733,프라이빗하게 즐기는 커스텀 주얼리 클래스,attraction,,35.158875,129.06429,visitbusan_web,VisitBusanContent:experience:1733:ko,VisitBusanContent:experience:1733:ko,https://www.visitbusan.net/kr/index.do?menuCd=DOM_000000202008001000&uc_seq=1733&lang_cd=ko,https://www.instagram.com/531_jewelry/,https://www.visitbusan.net/uploadImgs/files/cntnts/20231102143906919,1,image_sufficient,operational_assumed,"공식 관광 원천 일반 홍보 이미지, 사이트 공통 ARR (domain_inferred) — 21I: 사이트 공통 ARR만으로 blocked 처리 금지",2026-07-24T07:18:14.810Z,data/tourapi/candidates/busan/busan-integrated-candidates.csv,fe43388
busan-VB-1737,봉산마을 시그니처 꽃차 원데이클래스,attraction,,35.09235,129.0453,visitbusan_web,VisitBusanContent:experience:1737:ko,VisitBusanContent:experience:1737:ko,https://www.visitbusan.net/kr/index.do?menuCd=DOM_000000202008001000&uc_seq=1737&lang_cd=ko,https://blog.naver.com/sho0051,https://www.visitbusan.net/uploadImgs/files/cntnts/20231101135638906,1,image_sufficient,operational_assumed,"공식 관광 원천 일반 홍보 이미지, 사이트 공통 ARR (domain_inferred) — 21I: 사이트 공통 ARR만으로 blocked 처리 금지",2026-07-24T07:18:14.067Z,data/tourapi/candidates/busan/busan-integrated-candidates.csv,fe43388
busan-VB-1739,영도의 상징 터그보트! 원데이클래스,attraction,,35.093502,129.05042,visitbusan_web,VisitBusanContent:experience:1739:ko,VisitBusanContent:experience:1739:ko,https://www.visitbusan.net/kr/index.do?menuCd=DOM_000000202008001000&uc_seq=1739&lang_cd=ko,https://www.instagram.com/larboard_boatbuilders/,https://www.visitbusan.net/uploadImgs/files/cntnts/20231102145311420,1,image_sufficient,operational_assumed,"공식 관광 원천 일반 홍보 이미지, 사이트 공통 ARR (domain_inferred) — 21I: 사이트 공통 ARR만으로 blocked 처리 금지",2026-07-24T07:18:13.347Z,data/tourapi/candidates/busan/busan-integrated-candidates.csv,fe43388
busan-VB-1742,세상에 단 하나뿐인 향수 원데이 클래스,attraction,,35.16035,129.06374,visitbusan_web,VisitBusanContent:experience:1742:ko,VisitBusanContent:experience:1742:ko,https://www.visitbusan.net/kr/index.do?menuCd=DOM_000000202008001000&uc_seq=1742&lang_cd=ko,,https://www.visitbusan.net/uploadImgs/files/cntnts/20231102150518289,1,image_sufficient,operational_assumed,"공식 관광 원천 일반 홍보 이미지, 사이트 공통 ARR (domain_inferred) — 21I: 사이트 공통 ARR만으로 blocked 처리 금지",2026-07-24T07:18:12.658Z,data/tourapi/candidates/busan/busan-integrated-candidates.csv,fe43388
busan-VB-1743,"망미골목에서 이색체험 밀랍공예, 헬로커피하이허니",attraction,,35.171673,129.10793,visitbusan_web,VisitBusanContent:experience:1743:ko,VisitBusanContent:experience:1743:ko,https://www.visitbusan.net/kr/index.do?menuCd=DOM_000000202008001000&uc_seq=1743&lang_cd=ko,,https://www.visitbusan.net/uploadImgs/files/cntnts/20231103152837809,1,image_sufficient,operational_assumed,"공식 관광 원천 일반 홍보 이미지, 사이트 공통 ARR (domain_inferred) — 21I: 사이트 공통 ARR만으로 blocked 처리 금지",2026-07-24T07:18:11.910Z,data/tourapi/candidates/busan/busan-integrated-candidates.csv,fe43388
busan-VB-1747,전포공구길에서 접한 드로잉 체험! 성수미술관 부산서면점,attraction,,35.155327,129.05849,visitbusan_web,VisitBusanContent:experience:1747:ko,VisitBusanContent:experience:1747:ko,https://www.visitbusan.net/kr/index.do?menuCd=DOM_000000202008001000&uc_seq=1747&lang_cd=ko,https://seongsumuseum.com/,https://www.visitbusan.net/uploadImgs/files/cntnts/20231108170648764,1,image_sufficient,operational_assumed,"공식 관광 원천 일반 홍보 이미지, 사이트 공통 ARR (domain_inferred) — 21I: 사이트 공통 ARR만으로 blocked 처리 금지",2026-07-24T07:18:11.212Z,data/tourapi/candidates/busan/busan-integrated-candidates.csv,fe43388
busan-VB-1748,"손끝에서 빛나는 예술, 도자기 만들기 체험 그린온더브라운",attraction,,35.17145,129.10838,visitbusan_web,VisitBusanContent:experience:1748:ko,VisitBusanContent:experience:1748:ko,https://www.visitbusan.net/kr/index.do?menuCd=DOM_000000202008001000&uc_seq=1748&lang_cd=ko,,https://www.visitbusan.net/uploadImgs/files/cntnts/20231109125150172,1,image_sufficient,operational_assumed,"공식 관광 원천 일반 홍보 이미지, 사이트 공통 ARR (domain_inferred) — 21I: 사이트 공통 ARR만으로 blocked 처리 금지",2026-07-24T07:18:10.471Z,data/tourapi/candidates/busan/busan-integrated-candidates.csv,fe43388
busan-VB-1753,센텀 스파랜드,attraction,,35.168617,129.12914,visitbusan_web,VisitBusanContent:experience:1753:ko,VisitBusanContent:experience:1753:ko,https://www.visitbusan.net/kr/index.do?menuCd=DOM_000000202008001000&uc_seq=1753&lang_cd=ko,,https://www.visitbusan.net/uploadImgs/files/cntnts/20231122100844072,1,image_sufficient,operational_assumed,"공식 관광 원천 일반 홍보 이미지, 사이트 공통 ARR (domain_inferred) — 21I: 사이트 공통 ARR만으로 blocked 처리 금지",2026-07-24T07:18:09.704Z,data/tourapi/candidates/busan/busan-integrated-candidates.csv,fe43388
busan-VB-1754,허심청,attraction,,35.220657,129.08635,visitbusan_web,VisitBusanContent:experience:1754:ko,VisitBusanContent:experience:1754:ko,https://www.visitbusan.net/kr/index.do?menuCd=DOM_000000202008001000&uc_seq=1754&lang_cd=ko,,https://www.visitbusan.net/uploadImgs/files/cntnts/20231122102746866,1,image_sufficient,operational_assumed,"공식 관광 원천 일반 홍보 이미지, 사이트 공통 ARR (domain_inferred) — 21I: 사이트 공통 ARR만으로 blocked 처리 금지",2026-07-24T07:18:09.013Z,data/tourapi/candidates/busan/busan-integrated-candidates.csv,fe43388
busan-VB-1769,대한민국 메가 트렌드의 중심! 광안리 M 드론라이트쇼,event,,35.15318,129.11876,visitbusan_web,VisitBusanContent:experience:1769:ko,VisitBusanContent:experience:1769:ko,https://www.visitbusan.net/kr/index.do?menuCd=DOM_000000202008001000&uc_seq=1769&lang_cd=ko,http://gwangallimdrone.co.kr/,https://www.visitbusan.net/uploadImgs/files/cntnts/20240126145805570,1,image_sufficient,operational_assumed,"공식 관광 원천 일반 홍보 이미지, 사이트 공통 ARR (domain_inferred) — 21I: 사이트 공통 ARR만으로 blocked 처리 금지",2026-07-24T07:18:06.830Z,data/tourapi/candidates/busan/busan-integrated-candidates.csv,fe43388
busan-VB-1772,"부산의 명당 스폿, 정중앙 공원",attraction,,35.17038,129.03691,visitbusan_web,VisitBusanContent:attraction:1772:ko,VisitBusanContent:attraction:1772:ko,https://www.visitbusan.net/kr/index.do?menuCd=DOM_000000201001001000&uc_seq=1772&lang_cd=ko,,https://www.visitbusan.net/uploadImgs/files/cntnts/20240103105345242,1,image_sufficient,operational_assumed,"공식 관광 원천 일반 홍보 이미지, 사이트 공통 ARR (domain_inferred) — 21I: 사이트 공통 ARR만으로 blocked 처리 금지",2026-07-24T07:10:51.706Z,data/tourapi/candidates/busan/busan-integrated-candidates.csv,fe43388
busan-VB-1799,구봉산 치유숲길 맨발 황톳길,nature,,35.125393,129.02562,visitbusan_web,VisitBusanContent:experience:1799:ko,VisitBusanContent:experience:1799:ko,https://www.visitbusan.net/kr/index.do?menuCd=DOM_000000202008001000&uc_seq=1799&lang_cd=ko,https://www.bsdonggu.go.kr/index.donggu?contentsSid=1988,https://www.visitbusan.net/uploadImgs/files/cntnts/20240401190118004,1,image_sufficient,operational_assumed,"공식 관광 원천 일반 홍보 이미지, 사이트 공통 ARR (domain_inferred) — 21I: 사이트 공통 ARR만으로 blocked 처리 금지",2026-07-24T07:18:06.128Z,data/tourapi/candidates/busan/busan-integrated-candidates.csv,fe43388
busan-VB-1808,올바릇 본점,restaurant,,35.282795,129.25926,visitbusan_web,VisitBusanContent:food:1808:ko,VisitBusanContent:food:1808:ko,https://www.visitbusan.net/kr/index.do?menuCd=DOM_000000201002001000&uc_seq=1808&lang_cd=ko,,https://www.visitbusan.net/uploadImgs/files/cntnts/20240416142348310,1,image_sufficient,operational_assumed,"공식 관광 원천 일반 홍보 이미지, 사이트 공통 ARR (domain_inferred) — 21I: 사이트 공통 ARR만으로 blocked 처리 금지",2026-07-24T07:13:31.687Z,data/tourapi/candidates/busan/busan-integrated-candidates.csv,fe43388
busan-VB-1852,바다가 보이는 부산항 힐링야영장,nature,,35.11217,129.05035,visitbusan_web,VisitBusanContent:experience:1852:ko,VisitBusanContent:experience:1852:ko,https://www.visitbusan.net/kr/index.do?menuCd=DOM_000000202008001000&uc_seq=1852&lang_cd=ko,http://www.busanpa.com/redevelopment/Contents.do?mCode=MN0081,https://www.visitbusan.net/uploadImgs/files/cntnts/20240426143708267,1,image_sufficient,operational_assumed,"공식 관광 원천 일반 홍보 이미지, 사이트 공통 ARR (domain_inferred) — 21I: 사이트 공통 ARR만으로 blocked 처리 금지",2026-07-24T07:18:05.431Z,data/tourapi/candidates/busan/busan-integrated-candidates.csv,fe43388
busan-VB-1853,"감성 캠핑소품샵이 있는 캠핑 컨셉 카페, 클래식 캠퍼",restaurant,,35.147255,128.98535,visitbusan_web,VisitBusanContent:experience:1853:ko,VisitBusanContent:experience:1853:ko,https://www.visitbusan.net/kr/index.do?menuCd=DOM_000000202008001000&uc_seq=1853&lang_cd=ko,https://www.instagram.com/classic_camper,https://www.visitbusan.net/uploadImgs/files/cntnts/20240426150248689,1,image_sufficient,operational_assumed,"공식 관광 원천 일반 홍보 이미지, 사이트 공통 ARR (domain_inferred) — 21I: 사이트 공통 ARR만으로 blocked 처리 금지",2026-07-24T07:18:04.669Z,data/tourapi/candidates/busan/busan-integrated-candidates.csv,fe43388
busan-VB-1854,런닝맨 부산점,attraction,,35.15301,129.0596,visitbusan_web,VisitBusanContent:experience:1854:ko,VisitBusanContent:experience:1854:ko,https://www.visitbusan.net/kr/index.do?menuCd=DOM_000000202008001000&uc_seq=1854&lang_cd=ko,https://runningman2.modoo.at/,https://www.visitbusan.net/uploadImgs/files/cntnts/20240426152203003,1,image_sufficient,operational_assumed,"공식 관광 원천 일반 홍보 이미지, 사이트 공통 ARR (domain_inferred) — 21I: 사이트 공통 ARR만으로 blocked 처리 금지",2026-07-24T07:18:03.974Z,data/tourapi/candidates/busan/busan-integrated-candidates.csv,fe43388
busan-VB-1855,라이언 홀리데이 인 부산,attraction,,35.160103,129.16321,visitbusan_web,VisitBusanContent:experience:1855:ko,VisitBusanContent:experience:1855:ko,https://www.visitbusan.net/kr/index.do?menuCd=DOM_000000202008001000&uc_seq=1855&lang_cd=ko,,https://www.visitbusan.net/uploadImgs/files/cntnts/20240426162016150,1,image_sufficient,operational_assumed,"공식 관광 원천 일반 홍보 이미지, 사이트 공통 ARR (domain_inferred) — 21I: 사이트 공통 ARR만으로 blocked 처리 금지",2026-07-24T07:18:03.263Z,data/tourapi/candidates/busan/busan-integrated-candidates.csv,fe43388
busan-VB-1857,"한국에서 체험하는 가장 생생한 인도, 부산 인도문화원",attraction,,35.13031,129.09508,visitbusan_web,VisitBusanContent:attraction:1857:ko,VisitBusanContent:attraction:1857:ko,https://www.visitbusan.net/kr/index.do?menuCd=DOM_000000201001001000&uc_seq=1857&lang_cd=ko,,https://www.visitbusan.net/uploadImgs/files/cntnts/20240503180255101,1,image_sufficient,operational_assumed,"공식 관광 원천 일반 홍보 이미지, 사이트 공통 ARR (domain_inferred) — 21I: 사이트 공통 ARR만으로 blocked 처리 금지",2026-07-24T07:10:48.178Z,data/tourapi/candidates/busan/busan-integrated-candidates.csv,fe43388
busan-VB-1860,월클 K-POP 아티스트 되는 ‘상상’,attraction,,35.154263,129.0573,visitbusan_web,VisitBusanContent:experience:1860:ko,VisitBusanContent:experience:1860:ko,https://www.visitbusan.net/kr/index.do?menuCd=DOM_000000202008001000&uc_seq=1860&lang_cd=ko,https://www.sangsangmadang.com/lec/list,https://www.visitbusan.net/uploadImgs/files/cntnts/20240509112935155,1,image_sufficient,operational_assumed,"공식 관광 원천 일반 홍보 이미지, 사이트 공통 ARR (domain_inferred) — 21I: 사이트 공통 ARR만으로 blocked 처리 금지",2026-07-24T07:18:01.067Z,data/tourapi/candidates/busan/busan-integrated-candidates.csv,fe43388
busan-VB-1862,"낯선 ‘아세안’, 친해지고 싶다면? KF 아세안 문화원",attraction,,35.17519,129.18196,visitbusan_web,VisitBusanContent:attraction:1862:ko,VisitBusanContent:attraction:1862:ko,https://www.visitbusan.net/kr/index.do?menuCd=DOM_000000201001001000&uc_seq=1862&lang_cd=ko,https://ach.or.kr/ach/main.do,https://www.visitbusan.net/uploadImgs/files/cntnts/20240528134839123,1,image_sufficient,operational_assumed,"공식 관광 원천 일반 홍보 이미지, 사이트 공통 ARR (domain_inferred) — 21I: 사이트 공통 ARR만으로 blocked 처리 금지",2026-07-24T07:10:47.472Z,data/tourapi/candidates/busan/busan-integrated-candidates.csv,fe43388
busan-VB-1866,"100년의 역사를 품은 집, 오초량",attraction,,35.12196,129.04192,visitbusan_web,VisitBusanContent:attraction:1866:ko,VisitBusanContent:attraction:1866:ko,https://www.visitbusan.net/kr/index.do?menuCd=DOM_000000201001001000&uc_seq=1866&lang_cd=ko,https://www.instagram.com/ochoryang,https://www.visitbusan.net/uploadImgs/files/cntnts/20240528140620645,1,image_sufficient,operational_assumed,"공식 관광 원천 일반 홍보 이미지, 사이트 공통 ARR (domain_inferred) — 21I: 사이트 공통 ARR만으로 blocked 처리 금지",2026-07-24T07:10:46.755Z,data/tourapi/candidates/busan/busan-integrated-candidates.csv,fe43388
busan-VB-1867,이국적인 멋이 가득! 한국 이슬람 부산성원,attraction,,35.259975,129.09227,visitbusan_web,VisitBusanContent:attraction:1867:ko,VisitBusanContent:attraction:1867:ko,https://www.visitbusan.net/kr/index.do?menuCd=DOM_000000201001001000&uc_seq=1867&lang_cd=ko,http://www.koreaislam.org/,https://www.visitbusan.net/uploadImgs/files/cntnts/20240528135430979,1,image_sufficient,operational_assumed,"공식 관광 원천 일반 홍보 이미지, 사이트 공통 ARR (domain_inferred) — 21I: 사이트 공통 ARR만으로 blocked 처리 금지",2026-07-24T07:10:46.053Z,data/tourapi/candidates/busan/busan-integrated-candidates.csv,fe43388
busan-VB-1868,부산항이 한눈에! 친환경스카이웨이전망대,attraction,,35.12086,129.03201,visitbusan_web,VisitBusanContent:attraction:1868:ko,VisitBusanContent:attraction:1868:ko,https://www.visitbusan.net/kr/index.do?menuCd=DOM_000000201001001000&uc_seq=1868&lang_cd=ko,,https://www.visitbusan.net/uploadImgs/files/cntnts/20240527143901347,1,image_sufficient,operational_assumed,"공식 관광 원천 일반 홍보 이미지, 사이트 공통 ARR (domain_inferred) — 21I: 사이트 공통 ARR만으로 blocked 처리 금지",2026-07-24T07:10:45.327Z,data/tourapi/candidates/busan/busan-integrated-candidates.csv,fe43388
busan-VB-1869,"낡은 청바지, 유니크한 원단이 되다!",attraction,,35.1346,129.05693,visitbusan_web,VisitBusanContent:experience:1869:ko,VisitBusanContent:experience:1869:ko,https://www.visitbusan.net/kr/index.do?menuCd=DOM_000000202008001000&uc_seq=1869&lang_cd=ko,https://dearmyjeans.modoo.at/,https://www.visitbusan.net/uploadImgs/files/cntnts/20240523122821289,1,image_sufficient,operational_assumed,"공식 관광 원천 일반 홍보 이미지, 사이트 공통 ARR (domain_inferred) — 21I: 사이트 공통 ARR만으로 blocked 처리 금지",2026-07-24T07:18:00.352Z,data/tourapi/candidates/busan/busan-integrated-candidates.csv,fe43388
busan-VB-1881,부산 근현대사를 한눈에!! 남포동 아이와 가볼 만한 곳,attraction,,35.102566,129.03214,visitbusan_web,VisitBusanContent:attraction:1881:ko,VisitBusanContent:attraction:1881:ko,https://www.visitbusan.net/kr/index.do?menuCd=DOM_000000201001001000&uc_seq=1881&lang_cd=ko,https://www.busan.go.kr/mmch/index,https://www.visitbusan.net/uploadImgs/files/cntnts/20240605163754301,1,image_sufficient,operational_assumed,"공식 관광 원천 일반 홍보 이미지, 사이트 공통 ARR (domain_inferred) — 21I: 사이트 공통 ARR만으로 blocked 처리 금지",2026-07-24T07:10:44.614Z,data/tourapi/candidates/busan/busan-integrated-candidates.csv,fe43388
busan-VB-1890,"문득 생각에 잠기고 싶은 날, 북구 문화예술 복합공간 무사이",attraction,,35.23837,129.01569,visitbusan_web,VisitBusanContent:attraction:1890:ko,VisitBusanContent:attraction:1890:ko,https://www.visitbusan.net/kr/index.do?menuCd=DOM_000000201001001000&uc_seq=1890&lang_cd=ko,https://mousai0042.modoo.at/,https://www.visitbusan.net/uploadImgs/files/cntnts/20240626113937766,1,image_sufficient,operational_assumed,"공식 관광 원천 일반 홍보 이미지, 사이트 공통 ARR (domain_inferred) — 21I: 사이트 공통 ARR만으로 blocked 처리 금지",2026-07-24T07:10:43.853Z,data/tourapi/candidates/busan/busan-integrated-candidates.csv,fe43388
busan-VB-1900,부산 트래블라운지가 말아주는 찐 부산체험 프로그램,attraction,,35.113834,129.03818,visitbusan_web,VisitBusanContent:attraction:1900:ko,VisitBusanContent:attraction:1900:ko,https://www.visitbusan.net/kr/index.do?menuCd=DOM_000000201001001000&uc_seq=1900&lang_cd=ko,https://www.instagram.com/travellounge_busan/,https://www.visitbusan.net/uploadImgs/files/cntnts/20240703180817497_oen,1,image_sufficient,operational_assumed,"공식 관광 원천 일반 홍보 이미지, 사이트 공통 ARR (domain_inferred) — 21I: 사이트 공통 ARR만으로 blocked 처리 금지",2026-07-24T07:10:43.108Z,data/tourapi/candidates/busan/busan-integrated-candidates.csv,fe43388
busan-VB-1906,낙동강에서 즐기는 최상의 수상 레포츠! 화명수상레포츠타운,attraction,,35.222694,129.00026,visitbusan_web,VisitBusanContent:experience:1906:ko,VisitBusanContent:experience:1906:ko,https://www.visitbusan.net/kr/index.do?menuCd=DOM_000000202008001000&uc_seq=1906&lang_cd=ko,https://edskischool.qrsvc.kr/,https://www.visitbusan.net/uploadImgs/files/cntnts/20240718113143752,1,image_sufficient,operational_assumed,"공식 관광 원천 일반 홍보 이미지, 사이트 공통 ARR (domain_inferred) — 21I: 사이트 공통 ARR만으로 blocked 처리 금지",2026-07-24T07:17:57.333Z,data/tourapi/candidates/busan/busan-integrated-candidates.csv,fe43388
busan-VB-1908,다대포해양레포츠센터에서 즐기는 익스트림 수상 레포츠,attraction,,35.045235,128.96904,visitbusan_web,VisitBusanContent:experience:1908:ko,VisitBusanContent:experience:1908:ko,https://www.visitbusan.net/kr/index.do?menuCd=DOM_000000202008001000&uc_seq=1908&lang_cd=ko,http://busanddp.co.kr/,https://www.visitbusan.net/uploadImgs/files/cntnts/20240712140651629,1,image_sufficient,operational_assumed,"공식 관광 원천 일반 홍보 이미지, 사이트 공통 ARR (domain_inferred) — 21I: 사이트 공통 ARR만으로 blocked 처리 금지",2026-07-24T07:17:56.593Z,data/tourapi/candidates/busan/busan-integrated-candidates.csv,fe43388
busan-VB-1955,"바다 위에서 즐기는 웰니스 관광 체험, 광안리 SUP 요가",nature,,35.153206,129.11897,visitbusan_web,VisitBusanContent:experience:1955:ko,VisitBusanContent:experience:1955:ko,https://www.visitbusan.net/kr/index.do?menuCd=DOM_000000202008001000&uc_seq=1955&lang_cd=ko,,https://www.visitbusan.net/uploadImgs/files/cntnts/20240725103101802,1,image_sufficient,operational_assumed,"공식 관광 원천 일반 홍보 이미지, 사이트 공통 ARR (domain_inferred) — 21I: 사이트 공통 ARR만으로 blocked 처리 금지",2026-07-24T07:17:55.821Z,data/tourapi/candidates/busan/busan-integrated-candidates.csv,fe43388
busan-VB-1963,"시원하다 못해 추운 곳, 올해 여름 피서는 부산실내빙상장에서!",attraction,,35.174885,129.12566,visitbusan_web,VisitBusanContent:experience:1963:ko,VisitBusanContent:experience:1963:ko,https://www.visitbusan.net/kr/index.do?menuCd=DOM_000000202008001000&uc_seq=1963&lang_cd=ko,http://icerink.busan.kr,https://www.visitbusan.net/uploadImgs/files/cntnts/20240805145854969,1,image_sufficient,operational_assumed,"공식 관광 원천 일반 홍보 이미지, 사이트 공통 ARR (domain_inferred) — 21I: 사이트 공통 ARR만으로 blocked 처리 금지",2026-07-24T07:17:55.067Z,data/tourapi/candidates/busan/busan-integrated-candidates.csv,fe43388
busan-VB-1964,갖고 싶은 소품이 모두 여기에! 광안리 최대 소품샵 분홍이네,attraction,,35.15545,129.11726,visitbusan_web,VisitBusanContent:shopping:1964:ko,VisitBusanContent:shopping:1964:ko,https://www.visitbusan.net/kr/index.do?menuCd=DOM_000000201003001000&uc_seq=1964&lang_cd=ko,https://smartstore.naver.com/bunhongene,https://www.visitbusan.net/uploadImgs/files/cntnts/20240805142935400,1,image_sufficient,operational_assumed,"공식 관광 원천 일반 홍보 이미지, 사이트 공통 ARR (domain_inferred) — 21I: 사이트 공통 ARR만으로 blocked 처리 금지",2026-07-24T07:16:52.109Z,data/tourapi/candidates/busan/busan-integrated-candidates.csv,fe43388
busan-VB-1965,"모래사장 위에서 낭만 한 편, 광안리 해변영화관",event,,35.153202,129.11897,visitbusan_web,VisitBusanContent:experience:1965:ko,VisitBusanContent:experience:1965:ko,https://www.visitbusan.net/kr/index.do?menuCd=DOM_000000202008001000&uc_seq=1965&lang_cd=ko,https://www.suyeong.go.kr/tour/index.suyeong,https://www.visitbusan.net/uploadImgs/files/cntnts/20240805144354930,1,image_sufficient,operational_assumed,"공식 관광 원천 일반 홍보 이미지, 사이트 공통 ARR (domain_inferred) — 21I: 사이트 공통 ARR만으로 blocked 처리 금지",2026-07-24T07:17:54.303Z,data/tourapi/candidates/busan/busan-integrated-candidates.csv,fe43388
busan-VB-2013,"아이와 함께 가기 좋은 숲속 놀이터&계곡, 반여 초록공원",attraction,,35.203255,129.13632,visitbusan_web,VisitBusanContent:attraction:2013:ko,VisitBusanContent:attraction:2013:ko,https://www.visitbusan.net/kr/index.do?menuCd=DOM_000000201001001000&uc_seq=2013&lang_cd=ko,,https://www.visitbusan.net/uploadImgs/files/cntnts/20240809162015670_oen,1,image_sufficient,operational_assumed,"공식 관광 원천 일반 홍보 이미지, 사이트 공통 ARR (domain_inferred) — 21I: 사이트 공통 ARR만으로 blocked 처리 금지",2026-07-24T07:10:42.371Z,data/tourapi/candidates/busan/busan-integrated-candidates.csv,fe43388
busan-VB-2019,"상쾌한 공기, 깨끗한 계곡물로 기분 업! (구)대신공원 & 대신계곡",attraction,,35.121838,129.01567,visitbusan_web,VisitBusanContent:attraction:2019:ko,VisitBusanContent:attraction:2019:ko,https://www.visitbusan.net/kr/index.do?menuCd=DOM_000000201001001000&uc_seq=2019&lang_cd=ko,,https://www.visitbusan.net/uploadImgs/files/cntnts/20240809163724512_oen,1,image_sufficient,operational_assumed,"공식 관광 원천 일반 홍보 이미지, 사이트 공통 ARR (domain_inferred) — 21I: 사이트 공통 ARR만으로 blocked 처리 금지",2026-07-24T07:10:41.639Z,data/tourapi/candidates/busan/busan-integrated-candidates.csv,fe43388
busan-VB-2024,"도심 속 힐링은 여기서! 숨겨진 자연 명소, 구덕야영장 계곡",attraction,,35.12556,129.00969,visitbusan_web,VisitBusanContent:attraction:2024:ko,VisitBusanContent:attraction:2024:ko,https://www.visitbusan.net/kr/index.do?menuCd=DOM_000000201001001000&uc_seq=2024&lang_cd=ko,,https://www.visitbusan.net/uploadImgs/files/cntnts/20240809163409782_oen,1,image_sufficient,operational_assumed,"공식 관광 원천 일반 홍보 이미지, 사이트 공통 ARR (domain_inferred) — 21I: 사이트 공통 ARR만으로 blocked 처리 금지",2026-07-24T07:10:40.916Z,data/tourapi/candidates/busan/busan-integrated-candidates.csv,fe43388
busan-VB-2034,"시원한 물줄기와 함께 느끼는 부산의 역사, 범어사 용성계곡",attraction,,35.283524,129.06847,visitbusan_web,VisitBusanContent:attraction:2034:ko,VisitBusanContent:attraction:2034:ko,https://www.visitbusan.net/kr/index.do?menuCd=DOM_000000201001001000&uc_seq=2034&lang_cd=ko,,https://www.visitbusan.net/uploadImgs/files/cntnts/20240809171648007_oen,1,image_sufficient,operational_assumed,"공식 관광 원천 일반 홍보 이미지, 사이트 공통 ARR (domain_inferred) — 21I: 사이트 공통 ARR만으로 blocked 처리 금지",2026-07-24T07:10:40.120Z,data/tourapi/candidates/busan/busan-integrated-candidates.csv,fe43388
busan-VB-2065,"도심 속에서 찾은 숨은 산책 코스, 용소웰빙공원",attraction,,35.24623,129.20415,visitbusan_web,VisitBusanContent:attraction:2065:ko,VisitBusanContent:attraction:2065:ko,https://www.visitbusan.net/kr/index.do?menuCd=DOM_000000201001001000&uc_seq=2065&lang_cd=ko,,https://www.visitbusan.net/uploadImgs/files/cntnts/20240821134135301,1,image_sufficient,operational_assumed,"공식 관광 원천 일반 홍보 이미지, 사이트 공통 ARR (domain_inferred) — 21I: 사이트 공통 ARR만으로 blocked 처리 금지",2026-07-24T07:10:39.412Z,data/tourapi/candidates/busan/busan-integrated-candidates.csv,fe43388
busan-VB-2066,"너를 알아가는 시간, 4233 마음센터 광안점",attraction,,35.154392,129.11797,visitbusan_web,VisitBusanContent:experience:2066:ko,VisitBusanContent:experience:2066:ko,https://www.visitbusan.net/kr/index.do?menuCd=DOM_000000202008001000&uc_seq=2066&lang_cd=ko,https://www.instagram.com/4233mind,https://www.visitbusan.net/uploadImgs/files/cntnts/20240822153539931,1,image_sufficient,operational_assumed,"공식 관광 원천 일반 홍보 이미지, 사이트 공통 ARR (domain_inferred) — 21I: 사이트 공통 ARR만으로 blocked 처리 금지",2026-07-24T07:17:52.910Z,data/tourapi/candidates/busan/busan-integrated-candidates.csv,fe43388
busan-VB-2067,"우리의 소리를 찾아서, 국립부산국악원 국악체험관",attraction,,35.171013,129.05438,visitbusan_web,VisitBusanContent:attraction:2067:ko,VisitBusanContent:attraction:2067:ko,https://www.visitbusan.net/kr/index.do?menuCd=DOM_000000201001001000&uc_seq=2067&lang_cd=ko,http://busan.gugak.go.kr/,https://www.visitbusan.net/uploadImgs/files/cntnts/20240826154634475,1,image_sufficient,operational_assumed,"공식 관광 원천 일반 홍보 이미지, 사이트 공통 ARR (domain_inferred) — 21I: 사이트 공통 ARR만으로 blocked 처리 금지",2026-07-24T07:10:38.686Z,data/tourapi/candidates/busan/busan-integrated-candidates.csv,fe43388
busan-VB-2077,우리 모두 수포자 탈출 가능! 체험형 수학 놀이공간 ‘부산 수학문화관’,attraction,,35.15666,129.0513,visitbusan_web,VisitBusanContent:attraction:2077:ko,VisitBusanContent:attraction:2077:ko,https://www.visitbusan.net/kr/index.do?menuCd=DOM_000000201001001000&uc_seq=2077&lang_cd=ko,https://home.pen.go.kr/bmcm/main.do,https://www.visitbusan.net/uploadImgs/files/cntnts/20240904145348246,1,image_sufficient,operational_assumed,"공식 관광 원천 일반 홍보 이미지, 사이트 공통 ARR (domain_inferred) — 21I: 사이트 공통 ARR만으로 blocked 처리 금지",2026-07-24T07:10:37.943Z,data/tourapi/candidates/busan/busan-integrated-candidates.csv,fe43388
busan-VB-2078,"부산의 최초 사찰, 마하사",attraction,,35.163532,129.08733,visitbusan_web,VisitBusanContent:attraction:2078:ko,VisitBusanContent:attraction:2078:ko,https://www.visitbusan.net/kr/index.do?menuCd=DOM_000000201001001000&uc_seq=2078&lang_cd=ko,,https://www.visitbusan.net/uploadImgs/files/cntnts/20240911101725976,1,image_sufficient,operational_assumed,"공식 관광 원천 일반 홍보 이미지, 사이트 공통 ARR (domain_inferred) — 21I: 사이트 공통 ARR만으로 blocked 처리 금지",2026-07-24T07:10:37.158Z,data/tourapi/candidates/busan/busan-integrated-candidates.csv,fe43388
busan-VB-2079,추억을 찍는 이바구길 사진관,attraction,,35.11625,129.03874,visitbusan_web,VisitBusanContent:attraction:2079:ko,VisitBusanContent:attraction:2079:ko,https://www.visitbusan.net/kr/index.do?menuCd=DOM_000000201001001000&uc_seq=2079&lang_cd=ko,,https://www.visitbusan.net/uploadImgs/files/cntnts/20240910171845448,1,image_sufficient,operational_assumed,"공식 관광 원천 일반 홍보 이미지, 사이트 공통 ARR (domain_inferred) — 21I: 사이트 공통 ARR만으로 blocked 처리 금지",2026-07-24T07:10:36.403Z,data/tourapi/candidates/busan/busan-integrated-candidates.csv,fe43388
busan-VB-2080,"아이들을 위한 이색 체험, 구포국수 체험관",attraction,,35.206596,128.99783,visitbusan_web,VisitBusanContent:experience:2080:ko,VisitBusanContent:experience:2080:ko,https://www.visitbusan.net/kr/index.do?menuCd=DOM_000000202008001000&uc_seq=2080&lang_cd=ko,https://guponoodles.modoo.at,https://www.visitbusan.net/uploadImgs/files/cntnts/20240910181815427,1,image_sufficient,operational_assumed,"공식 관광 원천 일반 홍보 이미지, 사이트 공통 ARR (domain_inferred) — 21I: 사이트 공통 ARR만으로 blocked 처리 금지",2026-07-24T07:17:52.209Z,data/tourapi/candidates/busan/busan-integrated-candidates.csv,fe43388
busan-VB-2081,"떠오르는 부산 야경 명소, 북항 친수공원",attraction,,35.11442,129.04637,visitbusan_web,VisitBusanContent:attraction:2081:ko,VisitBusanContent:attraction:2081:ko,https://www.visitbusan.net/kr/index.do?menuCd=DOM_000000201001001000&uc_seq=2081&lang_cd=ko,,https://www.visitbusan.net/uploadImgs/files/cntnts/20240911140423764,1,image_sufficient,operational_assumed,"공식 관광 원천 일반 홍보 이미지, 사이트 공통 ARR (domain_inferred) — 21I: 사이트 공통 ARR만으로 blocked 처리 금지",2026-07-24T07:10:35.601Z,data/tourapi/candidates/busan/busan-integrated-candidates.csv,fe43388
busan-VB-2082,오션뷰까지 홍보의 완성! 북항재개발 홍보관,attraction,,35.11751,129.04921,visitbusan_web,VisitBusanContent:attraction:2082:ko,VisitBusanContent:attraction:2082:ko,https://www.visitbusan.net/kr/index.do?menuCd=DOM_000000201001001000&uc_seq=2082&lang_cd=ko,https://blog.naver.com/busanportcity,https://www.visitbusan.net/uploadImgs/files/cntnts/20240911173034092,1,image_sufficient,operational_assumed,"공식 관광 원천 일반 홍보 이미지, 사이트 공통 ARR (domain_inferred) — 21I: 사이트 공통 ARR만으로 blocked 처리 금지",2026-07-24T07:10:34.835Z,data/tourapi/candidates/busan/busan-integrated-candidates.csv,fe43388
busan-VB-2085,"누구나 예술가가 되는 곳, 문화예술플랫폼",attraction,,35.206764,128.99797,visitbusan_web,VisitBusanContent:attraction:2085:ko,VisitBusanContent:attraction:2085:ko,https://www.visitbusan.net/kr/index.do?menuCd=DOM_000000201001001000&uc_seq=2085&lang_cd=ko,https://ad6.modoo.at/,https://www.visitbusan.net/uploadImgs/files/cntnts/20240911180908467,1,image_sufficient,operational_assumed,"공식 관광 원천 일반 홍보 이미지, 사이트 공통 ARR (domain_inferred) — 21I: 사이트 공통 ARR만으로 blocked 처리 금지",2026-07-24T07:10:34.092Z,data/tourapi/candidates/busan/busan-integrated-candidates.csv,fe43388
busan-VB-2086,"책이 사람을 만나 빛이 되고 길이 되는 공간, ‘북두칠성도서관’",attraction,,35.116432,129.04588,visitbusan_web,VisitBusanContent:attraction:2086:ko,VisitBusanContent:attraction:2086:ko,https://www.visitbusan.net/kr/index.do?menuCd=DOM_000000201001001000&uc_seq=2086&lang_cd=ko,http://book7library.co.kr/,https://www.visitbusan.net/uploadImgs/files/cntnts/20240913175719812,1,image_sufficient,operational_assumed,"공식 관광 원천 일반 홍보 이미지, 사이트 공통 ARR (domain_inferred) — 21I: 사이트 공통 ARR만으로 blocked 처리 금지",2026-07-24T07:10:33.379Z,data/tourapi/candidates/busan/busan-integrated-candidates.csv,fe43388
busan-VB-2091,"세계 최대 규모 부산 아르떼뮤지엄, 빨려 들어가는 몰입형 미디어아트!",attraction,,35.08648,129.07591,visitbusan_web,VisitBusanContent:experience:2091:ko,VisitBusanContent:experience:2091:ko,https://www.visitbusan.net/kr/index.do?menuCd=DOM_000000202008001000&uc_seq=2091&lang_cd=ko,https://kr.artemuseum.com/busan,https://www.visitbusan.net/uploadImgs/files/cntnts/20240912162609179,1,image_sufficient,operational_assumed,"공식 관광 원천 일반 홍보 이미지, 사이트 공통 ARR (domain_inferred) — 21I: 사이트 공통 ARR만으로 blocked 처리 금지",2026-07-24T07:17:51.506Z,data/tourapi/candidates/busan/busan-integrated-candidates.csv,fe43388
busan-VB-2095,"해운대의 숨은 보석, 송정 구덕포길",attraction,,35.169155,129.19722,visitbusan_web,VisitBusanContent:attraction:2095:ko,VisitBusanContent:attraction:2095:ko,https://www.visitbusan.net/kr/index.do?menuCd=DOM_000000201001001000&uc_seq=2095&lang_cd=ko,,https://www.visitbusan.net/uploadImgs/files/cntnts/20240920110953518,1,image_sufficient,operational_assumed,"공식 관광 원천 일반 홍보 이미지, 사이트 공통 ARR (domain_inferred) — 21I: 사이트 공통 ARR만으로 blocked 처리 금지",2026-07-24T07:10:32.654Z,data/tourapi/candidates/busan/busan-integrated-candidates.csv,fe43388
busan-VB-2097,"신선한 해산물과 함께 느끼는 영도의 정취, 영도해녀촌",restaurant,,35.067368,129.06615,visitbusan_web,VisitBusanContent:experience:2097:ko,VisitBusanContent:experience:2097:ko,https://www.visitbusan.net/kr/index.do?menuCd=DOM_000000202008001000&uc_seq=2097&lang_cd=ko,,https://www.visitbusan.net/uploadImgs/files/cntnts/20240920113847678,1,image_sufficient,operational_assumed,"공식 관광 원천 일반 홍보 이미지, 사이트 공통 ARR (domain_inferred) — 21I: 사이트 공통 ARR만으로 blocked 처리 금지",2026-07-24T07:17:50.774Z,data/tourapi/candidates/busan/busan-integrated-candidates.csv,fe43388
busan-VB-2102,산복도로 역사를 고스란히 담은 ‘망양로 산복도로 전시관’,attraction,,35.117672,129.0332,visitbusan_web,VisitBusanContent:attraction:2102:ko,VisitBusanContent:attraction:2102:ko,https://www.visitbusan.net/kr/index.do?menuCd=DOM_000000201001001000&uc_seq=2102&lang_cd=ko,,https://www.visitbusan.net/uploadImgs/files/cntnts/20240923115623200,1,image_sufficient,operational_assumed,"공식 관광 원천 일반 홍보 이미지, 사이트 공통 ARR (domain_inferred) — 21I: 사이트 공통 ARR만으로 blocked 처리 금지",2026-07-24T07:10:31.935Z,data/tourapi/candidates/busan/busan-integrated-candidates.csv,fe43388
busan-VB-2103,‘닥밭골 한지체험관’에서 전통 한지 공예 체험!,attraction,,35.114147,129.02351,visitbusan_web,VisitBusanContent:experience:2103:ko,VisitBusanContent:experience:2103:ko,https://www.visitbusan.net/kr/index.do?menuCd=DOM_000000202008001000&uc_seq=2103&lang_cd=ko,,https://www.visitbusan.net/uploadImgs/files/cntnts/20240923140840157,1,image_sufficient,operational_assumed,"공식 관광 원천 일반 홍보 이미지, 사이트 공통 ARR (domain_inferred) — 21I: 사이트 공통 ARR만으로 blocked 처리 금지",2026-07-24T07:17:50.048Z,data/tourapi/candidates/busan/busan-integrated-candidates.csv,fe43388
busan-VB-2104,다양한 색이 어우러진 ‘닥밭골 벽화마을’,attraction,,35.114338,129.02371,visitbusan_web,VisitBusanContent:attraction:2104:ko,VisitBusanContent:attraction:2104:ko,https://www.visitbusan.net/kr/index.do?menuCd=DOM_000000201001001000&uc_seq=2104&lang_cd=ko,,https://www.visitbusan.net/uploadImgs/files/cntnts/20240923142217173,1,image_sufficient,operational_assumed,"공식 관광 원천 일반 홍보 이미지, 사이트 공통 ARR (domain_inferred) — 21I: 사이트 공통 ARR만으로 blocked 처리 금지",2026-07-24T07:10:31.185Z,data/tourapi/candidates/busan/busan-integrated-candidates.csv,fe43388
busan-VB-2105,"부산을 내려다볼 수 있는 곳, 대청스카이전망대",attraction,,35.107513,129.02963,visitbusan_web,VisitBusanContent:attraction:2105:ko,VisitBusanContent:attraction:2105:ko,https://www.visitbusan.net/kr/index.do?menuCd=DOM_000000201001001000&uc_seq=2105&lang_cd=ko,,https://www.visitbusan.net/uploadImgs/files/cntnts/20240923144618796,1,image_sufficient,operational_assumed,"공식 관광 원천 일반 홍보 이미지, 사이트 공통 ARR (domain_inferred) — 21I: 사이트 공통 ARR만으로 blocked 처리 금지",2026-07-24T07:10:30.491Z,data/tourapi/candidates/busan/busan-integrated-candidates.csv,fe43388
busan-VB-2106,"망양로를 가득 채운 알록달록한 활기, ‘색채마을’",attraction,,35.106995,129.02943,visitbusan_web,VisitBusanContent:attraction:2106:ko,VisitBusanContent:attraction:2106:ko,https://www.visitbusan.net/kr/index.do?menuCd=DOM_000000201001001000&uc_seq=2106&lang_cd=ko,,https://www.visitbusan.net/uploadImgs/files/cntnts/20240923150247468,1,image_sufficient,operational_assumed,"공식 관광 원천 일반 홍보 이미지, 사이트 공통 ARR (domain_inferred) — 21I: 사이트 공통 ARR만으로 blocked 처리 금지",2026-07-24T07:10:29.748Z,data/tourapi/candidates/busan/busan-integrated-candidates.csv,fe43388
busan-VB-2109,세상에 하나뿐인 나만의 도자기를 빚어내는 기장 도자기 공방 ‘수은화가’,attraction,,35.26074,129.20567,visitbusan_web,VisitBusanContent:experience:2109:ko,VisitBusanContent:experience:2109:ko,https://www.visitbusan.net/kr/index.do?menuCd=DOM_000000202008001000&uc_seq=2109&lang_cd=ko,https://blog.naver.com/sueunhwaga,https://www.visitbusan.net/uploadImgs/files/cntnts/20240926133248318,1,image_sufficient,operational_assumed,"공식 관광 원천 일반 홍보 이미지, 사이트 공통 ARR (domain_inferred) — 21I: 사이트 공통 ARR만으로 blocked 처리 금지",2026-07-24T07:17:49.323Z,data/tourapi/candidates/busan/busan-integrated-candidates.csv,fe43388
busan-VB-2119,2만여 장 LP 속으로 풍덩! 뮤직컴플렉스 서울 부산점,attraction,,35.193672,129.21411,visitbusan_web,VisitBusanContent:attraction:2119:ko,VisitBusanContent:attraction:2119:ko,https://www.visitbusan.net/kr/index.do?menuCd=DOM_000000201001001000&uc_seq=2119&lang_cd=ko,https://www.instagram.com/music.complex.seoul,https://www.visitbusan.net/uploadImgs/files/cntnts/20240926181328093,1,image_sufficient,operational_assumed,"공식 관광 원천 일반 홍보 이미지, 사이트 공통 ARR (domain_inferred) — 21I: 사이트 공통 ARR만으로 blocked 처리 금지",2026-07-24T07:10:28.828Z,data/tourapi/candidates/busan/busan-integrated-candidates.csv,fe43388
busan-VB-2121,"멋진 야경과 함께 밤 산책, 누리마루 APEC하우스",attraction,,35.152336,129.15132,visitbusan_web,VisitBusanContent:attraction:2121:ko,VisitBusanContent:attraction:2121:ko,https://www.visitbusan.net/kr/index.do?menuCd=DOM_000000201001001000&uc_seq=2121&lang_cd=ko,http://www.busan.go.kr/nurimaru/,https://www.visitbusan.net/uploadImgs/files/cntnts/20241002101127462,1,image_sufficient,operational_assumed,"공식 관광 원천 일반 홍보 이미지, 사이트 공통 ARR (domain_inferred) — 21I: 사이트 공통 ARR만으로 blocked 처리 금지",2026-07-24T07:10:28.138Z,data/tourapi/candidates/busan/busan-integrated-candidates.csv,fe43388
busan-VB-2132,철로에서 황톳길로 촉촉하게 변신!,nature,,35.222584,129.0084,visitbusan_web,VisitBusanContent:experience:2132:ko,VisitBusanContent:experience:2132:ko,https://www.visitbusan.net/kr/index.do?menuCd=DOM_000000202008001000&uc_seq=2132&lang_cd=ko,,https://www.visitbusan.net/uploadImgs/files/cntnts/20241017115729408,1,image_sufficient,operational_assumed,"공식 관광 원천 일반 홍보 이미지, 사이트 공통 ARR (domain_inferred) — 21I: 사이트 공통 ARR만으로 blocked 처리 금지",2026-07-24T07:17:48.584Z,data/tourapi/candidates/busan/busan-integrated-candidates.csv,fe43388
busan-VB-2133,낮과 밤 모두 특별해! 산책 맛집,attraction,,35.1328,129.12,visitbusan_web,VisitBusanContent:attraction:2133:ko,VisitBusanContent:attraction:2133:ko,https://www.visitbusan.net/kr/index.do?menuCd=DOM_000000201001001000&uc_seq=2133&lang_cd=ko,https://www.bsnamgu.go.kr/index.namgu?menuCd=DOM_000000601009000000,https://www.visitbusan.net/uploadImgs/files/cntnts/20241017115549245,1,image_sufficient,operational_assumed,"공식 관광 원천 일반 홍보 이미지, 사이트 공통 ARR (domain_inferred) — 21I: 사이트 공통 ARR만으로 blocked 처리 금지",2026-07-24T07:10:27.389Z,data/tourapi/candidates/busan/busan-integrated-candidates.csv,fe43388
busan-VB-2134,"몸과 마음을 깨우는 자연의 선물, 명지 ‘너울 공원 맨발 산책로’",nature,,35.154568,128.90161,visitbusan_web,VisitBusanContent:experience:2134:ko,VisitBusanContent:experience:2134:ko,https://www.visitbusan.net/kr/index.do?menuCd=DOM_000000202008001000&uc_seq=2134&lang_cd=ko,,https://www.visitbusan.net/uploadImgs/files/cntnts/20241017115850389,1,image_sufficient,operational_assumed,"공식 관광 원천 일반 홍보 이미지, 사이트 공통 ARR (domain_inferred) — 21I: 사이트 공통 ARR만으로 blocked 처리 금지",2026-07-24T07:17:47.857Z,data/tourapi/candidates/busan/busan-integrated-candidates.csv,fe43388
busan-VB-2135,"몸이 개운해지는 도보 나들이, 하단 황톳길 산책",nature,,35.101177,128.95615,visitbusan_web,VisitBusanContent:experience:2135:ko,VisitBusanContent:experience:2135:ko,https://www.visitbusan.net/kr/index.do?menuCd=DOM_000000202008001000&uc_seq=2135&lang_cd=ko,,https://www.visitbusan.net/uploadImgs/files/cntnts/20241016172928383,1,image_sufficient,operational_assumed,"공식 관광 원천 일반 홍보 이미지, 사이트 공통 ARR (domain_inferred) — 21I: 사이트 공통 ARR만으로 blocked 처리 금지",2026-07-24T07:17:47.138Z,data/tourapi/candidates/busan/busan-integrated-candidates.csv,fe43388
busan-VB-2138,"워케이셔너들의 성지, 부산 워케이션 거점센터",attraction,,35.116238,129.04184,visitbusan_web,VisitBusanContent:attraction:2138:ko,VisitBusanContent:attraction:2138:ko,https://www.visitbusan.net/kr/index.do?menuCd=DOM_000000201001001000&uc_seq=2138&lang_cd=ko,https://www.busaness.com/,https://www.visitbusan.net/uploadImgs/files/cntnts/20241024114149701,1,image_sufficient,operational_assumed,"공식 관광 원천 일반 홍보 이미지, 사이트 공통 ARR (domain_inferred) — 21I: 사이트 공통 ARR만으로 blocked 처리 금지",2026-07-24T07:10:26.650Z,data/tourapi/candidates/busan/busan-integrated-candidates.csv,fe43388
busan-VB-2139,일과 휴식을 다 잡았다! ‘더휴일X데스커 워케이션 센터’,attraction,,35.095074,129.0427,visitbusan_web,VisitBusanContent:attraction:2139:ko,VisitBusanContent:attraction:2139:ko,https://www.visitbusan.net/kr/index.do?menuCd=DOM_000000201001001000&uc_seq=2139&lang_cd=ko,https://thehyuil.co.kr/,https://www.visitbusan.net/uploadImgs/files/cntnts/20241024131843096,1,image_sufficient,operational_assumed,"공식 관광 원천 일반 홍보 이미지, 사이트 공통 ARR (domain_inferred) — 21I: 사이트 공통 ARR만으로 blocked 처리 금지",2026-07-24T07:10:25.870Z,data/tourapi/candidates/busan/busan-integrated-candidates.csv,fe43388
busan-VB-2140,"업무를 여유롭게, 최적의 워케이션 공간",attraction,,35.079052,129.04463,visitbusan_web,VisitBusanContent:attraction:2140:ko,VisitBusanContent:attraction:2140:ko,https://www.visitbusan.net/kr/index.do?menuCd=DOM_000000201001001000&uc_seq=2140&lang_cd=ko,https://blog.naver.com/seeseawithbook,https://www.visitbusan.net/uploadImgs/files/cntnts/20241024113331184,1,image_sufficient,operational_assumed,"공식 관광 원천 일반 홍보 이미지, 사이트 공통 ARR (domain_inferred) — 21I: 사이트 공통 ARR만으로 blocked 처리 금지",2026-07-24T07:10:25.131Z,data/tourapi/candidates/busan/busan-integrated-candidates.csv,fe43388
busan-VB-2142,"물멍과 노을이 선사하는 특별한 힐링, 가덕도 ‘천성항 노지 캠핑장’",nature,,35.02779,128.81564,visitbusan_web,VisitBusanContent:experience:2142:ko,VisitBusanContent:experience:2142:ko,https://www.visitbusan.net/kr/index.do?menuCd=DOM_000000202008001000&uc_seq=2142&lang_cd=ko,,https://www.visitbusan.net/uploadImgs/files/cntnts/20241024140519757,1,image_sufficient,operational_assumed,"공식 관광 원천 일반 홍보 이미지, 사이트 공통 ARR (domain_inferred) — 21I: 사이트 공통 ARR만으로 blocked 처리 금지",2026-07-24T07:17:46.374Z,data/tourapi/candidates/busan/busan-integrated-candidates.csv,fe43388
busan-VB-2145,"부산의 미래를 함께 ‘도모’하는 공간, ‘도모헌’",attraction,,35.147057,129.10724,visitbusan_web,VisitBusanContent:attraction:2145:ko,VisitBusanContent:attraction:2145:ko,https://www.visitbusan.net/kr/index.do?menuCd=DOM_000000201001001000&uc_seq=2145&lang_cd=ko,https://www.busan.go.kr/domoheon/index,https://www.visitbusan.net/uploadImgs/files/cntnts/20241025105526827,1,image_sufficient,operational_assumed,"공식 관광 원천 일반 홍보 이미지, 사이트 공통 ARR (domain_inferred) — 21I: 사이트 공통 ARR만으로 blocked 처리 금지",2026-07-24T07:10:23.683Z,data/tourapi/candidates/busan/busan-integrated-candidates.csv,fe43388
busan-VB-2153,"신석기시대 영도를 만나다,",attraction,,35.07119,129.07968,visitbusan_web,VisitBusanContent:attraction:2153:ko,VisitBusanContent:attraction:2153:ko,https://www.visitbusan.net/kr/index.do?menuCd=DOM_000000201001001000&uc_seq=2153&lang_cd=ko,http://museum.busan.go.kr/dongsam/index,https://www.visitbusan.net/uploadImgs/files/cntnts/20241029182913498,1,image_sufficient,operational_assumed,"공식 관광 원천 일반 홍보 이미지, 사이트 공통 ARR (domain_inferred) — 21I: 사이트 공통 ARR만으로 blocked 처리 금지",2026-07-24T07:10:22.949Z,data/tourapi/candidates/busan/busan-integrated-candidates.csv,fe43388
busan-VB-2155,"하야리아 기지의 모든 것, 부산시민공원 역사문화관",attraction,,35.168602,129.05751,visitbusan_web,VisitBusanContent:attraction:2155:ko,VisitBusanContent:attraction:2155:ko,https://www.visitbusan.net/kr/index.do?menuCd=DOM_000000201001001000&uc_seq=2155&lang_cd=ko,https://www.busan.go.kr/citizenpark,https://www.visitbusan.net/uploadImgs/files/cntnts/20241031151344958,1,image_sufficient,operational_assumed,"공식 관광 원천 일반 홍보 이미지, 사이트 공통 ARR (domain_inferred) — 21I: 사이트 공통 ARR만으로 blocked 처리 금지",2026-07-24T07:10:22.181Z,data/tourapi/candidates/busan/busan-integrated-candidates.csv,fe43388
busan-VB-2157,"조용한 해변가에서 힐링 산책, ‘다대포 바다누리길’",attraction,,35.046967,128.96936,visitbusan_web,VisitBusanContent:attraction:2157:ko,VisitBusanContent:attraction:2157:ko,https://www.visitbusan.net/kr/index.do?menuCd=DOM_000000201001001000&uc_seq=2157&lang_cd=ko,,https://www.visitbusan.net/uploadImgs/files/cntnts/20241031180127634,1,image_sufficient,operational_assumed,"공식 관광 원천 일반 홍보 이미지, 사이트 공통 ARR (domain_inferred) — 21I: 사이트 공통 ARR만으로 blocked 처리 금지",2026-07-24T07:10:21.430Z,data/tourapi/candidates/busan/busan-integrated-candidates.csv,fe43388
busan-VB-2159,"여행의 향기를 담다, 향수 공방 ‘어도르’",attraction,,35.157944,129.11974,visitbusan_web,VisitBusanContent:experience:2159:ko,VisitBusanContent:experience:2159:ko,https://www.visitbusan.net/kr/index.do?menuCd=DOM_000000202008001000&uc_seq=2159&lang_cd=ko,,https://www.visitbusan.net/uploadImgs/files/cntnts/20241104120013962,1,image_sufficient,operational_assumed,"공식 관광 원천 일반 홍보 이미지, 사이트 공통 ARR (domain_inferred) — 21I: 사이트 공통 ARR만으로 blocked 처리 금지",2026-07-24T07:17:44.923Z,data/tourapi/candidates/busan/busan-integrated-candidates.csv,fe43388
busan-VB-2165,"키덜트들, 여기여기 모여라! 키덜트들의 방앗간, ‘아비베르컴퍼니’",attraction,,35.15461,129.06255,visitbusan_web,VisitBusanContent:shopping:2165:ko,VisitBusanContent:shopping:2165:ko,https://www.visitbusan.net/kr/index.do?menuCd=DOM_000000201003001000&uc_seq=2165&lang_cd=ko,https://www.avivere.co.kr/,https://www.visitbusan.net/uploadImgs/files/cntnts/20241107114741461,1,image_sufficient,operational_assumed,"공식 관광 원천 일반 홍보 이미지, 사이트 공통 ARR (domain_inferred) — 21I: 사이트 공통 ARR만으로 blocked 처리 금지",2026-07-24T07:16:50.020Z,data/tourapi/candidates/busan/busan-integrated-candidates.csv,fe43388
busan-VB-2166,"음악과 함께 혼술하고 싶은 날, ‘광안리 골방’",attraction,,35.157566,129.12578,visitbusan_web,VisitBusanContent:attraction:2166:ko,VisitBusanContent:attraction:2166:ko,https://www.visitbusan.net/kr/index.do?menuCd=DOM_000000201001001000&uc_seq=2166&lang_cd=ko,https://www.instagram.com/gwangalli_golbang,https://www.visitbusan.net/uploadImgs/files/cntnts/20241108142157400,1,image_sufficient,operational_assumed,"공식 관광 원천 일반 홍보 이미지, 사이트 공통 ARR (domain_inferred) — 21I: 사이트 공통 ARR만으로 blocked 처리 금지",2026-07-24T07:10:20.721Z,data/tourapi/candidates/busan/busan-integrated-candidates.csv,fe43388
busan-VB-2172,"아름다운 자연과 전설이 있는, ‘오시리아 해안 산책로’",attraction,,35.198395,129.22993,visitbusan_web,VisitBusanContent:attraction:2172:ko,VisitBusanContent:attraction:2172:ko,https://www.visitbusan.net/kr/index.do?menuCd=DOM_000000201001001000&uc_seq=2172&lang_cd=ko,https://www.gijang.go.kr/tour/index.gijang,https://www.visitbusan.net/uploadImgs/files/cntnts/20241107133504063,1,image_sufficient,operational_assumed,"공식 관광 원천 일반 홍보 이미지, 사이트 공통 ARR (domain_inferred) — 21I: 사이트 공통 ARR만으로 blocked 처리 금지",2026-07-24T07:10:20.010Z,data/tourapi/candidates/busan/busan-integrated-candidates.csv,fe43388
busan-VB-2173,"지역 예술의 발전을 이끄는 공간,",attraction,,35.05365,128.95828,visitbusan_web,VisitBusanContent:attraction:2173:ko,VisitBusanContent:attraction:2173:ko,https://www.visitbusan.net/kr/index.do?menuCd=DOM_000000201001001000&uc_seq=2173&lang_cd=ko,https://www.instagram.com/hongtiartcenter/,https://www.visitbusan.net/uploadImgs/files/cntnts/20241107142452622,1,image_sufficient,operational_assumed,"공식 관광 원천 일반 홍보 이미지, 사이트 공통 ARR (domain_inferred) — 21I: 사이트 공통 ARR만으로 blocked 처리 금지",2026-07-24T07:10:19.273Z,data/tourapi/candidates/busan/busan-integrated-candidates.csv,fe43388
busan-VB-218,초원복국 대연본점,restaurant,,35.137794,129.10591,visitbusan_web,VisitBusanContent:food:218:ko,VisitBusanContent:food:218:ko,https://www.visitbusan.net/kr/index.do?menuCd=DOM_000000201002001000&uc_seq=218&lang_cd=ko,,https://www.visitbusan.net/uploadImgs/files/cntnts/20240416153630841,1,image_sufficient,operational_assumed,"공식 관광 원천 일반 홍보 이미지, 사이트 공통 ARR (domain_inferred) — 21I: 사이트 공통 ARR만으로 blocked 처리 금지",2026-07-24T07:16:04.891Z,data/tourapi/candidates/busan/busan-integrated-candidates.csv,fe43388
busan-VB-2181,"창작의 즐거움이 있는 유리 공예 명소, ‘청월호야’",attraction,,35.10773,128.96185,visitbusan_web,VisitBusanContent:experience:2181:ko,VisitBusanContent:experience:2181:ko,https://www.visitbusan.net/kr/index.do?menuCd=DOM_000000202008001000&uc_seq=2181&lang_cd=ko,https://blog.naver.com/cheongwol__glass,https://www.visitbusan.net/uploadImgs/files/cntnts/20241111175758396,1,image_sufficient,operational_assumed,"공식 관광 원천 일반 홍보 이미지, 사이트 공통 ARR (domain_inferred) — 21I: 사이트 공통 ARR만으로 blocked 처리 금지",2026-07-24T07:17:44.199Z,data/tourapi/candidates/busan/busan-integrated-candidates.csv,fe43388
busan-VB-2186,"아름다운 자연과 아픈 역사가 만나는 곳,",attraction,,35.30874,129.22404,visitbusan_web,VisitBusanContent:attraction:2186:ko,VisitBusanContent:attraction:2186:ko,https://www.visitbusan.net/kr/index.do?menuCd=DOM_000000201001001000&uc_seq=2186&lang_cd=ko,,https://www.visitbusan.net/uploadImgs/files/cntnts/20241112125514341,1,image_sufficient,operational_assumed,"공식 관광 원천 일반 홍보 이미지, 사이트 공통 ARR (domain_inferred) — 21I: 사이트 공통 ARR만으로 blocked 처리 금지",2026-07-24T07:10:18.537Z,data/tourapi/candidates/busan/busan-integrated-candidates.csv,fe43388
busan-VB-2187,"과거의 흔적과 미래를 잇는 교차점,",attraction,,35.10498,129.04028,visitbusan_web,VisitBusanContent:attraction:2187:ko,VisitBusanContent:attraction:2187:ko,https://www.visitbusan.net/kr/index.do?menuCd=DOM_000000201001001000&uc_seq=2187&lang_cd=ko,,https://www.visitbusan.net/uploadImgs/files/cntnts/20241112141808956,1,image_sufficient,operational_assumed,"공식 관광 원천 일반 홍보 이미지, 사이트 공통 ARR (domain_inferred) — 21I: 사이트 공통 ARR만으로 blocked 처리 금지",2026-07-24T07:10:17.798Z,data/tourapi/candidates/busan/busan-integrated-candidates.csv,fe43388
busan-VB-2188,"UN의 헌신과 평화의 약속, ‘유엔평화기념관’",attraction,,35.127697,129.09593,visitbusan_web,VisitBusanContent:attraction:2188:ko,VisitBusanContent:attraction:2188:ko,https://www.visitbusan.net/kr/index.do?menuCd=DOM_000000201001001000&uc_seq=2188&lang_cd=ko,https://www.instagram.com/un_peacememorial/,https://www.visitbusan.net/uploadImgs/files/cntnts/20241112150316938,1,image_sufficient,operational_assumed,"공식 관광 원천 일반 홍보 이미지, 사이트 공통 ARR (domain_inferred) — 21I: 사이트 공통 ARR만으로 blocked 처리 금지",2026-07-24T07:10:17.112Z,data/tourapi/candidates/busan/busan-integrated-candidates.csv,fe43388
busan-VB-2189,겨울 철새의 아름다움을 만나는 ‘명지철새탐조대’,attraction,,35.084156,128.91174,visitbusan_web,VisitBusanContent:attraction:2189:ko,VisitBusanContent:attraction:2189:ko,https://www.visitbusan.net/kr/index.do?menuCd=DOM_000000201001001000&uc_seq=2189&lang_cd=ko,,https://www.visitbusan.net/uploadImgs/files/cntnts/20241113145816999,1,image_sufficient,operational_assumed,"공식 관광 원천 일반 홍보 이미지, 사이트 공통 ARR (domain_inferred) — 21I: 사이트 공통 ARR만으로 blocked 처리 금지",2026-07-24T07:10:16.395Z,data/tourapi/candidates/busan/busan-integrated-candidates.csv,fe43388
busan-VB-2191,"떠오르는 문화의 장, 광안리 ‘포디움다이브엠’",attraction,,35.148014,129.11356,visitbusan_web,VisitBusanContent:attraction:2191:ko,VisitBusanContent:attraction:2191:ko,https://www.visitbusan.net/kr/index.do?menuCd=DOM_000000201001001000&uc_seq=2191&lang_cd=ko,https://www.instagram.com/podiumdive.m/,https://www.visitbusan.net/uploadImgs/files/cntnts/20241126144851008,1,image_sufficient,operational_assumed,"공식 관광 원천 일반 홍보 이미지, 사이트 공통 ARR (domain_inferred) — 21I: 사이트 공통 ARR만으로 blocked 처리 금지",2026-07-24T07:10:15.686Z,data/tourapi/candidates/busan/busan-integrated-candidates.csv,fe43388
busan-VB-2200,"부산의 숨은 예술을 찾다, 갤러리 수정",attraction,,35.12573,129.04266,visitbusan_web,VisitBusanContent:attraction:2200:ko,VisitBusanContent:attraction:2200:ko,https://www.visitbusan.net/kr/index.do?menuCd=DOM_000000201001001000&uc_seq=2200&lang_cd=ko,http://www.gallerysujeong.kr/,https://www.visitbusan.net/uploadImgs/files/cntnts/20241202143950023,1,image_sufficient,operational_assumed,"공식 관광 원천 일반 홍보 이미지, 사이트 공통 ARR (domain_inferred) — 21I: 사이트 공통 ARR만으로 blocked 처리 금지",2026-07-24T07:10:14.915Z,data/tourapi/candidates/busan/busan-integrated-candidates.csv,fe43388
busan-VB-2202,"마을과 함께 성장하는 힐링 공간, ‘이바구 캠프’",attraction,,35.119175,129.0283,visitbusan_web,VisitBusanContent:attraction:2202:ko,VisitBusanContent:attraction:2202:ko,https://www.visitbusan.net/kr/index.do?menuCd=DOM_000000201001001000&uc_seq=2202&lang_cd=ko,https://blog.naver.com/ibagucamp,https://www.visitbusan.net/uploadImgs/files/cntnts/20241202150020813,1,image_sufficient,operational_assumed,"공식 관광 원천 일반 홍보 이미지, 사이트 공통 ARR (domain_inferred) — 21I: 사이트 공통 ARR만으로 blocked 처리 금지",2026-07-24T07:10:14.202Z,data/tourapi/candidates/busan/busan-integrated-candidates.csv,fe43388
busan-VB-2204,"일상 속 예술의 쉼표, ‘디오티 미술관’",attraction,,35.228886,129.07677,visitbusan_web,VisitBusanContent:attraction:2204:ko,VisitBusanContent:attraction:2204:ko,https://www.visitbusan.net/kr/index.do?menuCd=DOM_000000201001001000&uc_seq=2204&lang_cd=ko,https://dotmuseum.co.kr/,https://www.visitbusan.net/uploadImgs/files/cntnts/20241206140233984,1,image_sufficient,operational_assumed,"공식 관광 원천 일반 홍보 이미지, 사이트 공통 ARR (domain_inferred) — 21I: 사이트 공통 ARR만으로 blocked 처리 금지",2026-07-24T07:10:13.452Z,data/tourapi/candidates/busan/busan-integrated-candidates.csv,fe43388
busan-VB-2206,"신념과 희생의 발자취를 따라, ‘오륜대 순교자 성지’",attraction,,35.24589,129.10143,visitbusan_web,VisitBusanContent:attraction:2206:ko,VisitBusanContent:attraction:2206:ko,https://www.visitbusan.net/kr/index.do?menuCd=DOM_000000201001001000&uc_seq=2206&lang_cd=ko,http://www.oryundae.com/main/main.html,https://www.visitbusan.net/uploadImgs/files/cntnts/20241206151830093,1,image_sufficient,operational_assumed,"공식 관광 원천 일반 홍보 이미지, 사이트 공통 ARR (domain_inferred) — 21I: 사이트 공통 ARR만으로 blocked 처리 금지",2026-07-24T07:10:12.725Z,data/tourapi/candidates/busan/busan-integrated-candidates.csv,fe43388
busan-VB-2209,"부산의 향기를 담다, 로칼(rocarl)",attraction,,35.092976,129.04297,visitbusan_web,VisitBusanContent:experience:2209:ko,VisitBusanContent:experience:2209:ko,https://www.visitbusan.net/kr/index.do?menuCd=DOM_000000202008001000&uc_seq=2209&lang_cd=ko,https://www.instagram.com/roca_rl,https://www.visitbusan.net/uploadImgs/files/cntnts/20241206180824811,1,image_sufficient,operational_assumed,"공식 관광 원천 일반 홍보 이미지, 사이트 공통 ARR (domain_inferred) — 21I: 사이트 공통 ARR만으로 blocked 처리 금지",2026-07-24T07:17:43.380Z,data/tourapi/candidates/busan/busan-integrated-candidates.csv,fe43388
busan-VB-2210,"부산 현대미술의 새로운 성지, 갤러리 플레이리스트",attraction,,35.102535,129.03517,visitbusan_web,VisitBusanContent:attraction:2210:ko,VisitBusanContent:attraction:2210:ko,https://www.visitbusan.net/kr/index.do?menuCd=DOM_000000201001001000&uc_seq=2210&lang_cd=ko,https://www.instagram.com/galleryplaylist,https://www.visitbusan.net/uploadImgs/files/cntnts/20241206181644634,1,image_sufficient,operational_assumed,"공식 관광 원천 일반 홍보 이미지, 사이트 공통 ARR (domain_inferred) — 21I: 사이트 공통 ARR만으로 blocked 처리 금지",2026-07-24T07:10:11.955Z,data/tourapi/candidates/busan/busan-integrated-candidates.csv,fe43388
busan-VB-2220,조용한 바다 앞 사찰 ‘해광사’에서 평화로운 새해맞이,attraction,,35.205593,129.22546,visitbusan_web,VisitBusanContent:attraction:2220:ko,VisitBusanContent:attraction:2220:ko,https://www.visitbusan.net/kr/index.do?menuCd=DOM_000000201001001000&uc_seq=2220&lang_cd=ko,,https://www.visitbusan.net/uploadImgs/files/cntnts/20241224115942076,1,image_sufficient,operational_assumed,"공식 관광 원천 일반 홍보 이미지, 사이트 공통 ARR (domain_inferred) — 21I: 사이트 공통 ARR만으로 blocked 처리 금지",2026-07-24T07:10:10.396Z,data/tourapi/candidates/busan/busan-integrated-candidates.csv,fe43388
busan-VB-2229,숲속 힐링과 문화가 녹아있는 ‘륜빌리지’,attraction,,35.24763,129.11644,visitbusan_web,VisitBusanContent:attraction:2229:ko,VisitBusanContent:attraction:2229:ko,https://www.visitbusan.net/kr/index.do?menuCd=DOM_000000201001001000&uc_seq=2229&lang_cd=ko,https://www.instagram.com/cafe_ryun_official/,https://www.visitbusan.net/uploadImgs/files/cntnts/20250102170659652,1,image_sufficient,operational_assumed,"공식 관광 원천 일반 홍보 이미지, 사이트 공통 ARR (domain_inferred) — 21I: 사이트 공통 ARR만으로 blocked 처리 금지",2026-07-24T07:10:09.677Z,data/tourapi/candidates/busan/busan-integrated-candidates.csv,fe43388
busan-VB-2241,"부산의 매력을 가득 담은 도시브랜드숍, ‘BIG shop’",attraction,,35.09869,129.03448,visitbusan_web,VisitBusanContent:shopping:2241:ko,VisitBusanContent:shopping:2241:ko,https://www.visitbusan.net/kr/index.do?menuCd=DOM_000000201003001000&uc_seq=2241&lang_cd=ko,https://www.instagram.com/busan_bigshop/?hl=ko,https://www.visitbusan.net/uploadImgs/files/cntnts/20250114135947738,1,image_sufficient,operational_assumed,"공식 관광 원천 일반 홍보 이미지, 사이트 공통 ARR (domain_inferred) — 21I: 사이트 공통 ARR만으로 blocked 처리 금지",2026-07-24T07:16:49.306Z,data/tourapi/candidates/busan/busan-integrated-candidates.csv,fe43388
busan-VB-2243,"해운대 도심 속 화려한 웰니스, ‘파크 하얏트 부산’",accommodation,,35.156578,129.14195,visitbusan_web,VisitBusanContent:experience:2243:ko,VisitBusanContent:experience:2243:ko,https://www.visitbusan.net/kr/index.do?menuCd=DOM_000000202008001000&uc_seq=2243&lang_cd=ko,https://www.hyatt.com/ko-KR/hotel/south-korea/park-hyatt-busan/busph,https://www.visitbusan.net/uploadImgs/files/cntnts/20250114175054655,1,image_sufficient,operational_assumed,"공식 관광 원천 일반 홍보 이미지, 사이트 공통 ARR (domain_inferred) — 21I: 사이트 공통 ARR만으로 blocked 처리 금지",2026-07-24T07:17:42.622Z,data/tourapi/candidates/busan/busan-integrated-candidates.csv,fe43388
busan-VB-2244,"몸과 마음 모두 편안해지는 웰니스 센터, ‘SMB wellness’",attraction,,35.25889,129.24304,visitbusan_web,VisitBusanContent:experience:2244:ko,VisitBusanContent:experience:2244:ko,https://www.visitbusan.net/kr/index.do?menuCd=DOM_000000202008001000&uc_seq=2244&lang_cd=ko,https://smbwellness.co.kr,https://www.visitbusan.net/uploadImgs/files/cntnts/20250114175925376,1,image_sufficient,operational_assumed,"공식 관광 원천 일반 홍보 이미지, 사이트 공통 ARR (domain_inferred) — 21I: 사이트 공통 ARR만으로 blocked 처리 금지",2026-07-24T07:17:41.895Z,data/tourapi/candidates/busan/busan-integrated-candidates.csv,fe43388
busan-VB-2249,"베이킹으로 오늘 하루를 특별하게, ‘베이킹 하루’",attraction,,35.155476,129.11826,visitbusan_web,VisitBusanContent:experience:2249:ko,VisitBusanContent:experience:2249:ko,https://www.visitbusan.net/kr/index.do?menuCd=DOM_000000202008001000&uc_seq=2249&lang_cd=ko,https://instabio.cc/bakingharu,https://www.visitbusan.net/uploadImgs/files/cntnts/20250115175704114,1,image_sufficient,operational_assumed,"공식 관광 원천 일반 홍보 이미지, 사이트 공통 ARR (domain_inferred) — 21I: 사이트 공통 ARR만으로 blocked 처리 금지",2026-07-24T07:17:40.388Z,data/tourapi/candidates/busan/busan-integrated-candidates.csv,fe43388
busan-VB-2252,"행복한 라이프스타일을 선물하는 소품샵, ‘페이퍼가든’",attraction,,35.15533,129.066,visitbusan_web,VisitBusanContent:shopping:2252:ko,VisitBusanContent:shopping:2252:ko,https://www.visitbusan.net/kr/index.do?menuCd=DOM_000000201003001000&uc_seq=2252&lang_cd=ko,https://www.instagram.com/papergarden.korea,https://www.visitbusan.net/uploadImgs/files/cntnts/20250117102719733,1,image_sufficient,operational_assumed,"공식 관광 원천 일반 홍보 이미지, 사이트 공통 ARR (domain_inferred) — 21I: 사이트 공통 ARR만으로 blocked 처리 금지",2026-07-24T07:16:48.573Z,data/tourapi/candidates/busan/busan-integrated-candidates.csv,fe43388
busan-VB-2259,"이색 체험과 힐링을 동시에, 부산 세븐테마카페",attraction,,35.154724,129.11992,visitbusan_web,VisitBusanContent:experience:2259:ko,VisitBusanContent:experience:2259:ko,https://www.visitbusan.net/kr/index.do?menuCd=DOM_000000202008001000&uc_seq=2259&lang_cd=ko,https://www.instagram.com/7themecafe/,https://www.visitbusan.net/uploadImgs/files/cntnts/20250120134438551,1,image_sufficient,operational_assumed,"공식 관광 원천 일반 홍보 이미지, 사이트 공통 ARR (domain_inferred) — 21I: 사이트 공통 ARR만으로 blocked 처리 금지",2026-07-24T07:17:39.698Z,data/tourapi/candidates/busan/busan-integrated-candidates.csv,fe43388
busan-VB-2270,"송도 바다를 품은 럭셔리 스테이, 윈덤 그랜드 부산",accommodation,,35.078472,129.02432,visitbusan_web,VisitBusanContent:experience:2270:ko,VisitBusanContent:experience:2270:ko,https://www.visitbusan.net/kr/index.do?menuCd=DOM_000000202008001000&uc_seq=2270&lang_cd=ko,http://www.wyndhamgrandbusan.com/kor/,https://www.visitbusan.net/uploadImgs/files/cntnts/20250210184020306,1,image_sufficient,operational_assumed,"공식 관광 원천 일반 홍보 이미지, 사이트 공통 ARR (domain_inferred) — 21I: 사이트 공통 ARR만으로 blocked 처리 금지",2026-07-24T07:17:38.957Z,data/tourapi/candidates/busan/busan-integrated-candidates.csv,fe43388
busan-VB-2273,"기장 오션뷰를 품은 화려한 특급호텔, ‘아난티  코브’",accommodation,,35.197933,129.22829,visitbusan_web,VisitBusanContent:experience:2273:ko,VisitBusanContent:experience:2273:ko,https://www.visitbusan.net/kr/index.do?menuCd=DOM_000000202008001000&uc_seq=2273&lang_cd=ko,https://ananti.kr/ko/busan,https://www.visitbusan.net/uploadImgs/files/cntnts/20250207140135001,1,image_sufficient,operational_assumed,"공식 관광 원천 일반 홍보 이미지, 사이트 공통 ARR (domain_inferred) — 21I: 사이트 공통 ARR만으로 blocked 처리 금지",2026-07-24T07:17:38.259Z,data/tourapi/candidates/busan/busan-integrated-candidates.csv,fe43388
busan-VB-2274,화려한 자연경관과 오랜 역사가 한데 어우러진 ‘동백섬’,attraction,,35.15397,129.1523,visitbusan_web,VisitBusanContent:attraction:2274:ko,VisitBusanContent:attraction:2274:ko,https://www.visitbusan.net/kr/index.do?menuCd=DOM_000000201001001000&uc_seq=2274&lang_cd=ko,,https://www.visitbusan.net/uploadImgs/files/cntnts/20250207152914813,1,image_sufficient,operational_assumed,"공식 관광 원천 일반 홍보 이미지, 사이트 공통 ARR (domain_inferred) — 21I: 사이트 공통 ARR만으로 blocked 처리 금지",2026-07-24T07:10:06.727Z,data/tourapi/candidates/busan/busan-integrated-candidates.csv,fe43388
busan-VB-2275,낙동강 강변뷰가 아름다운 섬 ‘중사도’에서 특별한 자연 여행,attraction,,35.20947,128.91457,visitbusan_web,VisitBusanContent:attraction:2275:ko,VisitBusanContent:attraction:2275:ko,https://www.visitbusan.net/kr/index.do?menuCd=DOM_000000201001001000&uc_seq=2275&lang_cd=ko,,https://www.visitbusan.net/uploadImgs/files/cntnts/20250207155656641,1,image_sufficient,operational_assumed,"공식 관광 원천 일반 홍보 이미지, 사이트 공통 ARR (domain_inferred) — 21I: 사이트 공통 ARR만으로 blocked 처리 금지",2026-07-24T07:10:05.957Z,data/tourapi/candidates/busan/busan-integrated-candidates.csv,fe43388
busan-VB-2277,"자연의 편안함을 품은 료칸 호텔, ‘이제 부산’",accommodation,,35.219868,129.22676,visitbusan_web,VisitBusanContent:experience:2277:ko,VisitBusanContent:experience:2277:ko,https://www.visitbusan.net/kr/index.do?menuCd=DOM_000000202008001000&uc_seq=2277&lang_cd=ko,http://ije.co.kr/busan/,https://www.visitbusan.net/uploadImgs/files/cntnts/20250210174721955,1,image_sufficient,operational_assumed,"공식 관광 원천 일반 홍보 이미지, 사이트 공통 ARR (domain_inferred) — 21I: 사이트 공통 ARR만으로 blocked 처리 금지",2026-07-24T07:17:37.494Z,data/tourapi/candidates/busan/busan-integrated-candidates.csv,fe43388
busan-VB-2284,"부산 원도심에서 만나는 독립영화관, BNK부산은행 아트시네마 모퉁이극장",attraction,,35.1006,129.0309,visitbusan_web,VisitBusanContent:attraction:2284:ko,VisitBusanContent:attraction:2284:ko,https://www.visitbusan.net/kr/index.do?menuCd=DOM_000000201001001000&uc_seq=2284&lang_cd=ko,https://www.dtryx.com/cinema/main.do?cgid=FE8EF4D2-F22D-4802-A39A-D58F23A29C1E&BrandCd=etc&CinemaCd=000097,https://www.visitbusan.net/uploadImgs/files/cntnts/20250212112901695,1,image_sufficient,operational_assumed,"공식 관광 원천 일반 홍보 이미지, 사이트 공통 ARR (domain_inferred) — 21I: 사이트 공통 ARR만으로 blocked 처리 금지",2026-07-24T07:10:05.242Z,data/tourapi/candidates/busan/busan-integrated-candidates.csv,fe43388
busan-VB-2288,"삶의 흔적이 예술로 변하는 공간, 영주맨션",attraction,,35.113503,129.03278,visitbusan_web,VisitBusanContent:attraction:2288:ko,VisitBusanContent:attraction:2288:ko,https://www.visitbusan.net/kr/index.do?menuCd=DOM_000000201001001000&uc_seq=2288&lang_cd=ko,https://youngjumansion.wixsite.com/main/bio,https://www.visitbusan.net/uploadImgs/files/cntnts/20250214183306081,1,image_sufficient,operational_assumed,"공식 관광 원천 일반 홍보 이미지, 사이트 공통 ARR (domain_inferred) — 21I: 사이트 공통 ARR만으로 blocked 처리 금지",2026-07-24T07:10:04.486Z,data/tourapi/candidates/busan/busan-integrated-candidates.csv,fe43388
busan-VB-2293,"모두의 놀이가 있는 공간, ‘죽성그림’",attraction,,35.24043,129.24123,visitbusan_web,VisitBusanContent:experience:2293:ko,VisitBusanContent:experience:2293:ko,https://www.visitbusan.net/kr/index.do?menuCd=DOM_000000202008001000&uc_seq=2293&lang_cd=ko,https://www.instagram.com/jukseong_grim,https://www.visitbusan.net/uploadImgs/files/cntnts/20250228155206632,1,image_sufficient,operational_assumed,"공식 관광 원천 일반 홍보 이미지, 사이트 공통 ARR (domain_inferred) — 21I: 사이트 공통 ARR만으로 blocked 처리 금지",2026-07-24T07:17:36.749Z,data/tourapi/candidates/busan/busan-integrated-candidates.csv,fe43388
busan-VB-2294,"역사와 자연이 어우러진 특별한 하루, ‘가덕도 등대 체험’",nature,,34.989773,128.82895,visitbusan_web,VisitBusanContent:experience:2294:ko,VisitBusanContent:experience:2294:ko,https://www.visitbusan.net/kr/index.do?menuCd=DOM_000000202008001000&uc_seq=2294&lang_cd=ko,,https://www.visitbusan.net/uploadImgs/files/cntnts/20250228102301359,1,image_sufficient,operational_assumed,"공식 관광 원천 일반 홍보 이미지, 사이트 공통 ARR (domain_inferred) — 21I: 사이트 공통 ARR만으로 blocked 처리 금지",2026-07-24T07:17:35.976Z,data/tourapi/candidates/busan/busan-integrated-candidates.csv,fe43388
busan-VB-2297,댕댕이와 함께 신나게 뛰어놀자! ‘명지근린공원 강아지놀이터’,nature,,35.08773,128.907,visitbusan_web,VisitBusanContent:experience:2297:ko,VisitBusanContent:experience:2297:ko,https://www.visitbusan.net/kr/index.do?menuCd=DOM_000000202008001000&uc_seq=2297&lang_cd=ko,,https://www.visitbusan.net/uploadImgs/files/cntnts/20250306113644043,1,image_sufficient,operational_assumed,"공식 관광 원천 일반 홍보 이미지, 사이트 공통 ARR (domain_inferred) — 21I: 사이트 공통 ARR만으로 blocked 처리 금지",2026-07-24T07:17:35.204Z,data/tourapi/candidates/busan/busan-integrated-candidates.csv,fe43388
busan-VB-2298,"반려견과 함께 뛰어놀기 좋은 도심 속 놀이터, 사하구 애견펫공원",nature,,35.106808,128.95757,visitbusan_web,VisitBusanContent:experience:2298:ko,VisitBusanContent:experience:2298:ko,https://www.visitbusan.net/kr/index.do?menuCd=DOM_000000202008001000&uc_seq=2298&lang_cd=ko,,https://www.visitbusan.net/uploadImgs/files/cntnts/20250306114841117,1,image_sufficient,operational_assumed,"공식 관광 원천 일반 홍보 이미지, 사이트 공통 ARR (domain_inferred) — 21I: 사이트 공통 ARR만으로 blocked 처리 금지",2026-07-24T07:17:34.457Z,data/tourapi/candidates/busan/busan-integrated-candidates.csv,fe43388
busan-VB-2299,"도심 속 자연에서 상쾌한 체육활동, 황령산레포츠공원",attraction,,35.15709,129.07631,visitbusan_web,VisitBusanContent:attraction:2299:ko,VisitBusanContent:attraction:2299:ko,https://www.visitbusan.net/kr/index.do?menuCd=DOM_000000201001001000&uc_seq=2299&lang_cd=ko,https://www.busanjin.go.kr/index.busanjin,https://www.visitbusan.net/uploadImgs/files/cntnts/20250306115823313,1,image_sufficient,operational_assumed,"공식 관광 원천 일반 홍보 이미지, 사이트 공통 ARR (domain_inferred) — 21I: 사이트 공통 ARR만으로 blocked 처리 금지",2026-07-24T07:10:03.737Z,data/tourapi/candidates/busan/busan-integrated-candidates.csv,fe43388
busan-VB-2300,댕댕이와 함께 마음껏 뛰어놀자! 신라대학교 지산학 펫파크,attraction,,35.16319,129.00105,visitbusan_web,VisitBusanContent:experience:2300:ko,VisitBusanContent:experience:2300:ko,https://www.visitbusan.net/kr/index.do?menuCd=DOM_000000202008001000&uc_seq=2300&lang_cd=ko,https://cess.silla.ac.kr/iurp/,https://www.visitbusan.net/uploadImgs/files/cntnts/20250306131206462,1,image_sufficient,operational_assumed,"공식 관광 원천 일반 홍보 이미지, 사이트 공통 ARR (domain_inferred) — 21I: 사이트 공통 ARR만으로 blocked 처리 금지",2026-07-24T07:17:33.703Z,data/tourapi/candidates/busan/busan-integrated-candidates.csv,fe43388
busan-VB-2301,"쇼핑부터 케어까지! 반려동물을 위한 모든 것, 광안리 펫스테이션",attraction,,35.160797,129.11382,visitbusan_web,VisitBusanContent:experience:2301:ko,VisitBusanContent:experience:2301:ko,https://www.visitbusan.net/kr/index.do?menuCd=DOM_000000202008001000&uc_seq=2301&lang_cd=ko,,https://www.visitbusan.net/uploadImgs/files/cntnts/20250306133034109,1,image_sufficient,operational_assumed,"공식 관광 원천 일반 홍보 이미지, 사이트 공통 ARR (domain_inferred) — 21I: 사이트 공통 ARR만으로 blocked 처리 금지",2026-07-24T07:17:32.922Z,data/tourapi/candidates/busan/busan-integrated-candidates.csv,fe43388
busan-VB-2302,오션뷰가 매력적인 복합 애견카페 ‘도그민’,attraction,,35.154804,129.12009,visitbusan_web,VisitBusanContent:experience:2302:ko,VisitBusanContent:experience:2302:ko,https://www.visitbusan.net/kr/index.do?menuCd=DOM_000000202008001000&uc_seq=2302&lang_cd=ko,https://blog.naver.com/dogmin4686,https://www.visitbusan.net/uploadImgs/files/cntnts/20250306134128145,1,image_sufficient,operational_assumed,"공식 관광 원천 일반 홍보 이미지, 사이트 공통 ARR (domain_inferred) — 21I: 사이트 공통 ARR만으로 blocked 처리 금지",2026-07-24T07:17:32.162Z,data/tourapi/candidates/busan/busan-integrated-candidates.csv,fe43388
busan-VB-2304,"반려견을 위한 체계적인 놀이공간, ‘BSKS 반려동물교육문화센터’",attraction,,35.185795,129.10222,visitbusan_web,VisitBusanContent:experience:2304:ko,VisitBusanContent:experience:2304:ko,https://www.visitbusan.net/kr/index.do?menuCd=DOM_000000202008001000&uc_seq=2304&lang_cd=ko,https://detc.bsks.ac.kr/detc/,https://www.visitbusan.net/uploadImgs/files/cntnts/20250306141559591,1,image_sufficient,operational_assumed,"공식 관광 원천 일반 홍보 이미지, 사이트 공통 ARR (domain_inferred) — 21I: 사이트 공통 ARR만으로 blocked 처리 금지",2026-07-24T07:17:31.422Z,data/tourapi/candidates/busan/busan-integrated-candidates.csv,fe43388
busan-VB-2306,"초보자도 환영! 실내 클라이밍의 짜릿함, ‘웨이브락 클라이밍’",attraction,,35.15925,129.10902,visitbusan_web,VisitBusanContent:experience:2306:ko,VisitBusanContent:experience:2306:ko,https://www.visitbusan.net/kr/index.do?menuCd=DOM_000000202008001000&uc_seq=2306&lang_cd=ko,http://waverock.co.kr,https://www.visitbusan.net/uploadImgs/files/cntnts/20250306143925873,1,image_sufficient,operational_assumed,"공식 관광 원천 일반 홍보 이미지, 사이트 공통 ARR (domain_inferred) — 21I: 사이트 공통 ARR만으로 blocked 처리 금지",2026-07-24T07:17:30.502Z,data/tourapi/candidates/busan/busan-integrated-candidates.csv,fe43388
busan-VB-2307,"스포츠 덕후들의 성지, 켈틱타이거",attraction,,35.154106,129.05801,visitbusan_web,VisitBusanContent:experience:2307:ko,VisitBusanContent:experience:2307:ko,https://www.visitbusan.net/kr/index.do?menuCd=DOM_000000202008001000&uc_seq=2307&lang_cd=ko,,https://www.visitbusan.net/uploadImgs/files/cntnts/20250306144807516,1,image_sufficient,operational_assumed,"공식 관광 원천 일반 홍보 이미지, 사이트 공통 ARR (domain_inferred) — 21I: 사이트 공통 ARR만으로 blocked 처리 금지",2026-07-24T07:17:29.768Z,data/tourapi/candidates/busan/busan-integrated-candidates.csv,fe43388
busan-VB-2308,강아지를 위한 넓은 천연잔디 운동장&카페 ‘그랑독’,attraction,,35.178677,128.9015,visitbusan_web,VisitBusanContent:experience:2308:ko,VisitBusanContent:experience:2308:ko,https://www.visitbusan.net/kr/index.do?menuCd=DOM_000000202008001000&uc_seq=2308&lang_cd=ko,https://www.instagram.com/grandog_official/,https://www.visitbusan.net/uploadImgs/files/cntnts/20250310154007771,1,image_sufficient,operational_assumed,"공식 관광 원천 일반 홍보 이미지, 사이트 공통 ARR (domain_inferred) — 21I: 사이트 공통 ARR만으로 blocked 처리 금지",2026-07-24T07:17:29.056Z,data/tourapi/candidates/busan/busan-integrated-candidates.csv,fe43388
busan-VB-2309,"부산 e스포츠 경기장, 새로운 차원의 스포츠를 만나다!",attraction,,35.153015,129.0596,visitbusan_web,VisitBusanContent:experience:2309:ko,VisitBusanContent:experience:2309:ko,https://www.visitbusan.net/kr/index.do?menuCd=DOM_000000202008001000&uc_seq=2309&lang_cd=ko,http://www.brena.or.kr,https://www.visitbusan.net/uploadImgs/files/cntnts/20250317111802531,1,image_sufficient,operational_assumed,"공식 관광 원천 일반 홍보 이미지, 사이트 공통 ARR (domain_inferred) — 21I: 사이트 공통 ARR만으로 blocked 처리 금지",2026-07-24T07:17:28.324Z,data/tourapi/candidates/busan/busan-integrated-candidates.csv,fe43388
busan-VB-2314,범어사 성보박물관에서 불교문화의 깊이에 빠지다,attraction,,35.278435,129.0744,visitbusan_web,VisitBusanContent:attraction:2314:ko,VisitBusanContent:attraction:2314:ko,https://www.visitbusan.net/kr/index.do?menuCd=DOM_000000201001001000&uc_seq=2314&lang_cd=ko,http://www.beomeomuseum.org,https://www.visitbusan.net/uploadImgs/files/cntnts/20250317141712864,1,image_sufficient,operational_assumed,"공식 관광 원천 일반 홍보 이미지, 사이트 공통 ARR (domain_inferred) — 21I: 사이트 공통 ARR만으로 blocked 처리 금지",2026-07-24T07:10:03.023Z,data/tourapi/candidates/busan/busan-integrated-candidates.csv,fe43388
busan-VB-2397,"체험하며 만나는 진짜 부산 바다, 공수어촌체험휴양마을",nature,,35.183426,129.21175,visitbusan_web,VisitBusanContent:experience:2397:ko,VisitBusanContent:experience:2397:ko,https://www.visitbusan.net/kr/index.do?menuCd=DOM_000000202008001000&uc_seq=2397&lang_cd=ko,https://cms.seantour.com/BS003/index.do,https://www.visitbusan.net/uploadImgs/files/cntnts/20250613140232407,1,image_sufficient,operational_assumed,"공식 관광 원천 일반 홍보 이미지, 사이트 공통 ARR (domain_inferred) — 21I: 사이트 공통 ARR만으로 blocked 처리 금지",2026-07-24T07:17:27.540Z,data/tourapi/candidates/busan/busan-integrated-candidates.csv,fe43388
busan-VB-2398,딜라이트 프로젝트 해운대점,attraction,,35.160458,129.16116,visitbusan_web,VisitBusanContent:shopping:2398:ko,VisitBusanContent:shopping:2398:ko,https://www.visitbusan.net/kr/index.do?menuCd=DOM_000000201003001000&uc_seq=2398&lang_cd=ko,,https://www.visitbusan.net/uploadImgs/files/cntnts/20250616202404573,1,image_sufficient,operational_assumed,"공식 관광 원천 일반 홍보 이미지, 사이트 공통 ARR (domain_inferred) — 21I: 사이트 공통 ARR만으로 blocked 처리 금지",2026-07-24T07:16:47.853Z,data/tourapi/candidates/busan/busan-integrated-candidates.csv,fe43388
busan-VB-2401,부산 오키친 쿠킹하우스,restaurant,,35.174942,129.12723,visitbusan_web,VisitBusanContent:experience:2401:ko,VisitBusanContent:experience:2401:ko,https://www.visitbusan.net/kr/index.do?menuCd=DOM_000000202008001000&uc_seq=2401&lang_cd=ko,https://www.otoki.com/brand/oKitchen,https://www.visitbusan.net/uploadImgs/files/cntnts/20250618140541037,1,image_sufficient,operational_assumed,"공식 관광 원천 일반 홍보 이미지, 사이트 공통 ARR (domain_inferred) — 21I: 사이트 공통 ARR만으로 blocked 처리 금지",2026-07-24T07:17:26.821Z,data/tourapi/candidates/busan/busan-integrated-candidates.csv,fe43388
busan-VB-2408,"골목마다 예술이 피어나는 마을, 기장 대룡마을",attraction,,35.370792,129.2628,visitbusan_web,VisitBusanContent:attraction:2408:ko,VisitBusanContent:attraction:2408:ko,https://www.visitbusan.net/kr/index.do?menuCd=DOM_000000201001001000&uc_seq=2408&lang_cd=ko,,https://www.visitbusan.net/uploadImgs/files/cntnts/20250620121122146,1,image_sufficient,operational_assumed,"공식 관광 원천 일반 홍보 이미지, 사이트 공통 ARR (domain_inferred) — 21I: 사이트 공통 ARR만으로 blocked 처리 금지",2026-07-24T07:10:02.290Z,data/tourapi/candidates/busan/busan-integrated-candidates.csv,fe43388
busan-VB-2417,구경만 하러 갔다가 지갑을 열게 되는 소품샵 ‘오브젝트 서면점’,attraction,,35.155327,129.06444,visitbusan_web,VisitBusanContent:shopping:2417:ko,VisitBusanContent:shopping:2417:ko,https://www.visitbusan.net/kr/index.do?menuCd=DOM_000000201003001000&uc_seq=2417&lang_cd=ko,http://www.insideobject.com/index.html,https://www.visitbusan.net/uploadImgs/files/cntnts/20250718181629841,1,image_sufficient,operational_assumed,"공식 관광 원천 일반 홍보 이미지, 사이트 공통 ARR (domain_inferred) — 21I: 사이트 공통 ARR만으로 blocked 처리 금지",2026-07-24T07:16:47.123Z,data/tourapi/candidates/busan/busan-integrated-candidates.csv,fe43388
busan-VB-2537,부드러운 색감과 감성 소품이 가득한 ‘오월상점’,attraction,,35.155327,129.06458,visitbusan_web,VisitBusanContent:shopping:2537:ko,VisitBusanContent:shopping:2537:ko,https://www.visitbusan.net/kr/index.do?menuCd=DOM_000000201003001000&uc_seq=2537&lang_cd=ko,http://instagram.com/5maystore_3,https://www.visitbusan.net/uploadImgs/files/cntnts/20250808151250876,1,image_sufficient,operational_assumed,"공식 관광 원천 일반 홍보 이미지, 사이트 공통 ARR (domain_inferred) — 21I: 사이트 공통 ARR만으로 blocked 처리 금지",2026-07-24T07:16:46.397Z,data/tourapi/candidates/busan/busan-integrated-candidates.csv,fe43388
busan-VB-2539,엽서가 주는 아날로그 감성을 느끼고 싶다면? ‘포셋 전포’로!,attraction,,35.156708,129.0641,visitbusan_web,VisitBusanContent:shopping:2539:ko,VisitBusanContent:shopping:2539:ko,https://www.visitbusan.net/kr/index.do?menuCd=DOM_000000201003001000&uc_seq=2539&lang_cd=ko,https://poset.co.kr,https://www.visitbusan.net/uploadImgs/files/cntnts/20250808153850223,1,image_sufficient,operational_assumed,"공식 관광 원천 일반 홍보 이미지, 사이트 공통 ARR (domain_inferred) — 21I: 사이트 공통 ARR만으로 blocked 처리 금지",2026-07-24T07:16:45.677Z,data/tourapi/candidates/busan/busan-integrated-candidates.csv,fe43388
busan-VB-2541,"청사포에서 인생샷 찍고 소품 쇼핑까지, 부산슈퍼 청사포점",attraction,,35.161224,129.19183,visitbusan_web,VisitBusanContent:shopping:2541:ko,VisitBusanContent:shopping:2541:ko,https://www.visitbusan.net/kr/index.do?menuCd=DOM_000000201003001000&uc_seq=2541&lang_cd=ko,,https://www.visitbusan.net/uploadImgs/files/cntnts/20250814180238089,1,image_sufficient,operational_assumed,"공식 관광 원천 일반 홍보 이미지, 사이트 공통 ARR (domain_inferred) — 21I: 사이트 공통 ARR만으로 blocked 처리 금지",2026-07-24T07:16:44.975Z,data/tourapi/candidates/busan/busan-integrated-candidates.csv,fe43388
busan-VB-255,가파른 절벽 끝에 흰여울문화마을,attraction,,35.07885,129.04402,visitbusan_web,VisitBusanContent:attraction:255:ko,VisitBusanContent:attraction:255:ko,https://www.visitbusan.net/kr/index.do?menuCd=DOM_000000201001001000&uc_seq=255&lang_cd=ko,http://www.ydculture.com/huinnyeoulculturetown/,https://www.visitbusan.net/uploadImgs/files/cntnts/20191222164810529,1,image_sufficient,operational_assumed,"공식 관광 원천 일반 홍보 이미지, 사이트 공통 ARR (domain_inferred) — 21I: 사이트 공통 ARR만으로 blocked 처리 금지",2026-07-24T07:11:22.181Z,data/tourapi/candidates/busan/busan-integrated-candidates.csv,fe43388
busan-VB-2551,부산 풍경을 한눈에 담는 드라이브 코스,attraction,,35.157204,129.08163,visitbusan_web,VisitBusanContent:attraction:2551:ko,VisitBusanContent:attraction:2551:ko,https://www.visitbusan.net/kr/index.do?menuCd=DOM_000000201001001000&uc_seq=2551&lang_cd=ko,,https://www.visitbusan.net/uploadImgs/files/cntnts/20250826175032196,1,image_sufficient,operational_assumed,"공식 관광 원천 일반 홍보 이미지, 사이트 공통 ARR (domain_inferred) — 21I: 사이트 공통 ARR만으로 blocked 처리 금지",2026-07-24T07:10:00.870Z,data/tourapi/candidates/busan/busan-integrated-candidates.csv,fe43388
busan-VB-2555,미피 덕후 모여라!,attraction,,35.088093,129.0609,visitbusan_web,VisitBusanContent:shopping:2555:ko,VisitBusanContent:shopping:2555:ko,https://www.visitbusan.net/kr/index.do?menuCd=DOM_000000201003001000&uc_seq=2555&lang_cd=ko,https://www.instagram.com/miffy_cafe_busan/,https://www.visitbusan.net/uploadImgs/files/cntnts/20250903122354098,1,image_sufficient,operational_assumed,"공식 관광 원천 일반 홍보 이미지, 사이트 공통 ARR (domain_inferred) — 21I: 사이트 공통 ARR만으로 blocked 처리 금지",2026-07-24T07:16:44.250Z,data/tourapi/candidates/busan/busan-integrated-candidates.csv,fe43388
busan-VB-2557,"일상 속 영감을 채우는 공간, 사바이사바이 전포",attraction,,35.15641,129.06404,visitbusan_web,VisitBusanContent:experience:2557:ko,VisitBusanContent:experience:2557:ko,https://www.visitbusan.net/kr/index.do?menuCd=DOM_000000202008001000&uc_seq=2557&lang_cd=ko,,https://www.visitbusan.net/uploadImgs/files/cntnts/20250918113704394,1,image_sufficient,operational_assumed,"공식 관광 원천 일반 홍보 이미지, 사이트 공통 ARR (domain_inferred) — 21I: 사이트 공통 ARR만으로 blocked 처리 금지",2026-07-24T07:17:25.380Z,data/tourapi/candidates/busan/busan-integrated-candidates.csv,fe43388
busan-VB-256,역사가 살아 숨 쉬는 깡깡이예술마을,attraction,,35.092648,129.03255,visitbusan_web,VisitBusanContent:attraction:256:ko,VisitBusanContent:attraction:256:ko,https://www.visitbusan.net/kr/index.do?menuCd=DOM_000000201001001000&uc_seq=256&lang_cd=ko,http://kangkangee.com,https://www.visitbusan.net/uploadImgs/files/cntnts/20191222171209005,1,image_sufficient,operational_assumed,"공식 관광 원천 일반 홍보 이미지, 사이트 공통 ARR (domain_inferred) — 21I: 사이트 공통 ARR만으로 blocked 처리 금지",2026-07-24T07:11:46.345Z,data/tourapi/candidates/busan/busan-integrated-candidates.csv,fe43388
busan-VB-257,해양 문화의 꽃 국립해양박물관,attraction,,35.078728,129.08018,visitbusan_web,VisitBusanContent:attraction:257:ko,VisitBusanContent:attraction:257:ko,https://www.visitbusan.net/kr/index.do?menuCd=DOM_000000201001001000&uc_seq=257&lang_cd=ko,https://www.mmk.or.kr/,https://www.visitbusan.net/uploadImgs/files/cntnts/20191222175627506,1,image_sufficient,operational_assumed,"공식 관광 원천 일반 홍보 이미지, 사이트 공통 ARR (domain_inferred) — 21I: 사이트 공통 ARR만으로 blocked 처리 금지",2026-07-24T07:11:24.387Z,data/tourapi/candidates/busan/busan-integrated-candidates.csv,fe43388
busan-VB-2579,"달콤한 부산의 매력,",restaurant,,35.163223,129.15552,visitbusan_web,VisitBusanContent:shopping:2579:ko,VisitBusanContent:shopping:2579:ko,https://www.visitbusan.net/kr/index.do?menuCd=DOM_000000201003001000&uc_seq=2579&lang_cd=ko,https://busansand.co.kr/,https://www.visitbusan.net/uploadImgs/files/cntnts/20250929152448617,1,image_sufficient,operational_assumed,"공식 관광 원천 일반 홍보 이미지, 사이트 공통 ARR (domain_inferred) — 21I: 사이트 공통 ARR만으로 blocked 처리 금지",2026-07-24T07:16:43.561Z,data/tourapi/candidates/busan/busan-integrated-candidates.csv,fe43388
busan-VB-258,영도 등대와 함께한 100년 태종대,attraction,,35.052643,129.0878,visitbusan_web,VisitBusanContent:attraction:258:ko,VisitBusanContent:attraction:258:ko,https://www.visitbusan.net/kr/index.do?menuCd=DOM_000000201001001000&uc_seq=258&lang_cd=ko,https://www.bisco.or.kr/taejongdae/,https://www.visitbusan.net/uploadImgs/files/cntnts/20191222180829962,1,image_sufficient,operational_assumed,"공식 관광 원천 일반 홍보 이미지, 사이트 공통 ARR (domain_inferred) — 21I: 사이트 공통 ARR만으로 blocked 처리 금지",2026-07-24T07:11:23.647Z,data/tourapi/candidates/busan/busan-integrated-candidates.csv,fe43388
busan-VB-2580,"1987년부터 운영된 전통있는 주방용품 전문점, 삼영그릇 탐방기",attraction,,35.160862,129.16159,visitbusan_web,VisitBusanContent:shopping:2580:ko,VisitBusanContent:shopping:2580:ko,https://www.visitbusan.net/kr/index.do?menuCd=DOM_000000201003001000&uc_seq=2580&lang_cd=ko,https://www.instagram.com/samyeong_jubang/,https://www.visitbusan.net/uploadImgs/files/cntnts/20250929170130368,1,image_sufficient,operational_assumed,"공식 관광 원천 일반 홍보 이미지, 사이트 공통 ARR (domain_inferred) — 21I: 사이트 공통 ARR만으로 blocked 처리 금지",2026-07-24T07:16:42.867Z,data/tourapi/candidates/busan/busan-integrated-candidates.csv,fe43388
busan-VB-2581,바다처럼,attraction,,35.165718,129.15836,visitbusan_web,VisitBusanContent:shopping:2581:ko,VisitBusanContent:shopping:2581:ko,https://www.visitbusan.net/kr/index.do?menuCd=DOM_000000201003001000&uc_seq=2581&lang_cd=ko,https://www.instagram.com/pretty_whale.shop/,https://www.visitbusan.net/uploadImgs/files/cntnts/20250929183544348,1,image_sufficient,operational_assumed,"공식 관광 원천 일반 홍보 이미지, 사이트 공통 ARR (domain_inferred) — 21I: 사이트 공통 ARR만으로 blocked 처리 금지",2026-07-24T07:16:42.117Z,data/tourapi/candidates/busan/busan-integrated-candidates.csv,fe43388
busan-VB-2586,브레이크 아웃 이스케이프: 부산의 숨은 모험을 깨우다,attraction,,35.160736,129.16245,visitbusan_web,VisitBusanContent:experience:2586:ko,VisitBusanContent:experience:2586:ko,https://www.visitbusan.net/kr/index.do?menuCd=DOM_000000202008001000&uc_seq=2586&lang_cd=ko,https://busan.breakoutescapegame.com/ko/,https://www.visitbusan.net/uploadImgs/files/cntnts/20251016125923325,1,image_sufficient,operational_assumed,"공식 관광 원천 일반 홍보 이미지, 사이트 공통 ARR (domain_inferred) — 21I: 사이트 공통 ARR만으로 blocked 처리 금지",2026-07-24T07:17:24.634Z,data/tourapi/candidates/busan/busan-integrated-candidates.csv,fe43388
busan-VB-2587,"가덕도의 바다 끝에서 만나는 곳, 대항 어항동 방파제 등대",attraction,,35.011753,128.82515,visitbusan_web,VisitBusanContent:attraction:2587:ko,VisitBusanContent:attraction:2587:ko,https://www.visitbusan.net/kr/index.do?menuCd=DOM_000000201001001000&uc_seq=2587&lang_cd=ko,,https://www.visitbusan.net/uploadImgs/files/cntnts/20251020162135473,1,image_sufficient,operational_assumed,"공식 관광 원천 일반 홍보 이미지, 사이트 공통 ARR (domain_inferred) — 21I: 사이트 공통 ARR만으로 blocked 처리 금지",2026-07-24T07:10:00.123Z,data/tourapi/candidates/busan/busan-integrated-candidates.csv,fe43388
busan-VB-2588,"바다 냄새와 사람 냄새가 만나는 곳, 충무동 해안시장",attraction,,35.095985,129.0255,visitbusan_web,VisitBusanContent:attraction:2588:ko,VisitBusanContent:attraction:2588:ko,https://www.visitbusan.net/kr/index.do?menuCd=DOM_000000201001001000&uc_seq=2588&lang_cd=ko,,https://www.visitbusan.net/uploadImgs/files/cntnts/20251020171326961,1,image_sufficient,operational_assumed,"공식 관광 원천 일반 홍보 이미지, 사이트 공통 ARR (domain_inferred) — 21I: 사이트 공통 ARR만으로 blocked 처리 금지",2026-07-24T07:09:59.440Z,data/tourapi/candidates/busan/busan-integrated-candidates.csv,fe43388
busan-VB-2589,"무지개다리에서 시작하는 골동품 여행, 문현동 골동품거리",attraction,,35.14279,129.06499,visitbusan_web,VisitBusanContent:shopping:2589:ko,VisitBusanContent:shopping:2589:ko,https://www.visitbusan.net/kr/index.do?menuCd=DOM_000000201003001000&uc_seq=2589&lang_cd=ko,,https://www.visitbusan.net/uploadImgs/files/cntnts/20251020180018486,1,image_sufficient,operational_assumed,"공식 관광 원천 일반 홍보 이미지, 사이트 공통 ARR (domain_inferred) — 21I: 사이트 공통 ARR만으로 blocked 처리 금지",2026-07-24T07:16:41.392Z,data/tourapi/candidates/busan/busan-integrated-candidates.csv,fe43388
busan-VB-259,기장바다의 색다른 풍경 죽성성당,attraction,,35.241013,129.24864,visitbusan_web,VisitBusanContent:attraction:259:ko,VisitBusanContent:attraction:259:ko,https://www.visitbusan.net/kr/index.do?menuCd=DOM_000000201001001000&uc_seq=259&lang_cd=ko,,https://www.visitbusan.net/uploadImgs/files/cntnts/20191222181829937,1,image_sufficient,operational_assumed,"공식 관광 원천 일반 홍보 이미지, 사이트 공통 ARR (domain_inferred) — 21I: 사이트 공통 ARR만으로 blocked 처리 금지",2026-07-24T07:11:31.724Z,data/tourapi/candidates/busan/busan-integrated-candidates.csv,fe43388
busan-VB-2594,"이야기를 따라 걷는 길, 초량 이바구길",attraction,,35.11814,129.03362,visitbusan_web,VisitBusanContent:attraction:2594:ko,VisitBusanContent:attraction:2594:ko,https://www.visitbusan.net/kr/index.do?menuCd=DOM_000000201001001000&uc_seq=2594&lang_cd=ko,,https://www.visitbusan.net/uploadImgs/files/cntnts/20251024154312500,1,image_sufficient,operational_assumed,"공식 관광 원천 일반 홍보 이미지, 사이트 공통 ARR (domain_inferred) — 21I: 사이트 공통 ARR만으로 blocked 처리 금지",2026-07-24T07:09:58.739Z,data/tourapi/candidates/busan/busan-integrated-candidates.csv,fe43388
busan-VB-2598,"와이어로 시작하는 이야기,",attraction,,35.177723,129.11348,visitbusan_web,VisitBusanContent:attraction:2598:ko,VisitBusanContent:attraction:2598:ko,https://www.visitbusan.net/kr/index.do?menuCd=DOM_000000201001001000&uc_seq=2598&lang_cd=ko,http://kiswiremuseum.com/ko/,https://www.visitbusan.net/uploadImgs/files/cntnts/20251029154155656,1,image_sufficient,operational_assumed,"공식 관광 원천 일반 홍보 이미지, 사이트 공통 ARR (domain_inferred) — 21I: 사이트 공통 ARR만으로 blocked 처리 금지",2026-07-24T07:09:58.044Z,data/tourapi/candidates/busan/busan-integrated-candidates.csv,fe43388
busan-VB-260,400년간 지켜온 자연 그대로의 숲을 만나다,attraction,,35.287334,129.17046,visitbusan_web,VisitBusanContent:attraction:260:ko,VisitBusanContent:attraction:260:ko,https://www.visitbusan.net/kr/index.do?menuCd=DOM_000000201001001000&uc_seq=260&lang_cd=ko,http://ahopsan.com,https://www.visitbusan.net/uploadImgs/files/cntnts/20191222185645736,1,image_sufficient,operational_assumed,"공식 관광 원천 일반 홍보 이미지, 사이트 공통 ARR (domain_inferred) — 21I: 사이트 공통 ARR만으로 blocked 처리 금지",2026-07-24T07:12:01.067Z,data/tourapi/candidates/busan/busan-integrated-candidates.csv,fe43388
busan-VB-261,기장에 가면 해동용궁사,attraction,,35.188583,129.22346,visitbusan_web,VisitBusanContent:attraction:261:ko,VisitBusanContent:attraction:261:ko,https://www.visitbusan.net/kr/index.do?menuCd=DOM_000000201001001000&uc_seq=261&lang_cd=ko,http://www.yongkungsa.or.kr,https://www.visitbusan.net/uploadImgs/files/cntnts/20191222190823385,1,image_sufficient,operational_assumed,"공식 관광 원천 일반 홍보 이미지, 사이트 공통 ARR (domain_inferred) — 21I: 사이트 공통 ARR만으로 blocked 처리 금지",2026-07-24T07:11:30.985Z,data/tourapi/candidates/busan/busan-integrated-candidates.csv,fe43388
busan-VB-2612,"도심 속 호수로 떠나는 산책, 회동수원지 둘레길",attraction,,35.245823,129.11913,visitbusan_web,VisitBusanContent:attraction:2612:ko,VisitBusanContent:attraction:2612:ko,https://www.visitbusan.net/kr/index.do?menuCd=DOM_000000201001001000&uc_seq=2612&lang_cd=ko,,https://www.visitbusan.net/uploadImgs/files/cntnts/20251121173217035,1,image_sufficient,operational_assumed,"공식 관광 원천 일반 홍보 이미지, 사이트 공통 ARR (domain_inferred) — 21I: 사이트 공통 ARR만으로 blocked 처리 금지",2026-07-24T07:09:57.307Z,data/tourapi/candidates/busan/busan-integrated-candidates.csv,fe43388
busan-VB-262,"나만 알고 싶은 해수욕장, 임랑해수욕장",attraction,,35.31905,129.26451,visitbusan_web,VisitBusanContent:attraction:262:ko,VisitBusanContent:attraction:262:ko,https://www.visitbusan.net/kr/index.do?menuCd=DOM_000000201001001000&uc_seq=262&lang_cd=ko,,https://www.visitbusan.net/uploadImgs/files/cntnts/20191224093809621,1,image_sufficient,operational_assumed,"공식 관광 원천 일반 홍보 이미지, 사이트 공통 ARR (domain_inferred) — 21I: 사이트 공통 ARR만으로 blocked 처리 금지",2026-07-24T07:12:03.285Z,data/tourapi/candidates/busan/busan-integrated-candidates.csv,fe43388
busan-VB-264,"오래된 이야기가 있는 곳, 문화공감수정 그리고 초량1941",attraction,,35.125793,129.04265,visitbusan_web,VisitBusanContent:attraction:264:ko,VisitBusanContent:attraction:264:ko,https://www.visitbusan.net/kr/index.do?menuCd=DOM_000000201001001000&uc_seq=264&lang_cd=ko,https://ntchmgsugung.modoo.at/,https://www.visitbusan.net/uploadImgs/files/cntnts/20191224171115847,1,image_sufficient,operational_assumed,"공식 관광 원천 일반 홍보 이미지, 사이트 공통 ARR (domain_inferred) — 21I: 사이트 공통 ARR만으로 blocked 처리 금지",2026-07-24T07:11:41.772Z,data/tourapi/candidates/busan/busan-integrated-candidates.csv,fe43388
busan-VB-2662,"부산의 분위기와 스토리를 담은 향수·라이프스타일 향 브랜드, 센티카",attraction,,35.1563,129.11546,visitbusan_web,VisitBusanContent:shopping:2662:ko,VisitBusanContent:shopping:2662:ko,https://www.visitbusan.net/kr/index.do?menuCd=DOM_000000201003001000&uc_seq=2662&lang_cd=ko,,https://www.visitbusan.net/uploadImgs/files/cntnts/20260106123023905,1,image_sufficient,operational_assumed,"공식 관광 원천 일반 홍보 이미지, 사이트 공통 ARR (domain_inferred) — 21I: 사이트 공통 ARR만으로 blocked 처리 금지",2026-07-24T07:16:40.656Z,data/tourapi/candidates/busan/busan-integrated-candidates.csv,fe43388
busan-VB-2670,"서부산 쇼핑의 중심, 르네시떼",attraction,,35.164616,128.97768,visitbusan_web,VisitBusanContent:shopping:2670:ko,VisitBusanContent:shopping:2670:ko,https://www.visitbusan.net/kr/index.do?menuCd=DOM_000000201003001000&uc_seq=2670&lang_cd=ko,,https://www.visitbusan.net/uploadImgs/files/cntnts/20260202190204222,1,image_sufficient,operational_assumed,"공식 관광 원천 일반 홍보 이미지, 사이트 공통 ARR (domain_inferred) — 21I: 사이트 공통 ARR만으로 blocked 처리 금지",2026-07-24T07:16:39.892Z,data/tourapi/candidates/busan/busan-integrated-candidates.csv,fe43388
busan-VB-2678,"감천문화마을에 지어진 어린왕자의 집, 리틀 프린스 하우스",attraction,,35.09775,129.00851,visitbusan_web,VisitBusanContent:attraction:2678:ko,VisitBusanContent:attraction:2678:ko,https://www.visitbusan.net/kr/index.do?menuCd=DOM_000000201001001000&uc_seq=2678&lang_cd=ko,,https://www.visitbusan.net/uploadImgs/files/cntnts/20260311171309981,1,image_sufficient,operational_assumed,"공식 관광 원천 일반 홍보 이미지, 사이트 공통 ARR (domain_inferred) — 21I: 사이트 공통 ARR만으로 blocked 처리 금지",2026-07-24T07:09:56.590Z,data/tourapi/candidates/busan/busan-integrated-candidates.csv,fe43388
busan-VB-268,한성1918,attraction,,35.10178,129.03444,visitbusan_web,VisitBusanContent:attraction:268:ko,VisitBusanContent:attraction:268:ko,https://www.visitbusan.net/kr/index.do?menuCd=DOM_000000201001001000&uc_seq=268&lang_cd=ko,http://1918.bscf.or.kr/,https://www.visitbusan.net/uploadImgs/files/cntnts/20191225150936833,1,image_sufficient,operational_assumed,"공식 관광 원천 일반 홍보 이미지, 사이트 공통 ARR (domain_inferred) — 21I: 사이트 공통 ARR만으로 blocked 처리 금지",2026-07-24T07:12:30.736Z,data/tourapi/candidates/busan/busan-integrated-candidates.csv,fe43388
busan-VB-2703,오륜대 초록신선이야기,nature,,35.24602,129.117,visitbusan_web,VisitBusanContent:experience:2703:ko,VisitBusanContent:experience:2703:ko,https://www.visitbusan.net/kr/index.do?menuCd=DOM_000000202008001000&uc_seq=2703&lang_cd=ko,https://smartstore.naver.com/5cycle,https://www.visitbusan.net/uploadImgs/files/cntnts/20260420170933345,1,image_sufficient,operational_assumed,"공식 관광 원천 일반 홍보 이미지, 사이트 공통 ARR (domain_inferred) — 21I: 사이트 공통 ARR만으로 blocked 처리 금지",2026-07-24T07:17:23.935Z,data/tourapi/candidates/busan/busan-integrated-candidates.csv,fe43388
busan-VB-2704,"부산에서 만나는 특별한 한식 쿠킹클래스, 배로모디",restaurant,,35.100166,129.0357,visitbusan_web,VisitBusanContent:experience:2704:ko,VisitBusanContent:experience:2704:ko,https://www.visitbusan.net/kr/index.do?menuCd=DOM_000000202008001000&uc_seq=2704&lang_cd=ko,https://www.baeromodi.com/,https://www.visitbusan.net/uploadImgs/files/cntnts/20260421164020088,1,image_sufficient,operational_assumed,"공식 관광 원천 일반 홍보 이미지, 사이트 공통 ARR (domain_inferred) — 21I: 사이트 공통 ARR만으로 blocked 처리 금지",2026-07-24T07:17:23.233Z,data/tourapi/candidates/busan/busan-integrated-candidates.csv,fe43388
busan-VB-272,마음에 책갈피 하나를 꽂다 - 보수동책방골목,attraction,,35.103367,129.02663,visitbusan_web,VisitBusanContent:attraction:272:ko,VisitBusanContent:attraction:272:ko,https://www.visitbusan.net/kr/index.do?menuCd=DOM_000000201001001000&uc_seq=272&lang_cd=ko,http://www.bosubook.com/,https://www.visitbusan.net/uploadImgs/files/cntnts/20191225154726785,1,image_sufficient,operational_assumed,"공식 관광 원천 일반 홍보 이미지, 사이트 공통 ARR (domain_inferred) — 21I: 사이트 공통 ARR만으로 blocked 처리 금지",2026-07-24T07:11:34.741Z,data/tourapi/candidates/busan/busan-integrated-candidates.csv,fe43388
busan-VB-273,대한민국 피란수도 부산을 만나다.,attraction,,35.103527,129.01735,visitbusan_web,VisitBusanContent:attraction:273:ko,VisitBusanContent:attraction:273:ko,https://www.visitbusan.net/kr/index.do?menuCd=DOM_000000201001001000&uc_seq=273&lang_cd=ko,https://www.busan.go.kr/monument/index,https://www.visitbusan.net/uploadImgs/files/cntnts/20250929174908393,1,image_sufficient,operational_assumed,"공식 관광 원천 일반 홍보 이미지, 사이트 공통 ARR (domain_inferred) — 21I: 사이트 공통 ARR만으로 blocked 처리 금지",2026-07-24T07:11:43.983Z,data/tourapi/candidates/busan/busan-integrated-candidates.csv,fe43388
busan-VB-274,대한민국의 역사적 가치를 품은 동아대학교 석당박물관,attraction,,35.10497,129.01926,visitbusan_web,VisitBusanContent:attraction:274:ko,VisitBusanContent:attraction:274:ko,https://www.visitbusan.net/kr/index.do?menuCd=DOM_000000201001001000&uc_seq=274&lang_cd=ko,http://museum.donga.ac.kr/,https://www.visitbusan.net/uploadImgs/files/cntnts/20191225160959194,1,image_sufficient,operational_assumed,"공식 관광 원천 일반 홍보 이미지, 사이트 공통 ARR (domain_inferred) — 21I: 사이트 공통 ARR만으로 blocked 처리 금지",2026-07-24T07:11:44.736Z,data/tourapi/candidates/busan/busan-integrated-candidates.csv,fe43388
busan-VB-275,아픈 역사에 위로를 국립일제강제동원역사관,attraction,,35.124355,129.09192,visitbusan_web,VisitBusanContent:attraction:275:ko,VisitBusanContent:attraction:275:ko,https://www.visitbusan.net/kr/index.do?menuCd=DOM_000000201001001000&uc_seq=275&lang_cd=ko,https://www.fomo.or.kr/museum/kor/Main.do,https://www.visitbusan.net/uploadImgs/files/cntnts/20191225162953256,1,image_sufficient,operational_assumed,"공식 관광 원천 일반 홍보 이미지, 사이트 공통 ARR (domain_inferred) — 21I: 사이트 공통 ARR만으로 blocked 처리 금지",2026-07-24T07:12:02.546Z,data/tourapi/candidates/busan/busan-integrated-candidates.csv,fe43388
busan-VB-2755,부산교육역사관,attraction,,35.096863,129.0111,visitbusan_web,VisitBusanContent:experience:2755:ko,VisitBusanContent:experience:2755:ko,https://www.visitbusan.net/kr/index.do?menuCd=DOM_000000202008001000&uc_seq=2755&lang_cd=ko,,https://www.visitbusan.net/uploadImgs/files/cntnts/20260612173153701,1,image_sufficient,operational_assumed,"공식 관광 원천 일반 홍보 이미지, 사이트 공통 ARR (domain_inferred) — 21I: 사이트 공통 ARR만으로 blocked 처리 금지",2026-07-24T07:17:22.529Z,data/tourapi/candidates/busan/busan-integrated-candidates.csv,fe43388
busan-VB-276,"부산의 역사, 대한민국의 역사",attraction,,35.12957,129.09451,visitbusan_web,VisitBusanContent:attraction:276:ko,VisitBusanContent:attraction:276:ko,https://www.visitbusan.net/kr/index.do?menuCd=DOM_000000201001001000&uc_seq=276&lang_cd=ko,http://museum.busan.go.kr/busan,https://www.visitbusan.net/uploadImgs/files/cntnts/20191225163741459,1,image_sufficient,operational_assumed,"공식 관광 원천 일반 홍보 이미지, 사이트 공통 ARR (domain_inferred) — 21I: 사이트 공통 ARR만으로 blocked 처리 금지",2026-07-24T07:11:52.271Z,data/tourapi/candidates/busan/busan-integrated-candidates.csv,fe43388
busan-VB-2763,"부산 최고 수준의 시설을 자랑하는 웰메이드 소극장, KNN시어터",attraction,,35.171837,129.12862,visitbusan_web,VisitBusanContent:experience:2763:ko,VisitBusanContent:experience:2763:ko,https://www.visitbusan.net/kr/index.do?menuCd=DOM_000000202008001000&uc_seq=2763&lang_cd=ko,https://nol.yanolja.com/ticket/products/26001679,https://www.visitbusan.net/uploadImgs/files/cntnts/20260623162720635,1,image_sufficient,operational_assumed,"공식 관광 원천 일반 홍보 이미지, 사이트 공통 ARR (domain_inferred) — 21I: 사이트 공통 ARR만으로 blocked 처리 금지",2026-07-24T07:17:21.841Z,data/tourapi/candidates/busan/busan-integrated-candidates.csv,fe43388
busan-VB-277,세계인이 기억하는 땅 유엔기념공원,attraction,,35.1277,129.09775,visitbusan_web,VisitBusanContent:attraction:277:ko,VisitBusanContent:attraction:277:ko,https://www.visitbusan.net/kr/index.do?menuCd=DOM_000000201001001000&uc_seq=277&lang_cd=ko,https://unmck.or.kr/kor/main/,https://www.visitbusan.net/uploadImgs/files/cntnts/20191225164342360,1,image_sufficient,operational_assumed,"공식 관광 원천 일반 홍보 이미지, 사이트 공통 ARR (domain_inferred) — 21I: 사이트 공통 ARR만으로 blocked 처리 금지",2026-07-24T07:11:51.562Z,data/tourapi/candidates/busan/busan-integrated-candidates.csv,fe43388
busan-VB-278,오륙도가 전해주는 바다,attraction,,35.102177,129.12334,visitbusan_web,VisitBusanContent:attraction:278:ko,VisitBusanContent:attraction:278:ko,https://www.visitbusan.net/kr/index.do?menuCd=DOM_000000201001001000&uc_seq=278&lang_cd=ko,https://www.bsnamgu.go.kr/index.namgu?menuCd=DOM_000000601006001000&cpath=menuCd=DOM_000000601006001000&cpath=,https://www.visitbusan.net/uploadImgs/files/cntnts/20191225164921130,1,image_sufficient,operational_assumed,"공식 관광 원천 일반 홍보 이미지, 사이트 공통 ARR (domain_inferred) — 21I: 사이트 공통 ARR만으로 blocked 처리 금지",2026-07-24T07:11:27.306Z,data/tourapi/candidates/busan/busan-integrated-candidates.csv,fe43388
busan-VB-279,"신선대, 신선이 사랑한 풍경",attraction,,35.102272,129.10277,visitbusan_web,VisitBusanContent:attraction:279:ko,VisitBusanContent:attraction:279:ko,https://www.visitbusan.net/kr/index.do?menuCd=DOM_000000201001001000&uc_seq=279&lang_cd=ko,,https://www.visitbusan.net/uploadImgs/files/cntnts/20191225165635368,1,image_sufficient,operational_assumed,"공식 관광 원천 일반 홍보 이미지, 사이트 공통 ARR (domain_inferred) — 21I: 사이트 공통 ARR만으로 blocked 처리 금지",2026-07-24T07:11:59.603Z,data/tourapi/candidates/busan/busan-integrated-candidates.csv,fe43388
busan-VB-280,"자연 그대로를 간직하다, 송정해수욕장",attraction,,35.1786,129.19966,visitbusan_web,VisitBusanContent:attraction:280:ko,VisitBusanContent:attraction:280:ko,https://www.visitbusan.net/kr/index.do?menuCd=DOM_000000201001001000&uc_seq=280&lang_cd=ko,http://www.haeundae.go.kr/tour/index.do?menuCd=DOM_000000302002001000,https://www.visitbusan.net/uploadImgs/files/cntnts/20230630185239164,1,image_sufficient,operational_assumed,"공식 관광 원천 일반 홍보 이미지, 사이트 공통 ARR (domain_inferred) — 21I: 사이트 공통 ARR만으로 blocked 처리 금지",2026-07-24T07:11:26.557Z,data/tourapi/candidates/busan/busan-integrated-candidates.csv,fe43388
busan-VB-281,책과 함께하는 영원한 여행 이터널저니,attraction,,35.197235,129.22784,visitbusan_web,VisitBusanContent:attraction:281:ko,VisitBusanContent:attraction:281:ko,https://www.visitbusan.net/kr/index.do?menuCd=DOM_000000201001001000&uc_seq=281&lang_cd=ko,https://ananti.kr/ko/cove/CV0501,https://www.visitbusan.net/uploadImgs/files/cntnts/20191225170855698,1,image_sufficient,operational_assumed,"공식 관광 원천 일반 홍보 이미지, 사이트 공통 ARR (domain_inferred) — 21I: 사이트 공통 ARR만으로 blocked 처리 금지",2026-07-24T07:12:07.010Z,data/tourapi/candidates/busan/busan-integrated-candidates.csv,fe43388
busan-VB-285,광안리 바다의 낭만 민락수변공원,attraction,,35.15487,129.13399,visitbusan_web,VisitBusanContent:attraction:285:ko,VisitBusanContent:attraction:285:ko,https://www.visitbusan.net/kr/index.do?menuCd=DOM_000000201001001000&uc_seq=285&lang_cd=ko,https://www.suyeong.go.kr/tour/index.suyeong?menuCd=DOM_000001102004001000,https://www.visitbusan.net/uploadImgs/files/cntnts/20191225174730014,1,image_sufficient,operational_assumed,"공식 관광 원천 일반 홍보 이미지, 사이트 공통 ARR (domain_inferred) — 21I: 사이트 공통 ARR만으로 blocked 처리 금지",2026-07-24T07:11:38.538Z,data/tourapi/candidates/busan/busan-integrated-candidates.csv,fe43388
busan-VB-286,100년을 넘어 다시 태어난 송도해수욕장,attraction,,35.07595,129.01694,visitbusan_web,VisitBusanContent:attraction:286:ko,VisitBusanContent:attraction:286:ko,https://www.visitbusan.net/kr/index.do?menuCd=DOM_000000201001001000&uc_seq=286&lang_cd=ko,https://www.bsseogu.go.kr/tour/board/view.bsseogu?boardId=BBS_0000078&menuCd=DOM_000000304011000000&startPage=1&dataSid=5006,https://www.visitbusan.net/uploadImgs/files/cntnts/20191225175459392,1,image_sufficient,operational_assumed,"공식 관광 원천 일반 홍보 이미지, 사이트 공통 ARR (domain_inferred) — 21I: 사이트 공통 ARR만으로 blocked 처리 금지",2026-07-24T07:11:25.840Z,data/tourapi/candidates/busan/busan-integrated-candidates.csv,fe43388
busan-VB-287,강과 바다가 만나는 곳 아미산전망대,attraction,,35.052727,128.96075,visitbusan_web,VisitBusanContent:attraction:287:ko,VisitBusanContent:attraction:287:ko,https://www.visitbusan.net/kr/index.do?menuCd=DOM_000000201001001000&uc_seq=287&lang_cd=ko,https://www.busan.go.kr/wetland/amisanintro01,https://www.visitbusan.net/uploadImgs/files/cntnts/20191225180243523,1,image_sufficient,operational_assumed,"공식 관광 원천 일반 홍보 이미지, 사이트 공통 ARR (domain_inferred) — 21I: 사이트 공통 ARR만으로 blocked 처리 금지",2026-07-24T07:11:25.137Z,data/tourapi/candidates/busan/busan-integrated-candidates.csv,fe43388
busan-VB-288,묘지 비석을 품은 동네 아미동 비석문화마을,attraction,,35.099068,129.0127,visitbusan_web,VisitBusanContent:attraction:288:ko,VisitBusanContent:attraction:288:ko,https://www.visitbusan.net/kr/index.do?menuCd=DOM_000000201001001000&uc_seq=288&lang_cd=ko,,https://www.visitbusan.net/uploadImgs/files/cntnts/20191226093554532,1,image_sufficient,operational_assumed,"공식 관광 원천 일반 홍보 이미지, 사이트 공통 ARR (domain_inferred) — 21I: 사이트 공통 ARR만으로 blocked 처리 금지",2026-07-24T07:12:00.322Z,data/tourapi/candidates/busan/busan-integrated-candidates.csv,fe43388
busan-VB-289,벡스코 옆 미술관 부산시립미술관,attraction,,35.16702,129.1369,visitbusan_web,VisitBusanContent:attraction:289:ko,VisitBusanContent:attraction:289:ko,https://www.visitbusan.net/kr/index.do?menuCd=DOM_000000201001001000&uc_seq=289&lang_cd=ko,http://art.busan.go.kr,https://www.visitbusan.net/uploadImgs/files/cntnts/20191226100545553,1,image_sufficient,operational_assumed,"공식 관광 원천 일반 홍보 이미지, 사이트 공통 ARR (domain_inferred) — 21I: 사이트 공통 ARR만으로 blocked 처리 금지",2026-07-24T07:11:53.034Z,data/tourapi/candidates/busan/busan-integrated-candidates.csv,fe43388
busan-VB-290,바다의 안녕을 기원하는 오랑대공원,attraction,,35.205246,129.22583,visitbusan_web,VisitBusanContent:attraction:290:ko,VisitBusanContent:attraction:290:ko,https://www.visitbusan.net/kr/index.do?menuCd=DOM_000000201001001000&uc_seq=290&lang_cd=ko,,https://www.visitbusan.net/uploadImgs/files/cntnts/20191226101451768,1,image_sufficient,operational_assumed,"공식 관광 원천 일반 홍보 이미지, 사이트 공통 ARR (domain_inferred) — 21I: 사이트 공통 ARR만으로 blocked 처리 금지",2026-07-24T07:12:09.928Z,data/tourapi/candidates/busan/busan-integrated-candidates.csv,fe43388
busan-VB-291,바다 속 체험은 국립수산과학관으로,attraction,,35.193687,129.22423,visitbusan_web,VisitBusanContent:attraction:291:ko,VisitBusanContent:attraction:291:ko,https://www.visitbusan.net/kr/index.do?menuCd=DOM_000000201001001000&uc_seq=291&lang_cd=ko,https://www.fsm.go.kr/,https://www.visitbusan.net/uploadImgs/files/cntnts/20191226102157667,1,image_sufficient,operational_assumed,"공식 관광 원천 일반 홍보 이미지, 사이트 공통 ARR (domain_inferred) — 21I: 사이트 공통 ARR만으로 blocked 처리 금지",2026-07-24T07:12:23.765Z,data/tourapi/candidates/busan/busan-integrated-candidates.csv,fe43388
busan-VB-292,좌판의 힘 기장시장,attraction,,35.243847,129.21524,visitbusan_web,VisitBusanContent:shopping:292:ko,VisitBusanContent:shopping:292:ko,https://www.visitbusan.net/kr/index.do?menuCd=DOM_000000201003001000&uc_seq=292&lang_cd=ko,http://gijangmarket.modoo.at,https://www.visitbusan.net/uploadImgs/files/cntnts/20191226103342213,1,image_sufficient,operational_assumed,"공식 관광 원천 일반 홍보 이미지, 사이트 공통 ARR (domain_inferred) — 21I: 사이트 공통 ARR만으로 blocked 처리 금지",2026-07-24T07:17:17.161Z,data/tourapi/candidates/busan/busan-integrated-candidates.csv,fe43388
busan-VB-293,광안리 바다의 참맛 민락회타운,restaurant,,35.155643,129.1237,visitbusan_web,VisitBusanContent:shopping:293:ko,VisitBusanContent:shopping:293:ko,https://www.visitbusan.net/kr/index.do?menuCd=DOM_000000201003001000&uc_seq=293&lang_cd=ko,,https://www.visitbusan.net/uploadImgs/files/cntnts/20191226104226159,1,image_sufficient,operational_assumed,"공식 관광 원천 일반 홍보 이미지, 사이트 공통 ARR (domain_inferred) — 21I: 사이트 공통 ARR만으로 blocked 처리 금지",2026-07-24T07:17:16.435Z,data/tourapi/candidates/busan/busan-integrated-candidates.csv,fe43388
busan-VB-294,텔레비전에 나온 시장맛집 해운대시장,restaurant,,35.16165,129.1621,visitbusan_web,VisitBusanContent:shopping:294:ko,VisitBusanContent:shopping:294:ko,https://www.visitbusan.net/kr/index.do?menuCd=DOM_000000201003001000&uc_seq=294&lang_cd=ko,,https://www.visitbusan.net/uploadImgs/files/cntnts/20191226105015522,1,image_sufficient,operational_assumed,"공식 관광 원천 일반 홍보 이미지, 사이트 공통 ARR (domain_inferred) — 21I: 사이트 공통 ARR만으로 blocked 처리 금지",2026-07-24T07:17:15.719Z,data/tourapi/candidates/busan/busan-integrated-candidates.csv,fe43388
busan-VB-295,"사람답게 살아가라, 요산문학관",attraction,,35.27258,129.08571,visitbusan_web,VisitBusanContent:attraction:295:ko,VisitBusanContent:attraction:295:ko,https://www.visitbusan.net/kr/index.do?menuCd=DOM_000000201001001000&uc_seq=295&lang_cd=ko,https://www.sayosan.or.kr/,https://www.visitbusan.net/uploadImgs/files/cntnts/20191226105751809,1,image_sufficient,operational_assumed,"공식 관광 원천 일반 홍보 이미지, 사이트 공통 ARR (domain_inferred) — 21I: 사이트 공통 ARR만으로 blocked 처리 금지",2026-07-24T07:12:25.390Z,data/tourapi/candidates/busan/busan-integrated-candidates.csv,fe43388
busan-VB-296,기억해야 할 이름 박차정의사,attraction,,35.20168,129.0904,visitbusan_web,VisitBusanContent:attraction:296:ko,VisitBusanContent:attraction:296:ko,https://www.visitbusan.net/kr/index.do?menuCd=DOM_000000201001001000&uc_seq=296&lang_cd=ko,,https://www.visitbusan.net/uploadImgs/files/cntnts/20191226110347271,1,image_sufficient,operational_assumed,"공식 관광 원천 일반 홍보 이미지, 사이트 공통 ARR (domain_inferred) — 21I: 사이트 공통 ARR만으로 blocked 처리 금지",2026-07-24T07:12:15.802Z,data/tourapi/candidates/busan/busan-integrated-candidates.csv,fe43388
busan-VB-297,우리 작물을 먹을 수 있는 이유 우장춘 박사,attraction,,35.213547,129.07202,visitbusan_web,VisitBusanContent:attraction:297:ko,VisitBusanContent:attraction:297:ko,https://www.visitbusan.net/kr/index.do?menuCd=DOM_000000201001001000&uc_seq=297&lang_cd=ko,,https://www.visitbusan.net/uploadImgs/files/cntnts/20191226110901484,1,image_sufficient,operational_assumed,"공식 관광 원천 일반 홍보 이미지, 사이트 공통 ARR (domain_inferred) — 21I: 사이트 공통 ARR만으로 blocked 처리 금지",2026-07-24T07:12:26.165Z,data/tourapi/candidates/busan/busan-integrated-candidates.csv,fe43388
busan-VB-298,산복도로 전망대 누리바라기,attraction,,35.09092,129.02019,visitbusan_web,VisitBusanContent:attraction:298:ko,VisitBusanContent:attraction:298:ko,https://www.visitbusan.net/kr/index.do?menuCd=DOM_000000201001001000&uc_seq=298&lang_cd=ko,,https://www.visitbusan.net/uploadImgs/files/cntnts/20191226113720642,1,image_sufficient,operational_assumed,"공식 관광 원천 일반 홍보 이미지, 사이트 공통 ARR (domain_inferred) — 21I: 사이트 공통 ARR만으로 blocked 처리 금지",2026-07-24T07:12:14.310Z,data/tourapi/candidates/busan/busan-integrated-candidates.csv,fe43388
busan-VB-299,인간에 대한 위로 최민식 갤러리,attraction,,35.09833,129.01472,visitbusan_web,VisitBusanContent:attraction:299:ko,VisitBusanContent:attraction:299:ko,https://www.visitbusan.net/kr/index.do?menuCd=DOM_000000201001001000&uc_seq=299&lang_cd=ko,,https://www.visitbusan.net/uploadImgs/files/cntnts/20191226115628787,1,image_sufficient,operational_assumed,"공식 관광 원천 일반 홍보 이미지, 사이트 공통 ARR (domain_inferred) — 21I: 사이트 공통 ARR만으로 blocked 처리 금지",2026-07-24T07:12:29.097Z,data/tourapi/candidates/busan/busan-integrated-candidates.csv,fe43388
busan-VB-301,시원한 오솔길 걸어요 수영사적공원,attraction,,35.170967,129.1143,visitbusan_web,VisitBusanContent:attraction:301:ko,VisitBusanContent:attraction:301:ko,https://www.visitbusan.net/kr/index.do?menuCd=DOM_000000201001001000&uc_seq=301&lang_cd=ko,http://www.suyeongminsok.or.kr,https://www.visitbusan.net/uploadImgs/files/cntnts/20191226132135171,1,image_sufficient,operational_assumed,"공식 관광 원천 일반 홍보 이미지, 사이트 공통 ARR (domain_inferred) — 21I: 사이트 공통 ARR만으로 blocked 처리 금지",2026-07-24T07:12:24.609Z,data/tourapi/candidates/busan/busan-integrated-candidates.csv,fe43388
busan-VB-302,기상계 유네스코 문화재 부산기상관측소,attraction,,35.104973,129.03218,visitbusan_web,VisitBusanContent:attraction:302:ko,VisitBusanContent:attraction:302:ko,https://www.visitbusan.net/kr/index.do?menuCd=DOM_000000201001001000&uc_seq=302&lang_cd=ko,,https://www.visitbusan.net/uploadImgs/files/cntnts/20191226132812226,1,image_sufficient,operational_assumed,"공식 관광 원천 일반 홍보 이미지, 사이트 공통 ARR (domain_inferred) — 21I: 사이트 공통 ARR만으로 blocked 처리 금지",2026-07-24T07:12:18.651Z,data/tourapi/candidates/busan/busan-integrated-candidates.csv,fe43388
busan-VB-313,어린이들의 교통안전교육은 구포어린이교통공원에서,attraction,,35.200676,129.0009,visitbusan_web,VisitBusanContent:attraction:313:ko,VisitBusanContent:attraction:313:ko,https://www.visitbusan.net/kr/index.do?menuCd=DOM_000000201001001000&uc_seq=313&lang_cd=ko,https://www.bsbukgu.go.kr/index.bsbukgu?menuCd=DOM_000000103001004001&cpath=,https://www.visitbusan.net/uploadImgs/files/cntnts/20191226182356876,1,image_sufficient,operational_assumed,"공식 관광 원천 일반 홍보 이미지, 사이트 공통 ARR (domain_inferred) — 21I: 사이트 공통 ARR만으로 blocked 처리 금지",2026-07-24T07:12:13.602Z,data/tourapi/candidates/busan/busan-integrated-candidates.csv,fe43388
busan-VB-314,놀면서 배우는 법의 모든 것 솔로몬로파크,attraction,,35.200798,129.00198,visitbusan_web,VisitBusanContent:attraction:314:ko,VisitBusanContent:attraction:314:ko,https://www.visitbusan.net/kr/index.do?menuCd=DOM_000000201001001000&uc_seq=314&lang_cd=ko,https://solomon.lawnorder.go.kr/bs/front/main.do,https://www.visitbusan.net/uploadImgs/files/cntnts/20191226183133502,1,image_sufficient,operational_assumed,"공식 관광 원천 일반 홍보 이미지, 사이트 공통 ARR (domain_inferred) — 21I: 사이트 공통 ARR만으로 blocked 처리 금지",2026-07-24T07:12:19.417Z,data/tourapi/candidates/busan/busan-integrated-candidates.csv,fe43388
busan-VB-315,어촌문화여행 부산어촌민속관,attraction,,35.234074,129.00859,visitbusan_web,VisitBusanContent:attraction:315:ko,VisitBusanContent:attraction:315:ko,https://www.visitbusan.net/kr/index.do?menuCd=DOM_000000201001001000&uc_seq=315&lang_cd=ko,https://www.busan.go.kr/sea/folk10,https://www.visitbusan.net/uploadImgs/files/cntnts/20191226184130120,1,image_sufficient,operational_assumed,"공식 관광 원천 일반 홍보 이미지, 사이트 공통 ARR (domain_inferred) — 21I: 사이트 공통 ARR만으로 blocked 처리 금지",2026-07-24T07:12:20.872Z,data/tourapi/candidates/busan/busan-integrated-candidates.csv,fe43388
busan-VB-325,"봄, 여름, 가을, 겨울이 다 달라 삼락생태공원",attraction,,35.16884,128.97397,visitbusan_web,VisitBusanContent:attraction:325:ko,VisitBusanContent:attraction:325:ko,https://www.visitbusan.net/kr/index.do?menuCd=DOM_000000201001001000&uc_seq=325&lang_cd=ko,,https://www.visitbusan.net/uploadImgs/files/cntnts/20230602100722403,1,image_sufficient,operational_assumed,"공식 관광 원천 일반 홍보 이미지, 사이트 공통 ARR (domain_inferred) — 21I: 사이트 공통 ARR만으로 blocked 처리 금지",2026-07-24T07:11:35.774Z,data/tourapi/candidates/busan/busan-integrated-candidates.csv,fe43388
busan-VB-326,"암남반도 남쪽 끝자락, 암남공원을 만나다",attraction,,35.058804,129.01566,visitbusan_web,VisitBusanContent:attraction:326:ko,VisitBusanContent:attraction:326:ko,https://www.visitbusan.net/kr/index.do?menuCd=DOM_000000201001001000&uc_seq=326&lang_cd=ko,https://www.bsseogu.go.kr/tour/board/view.do?boardId=BBS_0000081&menuCd=DOM_000000304003000000&startPage=1&dataSid=5011,https://www.visitbusan.net/uploadImgs/files/cntnts/20191227112720050,1,image_sufficient,operational_assumed,"공식 관광 원천 일반 홍보 이미지, 사이트 공통 ARR (domain_inferred) — 21I: 사이트 공통 ARR만으로 blocked 처리 금지",2026-07-24T07:11:28.779Z,data/tourapi/candidates/busan/busan-integrated-candidates.csv,fe43388
busan-VB-328,빛나는 서면시장,attraction,,35.155655,129.05817,visitbusan_web,VisitBusanContent:shopping:328:ko,VisitBusanContent:shopping:328:ko,https://www.visitbusan.net/kr/index.do?menuCd=DOM_000000201003001000&uc_seq=328&lang_cd=ko,,https://www.visitbusan.net/uploadImgs/files/cntnts/20191227114043326,1,image_sufficient,operational_assumed,"공식 관광 원천 일반 홍보 이미지, 사이트 공통 ARR (domain_inferred) — 21I: 사이트 공통 ARR만으로 blocked 처리 금지",2026-07-24T07:17:13.591Z,data/tourapi/candidates/busan/busan-integrated-candidates.csv,fe43388
busan-VB-333,알록달록 포토존 가득한 부네치아 장림포구,attraction,,35.080727,128.95694,visitbusan_web,VisitBusanContent:attraction:333:ko,VisitBusanContent:attraction:333:ko,https://www.visitbusan.net/kr/index.do?menuCd=DOM_000000201001001000&uc_seq=333&lang_cd=ko,https://www.saha.go.kr/tour/contents.do?mId=0101110000,https://www.visitbusan.net/uploadImgs/files/cntnts/20191227160751479,1,image_sufficient,operational_assumed,"공식 관광 원천 일반 홍보 이미지, 사이트 공통 ARR (domain_inferred) — 21I: 사이트 공통 ARR만으로 blocked 처리 금지",2026-07-24T07:11:37.767Z,data/tourapi/candidates/busan/busan-integrated-candidates.csv,fe43388
busan-VB-334,아는 만큼 보이는 섬 가덕도,attraction,,35.022896,128.8172,visitbusan_web,VisitBusanContent:attraction:334:ko,VisitBusanContent:attraction:334:ko,https://www.visitbusan.net/kr/index.do?menuCd=DOM_000000201001001000&uc_seq=334&lang_cd=ko,,https://www.visitbusan.net/uploadImgs/files/cntnts/20191227161822663,1,image_sufficient,operational_assumed,"공식 관광 원천 일반 홍보 이미지, 사이트 공통 ARR (domain_inferred) — 21I: 사이트 공통 ARR만으로 blocked 처리 금지",2026-07-24T07:11:42.494Z,data/tourapi/candidates/busan/busan-integrated-candidates.csv,fe43388
busan-VB-335,"즐거움과 편안함, 두근거림이 함께하는 렛츠런파크",attraction,,35.1566,128.87521,visitbusan_web,VisitBusanContent:attraction:335:ko,VisitBusanContent:attraction:335:ko,https://www.visitbusan.net/kr/index.do?menuCd=DOM_000000201001001000&uc_seq=335&lang_cd=ko,http://park.kra.co.kr/busan_main.do,https://www.visitbusan.net/uploadImgs/files/cntnts/20191227163229549,1,image_sufficient,operational_assumed,"공식 관광 원천 일반 홍보 이미지, 사이트 공통 ARR (domain_inferred) — 21I: 사이트 공통 ARR만으로 blocked 처리 금지",2026-07-24T07:11:39.452Z,data/tourapi/candidates/busan/busan-integrated-candidates.csv,fe43388
busan-VB-336,"낙동강을 따라 떠나는 생태여행, 낙동강생태탐방선",nature,,35.109783,128.94913,visitbusan_web,VisitBusanContent:experience:336:ko,VisitBusanContent:experience:336:ko,https://www.visitbusan.net/kr/index.do?menuCd=DOM_000000202008001000&uc_seq=336&lang_cd=ko,http://btoeco.or.kr/,https://www.visitbusan.net/uploadImgs/files/cntnts/20191227164117189,1,image_sufficient,operational_assumed,"공식 관광 원천 일반 홍보 이미지, 사이트 공통 ARR (domain_inferred) — 21I: 사이트 공통 ARR만으로 blocked 처리 금지",2026-07-24T07:18:39.949Z,data/tourapi/candidates/busan/busan-integrated-candidates.csv,fe43388
busan-VB-339,패들보드와 함께 발견하는 자연의 경이로움,nature,,35.153183,129.11899,visitbusan_web,VisitBusanContent:experience:339:ko,VisitBusanContent:experience:339:ko,https://www.visitbusan.net/kr/index.do?menuCd=DOM_000000202008001000&uc_seq=339&lang_cd=ko,https://www.gwanganli.co.kr/,https://www.visitbusan.net/uploadImgs/files/cntnts/20191227171546642,1,image_sufficient,operational_assumed,"공식 관광 원천 일반 홍보 이미지, 사이트 공통 ARR (domain_inferred) — 21I: 사이트 공통 ARR만으로 blocked 처리 금지",2026-07-24T07:18:35.603Z,data/tourapi/candidates/busan/busan-integrated-candidates.csv,fe43388
busan-VB-340,과학을 알면 미래가 보인다! 국립부산과학관,attraction,,35.20468,129.2127,visitbusan_web,VisitBusanContent:attraction:340:ko,VisitBusanContent:attraction:340:ko,https://www.visitbusan.net/kr/index.do?menuCd=DOM_000000201001001000&uc_seq=340&lang_cd=ko,https://www.sciport.or.kr/kor/Main.do,https://www.visitbusan.net/uploadImgs/files/cntnts/20230901132543063,1,image_sufficient,operational_assumed,"공식 관광 원천 일반 홍보 이미지, 사이트 공통 ARR (domain_inferred) — 21I: 사이트 공통 ARR만으로 blocked 처리 금지",2026-07-24T07:11:45.591Z,data/tourapi/candidates/busan/busan-integrated-candidates.csv,fe43388
busan-VB-343,흐름과 소통의 연결고리 송상현광장,attraction,,35.166397,129.06595,visitbusan_web,VisitBusanContent:attraction:343:ko,VisitBusanContent:attraction:343:ko,https://www.visitbusan.net/kr/index.do?menuCd=DOM_000000201001001000&uc_seq=343&lang_cd=ko,https://www.bisco.or.kr/songsanghyeon/,https://www.visitbusan.net/uploadImgs/files/cntnts/20191227175243198,1,image_sufficient,operational_assumed,"공식 관광 원천 일반 홍보 이미지, 사이트 공통 ARR (domain_inferred) — 21I: 사이트 공통 ARR만으로 blocked 처리 금지",2026-07-24T07:12:07.741Z,data/tourapi/candidates/busan/busan-integrated-candidates.csv,fe43388
busan-VB-344,아이와 함께 자연 속으로 어린이대공원,attraction,,35.184998,129.04153,visitbusan_web,VisitBusanContent:attraction:344:ko,VisitBusanContent:attraction:344:ko,https://www.visitbusan.net/kr/index.do?menuCd=DOM_000000201001001000&uc_seq=344&lang_cd=ko,https://www.bisco.or.kr/bschildpark/,https://www.visitbusan.net/uploadImgs/files/cntnts/20191227180139517,1,image_sufficient,operational_assumed,"공식 관광 원천 일반 홍보 이미지, 사이트 공통 ARR (domain_inferred) — 21I: 사이트 공통 ARR만으로 blocked 처리 금지",2026-07-24T07:11:57.423Z,data/tourapi/candidates/busan/busan-integrated-candidates.csv,fe43388
busan-VB-347,부처님의 세 가지 염원 삼광사,attraction,,35.175694,129.04338,visitbusan_web,VisitBusanContent:attraction:347:ko,VisitBusanContent:attraction:347:ko,https://www.visitbusan.net/kr/index.do?menuCd=DOM_000000201001001000&uc_seq=347&lang_cd=ko,http://www.samkwangsa.or.kr/index2.php,https://www.visitbusan.net/uploadImgs/files/cntnts/20191227184611977,1,image_sufficient,operational_assumed,"공식 관광 원천 일반 홍보 이미지, 사이트 공통 ARR (domain_inferred) — 21I: 사이트 공통 ARR만으로 blocked 처리 금지",2026-07-24T07:12:09.177Z,data/tourapi/candidates/busan/busan-integrated-candidates.csv,fe43388
busan-VB-348,도심 속 작은 어촌마을 청사포와 미포,attraction,,35.1602,129.19138,visitbusan_web,VisitBusanContent:attraction:348:ko,VisitBusanContent:attraction:348:ko,https://www.visitbusan.net/kr/index.do?menuCd=DOM_000000201001001000&uc_seq=348&lang_cd=ko,,https://www.visitbusan.net/uploadImgs/files/cntnts/20191227190325222,1,image_sufficient,operational_assumed,"공식 관광 원천 일반 홍보 이미지, 사이트 공통 ARR (domain_inferred) — 21I: 사이트 공통 ARR만으로 blocked 처리 금지",2026-07-24T07:11:32.453Z,data/tourapi/candidates/busan/busan-integrated-candidates.csv,fe43388
busan-VB-354,"부산시민의 품으로 되돌아온 쉼터, 부산시민공원",attraction,,35.16841,129.05739,visitbusan_web,VisitBusanContent:attraction:354:ko,VisitBusanContent:attraction:354:ko,https://www.visitbusan.net/kr/index.do?menuCd=DOM_000000201001001000&uc_seq=354&lang_cd=ko,http://citizenpark.or.kr/,https://www.visitbusan.net/uploadImgs/files/cntnts/20191227194942971,1,image_sufficient,operational_assumed,"공식 관광 원천 일반 홍보 이미지, 사이트 공통 ARR (domain_inferred) — 21I: 사이트 공통 ARR만으로 blocked 처리 금지",2026-07-24T07:11:29.535Z,data/tourapi/candidates/busan/busan-integrated-candidates.csv,fe43388
busan-VB-358,‘쌈마이 감성’ 가득한 호랑이마을 호천마을,attraction,,35.144295,129.05106,visitbusan_web,VisitBusanContent:attraction:358:ko,VisitBusanContent:attraction:358:ko,https://www.visitbusan.net/kr/index.do?menuCd=DOM_000000201001001000&uc_seq=358&lang_cd=ko,,https://www.visitbusan.net/uploadImgs/files/cntnts/20191227202219554,1,image_sufficient,operational_assumed,"공식 관광 원천 일반 홍보 이미지, 사이트 공통 ARR (domain_inferred) — 21I: 사이트 공통 ARR만으로 blocked 처리 금지",2026-07-24T07:12:06.226Z,data/tourapi/candidates/busan/busan-integrated-candidates.csv,fe43388
busan-VB-359,봉래산 전망이 끝내줘요~!,attraction,,35.08219,129.05524,visitbusan_web,VisitBusanContent:attraction:359:ko,VisitBusanContent:attraction:359:ko,https://www.visitbusan.net/kr/index.do?menuCd=DOM_000000201001001000&uc_seq=359&lang_cd=ko,,https://www.visitbusan.net/uploadImgs/files/cntnts/20191227202829011,1,image_sufficient,operational_assumed,"공식 관광 원천 일반 홍보 이미지, 사이트 공통 ARR (domain_inferred) — 21I: 사이트 공통 ARR만으로 blocked 처리 금지",2026-07-24T07:12:04.766Z,data/tourapi/candidates/busan/busan-integrated-candidates.csv,fe43388
busan-VB-361,"니가 가라, 영화의 거리",attraction,,35.154633,129.14278,visitbusan_web,VisitBusanContent:attraction:361:ko,VisitBusanContent:attraction:361:ko,https://www.visitbusan.net/kr/index.do?menuCd=DOM_000000201001001000&uc_seq=361&lang_cd=ko,,https://www.visitbusan.net/uploadImgs/files/cntnts/20191227203859552,1,image_sufficient,operational_assumed,"공식 관광 원천 일반 홍보 이미지, 사이트 공통 ARR (domain_inferred) — 21I: 사이트 공통 ARR만으로 blocked 처리 금지",2026-07-24T07:12:08.467Z,data/tourapi/candidates/busan/busan-integrated-candidates.csv,fe43388
busan-VB-362,소확행은 공원이지_APEC나루공원,attraction,,35.170307,129.12564,visitbusan_web,VisitBusanContent:attraction:362:ko,VisitBusanContent:attraction:362:ko,https://www.visitbusan.net/kr/index.do?menuCd=DOM_000000201001001000&uc_seq=362&lang_cd=ko,,https://www.visitbusan.net/uploadImgs/files/cntnts/20191227204420832,1,image_sufficient,operational_assumed,"공식 관광 원천 일반 홍보 이미지, 사이트 공통 ARR (domain_inferred) — 21I: 사이트 공통 ARR만으로 blocked 처리 금지",2026-07-24T07:11:48.617Z,data/tourapi/candidates/busan/busan-integrated-candidates.csv,fe43388
busan-VB-364,지나간 시절을 되짚어 오르는 40계단,attraction,,35.103977,129.0346,visitbusan_web,VisitBusanContent:attraction:364:ko,VisitBusanContent:attraction:364:ko,https://www.visitbusan.net/kr/index.do?menuCd=DOM_000000201001001000&uc_seq=364&lang_cd=ko,http://www.bsjunggu.go.kr/tour/index.junggu?menuCd=DOM_000000208001001000&link=success&cpath=%2Ftour,https://www.visitbusan.net/uploadImgs/files/cntnts/20191229141716592,1,image_sufficient,operational_assumed,"공식 관광 원천 일반 홍보 이미지, 사이트 공통 ARR (domain_inferred) — 21I: 사이트 공통 ARR만으로 blocked 처리 금지",2026-07-24T07:11:21.460Z,data/tourapi/candidates/busan/busan-integrated-candidates.csv,fe43388
busan-VB-365,"알록달록 아름답게 펼쳐진 파스텔톤, 감천문화마을",attraction,,35.095787,129.00926,visitbusan_web,VisitBusanContent:attraction:365:ko,VisitBusanContent:attraction:365:ko,https://www.visitbusan.net/kr/index.do?menuCd=DOM_000000201001001000&uc_seq=365&lang_cd=ko,https://www.gamcheon.or.kr/,https://www.visitbusan.net/uploadImgs/files/cntnts/20191229142305006,1,image_sufficient,operational_assumed,"공식 관광 원천 일반 홍보 이미지, 사이트 공통 ARR (domain_inferred) — 21I: 사이트 공통 ARR만으로 blocked 처리 금지",2026-07-24T07:11:20.699Z,data/tourapi/candidates/busan/busan-integrated-candidates.csv,fe43388
busan-VB-366,발길 닿는 곳 어디든 아름다운 다대포해수욕장,attraction,,35.04652,128.96283,visitbusan_web,VisitBusanContent:attraction:366:ko,VisitBusanContent:attraction:366:ko,https://www.visitbusan.net/kr/index.do?menuCd=DOM_000000201001001000&uc_seq=366&lang_cd=ko,https://www.saha.go.kr/tour/contents.do?mId=0101030000(다대포해수욕장),https://www.visitbusan.net/uploadImgs/files/cntnts/20191229143230630,1,image_sufficient,operational_assumed,"공식 관광 원천 일반 홍보 이미지, 사이트 공통 ARR (domain_inferred) — 21I: 사이트 공통 ARR만으로 blocked 처리 금지",2026-07-24T07:11:22.915Z,data/tourapi/candidates/busan/busan-integrated-candidates.csv,fe43388
busan-VB-368,부산여행의 이유 용두산공원,attraction,,35.100723,129.03264,visitbusan_web,VisitBusanContent:attraction:368:ko,VisitBusanContent:attraction:368:ko,https://www.visitbusan.net/kr/index.do?menuCd=DOM_000000201001001000&uc_seq=368&lang_cd=ko,https://www.bisco.or.kr/yongdusanpark/,https://www.visitbusan.net/uploadImgs/files/cntnts/20191229145728609,1,image_sufficient,operational_assumed,"공식 관광 원천 일반 홍보 이미지, 사이트 공통 ARR (domain_inferred) — 21I: 사이트 공통 ARR만으로 blocked 처리 금지",2026-07-24T07:11:30.254Z,data/tourapi/candidates/busan/busan-integrated-candidates.csv,fe43388
busan-VB-369,눈물로 약속한 공간 영도대교,attraction,,35.095295,129.03656,visitbusan_web,VisitBusanContent:attraction:369:ko,VisitBusanContent:attraction:369:ko,https://www.visitbusan.net/kr/index.do?menuCd=DOM_000000201001001000&uc_seq=369&lang_cd=ko,,https://www.visitbusan.net/uploadImgs/files/cntnts/20191229150331682,1,image_sufficient,operational_assumed,"공식 관광 원천 일반 홍보 이미지, 사이트 공통 ARR (domain_inferred) — 21I: 사이트 공통 ARR만으로 blocked 처리 금지",2026-07-24T07:11:33.957Z,data/tourapi/candidates/busan/busan-integrated-candidates.csv,fe43388
busan-VB-371,눈부신 부산을 선물하다 황령산 전망쉼터,attraction,,35.158115,129.08269,visitbusan_web,VisitBusanContent:attraction:371:ko,VisitBusanContent:attraction:371:ko,https://www.visitbusan.net/kr/index.do?menuCd=DOM_000000201001001000&uc_seq=371&lang_cd=ko,,https://www.visitbusan.net/uploadImgs/files/cntnts/20191229151710512,1,image_sufficient,operational_assumed,"공식 관광 원천 일반 홍보 이미지, 사이트 공통 ARR (domain_inferred) — 21I: 사이트 공통 ARR만으로 blocked 처리 금지",2026-07-24T07:11:33.198Z,data/tourapi/candidates/busan/busan-integrated-candidates.csv,fe43388
busan-VB-372,와이어공장에서 문화공장으로 F1963,attraction,,35.176933,129.11496,visitbusan_web,VisitBusanContent:attraction:372:ko,VisitBusanContent:attraction:372:ko,https://www.visitbusan.net/kr/index.do?menuCd=DOM_000000201001001000&uc_seq=372&lang_cd=ko,http://www.f1963.org/ko/,https://www.visitbusan.net/uploadImgs/files/cntnts/20191229152254942,1,image_sufficient,operational_assumed,"공식 관광 원천 일반 홍보 이미지, 사이트 공통 ARR (domain_inferred) — 21I: 사이트 공통 ARR만으로 blocked 처리 금지",2026-07-24T07:11:49.354Z,data/tourapi/candidates/busan/busan-integrated-candidates.csv,fe43388
busan-VB-373,"부산 바다의 정석, 해운대해수욕장",attraction,,35.158474,129.15987,visitbusan_web,VisitBusanContent:attraction:373:ko,VisitBusanContent:attraction:373:ko,https://www.visitbusan.net/kr/index.do?menuCd=DOM_000000201001001000&uc_seq=373&lang_cd=ko,https://www.haeundae.go.kr/tour/index.do,https://www.visitbusan.net/uploadImgs/files/cntnts/20191229153530528,1,image_sufficient,operational_assumed,"공식 관광 원천 일반 홍보 이미지, 사이트 공통 ARR (domain_inferred) — 21I: 사이트 공통 ARR만으로 blocked 처리 금지",2026-07-24T07:11:18.483Z,data/tourapi/candidates/busan/busan-integrated-candidates.csv,fe43388
busan-VB-377,광안리의 밤은 당신의 낮보다 아름답다,attraction,,35.15318,129.11887,visitbusan_web,VisitBusanContent:attraction:377:ko,VisitBusanContent:attraction:377:ko,https://www.visitbusan.net/kr/index.do?menuCd=DOM_000000201001001000&uc_seq=377&lang_cd=ko,https://www.suyeong.go.kr/tour/index.suyeong?menuCd=DOM_000001102001001000&link=success&cpath=%2Ftour,https://www.visitbusan.net/uploadImgs/files/cntnts/20191229160529389,1,image_sufficient,operational_assumed,"공식 관광 원천 일반 홍보 이미지, 사이트 공통 ARR (domain_inferred) — 21I: 사이트 공통 ARR만으로 blocked 처리 금지",2026-07-24T07:11:19.978Z,data/tourapi/candidates/busan/busan-integrated-candidates.csv,fe43388
busan-VB-396,금정산이 있어 더 부산다운 부산,attraction,,35.280136,129.0512,visitbusan_web,VisitBusanContent:attraction:396:ko,VisitBusanContent:attraction:396:ko,https://www.visitbusan.net/kr/index.do?menuCd=DOM_000000201001001000&uc_seq=396&lang_cd=ko,,https://www.visitbusan.net/uploadImgs/files/cntnts/20191230180640227,1,image_sufficient,operational_assumed,"공식 관광 원천 일반 홍보 이미지, 사이트 공통 ARR (domain_inferred) — 21I: 사이트 공통 ARR만으로 blocked 처리 금지",2026-07-24T07:11:40.229Z,data/tourapi/candidates/busan/busan-integrated-candidates.csv,fe43388
busan-VB-397,뉴트로 감성 가득한 금강공원과 식물원,attraction,,35.22047,129.07494,visitbusan_web,VisitBusanContent:attraction:397:ko,VisitBusanContent:attraction:397:ko,https://www.visitbusan.net/kr/index.do?menuCd=DOM_000000201001001000&uc_seq=397&lang_cd=ko,https://www.bisco.or.kr/geumgangpark/,https://www.visitbusan.net/uploadImgs/files/cntnts/20191230181126685,1,image_sufficient,operational_assumed,"공식 관광 원천 일반 홍보 이미지, 사이트 공통 ARR (domain_inferred) — 21I: 사이트 공통 ARR만으로 blocked 처리 금지",2026-07-24T07:12:12.125Z,data/tourapi/candidates/busan/busan-integrated-candidates.csv,fe43388
busan-VB-402,영남 3대사찰 범어사를 만나다,attraction,,35.283646,129.06854,visitbusan_web,VisitBusanContent:attraction:402:ko,VisitBusanContent:attraction:402:ko,https://www.visitbusan.net/kr/index.do?menuCd=DOM_000000201001001000&uc_seq=402&lang_cd=ko,https://www.beomeo.kr/,https://www.visitbusan.net/uploadImgs/files/cntnts/20191230190101989,1,image_sufficient,operational_assumed,"공식 관광 원천 일반 홍보 이미지, 사이트 공통 ARR (domain_inferred) — 21I: 사이트 공통 ARR만으로 blocked 처리 금지",2026-07-24T07:11:36.529Z,data/tourapi/candidates/busan/busan-integrated-candidates.csv,fe43388
busan-VB-409,오리지널 부산은 바로 여기! 동래읍성,attraction,,35.20975,129.08997,visitbusan_web,VisitBusanContent:attraction:409:ko,VisitBusanContent:attraction:409:ko,https://www.visitbusan.net/kr/index.do?menuCd=DOM_000000201001001000&uc_seq=409&lang_cd=ko,,https://www.visitbusan.net/uploadImgs/files/cntnts/20191230194923757,1,image_sufficient,operational_assumed,"공식 관광 원천 일반 홍보 이미지, 사이트 공통 ARR (domain_inferred) — 21I: 사이트 공통 ARR만으로 blocked 처리 금지",2026-07-24T07:11:47.084Z,data/tourapi/candidates/busan/busan-integrated-candidates.csv,fe43388
busan-VB-413,부산 최대 쇼핑거리 광복로패션거리,attraction,,35.098682,129.03531,visitbusan_web,VisitBusanContent:shopping:413:ko,VisitBusanContent:shopping:413:ko,https://www.visitbusan.net/kr/index.do?menuCd=DOM_000000201003001000&uc_seq=413&lang_cd=ko,,https://www.visitbusan.net/uploadImgs/files/cntnts/20191230201722863,1,image_sufficient,operational_assumed,"공식 관광 원천 일반 홍보 이미지, 사이트 공통 ARR (domain_inferred) — 21I: 사이트 공통 ARR만으로 blocked 처리 금지",2026-07-24T07:17:04.685Z,data/tourapi/candidates/busan/busan-integrated-candidates.csv,fe43388
busan-VB-415,부산 속 작은 중국 상해거리를 걷다,attraction,,35.113808,129.03786,visitbusan_web,VisitBusanContent:attraction:415:ko,VisitBusanContent:attraction:415:ko,https://www.visitbusan.net/kr/index.do?menuCd=DOM_000000201001001000&uc_seq=415&lang_cd=ko,,https://www.visitbusan.net/uploadImgs/files/cntnts/20191230203235198,1,image_sufficient,operational_assumed,"공식 관광 원천 일반 홍보 이미지, 사이트 공통 ARR (domain_inferred) — 21I: 사이트 공통 ARR만으로 blocked 처리 금지",2026-07-24T07:11:55.177Z,data/tourapi/candidates/busan/busan-integrated-candidates.csv,fe43388
busan-VB-418,"골목길 안 거리미술관, 이중섭 문화거리",attraction,,35.14069,129.05289,visitbusan_web,VisitBusanContent:attraction:418:ko,VisitBusanContent:attraction:418:ko,https://www.visitbusan.net/kr/index.do?menuCd=DOM_000000201001001000&uc_seq=418&lang_cd=ko,,https://www.visitbusan.net/uploadImgs/files/cntnts/20191230205059771,1,image_sufficient,operational_assumed,"공식 관광 원천 일반 홍보 이미지, 사이트 공통 ARR (domain_inferred) — 21I: 사이트 공통 ARR만으로 blocked 처리 금지",2026-07-24T07:12:26.872Z,data/tourapi/candidates/busan/busan-integrated-candidates.csv,fe43388
busan-VB-419,"가야 왕국의 귀환, 복천박물관/복천동고분군",attraction,,35.208885,129.09116,visitbusan_web,VisitBusanContent:attraction:419:ko,VisitBusanContent:attraction:419:ko,https://www.visitbusan.net/kr/index.do?menuCd=DOM_000000201001001000&uc_seq=419&lang_cd=ko,http://museum.busan.go.kr/bokcheon/,https://www.visitbusan.net/uploadImgs/files/cntnts/20191230205640434,1,image_sufficient,operational_assumed,"공식 관광 원천 일반 홍보 이미지, 사이트 공통 ARR (domain_inferred) — 21I: 사이트 공통 ARR만으로 blocked 처리 금지",2026-07-24T07:11:47.870Z,data/tourapi/candidates/busan/busan-integrated-candidates.csv,fe43388
busan-VB-420,주말엔 방콕 말고 벡스코!,attraction,,35.169247,129.13628,visitbusan_web,VisitBusanContent:attraction:420:ko,VisitBusanContent:attraction:420:ko,https://www.visitbusan.net/kr/index.do?menuCd=DOM_000000201001001000&uc_seq=420&lang_cd=ko,http://www.bexco.co.kr,https://www.visitbusan.net/uploadImgs/files/cntnts/20191230210019945,1,image_sufficient,operational_assumed,"공식 관광 원천 일반 홍보 이미지, 사이트 공통 ARR (domain_inferred) — 21I: 사이트 공통 ARR만으로 blocked 처리 금지",2026-07-24T07:11:54.442Z,data/tourapi/candidates/busan/busan-integrated-candidates.csv,fe43388
busan-VB-421,영화도시 부산의 랜드마크 영화의 전당,attraction,,35.171055,129.12703,visitbusan_web,VisitBusanContent:attraction:421:ko,VisitBusanContent:attraction:421:ko,https://www.visitbusan.net/kr/index.do?menuCd=DOM_000000201001001000&uc_seq=421&lang_cd=ko,http://www.dureraum.org,https://www.visitbusan.net/uploadImgs/files/cntnts/20191230210358362,1,image_sufficient,operational_assumed,"공식 관광 원천 일반 홍보 이미지, 사이트 공통 ARR (domain_inferred) — 21I: 사이트 공통 ARR만으로 blocked 처리 금지",2026-07-24T07:11:53.737Z,data/tourapi/candidates/busan/busan-integrated-candidates.csv,fe43388
busan-VB-422,"동래여행의 깨알 즐거움, 동래시장",attraction,,35.20391,129.08588,visitbusan_web,VisitBusanContent:shopping:422:ko,VisitBusanContent:shopping:422:ko,https://www.visitbusan.net/kr/index.do?menuCd=DOM_000000201003001000&uc_seq=422&lang_cd=ko,,https://www.visitbusan.net/uploadImgs/files/cntnts/20191230210800496,1,image_sufficient,operational_assumed,"공식 관광 원천 일반 홍보 이미지, 사이트 공통 ARR (domain_inferred) — 21I: 사이트 공통 ARR만으로 blocked 처리 금지",2026-07-24T07:17:09.902Z,data/tourapi/candidates/busan/busan-integrated-candidates.csv,fe43388
busan-VB-425,불광산과 그 계곡을 두른 천년고찰 장안사,attraction,,35.37473,129.2329,visitbusan_web,VisitBusanContent:attraction:425:ko,VisitBusanContent:attraction:425:ko,https://www.visitbusan.net/kr/index.do?menuCd=DOM_000000201001001000&uc_seq=425&lang_cd=ko,,https://www.visitbusan.net/uploadImgs/files/cntnts/20191231091948765,1,image_sufficient,operational_assumed,"공식 관광 원천 일반 홍보 이미지, 사이트 공통 ARR (domain_inferred) — 21I: 사이트 공통 ARR만으로 blocked 처리 금지",2026-07-24T07:12:05.517Z,data/tourapi/candidates/busan/busan-integrated-candidates.csv,fe43388
busan-VB-426,백양산에 올라 부산을 보다,attraction,,35.182827,129.02196,visitbusan_web,VisitBusanContent:attraction:426:ko,VisitBusanContent:attraction:426:ko,https://www.visitbusan.net/kr/index.do?menuCd=DOM_000000201001001000&uc_seq=426&lang_cd=ko,,https://www.visitbusan.net/uploadImgs/files/cntnts/20191231092729834,1,image_sufficient,operational_assumed,"공식 관광 원천 일반 홍보 이미지, 사이트 공통 ARR (domain_inferred) — 21I: 사이트 공통 ARR만으로 blocked 처리 금지",2026-07-24T07:11:50.818Z,data/tourapi/candidates/busan/busan-integrated-candidates.csv,fe43388
busan-VB-429,"바다와 음악, 버스커와 관객이 만드는 최고의 무대",event,,35.161526,129.16064,visitbusan_web,VisitBusanContent:experience:429:ko,VisitBusanContent:experience:429:ko,https://www.visitbusan.net/kr/index.do?menuCd=DOM_000000202008001000&uc_seq=429&lang_cd=ko,http://sunnfun.haeundae.go.kr/<br/,https://www.visitbusan.net/uploadImgs/files/cntnts/20191231100658927,1,image_sufficient,operational_assumed,"공식 관광 원천 일반 홍보 이미지, 사이트 공통 ARR (domain_inferred) — 21I: 사이트 공통 ARR만으로 blocked 처리 금지",2026-07-24T07:18:41.483Z,data/tourapi/candidates/busan/busan-integrated-candidates.csv,fe43388
busan-VB-43,"미래를 비추는 거울, 아이들의 공간 키자니아",attraction,,35.17013,129.12848,visitbusan_web,VisitBusanContent:experience:43:ko,VisitBusanContent:experience:43:ko,https://www.visitbusan.net/kr/index.do?menuCd=DOM_000000202008001000&uc_seq=43&lang_cd=ko,http://www.kidzania.co.kr/web/busan/,https://www.visitbusan.net/uploadImgs/files/cntnts/20191225152141281,1,image_sufficient,operational_assumed,"공식 관광 원천 일반 홍보 이미지, 사이트 공통 ARR (domain_inferred) — 21I: 사이트 공통 ARR만으로 blocked 처리 금지",2026-07-24T07:18:36.370Z,data/tourapi/candidates/busan/busan-integrated-candidates.csv,fe43388
busan-VB-430,"추억과 자연이 공존하는 곳, 성지곡수원지",attraction,,35.187065,129.04105,visitbusan_web,VisitBusanContent:attraction:430:ko,VisitBusanContent:attraction:430:ko,https://www.visitbusan.net/kr/index.do?menuCd=DOM_000000201001001000&uc_seq=430&lang_cd=ko,https://www.bisco.or.kr/bschildpark/,https://www.visitbusan.net/uploadImgs/files/cntnts/20191231100856743,1,image_sufficient,operational_assumed,"공식 관광 원천 일반 홍보 이미지, 사이트 공통 ARR (domain_inferred) — 21I: 사이트 공통 ARR만으로 blocked 처리 금지",2026-07-24T07:11:56.669Z,data/tourapi/candidates/busan/busan-integrated-candidates.csv,fe43388
busan-VB-432,마린시티와 광안대교를 품은 장산 정상으로,attraction,,35.193577,129.14497,visitbusan_web,VisitBusanContent:attraction:432:ko,VisitBusanContent:attraction:432:ko,https://www.visitbusan.net/kr/index.do?menuCd=DOM_000000201001001000&uc_seq=432&lang_cd=ko,,https://www.visitbusan.net/uploadImgs/files/cntnts/20191231101745599,1,image_sufficient,operational_assumed,"공식 관광 원천 일반 홍보 이미지, 사이트 공통 ARR (domain_inferred) — 21I: 사이트 공통 ARR만으로 blocked 처리 금지",2026-07-24T07:12:04.004Z,data/tourapi/candidates/busan/busan-integrated-candidates.csv,fe43388
busan-VB-433,"자연 암벽에 내려앉은 부처의 염원, 석불사",attraction,,35.221504,129.04861,visitbusan_web,VisitBusanContent:attraction:433:ko,VisitBusanContent:attraction:433:ko,https://www.visitbusan.net/kr/index.do?menuCd=DOM_000000201001001000&uc_seq=433&lang_cd=ko,,https://www.visitbusan.net/uploadImgs/files/cntnts/20191231102223413,1,image_sufficient,operational_assumed,"공식 관광 원천 일반 홍보 이미지, 사이트 공통 ARR (domain_inferred) — 21I: 사이트 공통 ARR만으로 blocked 처리 금지",2026-07-24T07:11:55.907Z,data/tourapi/candidates/busan/busan-integrated-candidates.csv,fe43388
busan-VB-436,"맨발로 걷기 좋은 황토숲길, 회동수원지를 거닐다",nature,,35.259056,129.11096,visitbusan_web,VisitBusanContent:experience:436:ko,VisitBusanContent:experience:436:ko,https://www.visitbusan.net/kr/index.do?menuCd=DOM_000000202008001000&uc_seq=436&lang_cd=ko,http://www.geumjeong.go.kr/tour/index.geumj?menuCd=DOM_000000412001003000,https://www.visitbusan.net/uploadImgs/files/cntnts/20191231105906594,1,image_sufficient,operational_assumed,"공식 관광 원천 일반 홍보 이미지, 사이트 공통 ARR (domain_inferred) — 21I: 사이트 공통 ARR만으로 blocked 처리 금지",2026-07-24T07:18:48.195Z,data/tourapi/candidates/busan/busan-integrated-candidates.csv,fe43388
busan-VB-439,"마음으로 읊는 공자왈 맹자왈, 동래향교&기장향교",attraction,,35.207752,129.0841,visitbusan_web,VisitBusanContent:attraction:439:ko,VisitBusanContent:attraction:439:ko,https://www.visitbusan.net/kr/index.do?menuCd=DOM_000000201001001000&uc_seq=439&lang_cd=ko,http://xn--9d0by7jhndhs5b.com/,https://www.visitbusan.net/uploadImgs/files/cntnts/20191231111302355,1,image_sufficient,operational_assumed,"공식 관광 원천 일반 홍보 이미지, 사이트 공통 ARR (domain_inferred) — 21I: 사이트 공통 ARR만으로 blocked 처리 금지",2026-07-24T07:12:17.216Z,data/tourapi/candidates/busan/busan-integrated-candidates.csv,fe43388
busan-VB-44,직접 만나는 바다 부산아쿠아리움,attraction,,35.15938,129.16101,visitbusan_web,VisitBusanContent:experience:44:ko,VisitBusanContent:experience:44:ko,https://www.visitbusan.net/kr/index.do?menuCd=DOM_000000202008001000&uc_seq=44&lang_cd=ko,,https://www.visitbusan.net/uploadImgs/files/cntnts/20230602101327668,1,image_sufficient,operational_assumed,"공식 관광 원천 일반 홍보 이미지, 사이트 공통 ARR (domain_inferred) — 21I: 사이트 공통 ARR만으로 blocked 처리 금지",2026-07-24T07:18:34.095Z,data/tourapi/candidates/busan/busan-integrated-candidates.csv,fe43388
busan-VB-444,"하늘과 바다가 만나는 길, 가덕도 연대봉",attraction,,35.026875,128.83395,visitbusan_web,VisitBusanContent:attraction:444:ko,VisitBusanContent:attraction:444:ko,https://www.visitbusan.net/kr/index.do?menuCd=DOM_000000201001001000&uc_seq=444&lang_cd=ko,,https://www.visitbusan.net/uploadImgs/files/cntnts/20191231180337567,1,image_sufficient,operational_assumed,"공식 관광 원천 일반 홍보 이미지, 사이트 공통 ARR (domain_inferred) — 21I: 사이트 공통 ARR만으로 blocked 처리 금지",2026-07-24T07:11:43.245Z,data/tourapi/candidates/busan/busan-integrated-candidates.csv,fe43388
busan-VB-445,부산의 가을을 담은 승학산 억새평원,attraction,,35.116604,128.97968,visitbusan_web,VisitBusanContent:attraction:445:ko,VisitBusanContent:attraction:445:ko,https://www.visitbusan.net/kr/index.do?menuCd=DOM_000000201001001000&uc_seq=445&lang_cd=ko,,https://www.visitbusan.net/uploadImgs/files/cntnts/20191231181104098,1,image_sufficient,operational_assumed,"공식 관광 원천 일반 홍보 이미지, 사이트 공통 ARR (domain_inferred) — 21I: 사이트 공통 ARR만으로 blocked 처리 금지",2026-07-24T07:11:58.873Z,data/tourapi/candidates/busan/busan-integrated-candidates.csv,fe43388
busan-VB-446,살아있음을 느껴라! 산악자전거 라이딩,nature,,35.22574,129.00351,visitbusan_web,VisitBusanContent:experience:446:ko,VisitBusanContent:experience:446:ko,https://www.visitbusan.net/kr/index.do?menuCd=DOM_000000202008001000&uc_seq=446&lang_cd=ko,http://www.busan.go.kr/nakdong/hwamyungpark01,https://www.visitbusan.net/uploadImgs/files/cntnts/20191231181815748,1,image_sufficient,operational_assumed,"공식 관광 원천 일반 홍보 이미지, 사이트 공통 ARR (domain_inferred) — 21I: 사이트 공통 ARR만으로 blocked 처리 금지",2026-07-24T07:18:38.534Z,data/tourapi/candidates/busan/busan-integrated-candidates.csv,fe43388
busan-VB-448,"빳빳한 도복 자락에 담긴 한국의 정신, 태권도",attraction,,35.138103,129.10725,visitbusan_web,VisitBusanContent:experience:448:ko,VisitBusanContent:experience:448:ko,https://www.visitbusan.net/kr/index.do?menuCd=DOM_000000202008001000&uc_seq=448&lang_cd=ko,https://blog.naver.com/dycyk,https://www.visitbusan.net/uploadImgs/files/cntnts/20191231183025713,1,image_sufficient,operational_assumed,"공식 관광 원천 일반 홍보 이미지, 사이트 공통 ARR (domain_inferred) — 21I: 사이트 공통 ARR만으로 blocked 처리 금지",2026-07-24T07:18:37.084Z,data/tourapi/candidates/busan/busan-integrated-candidates.csv,fe43388
busan-VB-450,이야기와 예술이 있는 대룡마을,attraction,,35.371174,129.26433,visitbusan_web,VisitBusanContent:attraction:450:ko,VisitBusanContent:attraction:450:ko,https://www.visitbusan.net/kr/index.do?menuCd=DOM_000000201001001000&uc_seq=450&lang_cd=ko,,https://www.visitbusan.net/uploadImgs/files/cntnts/20191231184354051,1,image_sufficient,operational_assumed,"공식 관광 원천 일반 홍보 이미지, 사이트 공통 ARR (domain_inferred) — 21I: 사이트 공통 ARR만으로 blocked 처리 금지",2026-07-24T07:12:32.995Z,data/tourapi/candidates/busan/busan-integrated-candidates.csv,fe43388
busan-VB-456,힐링이 필요한 날 대신공원,attraction,,35.121544,129.01619,visitbusan_web,VisitBusanContent:attraction:456:ko,VisitBusanContent:attraction:456:ko,https://www.visitbusan.net/kr/index.do?menuCd=DOM_000000201001001000&uc_seq=456&lang_cd=ko,,https://www.visitbusan.net/uploadImgs/files/cntnts/20191231192024538,1,image_sufficient,operational_assumed,"공식 관광 원천 일반 홍보 이미지, 사이트 공통 ARR (domain_inferred) — 21I: 사이트 공통 ARR만으로 blocked 처리 금지",2026-07-24T07:12:15.067Z,data/tourapi/candidates/busan/busan-integrated-candidates.csv,fe43388
busan-VB-457,소풍 명당 화명수목원,attraction,,35.25257,129.04205,visitbusan_web,VisitBusanContent:attraction:457:ko,VisitBusanContent:attraction:457:ko,https://www.visitbusan.net/kr/index.do?menuCd=DOM_000000201001001000&uc_seq=457&lang_cd=ko,https://www.busan.go.kr/green/index,https://www.visitbusan.net/uploadImgs/files/cntnts/20191231192531286,1,image_sufficient,operational_assumed,"공식 관광 원천 일반 홍보 이미지, 사이트 공통 ARR (domain_inferred) — 21I: 사이트 공통 ARR만으로 blocked 처리 금지",2026-07-24T07:12:31.490Z,data/tourapi/candidates/busan/busan-integrated-candidates.csv,fe43388
busan-VB-458,천년의 향기 선암사,attraction,,35.176968,129.02771,visitbusan_web,VisitBusanContent:attraction:458:ko,VisitBusanContent:attraction:458:ko,https://www.visitbusan.net/kr/index.do?menuCd=DOM_000000201001001000&uc_seq=458&lang_cd=ko,http://www.sunamsa.or.kr,https://www.visitbusan.net/uploadImgs/files/cntnts/20191231193124555,1,image_sufficient,operational_assumed,"공식 관광 원천 일반 홍보 이미지, 사이트 공통 ARR (domain_inferred) — 21I: 사이트 공통 ARR만으로 blocked 처리 금지",2026-07-24T07:12:10.685Z,data/tourapi/candidates/busan/busan-integrated-candidates.csv,fe43388
busan-VB-459,운수사에 서면 낙동강이 내 품으로,attraction,,35.18432,129.01346,visitbusan_web,VisitBusanContent:attraction:459:ko,VisitBusanContent:attraction:459:ko,https://www.visitbusan.net/kr/index.do?menuCd=DOM_000000201001001000&uc_seq=459&lang_cd=ko,http://www.woonsoosa.co.kr,https://www.visitbusan.net/uploadImgs/files/cntnts/20191231193736138,1,image_sufficient,operational_assumed,"공식 관광 원천 일반 홍보 이미지, 사이트 공통 ARR (domain_inferred) — 21I: 사이트 공통 ARR만으로 blocked 처리 금지",2026-07-24T07:12:11.404Z,data/tourapi/candidates/busan/busan-integrated-candidates.csv,fe43388
busan-VB-463,"‘스포원’, 낮부터 밤까지 즐거움 가득!",attraction,,35.291504,129.10487,visitbusan_web,VisitBusanContent:attraction:463:ko,VisitBusanContent:attraction:463:ko,https://www.visitbusan.net/kr/index.do?menuCd=DOM_000000201001001000&uc_seq=463&lang_cd=ko,http://www.spo1.or.kr/,https://www.visitbusan.net/uploadImgs/files/cntnts/20251201114557109,1,image_sufficient,operational_assumed,"공식 관광 원천 일반 홍보 이미지, 사이트 공통 ARR (domain_inferred) — 21I: 사이트 공통 ARR만으로 blocked 처리 금지",2026-07-24T07:11:58.123Z,data/tourapi/candidates/busan/busan-integrated-candidates.csv,fe43388
busan-VB-482,"일상 속 쉼표를 찍는 시간, 템플스테이",attraction,,35.176865,129.02768,visitbusan_web,VisitBusanContent:experience:482:ko,VisitBusanContent:experience:482:ko,https://www.visitbusan.net/kr/index.do?menuCd=DOM_000000202008001000&uc_seq=482&lang_cd=ko,http://www.sunamsa.or.kr/,https://www.visitbusan.net/uploadImgs/files/cntnts/20200101163824503,1,image_sufficient,operational_assumed,"공식 관광 원천 일반 홍보 이미지, 사이트 공통 ARR (domain_inferred) — 21I: 사이트 공통 ARR만으로 blocked 처리 금지",2026-07-24T07:18:45.988Z,data/tourapi/candidates/busan/busan-integrated-candidates.csv,fe43388
busan-VB-483,소막마을을 아시나요?,attraction,,35.1256,129.07018,visitbusan_web,VisitBusanContent:attraction:483:ko,VisitBusanContent:attraction:483:ko,https://www.visitbusan.net/kr/index.do?menuCd=DOM_000000201001001000&uc_seq=483&lang_cd=ko,,https://www.visitbusan.net/uploadImgs/files/cntnts/20200101164518953,1,image_sufficient,operational_assumed,"공식 관광 원천 일반 홍보 이미지, 사이트 공통 ARR (domain_inferred) — 21I: 사이트 공통 ARR만으로 blocked 처리 금지",2026-07-24T07:12:32.250Z,data/tourapi/candidates/busan/busan-integrated-candidates.csv,fe43388
busan-VB-501,"언제나 그 자리에, 충렬사",attraction,,35.20119,129.09607,visitbusan_web,VisitBusanContent:attraction:501:ko,VisitBusanContent:attraction:501:ko,https://www.visitbusan.net/kr/index.do?menuCd=DOM_000000201001001000&uc_seq=501&lang_cd=ko,http://www.busan.go.kr/cys/index,https://www.visitbusan.net/uploadImgs/files/cntnts/20200102125306322,1,image_sufficient,operational_assumed,"공식 관광 원천 일반 홍보 이미지, 사이트 공통 ARR (domain_inferred) — 21I: 사이트 공통 ARR만으로 blocked 처리 금지",2026-07-24T07:12:29.854Z,data/tourapi/candidates/busan/busan-integrated-candidates.csv,fe43388
busan-VB-506,쇼핑가서 재미있게 놀자! 롯데프리미엄아울렛 동부산점,attraction,,35.191364,129.21237,visitbusan_web,VisitBusanContent:shopping:506:ko,VisitBusanContent:shopping:506:ko,https://www.visitbusan.net/kr/index.do?menuCd=DOM_000000201003001000&uc_seq=506&lang_cd=ko,https://www.lotteshopping.com/branchShopGuide/floorGuideSub?cstr=0352,https://www.visitbusan.net/uploadImgs/files/cntnts/20200102140051300,1,image_sufficient,operational_assumed,"공식 관광 원천 일반 홍보 이미지, 사이트 공통 ARR (domain_inferred) — 21I: 사이트 공통 ARR만으로 blocked 처리 금지",2026-07-24T07:17:03.966Z,data/tourapi/candidates/busan/busan-integrated-candidates.csv,fe43388
busan-VB-508,커피의 모든 것 부산커피박물관,attraction,,35.15433,129.06453,visitbusan_web,VisitBusanContent:attraction:508:ko,VisitBusanContent:attraction:508:ko,https://www.visitbusan.net/kr/index.do?menuCd=DOM_000000201001001000&uc_seq=508&lang_cd=ko,,https://www.visitbusan.net/uploadImgs/files/cntnts/20200102141456051,1,image_sufficient,operational_assumed,"공식 관광 원천 일반 홍보 이미지, 사이트 공통 ARR (domain_inferred) — 21I: 사이트 공통 ARR만으로 blocked 처리 금지",2026-07-24T07:12:21.567Z,data/tourapi/candidates/busan/busan-integrated-candidates.csv,fe43388
busan-VB-511,"주민들의 소통 공간, 사상생활사박물관",attraction,,35.172,128.97871,visitbusan_web,VisitBusanContent:attraction:511:ko,VisitBusanContent:attraction:511:ko,https://www.visitbusan.net/kr/index.do?menuCd=DOM_000000201001001000&uc_seq=511&lang_cd=ko,http://www.sasang.go.kr/lmuseum/index.sasang,https://www.visitbusan.net/uploadImgs/files/cntnts/20200102142920888,1,image_sufficient,operational_assumed,"공식 관광 원천 일반 홍보 이미지, 사이트 공통 ARR (domain_inferred) — 21I: 사이트 공통 ARR만으로 blocked 처리 금지",2026-07-24T07:12:23.052Z,data/tourapi/candidates/busan/busan-integrated-candidates.csv,fe43388
busan-VB-518,부산 로컬푸드 쿠킹클래스,restaurant,,35.101288,129.0207,visitbusan_web,VisitBusanContent:experience:518:ko,VisitBusanContent:experience:518:ko,https://www.visitbusan.net/kr/index.do?menuCd=DOM_000000202008001000&uc_seq=518&lang_cd=ko,https://www.busancookingclass.com/,https://www.visitbusan.net/uploadImgs/files/cntnts/20200102221926917,1,image_sufficient,operational_assumed,"공식 관광 원천 일반 홍보 이미지, 사이트 공통 ARR (domain_inferred) — 21I: 사이트 공통 ARR만으로 blocked 처리 금지",2026-07-24T07:18:39.235Z,data/tourapi/candidates/busan/busan-integrated-candidates.csv,fe43388
busan-VB-527,열정과 에너지가 가득한 ‘작은부산’ 사직야구장,attraction,,35.194107,129.06151,visitbusan_web,VisitBusanContent:attraction:527:ko,VisitBusanContent:attraction:527:ko,https://www.visitbusan.net/kr/index.do?menuCd=DOM_000000201001001000&uc_seq=527&lang_cd=ko,http://www.giantsclub.com/html/,https://www.visitbusan.net/uploadImgs/files/cntnts/20200110144727057,1,image_sufficient,operational_assumed,"공식 관광 원천 일반 홍보 이미지, 사이트 공통 ARR (domain_inferred) — 21I: 사이트 공통 ARR만으로 blocked 처리 금지",2026-07-24T07:12:12.882Z,data/tourapi/candidates/busan/busan-integrated-candidates.csv,fe43388
busan-VB-530,주말 소풍으로 딱 좋은 농장체험,nature,,35.18373,128.89934,visitbusan_web,VisitBusanContent:experience:530:ko,VisitBusanContent:experience:530:ko,https://www.visitbusan.net/kr/index.do?menuCd=DOM_000000202008001000&uc_seq=530&lang_cd=ko,http://durufarm.kr/,https://www.visitbusan.net/uploadImgs/files/cntnts/20200110155525744,1,image_sufficient,operational_assumed,"공식 관광 원천 일반 홍보 이미지, 사이트 공통 ARR (domain_inferred) — 21I: 사이트 공통 ARR만으로 blocked 처리 금지",2026-07-24T07:18:47.446Z,data/tourapi/candidates/busan/busan-integrated-candidates.csv,fe43388
busan-VB-537,롯데면세점 부산점,attraction,,35.15664,129.05534,visitbusan_web,VisitBusanContent:shopping:537:ko,VisitBusanContent:shopping:537:ko,https://www.visitbusan.net/kr/index.do?menuCd=DOM_000000201003001000&uc_seq=537&lang_cd=ko,https://kor.lps.lottedfs.com/kr/customer/brchInfo?prSiteBrchCd=5,https://www.visitbusan.net/uploadImgs/files/cntnts/20240416151650754,1,image_sufficient,operational_assumed,"공식 관광 원천 일반 홍보 이미지, 사이트 공통 ARR (domain_inferred) — 21I: 사이트 공통 ARR만으로 blocked 처리 금지",2026-07-24T07:17:08.459Z,data/tourapi/candidates/busan/busan-integrated-candidates.csv,fe43388
busan-VB-539,부산면세점 용두산점,attraction,,35.101048,129.03249,visitbusan_web,VisitBusanContent:shopping:539:ko,VisitBusanContent:shopping:539:ko,https://www.visitbusan.net/kr/index.do?menuCd=DOM_000000201003001000&uc_seq=539&lang_cd=ko,http://www.busandf.com/,https://www.visitbusan.net/uploadImgs/files/cntnts/20200204175104893,1,image_sufficient,operational_assumed,"공식 관광 원천 일반 홍보 이미지, 사이트 공통 ARR (domain_inferred) — 21I: 사이트 공통 ARR만으로 blocked 처리 금지",2026-07-24T07:17:07.684Z,data/tourapi/candidates/busan/busan-integrated-candidates.csv,fe43388
busan-VB-540,롯데면세점 김해공항점,attraction,,35.173695,128.94626,visitbusan_web,VisitBusanContent:shopping:540:ko,VisitBusanContent:shopping:540:ko,https://www.visitbusan.net/kr/index.do?menuCd=DOM_000000201003001000&uc_seq=540&lang_cd=ko,https://kor.lottedfs.com/kr/shopmain/home,https://www.visitbusan.net/uploadImgs/files/cntnts/20200207150233726,1,image_sufficient,operational_assumed,"공식 관광 원천 일반 홍보 이미지, 사이트 공통 ARR (domain_inferred) — 21I: 사이트 공통 ARR만으로 blocked 처리 금지",2026-07-24T07:17:06.931Z,data/tourapi/candidates/busan/busan-integrated-candidates.csv,fe43388
busan-VB-541,롯데백화점 부산본점,attraction,,35.15665,129.05655,visitbusan_web,VisitBusanContent:shopping:541:ko,VisitBusanContent:shopping:541:ko,https://www.visitbusan.net/kr/index.do?menuCd=DOM_000000201003001000&uc_seq=541&lang_cd=ko,https://www.lotteshopping.com/branchShopGuide/floorGuideSub?cstr=0005,https://www.visitbusan.net/uploadImgs/files/cntnts/20200214134014426,1,image_sufficient,operational_assumed,"공식 관광 원천 일반 홍보 이미지, 사이트 공통 ARR (domain_inferred) — 21I: 사이트 공통 ARR만으로 blocked 처리 금지",2026-07-24T07:17:03.254Z,data/tourapi/candidates/busan/busan-integrated-candidates.csv,fe43388
busan-VB-545,음악분수쇼와 전망대를 만나는 롯데백화점 광복점,attraction,,35.098164,129.03685,visitbusan_web,VisitBusanContent:shopping:545:ko,VisitBusanContent:shopping:545:ko,https://www.visitbusan.net/kr/index.do?menuCd=DOM_000000201003001000&uc_seq=545&lang_cd=ko,https://www.lotteshopping.com/branchShopGuide/floorGuideSub?cstr=0333,https://www.visitbusan.net/uploadImgs/files/cntnts/20230703144706665,1,image_sufficient,operational_assumed,"공식 관광 원천 일반 홍보 이미지, 사이트 공통 ARR (domain_inferred) — 21I: 사이트 공통 ARR만으로 blocked 처리 금지",2026-07-24T07:17:02.498Z,data/tourapi/candidates/busan/busan-integrated-candidates.csv,fe43388
busan-VB-546,롯데백화점 센텀시티점,attraction,,35.169735,129.13115,visitbusan_web,VisitBusanContent:shopping:546:ko,VisitBusanContent:shopping:546:ko,https://www.visitbusan.net/kr/index.do?menuCd=DOM_000000201003001000&uc_seq=546&lang_cd=ko,https://www.lotteshopping.com/branchShopGuide/floorGuideSub?cstr=0027,https://www.visitbusan.net/uploadImgs/files/cntnts/20200207110846432,1,image_sufficient,operational_assumed,"공식 관광 원천 일반 홍보 이미지, 사이트 공통 ARR (domain_inferred) — 21I: 사이트 공통 ARR만으로 blocked 처리 금지",2026-07-24T07:17:01.661Z,data/tourapi/candidates/busan/busan-integrated-candidates.csv,fe43388
busan-VB-547,롯데백화점 동래점,attraction,,35.211323,129.07771,visitbusan_web,VisitBusanContent:shopping:547:ko,VisitBusanContent:shopping:547:ko,https://www.visitbusan.net/kr/index.do?menuCd=DOM_000000201003001000&uc_seq=547&lang_cd=ko,https://www.lotteshopping.com/branchShopGuide/floorGuideSub?cstr=0016,https://www.visitbusan.net/uploadImgs/files/cntnts/20200207111009687,1,image_sufficient,operational_assumed,"공식 관광 원천 일반 홍보 이미지, 사이트 공통 ARR (domain_inferred) — 21I: 사이트 공통 ARR만으로 blocked 처리 금지",2026-07-24T07:17:17.983Z,data/tourapi/candidates/busan/busan-integrated-candidates.csv,fe43388
busan-VB-548,신세계백화점 센텀시티점,attraction,,35.168625,129.12907,visitbusan_web,VisitBusanContent:shopping:548:ko,VisitBusanContent:shopping:548:ko,https://www.visitbusan.net/kr/index.do?menuCd=DOM_000000201003001000&uc_seq=548&lang_cd=ko,https://www.shinsegae.com/store/main.do?storeCd=SC00008,https://www.visitbusan.net/uploadImgs/files/cntnts/20200205165858664,1,image_sufficient,operational_assumed,"공식 관광 원천 일반 홍보 이미지, 사이트 공통 ARR (domain_inferred) — 21I: 사이트 공통 ARR만으로 blocked 처리 금지",2026-07-24T07:17:00.858Z,data/tourapi/candidates/busan/busan-integrated-candidates.csv,fe43388
busan-VB-552,이국적인 쇼핑 스트리트에 빠지다! 부산프리미엄아울렛,attraction,,35.323696,129.23563,visitbusan_web,VisitBusanContent:shopping:552:ko,VisitBusanContent:shopping:552:ko,https://www.visitbusan.net/kr/index.do?menuCd=DOM_000000201003001000&uc_seq=552&lang_cd=ko,https://www.premiumoutlets.co.kr/rpage/main/index/03,https://www.visitbusan.net/uploadImgs/files/cntnts/20200213181053895,1,image_sufficient,operational_assumed,"공식 관광 원천 일반 홍보 이미지, 사이트 공통 ARR (domain_inferred) — 21I: 사이트 공통 ARR만으로 blocked 처리 금지",2026-07-24T07:17:00.096Z,data/tourapi/candidates/busan/busan-integrated-candidates.csv,fe43388
busan-VB-554,NC백화점 해운대점,attraction,,35.170517,129.17708,visitbusan_web,VisitBusanContent:shopping:554:ko,VisitBusanContent:shopping:554:ko,https://www.visitbusan.net/kr/index.do?menuCd=DOM_000000201003001000&uc_seq=554&lang_cd=ko,https://www.elandretail.com/store01.do?branchID=00110040&lang=000600KO,https://www.visitbusan.net/uploadImgs/files/cntnts/20200214105929005,1,image_sufficient,operational_assumed,"공식 관광 원천 일반 홍보 이미지, 사이트 공통 ARR (domain_inferred) — 21I: 사이트 공통 ARR만으로 blocked 처리 금지",2026-07-24T07:17:19.554Z,data/tourapi/candidates/busan/busan-integrated-candidates.csv,fe43388
busan-VB-555,NC백화점 부산대점,attraction,,35.232323,129.08401,visitbusan_web,VisitBusanContent:shopping:555:ko,VisitBusanContent:shopping:555:ko,https://www.visitbusan.net/kr/index.do?menuCd=DOM_000000201003001000&uc_seq=555&lang_cd=ko,https://www.elandretail.com/store01.do?branchID=00110038&lang=000600KO,https://www.visitbusan.net/uploadImgs/files/cntnts/20200214112440464,1,image_sufficient,operational_assumed,"공식 관광 원천 일반 홍보 이미지, 사이트 공통 ARR (domain_inferred) — 21I: 사이트 공통 ARR만으로 blocked 처리 금지",2026-07-24T07:17:18.734Z,data/tourapi/candidates/busan/busan-integrated-candidates.csv,fe43388
busan-VB-757,오늘의 산책_신평소공원,attraction,,35.29337,129.26012,visitbusan_web,VisitBusanContent:attraction:757:ko,VisitBusanContent:attraction:757:ko,https://www.visitbusan.net/kr/index.do?menuCd=DOM_000000201001001000&uc_seq=757&lang_cd=ko,http://www.gijang.go.kr/tour/index.gijang,https://www.visitbusan.net/uploadImgs/files/cntnts/20200514115750295,1,image_sufficient,operational_assumed,"공식 관광 원천 일반 홍보 이미지, 사이트 공통 ARR (domain_inferred) — 21I: 사이트 공통 ARR만으로 blocked 처리 금지",2026-07-24T07:11:17.765Z,data/tourapi/candidates/busan/busan-integrated-candidates.csv,fe43388
busan-VB-804,"상상하던 동화 속 그 마을, 기장 도예 관광 힐링촌 테마숲",attraction,,35.360134,129.23999,visitbusan_web,VisitBusanContent:attraction:804:ko,VisitBusanContent:attraction:804:ko,https://www.visitbusan.net/kr/index.do?menuCd=DOM_000000201001001000&uc_seq=804&lang_cd=ko,,https://www.visitbusan.net/uploadImgs/files/cntnts/20200706141824447,1,image_sufficient,operational_assumed,"공식 관광 원천 일반 홍보 이미지, 사이트 공통 ARR (domain_inferred) — 21I: 사이트 공통 ARR만으로 blocked 처리 금지",2026-07-24T07:11:16.961Z,data/tourapi/candidates/busan/busan-integrated-candidates.csv,fe43388
busan-VB-813,"누나의 길, 한국신발관",attraction,,35.141808,129.0536,visitbusan_web,VisitBusanContent:attraction:813:ko,VisitBusanContent:attraction:813:ko,https://www.visitbusan.net/kr/index.do?menuCd=DOM_000000201001001000&uc_seq=813&lang_cd=ko,http://www.k-shoes.kr/main,https://www.visitbusan.net/uploadImgs/files/cntnts/20200706134923010,1,image_sufficient,operational_assumed,"공식 관광 원천 일반 홍보 이미지, 사이트 공통 ARR (domain_inferred) — 21I: 사이트 공통 ARR만으로 blocked 처리 금지",2026-07-24T07:11:16.178Z,data/tourapi/candidates/busan/busan-integrated-candidates.csv,fe43388
busan-VB-819,머물고 싶은 쇼핑센터 IKEA동부산점,attraction,,35.190292,129.21034,visitbusan_web,VisitBusanContent:shopping:819:ko,VisitBusanContent:shopping:819:ko,https://www.visitbusan.net/kr/index.do?menuCd=DOM_000000201003001000&uc_seq=819&lang_cd=ko,https://www.ikea.com/kr/ko/stores/dong-busan/,https://www.visitbusan.net/uploadImgs/files/cntnts/20200709174128221,1,image_sufficient,operational_assumed,"공식 관광 원천 일반 홍보 이미지, 사이트 공통 ARR (domain_inferred) — 21I: 사이트 공통 ARR만으로 blocked 처리 금지",2026-07-24T07:16:57.109Z,data/tourapi/candidates/busan/busan-integrated-candidates.csv,fe43388
busan-VB-833,송도에서 구름 위를 느끼는 법,attraction,,35.06194,129.02191,visitbusan_web,VisitBusanContent:attraction:833:ko,VisitBusanContent:attraction:833:ko,https://www.visitbusan.net/kr/index.do?menuCd=DOM_000000201001001000&uc_seq=833&lang_cd=ko,https://www.bsseogu.go.kr/tour/index.bsseogu,https://www.visitbusan.net/uploadImgs/files/cntnts/20200717114921294,1,image_sufficient,operational_assumed,"공식 관광 원천 일반 홍보 이미지, 사이트 공통 ARR (domain_inferred) — 21I: 사이트 공통 ARR만으로 blocked 처리 금지",2026-07-24T07:11:14.671Z,data/tourapi/candidates/busan/busan-integrated-candidates.csv,fe43388
busan-VB-838,"부산의 옛 흔적을 찾아, 우암동 소막마을",attraction,,35.126194,129.07597,visitbusan_web,VisitBusanContent:attraction:838:ko,VisitBusanContent:attraction:838:ko,https://www.visitbusan.net/kr/index.do?menuCd=DOM_000000201001001000&uc_seq=838&lang_cd=ko,,https://www.visitbusan.net/uploadImgs/files/cntnts/20200722140028489,1,image_sufficient,operational_assumed,"공식 관광 원천 일반 홍보 이미지, 사이트 공통 ARR (domain_inferred) — 21I: 사이트 공통 ARR만으로 blocked 처리 금지",2026-07-24T07:11:13.966Z,data/tourapi/candidates/busan/busan-integrated-candidates.csv,fe43388
busan-VB-839,강물 따라 유유히 카약을 즐기다,nature,,35.169857,129.12282,visitbusan_web,VisitBusanContent:experience:839:ko,VisitBusanContent:experience:839:ko,https://www.visitbusan.net/kr/index.do?menuCd=DOM_000000202008001000&uc_seq=839&lang_cd=ko,,https://www.visitbusan.net/uploadImgs/files/cntnts/20240716142750561,1,image_sufficient,operational_assumed,"공식 관광 원천 일반 홍보 이미지, 사이트 공통 ARR (domain_inferred) — 21I: 사이트 공통 ARR만으로 blocked 처리 금지",2026-07-24T07:18:33.339Z,data/tourapi/candidates/busan/busan-integrated-candidates.csv,fe43388
busan-VB-859,오늘의산책_구덕문화공원,attraction,,35.12617,129.00514,visitbusan_web,VisitBusanContent:attraction:859:ko,VisitBusanContent:attraction:859:ko,https://www.visitbusan.net/kr/index.do?menuCd=DOM_000000201001001000&uc_seq=859&lang_cd=ko,,https://www.visitbusan.net/uploadImgs/files/cntnts/20200812172315522,1,image_sufficient,operational_assumed,"공식 관광 원천 일반 홍보 이미지, 사이트 공통 ARR (domain_inferred) — 21I: 사이트 공통 ARR만으로 blocked 처리 금지",2026-07-24T07:11:12.487Z,data/tourapi/candidates/busan/busan-integrated-candidates.csv,fe43388
busan-VB-876,묘지 위에 세워진 희망 ‘아미동 비석문화마을’,attraction,,35.09903,129.0126,visitbusan_web,VisitBusanContent:attraction:876:ko,VisitBusanContent:attraction:876:ko,https://www.visitbusan.net/kr/index.do?menuCd=DOM_000000201001001000&uc_seq=876&lang_cd=ko,,https://www.visitbusan.net/uploadImgs/files/cntnts/20200818133843206,1,image_sufficient,operational_assumed,"공식 관광 원천 일반 홍보 이미지, 사이트 공통 ARR (domain_inferred) — 21I: 사이트 공통 ARR만으로 blocked 처리 금지",2026-07-24T07:11:11.725Z,data/tourapi/candidates/busan/busan-integrated-candidates.csv,fe43388
busan-VB-960,디에이블 부산송도점,restaurant,,35.076706,129.01715,visitbusan_web,VisitBusanContent:food:960:ko,VisitBusanContent:food:960:ko,https://www.visitbusan.net/kr/index.do?menuCd=DOM_000000201002001000&uc_seq=960&lang_cd=ko,,https://www.visitbusan.net/uploadImgs/files/cntnts/20200819132345743,1,image_sufficient,operational_assumed,"공식 관광 원천 일반 홍보 이미지, 사이트 공통 ARR (domain_inferred) — 21I: 사이트 공통 ARR만으로 blocked 처리 금지",2026-07-24T07:15:41.851Z,data/tourapi/candidates/busan/busan-integrated-candidates.csv,fe43388
busan-VB-986,금정산성문화체험촌,attraction,,35.255653,129.05794,visitbusan_web,VisitBusanContent:experience:986:ko,VisitBusanContent:experience:986:ko,https://www.visitbusan.net/kr/index.do?menuCd=DOM_000000202008001000&uc_seq=986&lang_cd=ko,,https://www.visitbusan.net/uploadImgs/files/cntnts/20200831115036280,1,image_sufficient,operational_assumed,"공식 관광 원천 일반 홍보 이미지, 사이트 공통 ARR (domain_inferred) — 21I: 사이트 공통 ARR만으로 blocked 처리 금지",2026-07-24T07:18:32.560Z,data/tourapi/candidates/busan/busan-integrated-candidates.csv,fe43388
busan-VB-996,부산엑스더스카이 전망대,attraction,,35.159924,129.16974,visitbusan_web,VisitBusanContent:experience:996:ko,VisitBusanContent:experience:996:ko,https://www.visitbusan.net/kr/index.do?menuCd=DOM_000000202008001000&uc_seq=996&lang_cd=ko,http://www.busanxthesky.com,https://www.visitbusan.net/uploadImgs/files/cntnts/20200914115047550,1,image_sufficient,operational_assumed,"공식 관광 원천 일반 홍보 이미지, 사이트 공통 ARR (domain_inferred) — 21I: 사이트 공통 ARR만으로 blocked 처리 금지",2026-07-24T07:18:31.017Z,data/tourapi/candidates/busan/busan-integrated-candidates.csv,fe43388
