candidate_id,title_ko,category,image_url,image_source_domain,prior_vb_rights_class,rights_status,classification_method,rights_basis,blocked_reason,review_reason
busan-A-00001,흰여울문화마을,attraction,https://www.visitbusan.net/uploadImgs/files/cntnts/20191222164810529_ttiel,www.visitbusan.net,rights_unknown,operational_assumed,operational_policy,"공식 관광 원천 일반 홍보 이미지, 이미지 수준 명시적 제한 미확인",,
busan-A-00002,깡깡이 예술마을,attraction,https://www.visitbusan.net/uploadImgs/files/cntnts/20191222171209005_ttiel,www.visitbusan.net,rights_unknown,operational_assumed,operational_policy,"공식 관광 원천 일반 홍보 이미지, 이미지 수준 명시적 제한 미확인",,
busan-A-00003,"국립해양박물관(한,영,중간,중번,일)",attraction,https://www.visitbusan.net/uploadImgs/files/cntnts/20191222175627506_ttiel,www.visitbusan.net,rights_unknown,operational_assumed,operational_policy,"공식 관광 원천 일반 홍보 이미지, 이미지 수준 명시적 제한 미확인",,
busan-A-00004,태종대,attraction,https://www.visitbusan.net/uploadImgs/files/cntnts/20191222180829962_ttiel,www.visitbusan.net,rights_unknown,operational_assumed,operational_policy,"공식 관광 원천 일반 홍보 이미지, 이미지 수준 명시적 제한 미확인",,
busan-A-00005,죽성성당,attraction,https://www.visitbusan.net/uploadImgs/files/cntnts/20191222181829937_ttiel,www.visitbusan.net,rights_unknown,operational_assumed,operational_policy,"공식 관광 원천 일반 홍보 이미지, 이미지 수준 명시적 제한 미확인",,
busan-A-00006,"아홉산 숲 (한,영,중간,중번,일)",attraction,https://www.visitbusan.net/uploadImgs/files/cntnts/20191222185645736_ttiel,www.visitbusan.net,rights_unknown,operational_assumed,operational_policy,"공식 관광 원천 일반 홍보 이미지, 이미지 수준 명시적 제한 미확인",,
busan-A-00007,"해동용궁사 (한,영,중간,중번,일)",attraction,https://www.visitbusan.net/uploadImgs/files/cntnts/20191222190823385_ttiel,www.visitbusan.net,rights_unknown,operational_assumed,operational_policy,"공식 관광 원천 일반 홍보 이미지, 이미지 수준 명시적 제한 미확인",,
busan-A-00008,임랑해수욕장,attraction,https://www.visitbusan.net/uploadImgs/files/cntnts/20191224093809621_ttiel,www.visitbusan.net,rights_unknown,operational_assumed,operational_policy,"공식 관광 원천 일반 홍보 이미지, 이미지 수준 명시적 제한 미확인",,
busan-A-00009,"문화공감 수정, 초량1941(한,영,중간,중번,일)",attraction,https://www.visitbusan.net/uploadImgs/files/cntnts/20191224171115847_ttiel,www.visitbusan.net,rights_unknown,operational_assumed,operational_policy,"공식 관광 원천 일반 홍보 이미지, 이미지 수준 명시적 제한 미확인",,
busan-A-00010,"부산바다의 과거와 현재, 일광해수욕장",attraction,https://www.visitbusan.net/uploadImgs/files/cntnts/20191225143353231_ttiel,www.visitbusan.net,rights_unknown,operational_assumed,operational_policy,"공식 관광 원천 일반 홍보 이미지, 이미지 수준 명시적 제한 미확인",,
busan-A-00011,"구 백제병원 (한,영,중간,중번,일)",attraction,https://www.visitbusan.net/uploadImgs/files/cntnts/20191225145805369_ttiel,www.visitbusan.net,rights_unknown,operational_assumed,operational_policy,"공식 관광 원천 일반 홍보 이미지, 이미지 수준 명시적 제한 미확인",,
busan-A-00012,백산기념관,attraction,https://www.visitbusan.net/uploadImgs/files/cntnts/20191225150331107_ttiel,www.visitbusan.net,rights_unknown,operational_assumed,operational_policy,"공식 관광 원천 일반 홍보 이미지, 이미지 수준 명시적 제한 미확인",,
busan-A-00013,"한성1918 부산생활문화센터(한,영,중간,중번,일)",attraction,https://www.visitbusan.net/uploadImgs/files/cntnts/20191225150936833_ttiel,www.visitbusan.net,rights_unknown,operational_assumed,operational_policy,"공식 관광 원천 일반 홍보 이미지, 이미지 수준 명시적 제한 미확인",,
busan-A-00014,"조선통신사역사관(한,영,중간,중번,일)",attraction,https://www.visitbusan.net/uploadImgs/files/cntnts/20191225151358656_ttiel,www.visitbusan.net,rights_unknown,operational_assumed,operational_policy,"공식 관광 원천 일반 홍보 이미지, 이미지 수준 명시적 제한 미확인",,
busan-A-00015,부산해양자연사박물관,attraction,https://www.visitbusan.net/uploadImgs/files/cntnts/20191225151830289_ttiel,www.visitbusan.net,rights_unknown,operational_assumed,operational_policy,"공식 관광 원천 일반 홍보 이미지, 이미지 수준 명시적 제한 미확인",,
busan-A-00016,보수동책방골목,attraction,https://www.visitbusan.net/uploadImgs/files/cntnts/20191225154726785_ttiel,www.visitbusan.net,rights_unknown,operational_assumed,operational_policy,"공식 관광 원천 일반 홍보 이미지, 이미지 수준 명시적 제한 미확인",,
busan-A-00017,"임시수도기념관(한,영,중간,중번,일)",attraction,https://www.visitbusan.net/uploadImgs/files/cntnts/20250929174908393_ttiel,www.visitbusan.net,rights_unknown,operational_assumed,operational_policy,"공식 관광 원천 일반 홍보 이미지, 이미지 수준 명시적 제한 미확인",,
busan-A-00018,"동아대석당박물관(한,영,중간,중번,일)",attraction,https://www.visitbusan.net/uploadImgs/files/cntnts/20191225160959194_ttiel,www.visitbusan.net,rights_unknown,operational_assumed,operational_policy,"공식 관광 원천 일반 홍보 이미지, 이미지 수준 명시적 제한 미확인",,
busan-A-00019,"국립일제강제동원역사관(한,영,중간,중번,일)",attraction,https://www.visitbusan.net/uploadImgs/files/cntnts/20191225162953256_ttiel,www.visitbusan.net,rights_unknown,operational_assumed,operational_policy,"공식 관광 원천 일반 홍보 이미지, 이미지 수준 명시적 제한 미확인",,
busan-A-00020,부산박물관,attraction,https://www.visitbusan.net/uploadImgs/files/cntnts/20191225163741459_ttiel,www.visitbusan.net,rights_unknown,operational_assumed,operational_policy,"공식 관광 원천 일반 홍보 이미지, 이미지 수준 명시적 제한 미확인",,
busan-A-00021,"유엔기념공원, 유엔평화기념관(한,영,중간,중번,일)",attraction,https://www.visitbusan.net/uploadImgs/files/cntnts/20191225164342360_ttiel,www.visitbusan.net,rights_unknown,operational_assumed,operational_policy,"공식 관광 원천 일반 홍보 이미지, 이미지 수준 명시적 제한 미확인",,
busan-A-00022,오륙도,attraction,https://www.visitbusan.net/uploadImgs/files/cntnts/20191225164921130_ttiel,www.visitbusan.net,rights_unknown,operational_assumed,operational_policy,"공식 관광 원천 일반 홍보 이미지, 이미지 수준 명시적 제한 미확인",,
busan-A-00023,신선대,attraction,https://www.visitbusan.net/uploadImgs/files/cntnts/20191225165635368_ttiel,www.visitbusan.net,rights_unknown,operational_assumed,operational_policy,"공식 관광 원천 일반 홍보 이미지, 이미지 수준 명시적 제한 미확인",,
busan-A-00024,"송정해수욕장, 죽도공원",attraction,https://www.visitbusan.net/uploadImgs/files/cntnts/20230630185239164_ttiel,www.visitbusan.net,rights_unknown,operational_assumed,operational_policy,"공식 관광 원천 일반 홍보 이미지, 이미지 수준 명시적 제한 미확인",,
busan-A-00025,"아난티 코브 이터널저니(한,영,중간,중번,일)",attraction,https://www.visitbusan.net/uploadImgs/files/cntnts/20191225170855698_ttiel,www.visitbusan.net,rights_unknown,operational_assumed,operational_policy,"공식 관광 원천 일반 홍보 이미지, 이미지 수준 명시적 제한 미확인",,
busan-A-00026,민락수변공원,attraction,https://www.visitbusan.net/uploadImgs/files/cntnts/20191225174730014_ttiel,www.visitbusan.net,rights_unknown,operational_assumed,operational_policy,"공식 관광 원천 일반 홍보 이미지, 이미지 수준 명시적 제한 미확인",,
busan-A-00027,"송도해수욕장(한,영,중간,중번,일)",attraction,https://www.visitbusan.net/uploadImgs/files/cntnts/20191225175459392_ttiel,www.visitbusan.net,rights_unknown,operational_assumed,operational_policy,"공식 관광 원천 일반 홍보 이미지, 이미지 수준 명시적 제한 미확인",,
busan-A-00028,아미산전망대,attraction,https://www.visitbusan.net/uploadImgs/files/cntnts/20191225180243523_ttiel,www.visitbusan.net,rights_unknown,operational_assumed,operational_policy,"공식 관광 원천 일반 홍보 이미지, 이미지 수준 명시적 제한 미확인",,
busan-A-00029,아미동 비석마을,attraction,https://www.visitbusan.net/uploadImgs/files/cntnts/20191226093554532_ttiel,www.visitbusan.net,rights_unknown,operational_assumed,operational_policy,"공식 관광 원천 일반 홍보 이미지, 이미지 수준 명시적 제한 미확인",,
busan-A-00030,부산시립미술관,attraction,https://www.visitbusan.net/uploadImgs/files/cntnts/20191226100545553_ttiel,www.visitbusan.net,rights_unknown,operational_assumed,operational_policy,"공식 관광 원천 일반 홍보 이미지, 이미지 수준 명시적 제한 미확인",,
busan-A-00031,오랑대공원,attraction,https://www.visitbusan.net/uploadImgs/files/cntnts/20191226101451768_ttiel,www.visitbusan.net,rights_unknown,operational_assumed,operational_policy,"공식 관광 원천 일반 홍보 이미지, 이미지 수준 명시적 제한 미확인",,
busan-A-00032,국립수산과학관,attraction,https://www.visitbusan.net/uploadImgs/files/cntnts/20191226102157667_ttiel,www.visitbusan.net,rights_unknown,operational_assumed,operational_policy,"공식 관광 원천 일반 홍보 이미지, 이미지 수준 명시적 제한 미확인",,
busan-A-00033,요산문학관,attraction,https://www.visitbusan.net/uploadImgs/files/cntnts/20191226105751809_ttiel,www.visitbusan.net,rights_unknown,operational_assumed,operational_policy,"공식 관광 원천 일반 홍보 이미지, 이미지 수준 명시적 제한 미확인",,
busan-A-00034,박차정의사 생가,attraction,https://www.visitbusan.net/uploadImgs/files/cntnts/20191226110347271_ttiel,www.visitbusan.net,rights_unknown,operational_assumed,operational_policy,"공식 관광 원천 일반 홍보 이미지, 이미지 수준 명시적 제한 미확인",,
busan-A-00035,우장춘 기념관,attraction,https://www.visitbusan.net/uploadImgs/files/cntnts/20191226110901484_ttiel,www.visitbusan.net,rights_unknown,operational_assumed,operational_policy,"공식 관광 원천 일반 홍보 이미지, 이미지 수준 명시적 제한 미확인",,
busan-A-00036,누리바라기전망대,attraction,https://www.visitbusan.net/uploadImgs/files/cntnts/20191226113720642_ttiel,www.visitbusan.net,rights_unknown,operational_assumed,operational_policy,"공식 관광 원천 일반 홍보 이미지, 이미지 수준 명시적 제한 미확인",,
busan-A-00037,"최민식갤러리(한,영,중간,중번,일)",attraction,https://www.visitbusan.net/uploadImgs/files/cntnts/20191226115628787_ttiel,www.visitbusan.net,rights_unknown,operational_assumed,operational_policy,"공식 관광 원천 일반 홍보 이미지, 이미지 수준 명시적 제한 미확인",,
busan-A-00038,수영사적공원,attraction,https://www.visitbusan.net/uploadImgs/files/cntnts/20191226132135171_ttiel,www.visitbusan.net,rights_unknown,operational_assumed,operational_policy,"공식 관광 원천 일반 홍보 이미지, 이미지 수준 명시적 제한 미확인",,
busan-A-00039,부산기상관측소,attraction,https://www.visitbusan.net/uploadImgs/files/cntnts/20191226132812226_ttiel,www.visitbusan.net,rights_unknown,operational_assumed,operational_policy,"공식 관광 원천 일반 홍보 이미지, 이미지 수준 명시적 제한 미확인",,
busan-A-00040,"철새와 함께하는 아름다운 문화의 향연, 을숙도(한,영,중간,중번,일)",attraction,https://www.visitbusan.net/uploadImgs/files/cntnts/20191226143325464_ttiel,www.visitbusan.net,rights_unknown,operational_assumed,operational_policy,"공식 관광 원천 일반 홍보 이미지, 이미지 수준 명시적 제한 미확인",,
busan-A-00041,부산시청자미디어센터,attraction,https://www.visitbusan.net/uploadImgs/files/cntnts/20191226152407686_ttiel,www.visitbusan.net,rights_unknown,operational_assumed,operational_policy,"공식 관광 원천 일반 홍보 이미지, 이미지 수준 명시적 제한 미확인",,
busan-A-00042,"구포어린이교통공원(한,영,중간,중번,일)",attraction,https://www.visitbusan.net/uploadImgs/files/cntnts/20191226182356876_ttiel,www.visitbusan.net,rights_unknown,operational_assumed,operational_policy,"공식 관광 원천 일반 홍보 이미지, 이미지 수준 명시적 제한 미확인",,
busan-A-00043,부산솔로몬로파크,attraction,https://www.visitbusan.net/uploadImgs/files/cntnts/20191226183133502_ttiel,www.visitbusan.net,rights_unknown,operational_assumed,operational_policy,"공식 관광 원천 일반 홍보 이미지, 이미지 수준 명시적 제한 미확인",,
busan-A-00044,부산어촌민속관,attraction,https://www.visitbusan.net/uploadImgs/files/cntnts/20191226184130120_ttiel,www.visitbusan.net,rights_unknown,operational_assumed,operational_policy,"공식 관광 원천 일반 홍보 이미지, 이미지 수준 명시적 제한 미확인",,
busan-A-00045,삼락생태공원,attraction,https://www.visitbusan.net/uploadImgs/files/cntnts/20230602100722403_ttiel,www.visitbusan.net,rights_unknown,operational_assumed,operational_policy,"공식 관광 원천 일반 홍보 이미지, 이미지 수준 명시적 제한 미확인",,
busan-A-00046,"암남공원, 송도해안볼레길",attraction,https://www.visitbusan.net/uploadImgs/files/cntnts/20191227112720050_ttiel,www.visitbusan.net,rights_unknown,operational_assumed,operational_policy,"공식 관광 원천 일반 홍보 이미지, 이미지 수준 명시적 제한 미확인",,
busan-A-00047,장림포구 (부네치아),attraction,https://www.visitbusan.net/uploadImgs/files/cntnts/20191227160751479_ttiel,www.visitbusan.net,rights_unknown,operational_assumed,operational_policy,"공식 관광 원천 일반 홍보 이미지, 이미지 수준 명시적 제한 미확인",,
busan-A-00048,가덕도,attraction,https://www.visitbusan.net/uploadImgs/files/cntnts/20191227161822663_ttiel,www.visitbusan.net,rights_unknown,operational_assumed,operational_policy,"공식 관광 원천 일반 홍보 이미지, 이미지 수준 명시적 제한 미확인",,
busan-A-00049,렛츠런파크 부산경남,attraction,https://www.visitbusan.net/uploadImgs/files/cntnts/20191227163229549_ttiel,www.visitbusan.net,rights_unknown,operational_assumed,operational_policy,"공식 관광 원천 일반 홍보 이미지, 이미지 수준 명시적 제한 미확인",,
busan-A-00050,국립부산과학관,attraction,https://www.visitbusan.net/uploadImgs/files/cntnts/20230901132543063_ttiel,www.visitbusan.net,rights_unknown,operational_assumed,operational_policy,"공식 관광 원천 일반 홍보 이미지, 이미지 수준 명시적 제한 미확인",,
busan-A-00051,송상현광장,attraction,https://www.visitbusan.net/uploadImgs/files/cntnts/20191227175243198_ttiel,www.visitbusan.net,rights_unknown,operational_assumed,operational_policy,"공식 관광 원천 일반 홍보 이미지, 이미지 수준 명시적 제한 미확인",,
busan-A-00052,어린이대공원,attraction,https://www.visitbusan.net/uploadImgs/files/cntnts/20191227180139517_ttiel,www.visitbusan.net,rights_unknown,operational_assumed,operational_policy,"공식 관광 원천 일반 홍보 이미지, 이미지 수준 명시적 제한 미확인",,
busan-A-00053,국립부산국악원,attraction,https://www.visitbusan.net/uploadImgs/files/cntnts/20191227181259877_ttiel,www.visitbusan.net,rights_unknown,operational_assumed,operational_policy,"공식 관광 원천 일반 홍보 이미지, 이미지 수준 명시적 제한 미확인",,
busan-A-00054,삼광사,attraction,https://www.visitbusan.net/uploadImgs/files/cntnts/20191227184611977_ttiel,www.visitbusan.net,rights_unknown,operational_assumed,operational_policy,"공식 관광 원천 일반 홍보 이미지, 이미지 수준 명시적 제한 미확인",,
busan-A-00055,청사포와 미포,attraction,https://www.visitbusan.net/uploadImgs/files/cntnts/20191227190325222_ttiel,www.visitbusan.net,rights_unknown,operational_assumed,operational_policy,"공식 관광 원천 일반 홍보 이미지, 이미지 수준 명시적 제한 미확인",,
busan-A-00056,부산시민공원,attraction,https://www.visitbusan.net/uploadImgs/files/cntnts/20191227194942971_ttiel,www.visitbusan.net,rights_unknown,operational_assumed,operational_policy,"공식 관광 원천 일반 홍보 이미지, 이미지 수준 명시적 제한 미확인",,
busan-A-00057,"호천마을(한,영,중간,중번,일)",attraction,https://www.visitbusan.net/uploadImgs/files/cntnts/20191227202219554_ttiel,www.visitbusan.net,rights_unknown,operational_assumed,operational_policy,"공식 관광 원천 일반 홍보 이미지, 이미지 수준 명시적 제한 미확인",,
busan-A-00058,"봉래산(한,영,중간,중번,일)",attraction,https://www.visitbusan.net/uploadImgs/files/cntnts/20191227202829011_ttiel,www.visitbusan.net,rights_unknown,operational_assumed,operational_policy,"공식 관광 원천 일반 홍보 이미지, 이미지 수준 명시적 제한 미확인",,
busan-A-00059,영화의 거리,attraction,https://www.visitbusan.net/uploadImgs/files/cntnts/20191227203859552_ttiel,www.visitbusan.net,rights_unknown,operational_assumed,operational_policy,"공식 관광 원천 일반 홍보 이미지, 이미지 수준 명시적 제한 미확인",,
busan-A-00060,APEC나루공원,attraction,https://www.visitbusan.net/uploadImgs/files/cntnts/20191227204420832_ttiel,www.visitbusan.net,rights_unknown,operational_assumed,operational_policy,"공식 관광 원천 일반 홍보 이미지, 이미지 수준 명시적 제한 미확인",,
busan-A-00061,"40계단, 문화관",attraction,https://www.visitbusan.net/uploadImgs/files/cntnts/20191229141716592_ttiel,www.visitbusan.net,rights_unknown,operational_assumed,operational_policy,"공식 관광 원천 일반 홍보 이미지, 이미지 수준 명시적 제한 미확인",,
busan-A-00062,감천문화마을,attraction,https://www.visitbusan.net/uploadImgs/files/cntnts/20191229142305006_ttiel,www.visitbusan.net,rights_unknown,operational_assumed,operational_policy,"공식 관광 원천 일반 홍보 이미지, 이미지 수준 명시적 제한 미확인",,
busan-A-00063,다대포 해수욕장,attraction,https://www.visitbusan.net/uploadImgs/files/cntnts/20191229143230630_ttiel,www.visitbusan.net,rights_unknown,operational_assumed,operational_policy,"공식 관광 원천 일반 홍보 이미지, 이미지 수준 명시적 제한 미확인",,
busan-A-00064,부산영화체험박물관/씨네뮤지엄,attraction,https://www.visitbusan.net/uploadImgs/files/cntnts/20191229144834500_ttiel,www.visitbusan.net,rights_unknown,operational_assumed,operational_policy,"공식 관광 원천 일반 홍보 이미지, 이미지 수준 명시적 제한 미확인",,
busan-A-00065,"용두산공원(한,영,중간,중번,일)",attraction,https://www.visitbusan.net/uploadImgs/files/cntnts/20191229145728609_ttiel,www.visitbusan.net,rights_unknown,operational_assumed,operational_policy,"공식 관광 원천 일반 홍보 이미지, 이미지 수준 명시적 제한 미확인",,
busan-A-00066,영도다리,attraction,https://www.visitbusan.net/uploadImgs/files/cntnts/20191229150331682_ttiel,www.visitbusan.net,rights_unknown,operational_assumed,operational_policy,"공식 관광 원천 일반 홍보 이미지, 이미지 수준 명시적 제한 미확인",,
busan-A-00067,"중앙공원, 민주공원",attraction,https://www.visitbusan.net/uploadImgs/files/cntnts/20191229150845004_ttiel,www.visitbusan.net,rights_unknown,operational_assumed,operational_policy,"공식 관광 원천 일반 홍보 이미지, 이미지 수준 명시적 제한 미확인",,
busan-A-00068,"황령산 전망쉼터(한,영,중간,중번,일)",attraction,https://www.visitbusan.net/uploadImgs/files/cntnts/20191229151710512_ttiel,www.visitbusan.net,rights_unknown,operational_assumed,operational_policy,"공식 관광 원천 일반 홍보 이미지, 이미지 수준 명시적 제한 미확인",,
busan-A-00069,F1963,attraction,https://www.visitbusan.net/uploadImgs/files/cntnts/20191229152254942_ttiel,www.visitbusan.net,rights_unknown,operational_assumed,operational_policy,"공식 관광 원천 일반 홍보 이미지, 이미지 수준 명시적 제한 미확인",,
busan-A-00070,해운대,attraction,https://www.visitbusan.net/uploadImgs/files/cntnts/20191229153530528_ttiel,www.visitbusan.net,rights_unknown,operational_assumed,operational_policy,"공식 관광 원천 일반 홍보 이미지, 이미지 수준 명시적 제한 미확인",,
busan-A-00071,광안리해수욕장,attraction,https://www.visitbusan.net/uploadImgs/files/cntnts/20191229160529389_ttiel,www.visitbusan.net,rights_unknown,operational_assumed,operational_policy,"공식 관광 원천 일반 홍보 이미지, 이미지 수준 명시적 제한 미확인",,
busan-A-00072,금정산,attraction,https://www.visitbusan.net/uploadImgs/files/cntnts/20191230180640227_ttiel,www.visitbusan.net,rights_unknown,operational_assumed,operational_policy,"공식 관광 원천 일반 홍보 이미지, 이미지 수준 명시적 제한 미확인",,
busan-A-00073,금강공원&식물원,attraction,https://www.visitbusan.net/uploadImgs/files/cntnts/20191230181126685_ttiel,www.visitbusan.net,rights_unknown,operational_assumed,operational_policy,"공식 관광 원천 일반 홍보 이미지, 이미지 수준 명시적 제한 미확인",,
busan-A-00074,"범어사 (한,영,중간,중번,일)",attraction,https://www.visitbusan.net/uploadImgs/files/cntnts/20191230190101989_ttiel,www.visitbusan.net,rights_unknown,operational_assumed,operational_policy,"공식 관광 원천 일반 홍보 이미지, 이미지 수준 명시적 제한 미확인",,
busan-A-00075,동래읍성,attraction,https://www.visitbusan.net/uploadImgs/files/cntnts/20191230194923757_ttiel,www.visitbusan.net,rights_unknown,operational_assumed,operational_policy,"공식 관광 원천 일반 홍보 이미지, 이미지 수준 명시적 제한 미확인",,
busan-A-00076,상해거리,attraction,https://www.visitbusan.net/uploadImgs/files/cntnts/20191230203235198_ttiel,www.visitbusan.net,rights_unknown,operational_assumed,operational_policy,"공식 관광 원천 일반 홍보 이미지, 이미지 수준 명시적 제한 미확인",,
busan-A-00077,"이중섭문화거리(한,영,중간,중번,일)",attraction,https://www.visitbusan.net/uploadImgs/files/cntnts/20191230205059771_ttiel,www.visitbusan.net,rights_unknown,operational_assumed,operational_policy,"공식 관광 원천 일반 홍보 이미지, 이미지 수준 명시적 제한 미확인",,
busan-A-00078,"복천박물관, 복천동고분군",attraction,https://www.visitbusan.net/uploadImgs/files/cntnts/20191230205640434_ttiel,www.visitbusan.net,rights_unknown,operational_assumed,operational_policy,"공식 관광 원천 일반 홍보 이미지, 이미지 수준 명시적 제한 미확인",,
busan-A-00079,벡스코,attraction,https://www.visitbusan.net/uploadImgs/files/cntnts/20191230210019945_ttiel,www.visitbusan.net,rights_unknown,operational_assumed,operational_policy,"공식 관광 원천 일반 홍보 이미지, 이미지 수준 명시적 제한 미확인",,
busan-A-00080,"영화의 전당(한,영,중간,중번,일)",attraction,https://www.visitbusan.net/uploadImgs/files/cntnts/20191230210358362_ttiel,www.visitbusan.net,rights_unknown,operational_assumed,operational_policy,"공식 관광 원천 일반 홍보 이미지, 이미지 수준 명시적 제한 미확인",,
busan-A-00081,"장안사(한,영,중간,중번,일)",attraction,https://www.visitbusan.net/uploadImgs/files/cntnts/20191231091948765_ttiel,www.visitbusan.net,rights_unknown,operational_assumed,operational_policy,"공식 관광 원천 일반 홍보 이미지, 이미지 수준 명시적 제한 미확인",,
busan-A-00082,백양산,attraction,https://www.visitbusan.net/uploadImgs/files/cntnts/20191231092729834_ttiel,www.visitbusan.net,rights_unknown,operational_assumed,operational_policy,"공식 관광 원천 일반 홍보 이미지, 이미지 수준 명시적 제한 미확인",,
busan-A-00083,성지곡수원지,attraction,https://www.visitbusan.net/uploadImgs/files/cntnts/20191231100856743_ttiel,www.visitbusan.net,rights_unknown,operational_assumed,operational_policy,"공식 관광 원천 일반 홍보 이미지, 이미지 수준 명시적 제한 미확인",,
busan-A-00084,"장산(한,영,중간,중번,일)",attraction,https://www.visitbusan.net/uploadImgs/files/cntnts/20191231101745599_ttiel,www.visitbusan.net,rights_unknown,operational_assumed,operational_policy,"공식 관광 원천 일반 홍보 이미지, 이미지 수준 명시적 제한 미확인",,
busan-A-00085,석불사,attraction,https://www.visitbusan.net/uploadImgs/files/cntnts/20191231102223413_ttiel,www.visitbusan.net,rights_unknown,operational_assumed,operational_policy,"공식 관광 원천 일반 홍보 이미지, 이미지 수준 명시적 제한 미확인",,
busan-A-00086,"동래향교, 기장향교(한,영,중간,중번,일)",attraction,https://www.visitbusan.net/uploadImgs/files/cntnts/20191231111302355_ttiel,www.visitbusan.net,rights_unknown,operational_assumed,operational_policy,"공식 관광 원천 일반 홍보 이미지, 이미지 수준 명시적 제한 미확인",,
busan-A-00087,"가덕도 연대봉(한,영,중간,중번,일)",attraction,https://www.visitbusan.net/uploadImgs/files/cntnts/20191231180337567_ttiel,www.visitbusan.net,rights_unknown,operational_assumed,operational_policy,"공식 관광 원천 일반 홍보 이미지, 이미지 수준 명시적 제한 미확인",,
busan-A-00088,승학산 억새평원,attraction,https://www.visitbusan.net/uploadImgs/files/cntnts/20191231181104098_ttiel,www.visitbusan.net,rights_unknown,operational_assumed,operational_policy,"공식 관광 원천 일반 홍보 이미지, 이미지 수준 명시적 제한 미확인",,
busan-A-00089,"대룡마을(한,영,중간,중번,일)",attraction,https://www.visitbusan.net/uploadImgs/files/cntnts/20191231184354051_ttiel,www.visitbusan.net,rights_unknown,operational_assumed,operational_policy,"공식 관광 원천 일반 홍보 이미지, 이미지 수준 명시적 제한 미확인",,
busan-A-00090,대신공원,attraction,https://www.visitbusan.net/uploadImgs/files/cntnts/20191231192024538_ttiel,www.visitbusan.net,rights_unknown,operational_assumed,operational_policy,"공식 관광 원천 일반 홍보 이미지, 이미지 수준 명시적 제한 미확인",,
busan-A-00091,"화명수목원(한,영,중간,중번,일)",attraction,https://www.visitbusan.net/uploadImgs/files/cntnts/20191231192531286_ttiel,www.visitbusan.net,rights_unknown,operational_assumed,operational_policy,"공식 관광 원천 일반 홍보 이미지, 이미지 수준 명시적 제한 미확인",,
busan-A-00092,선암사,attraction,https://www.visitbusan.net/uploadImgs/files/cntnts/20191231193124555_ttiel,www.visitbusan.net,rights_unknown,operational_assumed,operational_policy,"공식 관광 원천 일반 홍보 이미지, 이미지 수준 명시적 제한 미확인",,
busan-A-00093,운수사,attraction,https://www.visitbusan.net/uploadImgs/files/cntnts/20191231193736138_ttiel,www.visitbusan.net,rights_unknown,operational_assumed,operational_policy,"공식 관광 원천 일반 홍보 이미지, 이미지 수준 명시적 제한 미확인",,
busan-A-00094,"스포원파크(한,영,중간,중번,일)",attraction,https://www.visitbusan.net/uploadImgs/files/cntnts/20251201114557109_ttiel,www.visitbusan.net,rights_unknown,operational_assumed,operational_policy,"공식 관광 원천 일반 홍보 이미지, 이미지 수준 명시적 제한 미확인",,
busan-A-00095,"우암동 소막마을(한,영,중간,중번,일)",attraction,https://www.visitbusan.net/uploadImgs/files/cntnts/20200101164518953_ttiel,www.visitbusan.net,rights_unknown,operational_assumed,operational_policy,"공식 관광 원천 일반 홍보 이미지, 이미지 수준 명시적 제한 미확인",,
busan-A-00096,"충렬사(한,영,중간,중번,일)",attraction,https://www.visitbusan.net/uploadImgs/files/cntnts/20200102125306322_ttiel,www.visitbusan.net,rights_unknown,operational_assumed,operational_policy,"공식 관광 원천 일반 홍보 이미지, 이미지 수준 명시적 제한 미확인",,
busan-A-00097,부산커피박물관,attraction,https://www.visitbusan.net/uploadImgs/files/cntnts/20200102141456051_ttiel,www.visitbusan.net,rights_unknown,operational_assumed,operational_policy,"공식 관광 원천 일반 홍보 이미지, 이미지 수준 명시적 제한 미확인",,
busan-A-00098,사상생활사박물관,attraction,https://www.visitbusan.net/uploadImgs/files/cntnts/20200102142920888_ttiel,www.visitbusan.net,rights_unknown,operational_assumed,operational_policy,"공식 관광 원천 일반 홍보 이미지, 이미지 수준 명시적 제한 미확인",,
busan-A-00099,사직야구장,attraction,https://www.visitbusan.net/uploadImgs/files/cntnts/20200110144727057_ttiel,www.visitbusan.net,rights_unknown,operational_assumed,operational_policy,"공식 관광 원천 일반 홍보 이미지, 이미지 수준 명시적 제한 미확인",,
busan-A-00100,"부산타워(한,영,중간,중번,일)",attraction,https://www.visitbusan.net/uploadImgs/files/cntnts/20200206095452989_ttiel,www.visitbusan.net,rights_unknown,operational_assumed,operational_policy,"공식 관광 원천 일반 홍보 이미지, 이미지 수준 명시적 제한 미확인",,
busan-A-00101,"신평소공원(한, 영)",attraction,https://www.visitbusan.net/uploadImgs/files/cntnts/20200514115750295_ttiel,www.visitbusan.net,rights_unknown,operational_assumed,operational_policy,"공식 관광 원천 일반 홍보 이미지, 이미지 수준 명시적 제한 미확인",,
busan-A-00102,기장 도예 관광 힐링촌 테마숲(한),attraction,https://www.visitbusan.net/uploadImgs/files/cntnts/20200706141824447_ttiel,www.visitbusan.net,rights_unknown,operational_assumed,operational_policy,"공식 관광 원천 일반 홍보 이미지, 이미지 수준 명시적 제한 미확인",,
busan-A-00103,부산신발이야기(한),attraction,https://www.visitbusan.net/uploadImgs/files/cntnts/20200706134923010_ttiel,www.visitbusan.net,rights_unknown,operational_assumed,operational_policy,"공식 관광 원천 일반 홍보 이미지, 이미지 수준 명시적 제한 미확인",,
busan-A-00104,"오션블루 가덕휴게소(한, 중간)",attraction,https://www.visitbusan.net/uploadImgs/files/cntnts/20200717114524295_ttiel,www.visitbusan.net,rights_unknown,operational_assumed,operational_policy,"공식 관광 원천 일반 홍보 이미지, 이미지 수준 명시적 제한 미확인",,
busan-A-00106,"정승빈작가-우암동 소막마을(한,영,중간,중번,일)",attraction,https://www.visitbusan.net/uploadImgs/files/cntnts/20200722140028489_ttiel,www.visitbusan.net,rights_unknown,operational_assumed,operational_policy,"공식 관광 원천 일반 홍보 이미지, 이미지 수준 명시적 제한 미확인",,
busan-A-00107,"부산치유의 숲(한, 영)",attraction,https://www.visitbusan.net/uploadImgs/files/cntnts/20200729150013892_ttiel,www.visitbusan.net,rights_unknown,operational_assumed,operational_policy,"공식 관광 원천 일반 홍보 이미지, 이미지 수준 명시적 제한 미확인",,
busan-A-00108,구덕문화공원(한),attraction,https://www.visitbusan.net/uploadImgs/files/cntnts/20200812172315522_ttiel,www.visitbusan.net,rights_unknown,operational_assumed,operational_policy,"공식 관광 원천 일반 홍보 이미지, 이미지 수준 명시적 제한 미확인",,
busan-A-00109,"정승빈작가-아미동비석마을(한,영,중간,중번,일)",attraction,https://www.visitbusan.net/uploadImgs/files/cntnts/20200818133843206_ttiel,www.visitbusan.net,rights_unknown,operational_assumed,operational_policy,"공식 관광 원천 일반 홍보 이미지, 이미지 수준 명시적 제한 미확인",,
busan-A-00110,"힐링하기 좋은 부산 어촌마을 (한,영,중간,중번,일)",attraction,https://www.visitbusan.net/uploadImgs/files/cntnts/20201030154341972_ttiel,www.visitbusan.net,rights_unknown,operational_assumed,operational_policy,"공식 관광 원천 일반 홍보 이미지, 이미지 수준 명시적 제한 미확인",,
busan-A-00111,"턴투워드부산(한,영,중간,중번,일)",attraction,https://www.visitbusan.net/uploadImgs/files/cntnts/20201106141515814_ttiel,www.visitbusan.net,rights_unknown,operational_assumed,operational_policy,"공식 관광 원천 일반 홍보 이미지, 이미지 수준 명시적 제한 미확인",,
busan-A-00112,"기장 달음산 자연휴양림(한,영,중간,중번,일)",attraction,https://www.visitbusan.net/uploadImgs/files/cntnts/20201201103753100_ttiel,www.visitbusan.net,rights_unknown,operational_assumed,operational_policy,"공식 관광 원천 일반 홍보 이미지, 이미지 수준 명시적 제한 미확인",,
busan-A-00113,"부산도서관(한,영,중간,중번,일)",attraction,https://www.visitbusan.net/uploadImgs/files/cntnts/20201216170753435_ttiel,www.visitbusan.net,rights_unknown,operational_assumed,operational_policy,"공식 관광 원천 일반 홍보 이미지, 이미지 수준 명시적 제한 미확인",,
busan-A-00114,"해운대수목원 (한,영,중간,중번,일)",attraction,https://www.visitbusan.net/uploadImgs/files/cntnts/20230202161355598_ttiel,www.visitbusan.net,rights_unknown,operational_assumed,operational_policy,"공식 관광 원천 일반 홍보 이미지, 이미지 수준 명시적 제한 미확인",,
busan-A-00115,"영도 봉산마을(한,영,중간,중번,일)",attraction,https://www.visitbusan.net/uploadImgs/files/cntnts/20211116151308755_ttiel,www.visitbusan.net,rights_unknown,operational_assumed,operational_policy,"공식 관광 원천 일반 홍보 이미지, 이미지 수준 명시적 제한 미확인",,
busan-A-00116,"KT&G상상마당 부산(한,영,중간,중번,일)",attraction,https://www.visitbusan.net/uploadImgs/files/cntnts/20211123183743098_ttiel,www.visitbusan.net,rights_unknown,operational_assumed,operational_policy,"공식 관광 원천 일반 홍보 이미지, 이미지 수준 명시적 제한 미확인",,
busan-A-00117,"광안종합시장 (한,영,중간,중번,일)",attraction,https://www.visitbusan.net/uploadImgs/files/cntnts/20220711140504179_ttiel,www.visitbusan.net,rights_unknown,operational_assumed,operational_policy,"공식 관광 원천 일반 홍보 이미지, 이미지 수준 명시적 제한 미확인",,
busan-A-00118,"롯데월드 어드벤처 부산 (한,영,중간,중번,일)",attraction,https://www.visitbusan.net/uploadImgs/files/cntnts/20220901105446739_ttiel,www.visitbusan.net,rights_unknown,operational_assumed,operational_policy,"공식 관광 원천 일반 홍보 이미지, 이미지 수준 명시적 제한 미확인",,
busan-A-00119,"현대 모터스튜디오 부산(한,영,중간,중번,일)",attraction,https://www.visitbusan.net/uploadImgs/files/cntnts/20220913120133333_ttiel,www.visitbusan.net,rights_unknown,operational_assumed,operational_policy,"공식 관광 원천 일반 홍보 이미지, 이미지 수준 명시적 제한 미확인",,
busan-A-00120,"힙함 가득한 전포공구길(한,영,중간,중번,일)",attraction,https://www.visitbusan.net/uploadImgs/files/cntnts/20220921114402310_ttiel,www.visitbusan.net,rights_unknown,operational_assumed,operational_policy,"공식 관광 원천 일반 홍보 이미지, 이미지 수준 명시적 제한 미확인",,
busan-A-00121,"송도해상케이블카(한,영,중간,중번,일)",attraction,https://www.visitbusan.net/uploadImgs/files/cntnts/20230508183214812_ttiel,www.visitbusan.net,rights_unknown,operational_assumed,operational_policy,"공식 관광 원천 일반 홍보 이미지, 이미지 수준 명시적 제한 미확인",,
busan-A-00122,"화명생태공원(한,영,중간,중번,일)",attraction,https://www.visitbusan.net/uploadImgs/files/cntnts/20230519190619574_ttiel,www.visitbusan.net,rights_unknown,operational_assumed,operational_policy,"공식 관광 원천 일반 홍보 이미지, 이미지 수준 명시적 제한 미확인",,
busan-A-00123,"태종대자동차극장(한,영,중간,중번,일)",attraction,https://www.visitbusan.net/uploadImgs/files/cntnts/20230525134753245_ttiel,www.visitbusan.net,rights_unknown,operational_assumed,operational_policy,"공식 관광 원천 일반 홍보 이미지, 이미지 수준 명시적 제한 미확인",,
busan-A-00124,"부산근현대역사관 별관(한,영,중간,중번,일)",attraction,https://www.visitbusan.net/uploadImgs/files/cntnts/20230602095512309_ttiel,www.visitbusan.net,rights_unknown,operational_assumed,operational_policy,"공식 관광 원천 일반 홍보 이미지, 이미지 수준 명시적 제한 미확인",,
busan-A-00125,"우암동 도시숲(한,영,중간,중번,일)",attraction,https://www.visitbusan.net/uploadImgs/files/cntnts/20230531220739285_ttiel,www.visitbusan.net,rights_unknown,operational_assumed,operational_policy,"공식 관광 원천 일반 홍보 이미지, 이미지 수준 명시적 제한 미확인",,
busan-A-00126,"서면미술관(한,영,중간,중번,일)",attraction,https://www.visitbusan.net/uploadImgs/files/cntnts/20230623172451559_ttiel,www.visitbusan.net,rights_unknown,operational_assumed,operational_policy,"공식 관광 원천 일반 홍보 이미지, 이미지 수준 명시적 제한 미확인",,
busan-A-00127,"부산현대미술관(한,영,중간,중번,일)",attraction,https://www.visitbusan.net/uploadImgs/files/cntnts/20230707174450394_ttiel,www.visitbusan.net,rights_unknown,operational_assumed,operational_policy,"공식 관광 원천 일반 홍보 이미지, 이미지 수준 명시적 제한 미확인",,
busan-A-00128,"대저생태공원(한,영,중간,중번,일)",attraction,https://www.visitbusan.net/uploadImgs/files/cntnts/20230713153840580_ttiel,www.visitbusan.net,rights_unknown,operational_assumed,operational_policy,"공식 관광 원천 일반 홍보 이미지, 이미지 수준 명시적 제한 미확인",,
busan-A-00129,"맥도생태공원(한,영,중간,중번,일)",attraction,https://www.visitbusan.net/uploadImgs/files/cntnts/20230713150615959_ttiel,www.visitbusan.net,rights_unknown,operational_assumed,operational_policy,"공식 관광 원천 일반 홍보 이미지, 이미지 수준 명시적 제한 미확인",,
busan-A-00130,"금빛노을브릿지(한,영,중간,중번,일)",attraction,https://www.visitbusan.net/uploadImgs/files/cntnts/20230720175854890_ttiel,www.visitbusan.net,rights_unknown,operational_assumed,operational_policy,"공식 관광 원천 일반 홍보 이미지, 이미지 수준 명시적 제한 미확인",,
busan-A-00131,"감전야생화단지(한,영,중간,중번,일)",attraction,https://www.visitbusan.net/uploadImgs/files/cntnts/20230723172025932_ttiel,www.visitbusan.net,rights_unknown,operational_assumed,operational_policy,"공식 관광 원천 일반 홍보 이미지, 이미지 수준 명시적 제한 미확인",,
busan-A-00132,"국제커피박물관(한,영,중간,중번,일)",attraction,https://www.visitbusan.net/uploadImgs/files/cntnts/20230818114709553_ttiel,www.visitbusan.net,rights_unknown,operational_assumed,operational_policy,"공식 관광 원천 일반 홍보 이미지, 이미지 수준 명시적 제한 미확인",,
busan-A-00133,"박태준기념관(한,영,중간,중번,일)",attraction,https://www.visitbusan.net/uploadImgs/files/cntnts/20230914182558311_ttiel,www.visitbusan.net,rights_unknown,operational_assumed,operational_policy,"공식 관광 원천 일반 홍보 이미지, 이미지 수준 명시적 제한 미확인",,
busan-A-00134,"다대포해변공원(한,영,중간,중번,일)",attraction,https://www.visitbusan.net/uploadImgs/files/cntnts/20230921171143286_ttiel,www.visitbusan.net,rights_unknown,operational_assumed,operational_policy,"공식 관광 원천 일반 홍보 이미지, 이미지 수준 명시적 제한 미확인",,
busan-A-00135,"유엔평화공원(한,영,중간,중번,일)",attraction,https://www.visitbusan.net/uploadImgs/files/cntnts/20231026100047318_ttiel,www.visitbusan.net,rights_unknown,operational_assumed,operational_policy,"공식 관광 원천 일반 홍보 이미지, 이미지 수준 명시적 제한 미확인",,
busan-A-00136,"정중앙공원(한,영,중간,중번,일)",attraction,https://www.visitbusan.net/uploadImgs/files/cntnts/20240103105345242_ttiel,www.visitbusan.net,rights_unknown,operational_assumed,operational_policy,"공식 관광 원천 일반 홍보 이미지, 이미지 수준 명시적 제한 미확인",,
busan-A-00137,"복천사(한,영,중간,중번,일)",attraction,https://www.visitbusan.net/uploadImgs/files/cntnts/20240207102023070_ttiel,www.visitbusan.net,rights_unknown,operational_assumed,operational_policy,"공식 관광 원천 일반 홍보 이미지, 이미지 수준 명시적 제한 미확인",,
busan-A-00138,"인공철새서식지 명품둘레길(한,영,중간,중번,일)",attraction,https://www.visitbusan.net/uploadImgs/files/cntnts/20240201225043211_ttiel,www.visitbusan.net,rights_unknown,operational_assumed,operational_policy,"공식 관광 원천 일반 홍보 이미지, 이미지 수준 명시적 제한 미확인",,
busan-A-00139,"목련꽃 가득 안은 성암사, 나만 알고 싶은 봄꽃 성지(한,영,중간,중번,일)",attraction,https://www.visitbusan.net/uploadImgs/files/cntnts/20240321001620807_ttiel,www.visitbusan.net,rights_unknown,operational_assumed,operational_policy,"공식 관광 원천 일반 홍보 이미지, 이미지 수준 명시적 제한 미확인",,
busan-A-00140,"땅뫼산 황토숲길(한,영,중간,중번,일)",attraction,https://www.visitbusan.net/uploadImgs/files/cntnts/20240401133553180_ttiel,www.visitbusan.net,rights_unknown,operational_assumed,operational_policy,"공식 관광 원천 일반 홍보 이미지, 이미지 수준 명시적 제한 미확인",,
busan-A-00141,"인도문화원(한,영,중간,중번,일)",attraction,https://www.visitbusan.net/uploadImgs/files/cntnts/20240503180255101_ttiel,www.visitbusan.net,rights_unknown,operational_assumed,operational_policy,"공식 관광 원천 일반 홍보 이미지, 이미지 수준 명시적 제한 미확인",,
busan-A-00142,"KF아세안문화원(한,영,중간,중번,일)",attraction,https://www.visitbusan.net/uploadImgs/files/cntnts/20240528134839123_ttiel,www.visitbusan.net,rights_unknown,operational_assumed,operational_policy,"공식 관광 원천 일반 홍보 이미지, 이미지 수준 명시적 제한 미확인",,
busan-A-00143,"오초량(한,영,중간,중번,일)",attraction,https://www.visitbusan.net/uploadImgs/files/cntnts/20240528140620645_ttiel,www.visitbusan.net,rights_unknown,operational_assumed,operational_policy,"공식 관광 원천 일반 홍보 이미지, 이미지 수준 명시적 제한 미확인",,
busan-A-00144,"부산이슬람성원(한,영,중간,중번,일)",attraction,https://www.visitbusan.net/uploadImgs/files/cntnts/20240528135430979_ttiel,www.visitbusan.net,rights_unknown,operational_assumed,operational_policy,"공식 관광 원천 일반 홍보 이미지, 이미지 수준 명시적 제한 미확인",,
busan-A-00145,"친환경스카이웨이전망대(한,영,중간,중번,일)",attraction,https://www.visitbusan.net/uploadImgs/files/cntnts/20240527143901347_ttiel,www.visitbusan.net,rights_unknown,operational_assumed,operational_policy,"공식 관광 원천 일반 홍보 이미지, 이미지 수준 명시적 제한 미확인",,
busan-A-00146,"부산근현대역사관 본관(한,영,중간,중번,일)",attraction,https://www.visitbusan.net/uploadImgs/files/cntnts/20240605163754301_ttiel,www.visitbusan.net,rights_unknown,operational_assumed,operational_policy,"공식 관광 원천 일반 홍보 이미지, 이미지 수준 명시적 제한 미확인",,
busan-A-00147,"무사이(한, 영, 중간, 중번, 일)",attraction,https://www.visitbusan.net/uploadImgs/files/cntnts/20240626113937766_ttiel,www.visitbusan.net,rights_unknown,operational_assumed,operational_policy,"공식 관광 원천 일반 홍보 이미지, 이미지 수준 명시적 제한 미확인",,
busan-A-00148,"부산 트래블라운지 (한, 영, 중간, 중번, 일)",attraction,https://www.visitbusan.net/uploadImgs/files/cntnts/20240703180805305_ttiel,www.visitbusan.net,rights_unknown,operational_assumed,operational_policy,"공식 관광 원천 일반 홍보 이미지, 이미지 수준 명시적 제한 미확인",,
busan-A-00149,"반여 초록공원 장산계곡(한,영,중간,중번,일)",attraction,https://www.visitbusan.net/uploadImgs/files/cntnts/20240809155702729_ttiel,www.visitbusan.net,rights_unknown,operational_assumed,operational_policy,"공식 관광 원천 일반 홍보 이미지, 이미지 수준 명시적 제한 미확인",,
busan-A-00150,"중앙공원(구 대신공원) 대신계곡(한,영,중간,중번,일)",attraction,https://www.visitbusan.net/uploadImgs/files/cntnts/20240809161549849_ttiel,www.visitbusan.net,rights_unknown,operational_assumed,operational_policy,"공식 관광 원천 일반 홍보 이미지, 이미지 수준 명시적 제한 미확인",,
busan-A-00151,"구덕야영장 계곡(한,영,중간,중번,일)",attraction,https://www.visitbusan.net/uploadImgs/files/cntnts/20240809163409331_ttiel,www.visitbusan.net,rights_unknown,operational_assumed,operational_policy,"공식 관광 원천 일반 홍보 이미지, 이미지 수준 명시적 제한 미확인",,
busan-A-00152,"범어사 용성계곡(한,영,중간,중번,일)",attraction,https://www.visitbusan.net/uploadImgs/files/cntnts/20240809171647495_ttiel,www.visitbusan.net,rights_unknown,operational_assumed,operational_policy,"공식 관광 원천 일반 홍보 이미지, 이미지 수준 명시적 제한 미확인",,
busan-A-00153,"용소웰빙공원(한,영,중간,중번,일)",attraction,https://www.visitbusan.net/uploadImgs/files/cntnts/20240821134135301_ttiel,www.visitbusan.net,rights_unknown,operational_assumed,operational_policy,"공식 관광 원천 일반 홍보 이미지, 이미지 수준 명시적 제한 미확인",,
busan-A-00154,"국립부산국악원 국악체험관(한,영,중간,중번,일)",attraction,https://www.visitbusan.net/uploadImgs/files/cntnts/20240826154634475_ttiel,www.visitbusan.net,rights_unknown,operational_assumed,operational_policy,"공식 관광 원천 일반 홍보 이미지, 이미지 수준 명시적 제한 미확인",,
busan-A-00155,"부산수학문화관(한,영,중간,중번,일)",attraction,https://www.visitbusan.net/uploadImgs/files/cntnts/20240904145348246_ttiel,www.visitbusan.net,rights_unknown,operational_assumed,operational_policy,"공식 관광 원천 일반 홍보 이미지, 이미지 수준 명시적 제한 미확인",,
busan-A-00156,"마하사(한,영,중간,중번,일)",attraction,https://www.visitbusan.net/uploadImgs/files/cntnts/20240911101725976_ttiel,www.visitbusan.net,rights_unknown,operational_assumed,operational_policy,"공식 관광 원천 일반 홍보 이미지, 이미지 수준 명시적 제한 미확인",,
busan-A-00157,"이바구길 사진관(한,영,중간,중번,일)",attraction,https://www.visitbusan.net/uploadImgs/files/cntnts/20240910171845448_ttiel,www.visitbusan.net,rights_unknown,operational_assumed,operational_policy,"공식 관광 원천 일반 홍보 이미지, 이미지 수준 명시적 제한 미확인",,
busan-A-00158,"북항 친수공원(한,영,중간,중번,일)",attraction,https://www.visitbusan.net/uploadImgs/files/cntnts/20240911140423764_ttiel,www.visitbusan.net,rights_unknown,operational_assumed,operational_policy,"공식 관광 원천 일반 홍보 이미지, 이미지 수준 명시적 제한 미확인",,
busan-A-00159,"북항재개발 홍보관(한,영,중간,중번,일)",attraction,https://www.visitbusan.net/uploadImgs/files/cntnts/20240911173034092_ttiel,www.visitbusan.net,rights_unknown,operational_assumed,operational_policy,"공식 관광 원천 일반 홍보 이미지, 이미지 수준 명시적 제한 미확인",,
busan-A-00160,"문화예술플랫폼(한,영,중간,중번,일)",attraction,https://www.visitbusan.net/uploadImgs/files/cntnts/20240911180908467_ttiel,www.visitbusan.net,rights_unknown,operational_assumed,operational_policy,"공식 관광 원천 일반 홍보 이미지, 이미지 수준 명시적 제한 미확인",,
busan-A-00161,"북두칠성도서관(한,영,중간,중번,일)",attraction,https://www.visitbusan.net/uploadImgs/files/cntnts/20240913175719812_ttiel,www.visitbusan.net,rights_unknown,operational_assumed,operational_policy,"공식 관광 원천 일반 홍보 이미지, 이미지 수준 명시적 제한 미확인",,
busan-A-00162,"송정 구덕포길(한,영,중간,중번,일)",attraction,https://www.visitbusan.net/uploadImgs/files/cntnts/20240920110953518_ttiel,www.visitbusan.net,rights_unknown,operational_assumed,operational_policy,"공식 관광 원천 일반 홍보 이미지, 이미지 수준 명시적 제한 미확인",,
busan-A-00163,"망양로 산복도로 전시관(한,영,중간,중번,일)",attraction,https://www.visitbusan.net/uploadImgs/files/cntnts/20240923115623200_ttiel,www.visitbusan.net,rights_unknown,operational_assumed,operational_policy,"공식 관광 원천 일반 홍보 이미지, 이미지 수준 명시적 제한 미확인",,
busan-A-00164,"닥밭골 벽화마을(한,영,중간,중번,일)",attraction,https://www.visitbusan.net/uploadImgs/files/cntnts/20240923142217173_ttiel,www.visitbusan.net,rights_unknown,operational_assumed,operational_policy,"공식 관광 원천 일반 홍보 이미지, 이미지 수준 명시적 제한 미확인",,
busan-A-00165,"대청스카이전망대(한,영,중간,중번,일)",attraction,https://www.visitbusan.net/uploadImgs/files/cntnts/20240923144618796_ttiel,www.visitbusan.net,rights_unknown,operational_assumed,operational_policy,"공식 관광 원천 일반 홍보 이미지, 이미지 수준 명시적 제한 미확인",,
busan-A-00166,"색채마을(한,영,중간,중번,일)",attraction,https://www.visitbusan.net/uploadImgs/files/cntnts/20240923150247468_ttiel,www.visitbusan.net,rights_unknown,operational_assumed,operational_policy,"공식 관광 원천 일반 홍보 이미지, 이미지 수준 명시적 제한 미확인",,
busan-A-00167,"뮤직컴플렉스 서울 부산점(한,영,중간,중번,일)",attraction,https://www.visitbusan.net/uploadImgs/files/cntnts/20240926181328093_ttiel,www.visitbusan.net,rights_unknown,operational_assumed,operational_policy,"공식 관광 원천 일반 홍보 이미지, 이미지 수준 명시적 제한 미확인",,
busan-A-00168,"누리마루 APEC하우스 (한,영,중간,중번,일)",attraction,https://www.visitbusan.net/uploadImgs/files/cntnts/20241002101127462_ttiel,www.visitbusan.net,rights_unknown,operational_assumed,operational_policy,"공식 관광 원천 일반 홍보 이미지, 이미지 수준 명시적 제한 미확인",,
busan-A-00169,"용호 별빛공원(한,영,중간,중번,일)",attraction,https://www.visitbusan.net/uploadImgs/files/cntnts/20241017115549245_ttiel,www.visitbusan.net,rights_unknown,operational_assumed,operational_policy,"공식 관광 원천 일반 홍보 이미지, 이미지 수준 명시적 제한 미확인",,
busan-A-00170,"부산 워케이션 거점센터(한,영,중간,중번,일)",attraction,https://www.visitbusan.net/uploadImgs/files/cntnts/20241024114149701_ttiel,www.visitbusan.net,rights_unknown,operational_assumed,operational_policy,"공식 관광 원천 일반 홍보 이미지, 이미지 수준 명시적 제한 미확인",,
busan-A-00171,"더휴일X데스커 워케이션 센터(한,영,중간,중번,일)",attraction,https://www.visitbusan.net/uploadImgs/files/cntnts/20241024131843096_ttiel,www.visitbusan.net,rights_unknown,operational_assumed,operational_policy,"공식 관광 원천 일반 홍보 이미지, 이미지 수준 명시적 제한 미확인",,
busan-A-00172,"씨씨윗북 북스토어(한,영,중간,중번,일)",attraction,https://www.visitbusan.net/uploadImgs/files/cntnts/20241024113331184_ttiel,www.visitbusan.net,rights_unknown,operational_assumed,operational_policy,"공식 관광 원천 일반 홍보 이미지, 이미지 수준 명시적 제한 미확인",,
busan-A-00173,"패스파인더 남포점(한,영,중간,중번,일)",attraction,https://www.visitbusan.net/uploadImgs/files/cntnts/20241024144324691_ttiel,www.visitbusan.net,rights_unknown,operational_assumed,operational_policy,"공식 관광 원천 일반 홍보 이미지, 이미지 수준 명시적 제한 미확인",,
busan-A-00174,"도모헌(한,영,중간,중번,일)",attraction,https://www.visitbusan.net/uploadImgs/files/cntnts/20241025105526827_ttiel,www.visitbusan.net,rights_unknown,operational_assumed,operational_policy,"공식 관광 원천 일반 홍보 이미지, 이미지 수준 명시적 제한 미확인",,
busan-A-00175,"동삼동패총전시관(한,영,중간,중번,일)",attraction,https://www.visitbusan.net/uploadImgs/files/cntnts/20241029182913498_ttiel,www.visitbusan.net,rights_unknown,operational_assumed,operational_policy,"공식 관광 원천 일반 홍보 이미지, 이미지 수준 명시적 제한 미확인",,
busan-A-00176,"부산시민공원 역사문화관(한,영,중간,중번,일)",attraction,https://www.visitbusan.net/uploadImgs/files/cntnts/20241031151344958_ttiel,www.visitbusan.net,rights_unknown,operational_assumed,operational_policy,"공식 관광 원천 일반 홍보 이미지, 이미지 수준 명시적 제한 미확인",,
busan-A-00177,"다대포 바다누리길(한,영,중간,중번,일)",attraction,https://www.visitbusan.net/uploadImgs/files/cntnts/20241031180127634_ttiel,www.visitbusan.net,rights_unknown,operational_assumed,operational_policy,"공식 관광 원천 일반 홍보 이미지, 이미지 수준 명시적 제한 미확인",,
busan-A-00178,"광안리 골방(한,영,중간,중번,일)",attraction,https://www.visitbusan.net/uploadImgs/files/cntnts/20241108142157400_ttiel,www.visitbusan.net,rights_unknown,operational_assumed,operational_policy,"공식 관광 원천 일반 홍보 이미지, 이미지 수준 명시적 제한 미확인",,
busan-A-00179,"오시리아 해안 산책로(한,영,중간,중번,일)",attraction,https://www.visitbusan.net/uploadImgs/files/cntnts/20241107133504063_ttiel,www.visitbusan.net,rights_unknown,operational_assumed,operational_policy,"공식 관광 원천 일반 홍보 이미지, 이미지 수준 명시적 제한 미확인",,
busan-A-00180,"홍티아트센터(한,영,중간,중번,일)",attraction,https://www.visitbusan.net/uploadImgs/files/cntnts/20241107142452622_ttiel,www.visitbusan.net,rights_unknown,operational_assumed,operational_policy,"공식 관광 원천 일반 홍보 이미지, 이미지 수준 명시적 제한 미확인",,
busan-A-00181,"일광 광산마을(한,영,중간,중번,일)",attraction,https://www.visitbusan.net/uploadImgs/files/cntnts/20241112125514341_ttiel,www.visitbusan.net,rights_unknown,operational_assumed,operational_policy,"공식 관광 원천 일반 홍보 이미지, 이미지 수준 명시적 제한 미확인",,
busan-A-00182,"부산항 제 1부두(한,영,중간,중번,일)",attraction,https://www.visitbusan.net/uploadImgs/files/cntnts/20241112141808956_ttiel,www.visitbusan.net,rights_unknown,operational_assumed,operational_policy,"공식 관광 원천 일반 홍보 이미지, 이미지 수준 명시적 제한 미확인",,
busan-A-00183,"유엔평화기념관(한,영,중간,중번,일)",attraction,https://www.visitbusan.net/uploadImgs/files/cntnts/20241112150316938_ttiel,www.visitbusan.net,rights_unknown,operational_assumed,operational_policy,"공식 관광 원천 일반 홍보 이미지, 이미지 수준 명시적 제한 미확인",,
busan-A-00184,"명지 철새 탐조대(한,영,중간,중번,일)",attraction,https://www.visitbusan.net/uploadImgs/files/cntnts/20241113145816999_ttiel,www.visitbusan.net,rights_unknown,operational_assumed,operational_policy,"공식 관광 원천 일반 홍보 이미지, 이미지 수준 명시적 제한 미확인",,
busan-A-00185,"포디움다이브엠(한,영,중간,중번,일)",attraction,https://www.visitbusan.net/uploadImgs/files/cntnts/20241126144851008_ttiel,www.visitbusan.net,rights_unknown,operational_assumed,operational_policy,"공식 관광 원천 일반 홍보 이미지, 이미지 수준 명시적 제한 미확인",,
busan-A-00186,"갤러리 수정(한,영,중간,중번,일)",attraction,https://www.visitbusan.net/uploadImgs/files/cntnts/20241202143950023_ttiel,www.visitbusan.net,rights_unknown,operational_assumed,operational_policy,"공식 관광 원천 일반 홍보 이미지, 이미지 수준 명시적 제한 미확인",,
busan-A-00187,"이바구캠프(한,영,중간,중번,일)",attraction,https://www.visitbusan.net/uploadImgs/files/cntnts/20241202150020813_ttiel,www.visitbusan.net,rights_unknown,operational_assumed,operational_policy,"공식 관광 원천 일반 홍보 이미지, 이미지 수준 명시적 제한 미확인",,
busan-A-00188,"디오티미술관(한,영,중간,중번,일)",attraction,https://www.visitbusan.net/uploadImgs/files/cntnts/20241206140233984_ttiel,www.visitbusan.net,rights_unknown,operational_assumed,operational_policy,"공식 관광 원천 일반 홍보 이미지, 이미지 수준 명시적 제한 미확인",,
busan-A-00189,"오륜대 순교자 성지(한,영,중간,중번,일)",attraction,https://www.visitbusan.net/uploadImgs/files/cntnts/20241206151830093_ttiel,www.visitbusan.net,rights_unknown,operational_assumed,operational_policy,"공식 관광 원천 일반 홍보 이미지, 이미지 수준 명시적 제한 미확인",,
busan-A-00190,"갤러리 플레이리스트(한,영,중간,중번,일)",attraction,https://www.visitbusan.net/uploadImgs/files/cntnts/20241206181644634_ttiel,www.visitbusan.net,rights_unknown,operational_assumed,operational_policy,"공식 관광 원천 일반 홍보 이미지, 이미지 수준 명시적 제한 미확인",,
busan-A-00191,"영도해돋이전망대 (한,영,중간,중번,일)",attraction,https://www.visitbusan.net/uploadImgs/files/cntnts/20241219102705213_ttiel,www.visitbusan.net,rights_unknown,operational_assumed,operational_policy,"공식 관광 원천 일반 홍보 이미지, 이미지 수준 명시적 제한 미확인",,
busan-A-00192,"해광사(한,영,중간,중번,일)",attraction,https://www.visitbusan.net/uploadImgs/files/cntnts/20241224115942076_ttiel,www.visitbusan.net,rights_unknown,operational_assumed,operational_policy,"공식 관광 원천 일반 홍보 이미지, 이미지 수준 명시적 제한 미확인",,
busan-A-00193,"륜 빌리지 (한,영,중간,중번,일)",attraction,https://www.visitbusan.net/uploadImgs/files/cntnts/20250102170659652_ttiel,www.visitbusan.net,rights_unknown,operational_assumed,operational_policy,"공식 관광 원천 일반 홍보 이미지, 이미지 수준 명시적 제한 미확인",,
busan-A-00194,"내원정사(한,영,중간,중번,일)",attraction,https://www.visitbusan.net/uploadImgs/files/cntnts/20250110143214904_ttiel,www.visitbusan.net,rights_unknown,operational_assumed,operational_policy,"공식 관광 원천 일반 홍보 이미지, 이미지 수준 명시적 제한 미확인",,
busan-A-00195,"홍법사(한,영,중간,중번,일)",attraction,https://www.visitbusan.net/uploadImgs/files/cntnts/20250110145605040_ttiel,www.visitbusan.net,rights_unknown,operational_assumed,operational_policy,"공식 관광 원천 일반 홍보 이미지, 이미지 수준 명시적 제한 미확인",,
busan-A-00196,"부산어린이대공원 치유의숲(한,영,중간,중번,일)",attraction,https://www.visitbusan.net/uploadImgs/files/cntnts/20250110150900359_ttiel,www.visitbusan.net,rights_unknown,operational_assumed,operational_policy,"공식 관광 원천 일반 홍보 이미지, 이미지 수준 명시적 제한 미확인",,
busan-A-00197,"동백섬(한,영,중간,중번,일)",attraction,https://www.visitbusan.net/uploadImgs/files/cntnts/20250207152914813_ttiel,www.visitbusan.net,rights_unknown,operational_assumed,operational_policy,"공식 관광 원천 일반 홍보 이미지, 이미지 수준 명시적 제한 미확인",,
busan-A-00198,"중사도(한,영,중간,중번,일)",attraction,https://www.visitbusan.net/uploadImgs/files/cntnts/20250207155656641_ttiel,www.visitbusan.net,rights_unknown,operational_assumed,operational_policy,"공식 관광 원천 일반 홍보 이미지, 이미지 수준 명시적 제한 미확인",,
busan-A-00199,"모퉁이극장(한,영,중간,중번,일)",attraction,https://www.visitbusan.net/uploadImgs/files/cntnts/20250212112901695_ttiel,www.visitbusan.net,rights_unknown,operational_assumed,operational_policy,"공식 관광 원천 일반 홍보 이미지, 이미지 수준 명시적 제한 미확인",,
busan-A-00200,"영주맨션(한,영,중간,중번,일)",attraction,https://www.visitbusan.net/uploadImgs/files/cntnts/20250214183306081_ttiel,www.visitbusan.net,rights_unknown,operational_assumed,operational_policy,"공식 관광 원천 일반 홍보 이미지, 이미지 수준 명시적 제한 미확인",,
busan-A-00201,"황령산레포츠공원(한,영,중간,중번,일)",attraction,https://www.visitbusan.net/uploadImgs/files/cntnts/20250306115823313_ttiel,www.visitbusan.net,rights_unknown,operational_assumed,operational_policy,"공식 관광 원천 일반 홍보 이미지, 이미지 수준 명시적 제한 미확인",,
busan-A-00202,"범어사 성보박물관(한,영,중간,중번,일)",attraction,https://www.visitbusan.net/uploadImgs/files/cntnts/20250317141712864_ttiel,www.visitbusan.net,rights_unknown,operational_assumed,operational_policy,"공식 관광 원천 일반 홍보 이미지, 이미지 수준 명시적 제한 미확인",,
busan-A-00203,대룡마을,attraction,https://www.visitbusan.net/uploadImgs/files/cntnts/20250620121122146_ttiel,www.visitbusan.net,rights_unknown,operational_assumed,operational_policy,"공식 관광 원천 일반 홍보 이미지, 이미지 수준 명시적 제한 미확인",,
busan-A-00204,"남포, 광복지하도상가",attraction,https://www.visitbusan.net/uploadImgs/files/cntnts/20250728122343276_ttiel,www.visitbusan.net,rights_unknown,operational_assumed,operational_policy,"공식 관광 원천 일반 홍보 이미지, 이미지 수준 명시적 제한 미확인",,
busan-A-00205,황령산봉수전망대,attraction,https://www.visitbusan.net/uploadImgs/files/cntnts/20250826175032196_ttiel,www.visitbusan.net,rights_unknown,operational_assumed,operational_policy,"공식 관광 원천 일반 홍보 이미지, 이미지 수준 명시적 제한 미확인",,
busan-A-00206,1934 기차 동래역,attraction,https://www.visitbusan.net/uploadImgs/files/cntnts/20250926164016872_ttiel,www.visitbusan.net,rights_unknown,operational_assumed,operational_policy,"공식 관광 원천 일반 홍보 이미지, 이미지 수준 명시적 제한 미확인",,
busan-A-00207,대항 어항동 방파제 등대,attraction,https://www.visitbusan.net/uploadImgs/files/cntnts/20251020162135473_ttiel,www.visitbusan.net,rights_unknown,operational_assumed,operational_policy,"공식 관광 원천 일반 홍보 이미지, 이미지 수준 명시적 제한 미확인",,
busan-A-00208,충무동 해안시장,attraction,https://www.visitbusan.net/uploadImgs/files/cntnts/20251020171326961_ttiel,www.visitbusan.net,rights_unknown,operational_assumed,operational_policy,"공식 관광 원천 일반 홍보 이미지, 이미지 수준 명시적 제한 미확인",,
busan-A-00209,초량 이바구길,attraction,https://www.visitbusan.net/uploadImgs/files/cntnts/20251024154312500_ttiel,www.visitbusan.net,rights_unknown,operational_assumed,operational_policy,"공식 관광 원천 일반 홍보 이미지, 이미지 수준 명시적 제한 미확인",,
busan-A-00210,고려제강기념관,attraction,https://www.visitbusan.net/uploadImgs/files/cntnts/20251029154155656_ttiel,www.visitbusan.net,rights_unknown,operational_assumed,operational_policy,"공식 관광 원천 일반 홍보 이미지, 이미지 수준 명시적 제한 미확인",,
busan-A-00211,회동수원지,attraction,https://www.visitbusan.net/uploadImgs/files/cntnts/20251121173217035_ttiel,www.visitbusan.net,rights_unknown,operational_assumed,operational_policy,"공식 관광 원천 일반 홍보 이미지, 이미지 수준 명시적 제한 미확인",,
busan-A-00212,리틀 프린스 하우스,attraction,https://www.visitbusan.net/uploadImgs/files/cntnts/20260311171309981_ttiel,www.visitbusan.net,rights_unknown,operational_assumed,operational_policy,"공식 관광 원천 일반 홍보 이미지, 이미지 수준 명시적 제한 미확인",,
busan-A-00213,지그재그아트센터,attraction,https://www.visitbusan.net/uploadImgs/files/cntnts/20260609143205137_ttiel,www.visitbusan.net,rights_unknown,operational_assumed,operational_policy,"공식 관광 원천 일반 홍보 이미지, 이미지 수준 명시적 제한 미확인",,
busan-E-00001,"부산바다축제(한,영, 중간,중번,일)",event,https://www.visitbusan.net/uploadImgs/files/cntnts/20191213191711585_ttiel,www.visitbusan.net,rights_unknown,operational_assumed,operational_policy,"공식 관광 원천 일반 홍보 이미지, 이미지 수준 명시적 제한 미확인",,
busan-E-00002,"수국축제(한,영,중간,중번,일)",event,https://www.visitbusan.net/uploadImgs/files/cntnts/20191222160520749_ttiel,www.visitbusan.net,rights_unknown,operational_assumed,operational_policy,"공식 관광 원천 일반 홍보 이미지, 이미지 수준 명시적 제한 미확인",,
busan-E-00003,"센텀맥주축제(한,영,중간,중번,일)",event,https://www.visitbusan.net/uploadImgs/files/cntnts/20191227114742493_ttiel,www.visitbusan.net,rights_unknown,operational_assumed,operational_policy,"공식 관광 원천 일반 홍보 이미지, 이미지 수준 명시적 제한 미확인",,
busan-E-00004,"금정산성축제(한,영,중간,중번,일)",event,https://www.visitbusan.net/uploadImgs/files/cntnts/20191227115551778_ttiel,www.visitbusan.net,rights_unknown,operational_assumed,operational_policy,"공식 관광 원천 일반 홍보 이미지, 이미지 수준 명시적 제한 미확인",,
busan-E-00005,"낙동강구포나루축제(한,영,중간,중번,일)",event,https://www.visitbusan.net/uploadImgs/files/cntnts/20191227120157384_ttiel,www.visitbusan.net,rights_unknown,operational_assumed,operational_policy,"공식 관광 원천 일반 홍보 이미지, 이미지 수준 명시적 제한 미확인",,
busan-E-00006,"부산불꽃축제(한, 영, 중간, 중번, 일)",event,https://www.visitbusan.net/uploadImgs/files/cntnts/20241022165920388_ttiel,www.visitbusan.net,rights_unknown,operational_assumed,operational_policy,"공식 관광 원천 일반 홍보 이미지, 이미지 수준 명시적 제한 미확인",,
busan-E-00007,"삼광사 연등축제(한,영,중간,중번,일)",event,https://www.visitbusan.net/uploadImgs/files/cntnts/20230503134701548_ttiel,www.visitbusan.net,rights_unknown,operational_assumed,operational_policy,"공식 관광 원천 일반 홍보 이미지, 이미지 수준 명시적 제한 미확인",,
busan-E-00008,"해운대모래축제(한,영,중간,중번,일)",event,https://www.visitbusan.net/uploadImgs/files/cntnts/20250512112542346_ttiel,www.visitbusan.net,rights_unknown,operational_assumed,operational_policy,"공식 관광 원천 일반 홍보 이미지, 이미지 수준 명시적 제한 미확인",,
busan-E-00009,"부산항축제(한,영,중간,중번,일)",event,https://www.visitbusan.net/uploadImgs/files/cntnts/20260422164844354_ttiel,www.visitbusan.net,rights_unknown,operational_assumed,operational_policy,"공식 관광 원천 일반 홍보 이미지, 이미지 수준 명시적 제한 미확인",,
busan-E-00010,"동래읍성 역사축제(한, 영, 중간, 중번, 일)",event,https://www.visitbusan.net/uploadImgs/files/cntnts/20191230193142955_ttiel,www.visitbusan.net,rights_unknown,operational_assumed,operational_policy,"공식 관광 원천 일반 홍보 이미지, 이미지 수준 명시적 제한 미확인",,
busan-E-00011,"부산자갈치축제(한,영,중간,중번,일)",event,https://www.visitbusan.net/uploadImgs/files/cntnts/20191230200521249_ttiel,www.visitbusan.net,rights_unknown,operational_assumed,operational_policy,"공식 관광 원천 일반 홍보 이미지, 이미지 수준 명시적 제한 미확인",,
busan-E-00012,"차이나타운특구 문화축제(한,영,중간,중번,일)",event,https://www.visitbusan.net/uploadImgs/files/cntnts/20191230202600804_ttiel,www.visitbusan.net,rights_unknown,operational_assumed,operational_policy,"공식 관광 원천 일반 홍보 이미지, 이미지 수준 명시적 제한 미확인",,
busan-E-00013,"부산바다미술제(한,영,중간,중번,일)",event,https://www.visitbusan.net/uploadImgs/files/cntnts/20231024143140221_ttiel,www.visitbusan.net,rights_unknown,operational_assumed,operational_policy,"공식 관광 원천 일반 홍보 이미지, 이미지 수준 명시적 제한 미확인",,
busan-E-00014,"해운대 빛축제(한,영,중간,중번,일)",event,https://www.visitbusan.net/uploadImgs/files/cntnts/20221227165437336_ttiel,www.visitbusan.net,rights_unknown,operational_assumed,operational_policy,"공식 관광 원천 일반 홍보 이미지, 이미지 수준 명시적 제한 미확인",,
busan-E-00015,"기장미역다시마축제(한, 영, 중간, 중번, 일)",event,https://www.visitbusan.net/uploadImgs/files/cntnts/20191231114635471_ttiel,www.visitbusan.net,rights_unknown,operational_assumed,operational_policy,"공식 관광 원천 일반 홍보 이미지, 이미지 수준 명시적 제한 미확인",,
busan-E-00016,"광안리어방축제(한,영,중간,중번,일)",event,https://www.visitbusan.net/uploadImgs/files/cntnts/20191231174925322_ttiel,www.visitbusan.net,rights_unknown,operational_assumed,operational_policy,"공식 관광 원천 일반 홍보 이미지, 이미지 수준 명시적 제한 미확인",,
busan-E-00017,"기장멸치축제(한, 영, 중간, 중번, 일)",event,https://www.visitbusan.net/uploadImgs/files/cntnts/20191231175726016_ttiel,www.visitbusan.net,rights_unknown,operational_assumed,operational_policy,"공식 관광 원천 일반 홍보 이미지, 이미지 수준 명시적 제한 미확인",,
busan-E-00018,"광복로 겨울빛 트리축제(한,영,중간,중번,일)",event,https://www.visitbusan.net/uploadImgs/files/cntnts/20221227174139947_ttiel,www.visitbusan.net,rights_unknown,operational_assumed,operational_policy,"공식 관광 원천 일반 홍보 이미지, 이미지 수준 명시적 제한 미확인",,
busan-E-00019,"부산국제록페스티벌(한,영, 중간,중번,일)",event,https://www.visitbusan.net/uploadImgs/files/cntnts/20230913151940386_ttiel,www.visitbusan.net,rights_unknown,operational_assumed,operational_policy,"공식 관광 원천 일반 홍보 이미지, 이미지 수준 명시적 제한 미확인",,
busan-E-00020,"대저토마토축제(한, 영, 중간, 중번, 일)",event,https://www.visitbusan.net/uploadImgs/files/cntnts/20200102115239175_ttiel,www.visitbusan.net,rights_unknown,operational_assumed,operational_policy,"공식 관광 원천 일반 홍보 이미지, 이미지 수준 명시적 제한 미확인",,
busan-E-00021,"낙동강 정원 벚꽃축제(한,영,중간,중번,일)",event,https://www.visitbusan.net/uploadImgs/files/cntnts/20200102120811862_ttiel,www.visitbusan.net,rights_unknown,operational_assumed,operational_policy,"공식 관광 원천 일반 홍보 이미지, 이미지 수준 명시적 제한 미확인",,
busan-E-00022,"사상강변축제(한,영,중간,중번,일)",event,https://www.visitbusan.net/uploadImgs/files/cntnts/20200102124932671_ttiel,www.visitbusan.net,rights_unknown,operational_assumed,operational_policy,"공식 관광 원천 일반 홍보 이미지, 이미지 수준 명시적 제한 미확인",,
busan-E-00023,"해운대달맞이온천축제(한,영,중간,중번,일)",event,https://www.visitbusan.net/uploadImgs/files/cntnts/20200102125938297_ttiel,www.visitbusan.net,rights_unknown,operational_assumed,operational_policy,"공식 관광 원천 일반 홍보 이미지, 이미지 수준 명시적 제한 미확인",,
busan-E-00024,"해운대북극곰축제(한,영,중간,중번,일)",event,https://www.visitbusan.net/uploadImgs/files/cntnts/20200102133625014_ttiel,www.visitbusan.net,rights_unknown,operational_assumed,operational_policy,"공식 관광 원천 일반 홍보 이미지, 이미지 수준 명시적 제한 미확인",,
busan-E-00025,"조선통신사축제(한,영,중간,중번,일)",event,https://www.visitbusan.net/uploadImgs/files/cntnts/20200110115509318_ttiel,www.visitbusan.net,rights_unknown,operational_assumed,operational_policy,"공식 관광 원천 일반 홍보 이미지, 이미지 수준 명시적 제한 미확인",,
busan-E-00026,"부산국제영화제(한, 영, 중간, 중번, 일)",event,https://www.visitbusan.net/uploadImgs/files/cntnts/20200110131702589_ttiel,www.visitbusan.net,rights_unknown,operational_assumed,operational_policy,"공식 관광 원천 일반 홍보 이미지, 이미지 수준 명시적 제한 미확인",,
busan-E-00027,"감천문화마을골목축제(한,영,중간,중번,일)",event,https://www.visitbusan.net/uploadImgs/files/cntnts/20200110160422867_ttiel,www.visitbusan.net,rights_unknown,operational_assumed,operational_policy,"공식 관광 원천 일반 홍보 이미지, 이미지 수준 명시적 제한 미확인",,
busan-E-00029,"부산연등회(한,영,중간,중번,일)",event,https://www.visitbusan.net/uploadImgs/files/cntnts/20230517141710433_ttiel,www.visitbusan.net,rights_unknown,operational_assumed,operational_policy,"공식 관광 원천 일반 홍보 이미지, 이미지 수준 명시적 제한 미확인",,
busan-E-00030,"부산수제맥주마스터스챌린지(한,영,중간,중번,일)",event,https://www.visitbusan.net/uploadImgs/files/cntnts/20230821115632607_ttiel,www.visitbusan.net,rights_unknown,operational_assumed,operational_policy,"공식 관광 원천 일반 홍보 이미지, 이미지 수준 명시적 제한 미확인",,
busan-E-00031,"나이트레이스 인 부산(한, 영, 중간, 중번, 일)",event,https://www.visitbusan.net/uploadImgs/files/cntnts/20230908145725673_ttiel,www.visitbusan.net,rights_unknown,operational_assumed,operational_policy,"공식 관광 원천 일반 홍보 이미지, 이미지 수준 명시적 제한 미확인",,
busan-E-00033,부산국제마케팅광고제(한),event,https://www.visitbusan.net/uploadImgs/files/cntnts/20240416114016931_ttiel,www.visitbusan.net,rights_unknown,operational_assumed,operational_policy,"공식 관광 원천 일반 홍보 이미지, 이미지 수준 명시적 제한 미확인",,
busan-E-00034,부산국제어린이청소년영화제,event,https://www.visitbusan.net/uploadImgs/files/cntnts/20240625105125182_ttiel,www.visitbusan.net,rights_unknown,operational_assumed,operational_policy,"공식 관광 원천 일반 홍보 이미지, 이미지 수준 명시적 제한 미확인",,
busan-E-00035,2024 용두산 썸머 비치,event,https://www.visitbusan.net/uploadImgs/files/cntnts/20240801113323229_ttiel,www.visitbusan.net,rights_unknown,operational_assumed,operational_policy,"공식 관광 원천 일반 홍보 이미지, 이미지 수준 명시적 제한 미확인",,
busan-E-00036,"서면 빛 축제(한,영,중간,중번,일)",event,https://www.visitbusan.net/uploadImgs/files/cntnts/20241021182231021_ttiel,www.visitbusan.net,rights_unknown,operational_assumed,operational_policy,"공식 관광 원천 일반 홍보 이미지, 이미지 수준 명시적 제한 미확인",,
busan-E-00037,2026 원아시아페스티벌(BOF),event,https://www.visitbusan.net/uploadImgs/files/cntnts/20250430144313591_ttiel,www.visitbusan.net,rights_unknown,operational_assumed,operational_policy,"공식 관광 원천 일반 홍보 이미지, 이미지 수준 명시적 제한 미확인",,
busan-E-00038,택슐랭,event,https://www.visitbusan.net/uploadImgs/files/cntnts/20250513184648656_ttiel,www.visitbusan.net,rights_unknown,operational_assumed,operational_policy,"공식 관광 원천 일반 홍보 이미지, 이미지 수준 명시적 제한 미확인",,
busan-E-00039,부산콘서트홀 개관 페스티벌,event,https://www.visitbusan.net/uploadImgs/files/cntnts/20250520203304478_ttiel,www.visitbusan.net,rights_unknown,operational_assumed,operational_policy,"공식 관광 원천 일반 홍보 이미지, 이미지 수준 명시적 제한 미확인",,
busan-E-00040,김해공항 Welcome to Busan 환대 행사,event,https://www.visitbusan.net/uploadImgs/files/cntnts/20260601150158169_ttiel,www.visitbusan.net,rights_unknown,operational_assumed,operational_policy,"공식 관광 원천 일반 홍보 이미지, 이미지 수준 명시적 제한 미확인",,
busan-F-00001,만드리곤드레밥,restaurant,https://www.visitbusan.net/uploadImgs/files/cntnts/20191209162810545_ttiel,www.visitbusan.net,rights_unknown,operational_assumed,operational_policy,"공식 관광 원천 일반 홍보 이미지, 이미지 수준 명시적 제한 미확인",,
busan-F-00002,만호갈미샤브샤브,restaurant,https://www.visitbusan.net/uploadImgs/files/cntnts/20250515120924874_ttiel,www.visitbusan.net,rights_unknown,operational_assumed,operational_policy,"공식 관광 원천 일반 홍보 이미지, 이미지 수준 명시적 제한 미확인",,
busan-F-00003,민물가든,restaurant,https://www.visitbusan.net/uploadImgs/files/cntnts/20191217101816206_ttiel,www.visitbusan.net,rights_unknown,operational_assumed,operational_policy,"공식 관광 원천 일반 홍보 이미지, 이미지 수준 명시적 제한 미확인",,
busan-F-00004,부흥식당,restaurant,https://www.visitbusan.net/uploadImgs/files/cntnts/20240418142402873_ttiel,www.visitbusan.net,rights_unknown,operational_assumed,operational_policy,"공식 관광 원천 일반 홍보 이미지, 이미지 수준 명시적 제한 미확인",,
busan-F-00005,사미헌,restaurant,https://www.visitbusan.net/uploadImgs/files/cntnts/20240417140858880_ttiel,www.visitbusan.net,rights_unknown,operational_assumed,operational_policy,"공식 관광 원천 일반 홍보 이미지, 이미지 수준 명시적 제한 미확인",,
busan-F-00006,원조할매집,restaurant,https://www.visitbusan.net/uploadImgs/files/cntnts/20240417143908074_ttiel,www.visitbusan.net,rights_unknown,operational_assumed,operational_policy,"공식 관광 원천 일반 홍보 이미지, 이미지 수준 명시적 제한 미확인",,
busan-F-00007,가야할매밀면,restaurant,https://www.visitbusan.net/uploadImgs/files/cntnts/20191217201857896_ttiel,www.visitbusan.net,rights_unknown,operational_assumed,operational_policy,"공식 관광 원천 일반 홍보 이미지, 이미지 수준 명시적 제한 미확인",,
busan-F-00008,국제밀면본점,restaurant,https://www.visitbusan.net/uploadImgs/files/cntnts/20240418134454110_ttiel,www.visitbusan.net,rights_unknown,operational_assumed,operational_policy,"공식 관광 원천 일반 홍보 이미지, 이미지 수준 명시적 제한 미확인",,
busan-F-00009,할매가야밀면,restaurant,https://www.visitbusan.net/uploadImgs/files/cntnts/20230605153300303_ttiel,www.visitbusan.net,rights_unknown,operational_assumed,operational_policy,"공식 관광 원천 일반 홍보 이미지, 이미지 수준 명시적 제한 미확인",,
busan-F-00010,거인통닭,restaurant,https://www.visitbusan.net/uploadImgs/files/cntnts/20240419092440105_ttiel,www.visitbusan.net,rights_unknown,operational_assumed,operational_policy,"공식 관광 원천 일반 홍보 이미지, 이미지 수준 명시적 제한 미확인",,
busan-F-00011,김해식당,restaurant,https://www.visitbusan.net/uploadImgs/files/cntnts/20230525160402713_ttiel,www.visitbusan.net,rights_unknown,operational_assumed,operational_policy,"공식 관광 원천 일반 홍보 이미지, 이미지 수준 명시적 제한 미확인",,
busan-F-00012,물꽁식당,restaurant,https://www.visitbusan.net/uploadImgs/files/cntnts/20240419094840707_ttiel,www.visitbusan.net,rights_unknown,operational_assumed,operational_policy,"공식 관광 원천 일반 홍보 이미지, 이미지 수준 명시적 제한 미확인",,
busan-F-00013,부산명물횟집,restaurant,https://www.visitbusan.net/uploadImgs/files/cntnts/20240419101804650_ttiel,www.visitbusan.net,rights_unknown,operational_assumed,operational_policy,"공식 관광 원천 일반 홍보 이미지, 이미지 수준 명시적 제한 미확인",,
busan-F-00014,부산꼼장어맛집 성일집,restaurant,https://www.visitbusan.net/uploadImgs/files/cntnts/20240419100256721_ttiel,www.visitbusan.net,rights_unknown,operational_assumed,operational_policy,"공식 관광 원천 일반 홍보 이미지, 이미지 수준 명시적 제한 미확인",,
busan-F-00015,이재모피자 본점,restaurant,https://www.visitbusan.net/uploadImgs/files/cntnts/20240419113018528_ttiel,www.visitbusan.net,rights_unknown,operational_assumed,operational_policy,"공식 관광 원천 일반 홍보 이미지, 이미지 수준 명시적 제한 미확인",,
busan-F-00016,모모스커피,restaurant,https://www.visitbusan.net/uploadImgs/files/cntnts/20250515123503040_ttiel,www.visitbusan.net,rights_unknown,operational_assumed,operational_policy,"공식 관광 원천 일반 홍보 이미지, 이미지 수준 명시적 제한 미확인",,
busan-F-00017,배비장보쌈구서본점,restaurant,https://www.visitbusan.net/uploadImgs/files/cntnts/20230608145054469_ttiel,www.visitbusan.net,rights_unknown,operational_assumed,operational_policy,"공식 관광 원천 일반 홍보 이미지, 이미지 수준 명시적 제한 미확인",,
busan-F-00018,장수장 꼬리곰탕,restaurant,https://www.visitbusan.net/uploadImgs/files/cntnts/20230607170754019_ttiel,www.visitbusan.net,rights_unknown,operational_assumed,operational_policy,"공식 관광 원천 일반 홍보 이미지, 이미지 수준 명시적 제한 미확인",,
busan-F-00019,거대갈비,restaurant,https://www.visitbusan.net/uploadImgs/files/cntnts/20240419125908808_ttiel,www.visitbusan.net,rights_unknown,operational_assumed,operational_policy,"공식 관광 원천 일반 홍보 이미지, 이미지 수준 명시적 제한 미확인",,
busan-F-00020,금수복국 해운대본점,restaurant,https://www.visitbusan.net/uploadImgs/files/cntnts/20240419130448560_ttiel,www.visitbusan.net,rights_unknown,operational_assumed,operational_policy,"공식 관광 원천 일반 홍보 이미지, 이미지 수준 명시적 제한 미확인",,
busan-F-00021,다온 한정식,restaurant,https://www.visitbusan.net/uploadImgs/files/cntnts/20191219100305084_ttiel,www.visitbusan.net,rights_unknown,operational_assumed,operational_policy,"공식 관광 원천 일반 홍보 이미지, 이미지 수준 명시적 제한 미확인",,
busan-F-00022,동백섬횟집,restaurant,https://www.visitbusan.net/uploadImgs/files/cntnts/20240419134206865_ttiel,www.visitbusan.net,rights_unknown,operational_assumed,operational_policy,"공식 관광 원천 일반 홍보 이미지, 이미지 수준 명시적 제한 미확인",,
busan-F-00023,르꽁비브,restaurant,https://www.visitbusan.net/uploadImgs/files/cntnts/20191219101750249_ttiel,www.visitbusan.net,rights_unknown,operational_assumed,operational_policy,"공식 관광 원천 일반 홍보 이미지, 이미지 수준 명시적 제한 미확인",,
busan-F-00024,파니니브런치본점,restaurant,https://www.visitbusan.net/uploadImgs/files/cntnts/20230531123640913_ttiel,www.visitbusan.net,rights_unknown,operational_assumed,operational_policy,"공식 관광 원천 일반 홍보 이미지, 이미지 수준 명시적 제한 미확인",,
busan-F-00025,문스시,restaurant,https://www.visitbusan.net/uploadImgs/files/cntnts/20200818130348030_ttiel,www.visitbusan.net,rights_unknown,operational_assumed,operational_policy,"공식 관광 원천 일반 홍보 이미지, 이미지 수준 명시적 제한 미확인",,
busan-F-00026,할매재첩국집,restaurant,https://www.visitbusan.net/uploadImgs/files/cntnts/20230608100341246_ttiel,www.visitbusan.net,rights_unknown,operational_assumed,operational_policy,"공식 관광 원천 일반 홍보 이미지, 이미지 수준 명시적 제한 미확인",,
busan-F-00027,예이제,restaurant,https://www.visitbusan.net/uploadImgs/files/cntnts/20240419174000260_ttiel,www.visitbusan.net,rights_unknown,operational_assumed,operational_policy,"공식 관광 원천 일반 홍보 이미지, 이미지 수준 명시적 제한 미확인",,
busan-F-00028,합천일류돼지국밥,restaurant,https://www.visitbusan.net/uploadImgs/files/cntnts/20230605170838962_ttiel,www.visitbusan.net,rights_unknown,operational_assumed,operational_policy,"공식 관광 원천 일반 홍보 이미지, 이미지 수준 명시적 제한 미확인",,
busan-F-00029,원조석대추어탕,restaurant,https://www.visitbusan.net/uploadImgs/files/cntnts/20191219104936271_ttiel,www.visitbusan.net,rights_unknown,operational_assumed,operational_policy,"공식 관광 원천 일반 홍보 이미지, 이미지 수준 명시적 제한 미확인",,
busan-F-00030,웨이브온커피,restaurant,https://www.visitbusan.net/uploadImgs/files/cntnts/20240416143124508_ttiel,www.visitbusan.net,rights_unknown,operational_assumed,operational_policy,"공식 관광 원천 일반 홍보 이미지, 이미지 수준 명시적 제한 미확인",,
busan-F-00031,대티물꽁,restaurant,https://www.visitbusan.net/uploadImgs/files/cntnts/20240417163511863_ttiel,www.visitbusan.net,rights_unknown,operational_assumed,operational_policy,"공식 관광 원천 일반 홍보 이미지, 이미지 수준 명시적 제한 미확인",,
busan-F-00032,원조18번완당,restaurant,https://www.visitbusan.net/uploadImgs/files/cntnts/20240418090456625_ttiel,www.visitbusan.net,rights_unknown,operational_assumed,operational_policy,"공식 관광 원천 일반 홍보 이미지, 이미지 수준 명시적 제한 미확인",,
busan-F-00033,할매복국,restaurant,https://www.visitbusan.net/uploadImgs/files/cntnts/20191219134018171_ttiel,www.visitbusan.net,rights_unknown,operational_assumed,operational_policy,"공식 관광 원천 일반 홍보 이미지, 이미지 수준 명시적 제한 미확인",,
busan-F-00034,젠스시,restaurant,https://www.visitbusan.net/uploadImgs/files/cntnts/20240422090815838_ttiel,www.visitbusan.net,rights_unknown,operational_assumed,operational_policy,"공식 관광 원천 일반 홍보 이미지, 이미지 수준 명시적 제한 미확인",,
busan-F-00035,신창국밥 본점,restaurant,https://www.visitbusan.net/uploadImgs/files/cntnts/20240417173744613_ttiel,www.visitbusan.net,rights_unknown,operational_assumed,operational_policy,"공식 관광 원천 일반 홍보 이미지, 이미지 수준 명시적 제한 미확인",,
busan-F-00036,옛날오막집,restaurant,https://www.visitbusan.net/uploadImgs/files/cntnts/20240418090136482_ttiel,www.visitbusan.net,rights_unknown,operational_assumed,operational_policy,"공식 관광 원천 일반 홍보 이미지, 이미지 수준 명시적 제한 미확인",,
busan-F-00037,평안도족발,restaurant,https://www.visitbusan.net/uploadImgs/files/cntnts/20191219141936064_ttiel,www.visitbusan.net,rights_unknown,operational_assumed,operational_policy,"공식 관광 원천 일반 홍보 이미지, 이미지 수준 명시적 제한 미확인",,
busan-F-00038,한우숯불양곱창,restaurant,https://www.visitbusan.net/uploadImgs/files/cntnts/20200819165333332_ttiel,www.visitbusan.net,rights_unknown,operational_assumed,operational_policy,"공식 관광 원천 일반 홍보 이미지, 이미지 수준 명시적 제한 미확인",,
busan-F-00039,쌍둥이돼지국밥 본점,restaurant,https://www.visitbusan.net/uploadImgs/files/cntnts/20230607155733028_ttiel,www.visitbusan.net,rights_unknown,operational_assumed,operational_policy,"공식 관광 원천 일반 홍보 이미지, 이미지 수준 명시적 제한 미확인",,
busan-F-00040,국이네낙지볶음,restaurant,https://www.visitbusan.net/uploadImgs/files/cntnts/20240418103113463_ttiel,www.visitbusan.net,rights_unknown,operational_assumed,operational_policy,"공식 관광 원천 일반 홍보 이미지, 이미지 수준 명시적 제한 미확인",,
busan-F-00041,베지나랑,restaurant,https://www.visitbusan.net/uploadImgs/files/cntnts/20230608142501309_ttiel,www.visitbusan.net,rights_unknown,operational_assumed,operational_policy,"공식 관광 원천 일반 홍보 이미지, 이미지 수준 명시적 제한 미확인",,
busan-F-00042,광안리신라횟집,restaurant,https://www.visitbusan.net/uploadImgs/files/cntnts/20230523145317638_ttiel,www.visitbusan.net,rights_unknown,operational_assumed,operational_policy,"공식 관광 원천 일반 홍보 이미지, 이미지 수준 명시적 제한 미확인",,
busan-F-00043,이층집 564-9,restaurant,https://www.visitbusan.net/uploadImgs/files/cntnts/20191219153031872_ttiel,www.visitbusan.net,rights_unknown,operational_assumed,operational_policy,"공식 관광 원천 일반 홍보 이미지, 이미지 수준 명시적 제한 미확인",,
busan-F-00044,초원복국,restaurant,https://www.visitbusan.net/uploadImgs/files/cntnts/20240416153630841_ttiel,www.visitbusan.net,rights_unknown,operational_assumed,operational_policy,"공식 관광 원천 일반 홍보 이미지, 이미지 수준 명시적 제한 미확인",,
busan-F-00045,석화한정식,restaurant,https://www.visitbusan.net/uploadImgs/files/cntnts/20220513092736141_ttiel,www.visitbusan.net,rights_unknown,operational_assumed,operational_policy,"공식 관광 원천 일반 홍보 이미지, 이미지 수준 명시적 제한 미확인",,
busan-F-00046,내당,restaurant,https://www.visitbusan.net/uploadImgs/files/cntnts/20240417092928274_ttiel,www.visitbusan.net,rights_unknown,operational_assumed,operational_policy,"공식 관광 원천 일반 홍보 이미지, 이미지 수준 명시적 제한 미확인",,
busan-F-00047,봉식당,restaurant,https://www.visitbusan.net/uploadImgs/files/cntnts/20240417103325942_ttiel,www.visitbusan.net,rights_unknown,operational_assumed,operational_policy,"공식 관광 원천 일반 홍보 이미지, 이미지 수준 명시적 제한 미확인",,
busan-F-00048,신발원,restaurant,https://www.visitbusan.net/uploadImgs/files/cntnts/20191220111654951_ttiel,www.visitbusan.net,rights_unknown,operational_assumed,operational_policy,"공식 관광 원천 일반 홍보 이미지, 이미지 수준 명시적 제한 미확인",,
busan-F-00049,초량1941,restaurant,https://www.visitbusan.net/uploadImgs/files/cntnts/20230601112526719_ttiel,www.visitbusan.net,rights_unknown,operational_assumed,operational_policy,"공식 관광 원천 일반 홍보 이미지, 이미지 수준 명시적 제한 미확인",,
busan-F-00050,60년 전통 할매국밥,restaurant,https://www.visitbusan.net/uploadImgs/files/cntnts/20240416171620563_ttiel,www.visitbusan.net,rights_unknown,operational_assumed,operational_policy,"공식 관광 원천 일반 홍보 이미지, 이미지 수준 명시적 제한 미확인",,
busan-F-00051,함경면옥,restaurant,https://www.visitbusan.net/uploadImgs/files/cntnts/20220512102852754_ttiel,www.visitbusan.net,rights_unknown,operational_assumed,operational_policy,"공식 관광 원천 일반 홍보 이미지, 이미지 수준 명시적 제한 미확인",,
busan-F-00052,김유순대구뽈찜,restaurant,https://www.visitbusan.net/uploadImgs/files/cntnts/20230525155402064_ttiel,www.visitbusan.net,rights_unknown,operational_assumed,operational_policy,"공식 관광 원천 일반 홍보 이미지, 이미지 수준 명시적 제한 미확인",,
busan-F-00053,백산키친,restaurant,https://www.visitbusan.net/uploadImgs/files/cntnts/20240416172624208_ttiel,www.visitbusan.net,rights_unknown,operational_assumed,operational_policy,"공식 관광 원천 일반 홍보 이미지, 이미지 수준 명시적 제한 미확인",,
busan-F-00054,왔다식당,restaurant,https://www.visitbusan.net/uploadImgs/files/cntnts/20240418143145988_ttiel,www.visitbusan.net,rights_unknown,operational_assumed,operational_policy,"공식 관광 원천 일반 홍보 이미지, 이미지 수준 명시적 제한 미확인",,
busan-F-00055,영변횟집,restaurant,https://www.visitbusan.net/uploadImgs/files/cntnts/20200818134302422_ttiel,www.visitbusan.net,rights_unknown,operational_assumed,operational_policy,"공식 관광 원천 일반 홍보 이미지, 이미지 수준 명시적 제한 미확인",,
busan-F-00056,방코,restaurant,https://www.visitbusan.net/uploadImgs/files/cntnts/20240415163345618_ttiel,www.visitbusan.net,rights_unknown,operational_assumed,operational_policy,"공식 관광 원천 일반 홍보 이미지, 이미지 수준 명시적 제한 미확인",,
busan-F-00057,구포촌국수,restaurant,https://www.visitbusan.net/uploadImgs/files/cntnts/20240415175213819_ttiel,www.visitbusan.net,rights_unknown,operational_assumed,operational_policy,"공식 관광 원천 일반 홍보 이미지, 이미지 수준 명시적 제한 미확인",,
busan-F-00058,얼크니손칼국수,restaurant,https://www.visitbusan.net/uploadImgs/files/cntnts/20200819144753937_ttiel,www.visitbusan.net,rights_unknown,operational_assumed,operational_policy,"공식 관광 원천 일반 홍보 이미지, 이미지 수준 명시적 제한 미확인",,
busan-F-00059,탐복,restaurant,https://www.visitbusan.net/uploadImgs/files/cntnts/20240416144911943_ttiel,www.visitbusan.net,rights_unknown,operational_assumed,operational_policy,"공식 관광 원천 일반 홍보 이미지, 이미지 수준 명시적 제한 미확인",,
busan-F-00060,곤국,restaurant,https://www.visitbusan.net/uploadImgs/files/cntnts/20200819150211450_ttiel,www.visitbusan.net,rights_unknown,operational_assumed,operational_policy,"공식 관광 원천 일반 홍보 이미지, 이미지 수준 명시적 제한 미확인",,
busan-F-00061,다이닝센 부산본점,restaurant,https://www.visitbusan.net/uploadImgs/files/cntnts/20200820090928003_ttiel,www.visitbusan.net,rights_unknown,operational_assumed,operational_policy,"공식 관광 원천 일반 홍보 이미지, 이미지 수준 명시적 제한 미확인",,
busan-F-00062,오륙도 가원,restaurant,https://www.visitbusan.net/uploadImgs/files/cntnts/20230603134954264_ttiel,www.visitbusan.net,rights_unknown,operational_assumed,operational_policy,"공식 관광 원천 일반 홍보 이미지, 이미지 수준 명시적 제한 미확인",,
busan-F-00063,해남식당 부산용호동W스퀘어점,restaurant,https://www.visitbusan.net/uploadImgs/files/cntnts/20200818153601185_ttiel,www.visitbusan.net,rights_unknown,operational_assumed,operational_policy,"공식 관광 원천 일반 홍보 이미지, 이미지 수준 명시적 제한 미확인",,
busan-F-00064,범일빈대떡,restaurant,https://www.visitbusan.net/uploadImgs/files/cntnts/20250515155412591_ttiel,www.visitbusan.net,rights_unknown,operational_assumed,operational_policy,"공식 관광 원천 일반 홍보 이미지, 이미지 수준 명시적 제한 미확인",,
busan-F-00065,금강만두,restaurant,https://www.visitbusan.net/uploadImgs/files/cntnts/20230607173727769_ttiel,www.visitbusan.net,rights_unknown,operational_assumed,operational_policy,"공식 관광 원천 일반 홍보 이미지, 이미지 수준 명시적 제한 미확인",,
busan-F-00066,석화정,restaurant,https://www.visitbusan.net/uploadImgs/files/cntnts/20230608114815119_ttiel,www.visitbusan.net,rights_unknown,operational_assumed,operational_policy,"공식 관광 원천 일반 홍보 이미지, 이미지 수준 명시적 제한 미확인",,
busan-F-00067,에테르,restaurant,https://www.visitbusan.net/uploadImgs/files/cntnts/20240418142653242_ttiel,www.visitbusan.net,rights_unknown,operational_assumed,operational_policy,"공식 관광 원천 일반 홍보 이미지, 이미지 수준 명시적 제한 미확인",,
busan-F-00068,디저트시네마,restaurant,https://www.visitbusan.net/uploadImgs/files/cntnts/20240418140108273_ttiel,www.visitbusan.net,rights_unknown,operational_assumed,operational_policy,"공식 관광 원천 일반 홍보 이미지, 이미지 수준 명시적 제한 미확인",,
busan-F-00069,북경,restaurant,https://www.visitbusan.net/uploadImgs/files/cntnts/20200819172514790_ttiel,www.visitbusan.net,rights_unknown,operational_assumed,operational_policy,"공식 관광 원천 일반 홍보 이미지, 이미지 수준 명시적 제한 미확인",,
busan-F-00070,연산낙지해물탕,restaurant,https://www.visitbusan.net/uploadImgs/files/cntnts/20200819103408604_ttiel,www.visitbusan.net,rights_unknown,operational_assumed,operational_policy,"공식 관광 원천 일반 홍보 이미지, 이미지 수준 명시적 제한 미확인",,
busan-F-00071,옻바다전복삼계탕,restaurant,https://www.visitbusan.net/uploadImgs/files/cntnts/20200819105118416_ttiel,www.visitbusan.net,rights_unknown,operational_assumed,operational_policy,"공식 관광 원천 일반 홍보 이미지, 이미지 수준 명시적 제한 미확인",,
busan-F-00072,팔미초밥,restaurant,https://www.visitbusan.net/uploadImgs/files/cntnts/20200819110257649_ttiel,www.visitbusan.net,rights_unknown,operational_assumed,operational_policy,"공식 관광 원천 일반 홍보 이미지, 이미지 수준 명시적 제한 미확인",,
busan-F-00073,다리집 본점,restaurant,https://www.visitbusan.net/uploadImgs/files/cntnts/20200819112147736_ttiel,www.visitbusan.net,rights_unknown,operational_assumed,operational_policy,"공식 관광 원천 일반 홍보 이미지, 이미지 수준 명시적 제한 미확인",,
busan-F-00074,남촌,restaurant,https://www.visitbusan.net/uploadImgs/files/cntnts/20240417155301384_ttiel,www.visitbusan.net,rights_unknown,operational_assumed,operational_policy,"공식 관광 원천 일반 홍보 이미지, 이미지 수준 명시적 제한 미확인",,
busan-F-00075,북경의자전거,restaurant,https://www.visitbusan.net/uploadImgs/files/cntnts/20200820091146813_ttiel,www.visitbusan.net,rights_unknown,operational_assumed,operational_policy,"공식 관광 원천 일반 홍보 이미지, 이미지 수준 명시적 제한 미확인",,
busan-F-00076,광안리 언양불고기 부산집,restaurant,https://www.visitbusan.net/uploadImgs/files/cntnts/20240418102343022_ttiel,www.visitbusan.net,rights_unknown,operational_assumed,operational_policy,"공식 관광 원천 일반 홍보 이미지, 이미지 수준 명시적 제한 미확인",,
busan-F-00077,식당 3선 덕천점,restaurant,https://www.visitbusan.net/uploadImgs/files/cntnts/20200819154140644_ttiel,www.visitbusan.net,rights_unknown,operational_assumed,operational_policy,"공식 관광 원천 일반 홍보 이미지, 이미지 수준 명시적 제한 미확인",,
busan-F-00078,함경면옥 덕천점,restaurant,https://www.visitbusan.net/uploadImgs/files/cntnts/20200820091029413_ttiel,www.visitbusan.net,rights_unknown,operational_assumed,operational_policy,"공식 관광 원천 일반 홍보 이미지, 이미지 수준 명시적 제한 미확인",,
busan-F-00079,홍옥당,restaurant,https://www.visitbusan.net/uploadImgs/files/cntnts/20230531122205481_ttiel,www.visitbusan.net,rights_unknown,operational_assumed,operational_policy,"공식 관광 원천 일반 홍보 이미지, 이미지 수준 명시적 제한 미확인",,
busan-F-00080,디에이블 송도점,restaurant,https://www.visitbusan.net/uploadImgs/files/cntnts/20200819132345743_ttiel,www.visitbusan.net,rights_unknown,operational_assumed,operational_policy,"공식 관광 원천 일반 홍보 이미지, 이미지 수준 명시적 제한 미확인",,
busan-F-00081,몽실종가돼지국밥 감천문화마을 본점,restaurant,https://www.visitbusan.net/uploadImgs/files/cntnts/20240417173451717_ttiel,www.visitbusan.net,rights_unknown,operational_assumed,operational_policy,"공식 관광 원천 일반 홍보 이미지, 이미지 수준 명시적 제한 미확인",,
busan-F-00082,식당 토성동,restaurant,https://www.visitbusan.net/uploadImgs/files/cntnts/20200819133843312_ttiel,www.visitbusan.net,rights_unknown,operational_assumed,operational_policy,"공식 관광 원천 일반 홍보 이미지, 이미지 수준 명시적 제한 미확인",,
busan-F-00083,청죽,restaurant,https://www.visitbusan.net/uploadImgs/files/cntnts/20200819134238418_ttiel,www.visitbusan.net,rights_unknown,operational_assumed,operational_policy,"공식 관광 원천 일반 홍보 이미지, 이미지 수준 명시적 제한 미확인",,
busan-F-00084,편의방,restaurant,https://www.visitbusan.net/uploadImgs/files/cntnts/20240418091306849_ttiel,www.visitbusan.net,rights_unknown,operational_assumed,operational_policy,"공식 관광 원천 일반 홍보 이미지, 이미지 수준 명시적 제한 미확인",,
busan-F-00085,동원장수촌,restaurant,https://www.visitbusan.net/uploadImgs/files/cntnts/20230607132213312_ttiel,www.visitbusan.net,rights_unknown,operational_assumed,operational_policy,"공식 관광 원천 일반 홍보 이미지, 이미지 수준 명시적 제한 미확인",,
busan-F-00086,포항가자미물회국수말이전문점,restaurant,https://www.visitbusan.net/uploadImgs/files/cntnts/20200819143114772_ttiel,www.visitbusan.net,rights_unknown,operational_assumed,operational_policy,"공식 관광 원천 일반 홍보 이미지, 이미지 수준 명시적 제한 미확인",,
busan-F-00087,괘법쭈꾸미전문점,restaurant,https://www.visitbusan.net/uploadImgs/files/cntnts/20200819161305335_ttiel,www.visitbusan.net,rights_unknown,operational_assumed,operational_policy,"공식 관광 원천 일반 홍보 이미지, 이미지 수준 명시적 제한 미확인",,
busan-F-00088,삼진어묵 본점,restaurant,https://www.visitbusan.net/uploadImgs/files/cntnts/20210415134915004_ttiel,www.visitbusan.net,rights_unknown,operational_assumed,operational_policy,"공식 관광 원천 일반 홍보 이미지, 이미지 수준 명시적 제한 미확인",,
busan-F-00089,광명집,restaurant,https://www.visitbusan.net/uploadImgs/files/cntnts/20250515142651174_ttiel,www.visitbusan.net,rights_unknown,operational_assumed,operational_policy,"공식 관광 원천 일반 홍보 이미지, 이미지 수준 명시적 제한 미확인",,
busan-F-00090,명지첫집 국제신도시본점,restaurant,https://www.visitbusan.net/uploadImgs/files/cntnts/20230607165446819_ttiel,www.visitbusan.net,rights_unknown,operational_assumed,operational_policy,"공식 관광 원천 일반 홍보 이미지, 이미지 수준 명시적 제한 미확인",,
busan-F-00091,명품외식 육면정,restaurant,https://www.visitbusan.net/uploadImgs/files/cntnts/20210913100010495_ttiel,www.visitbusan.net,rights_unknown,operational_assumed,operational_policy,"공식 관광 원천 일반 홍보 이미지, 이미지 수준 명시적 제한 미확인",,
busan-F-00092,호포갈비 문현점,restaurant,https://www.visitbusan.net/uploadImgs/files/cntnts/20230601215049360_ttiel,www.visitbusan.net,rights_unknown,operational_assumed,operational_policy,"공식 관광 원천 일반 홍보 이미지, 이미지 수준 명시적 제한 미확인",,
busan-F-00093,평산옥,restaurant,https://www.visitbusan.net/uploadImgs/files/cntnts/20210913104329974_ttiel,www.visitbusan.net,rights_unknown,operational_assumed,operational_policy,"공식 관광 원천 일반 홍보 이미지, 이미지 수준 명시적 제한 미확인",,
busan-F-00094,공감식당,restaurant,https://www.visitbusan.net/uploadImgs/files/cntnts/20210913110103549_ttiel,www.visitbusan.net,rights_unknown,operational_assumed,operational_policy,"공식 관광 원천 일반 홍보 이미지, 이미지 수준 명시적 제한 미확인",,
busan-F-00095,다옴 서면 삼정타워점,restaurant,https://www.visitbusan.net/uploadImgs/files/cntnts/20210913110833421_ttiel,www.visitbusan.net,rights_unknown,operational_assumed,operational_policy,"공식 관광 원천 일반 홍보 이미지, 이미지 수준 명시적 제한 미확인",,
busan-F-00096,당감밀면,restaurant,https://www.visitbusan.net/uploadImgs/files/cntnts/20210913111405621_ttiel,www.visitbusan.net,rights_unknown,operational_assumed,operational_policy,"공식 관광 원천 일반 홍보 이미지, 이미지 수준 명시적 제한 미확인",,
busan-F-00097,버거샵 서면,restaurant,https://www.visitbusan.net/uploadImgs/files/cntnts/20210913112340644_ttiel,www.visitbusan.net,rights_unknown,operational_assumed,operational_policy,"공식 관광 원천 일반 홍보 이미지, 이미지 수준 명시적 제한 미확인",,
busan-F-00098,소수인,restaurant,https://www.visitbusan.net/uploadImgs/files/cntnts/20250523160110075_ttiel,www.visitbusan.net,rights_unknown,operational_assumed,operational_policy,"공식 관광 원천 일반 홍보 이미지, 이미지 수준 명시적 제한 미확인",,
busan-F-00099,양평칼국수 본점,restaurant,https://www.visitbusan.net/uploadImgs/files/cntnts/20210913114940489_ttiel,www.visitbusan.net,rights_unknown,operational_assumed,operational_policy,"공식 관광 원천 일반 홍보 이미지, 이미지 수준 명시적 제한 미확인",,
busan-F-00100,영진돼지국밥 본점,restaurant,https://www.visitbusan.net/uploadImgs/files/cntnts/20240417165519984_ttiel,www.visitbusan.net,rights_unknown,operational_assumed,operational_policy,"공식 관광 원천 일반 홍보 이미지, 이미지 수준 명시적 제한 미확인",,
busan-F-00101,신흥반점,restaurant,https://www.visitbusan.net/uploadImgs/files/cntnts/20210913133410983_ttiel,www.visitbusan.net,rights_unknown,operational_assumed,operational_policy,"공식 관광 원천 일반 홍보 이미지, 이미지 수준 명시적 제한 미확인",,
busan-F-00102,동원숯불갈비,restaurant,https://www.visitbusan.net/uploadImgs/files/cntnts/20210913141552746_ttiel,www.visitbusan.net,rights_unknown,operational_assumed,operational_policy,"공식 관광 원천 일반 홍보 이미지, 이미지 수준 명시적 제한 미확인",,
busan-F-00103,도날드,restaurant,https://www.visitbusan.net/uploadImgs/files/cntnts/20240418141930357_ttiel,www.visitbusan.net,rights_unknown,operational_assumed,operational_policy,"공식 관광 원천 일반 홍보 이미지, 이미지 수준 명시적 제한 미확인",,
busan-F-00104,영도우,restaurant,https://www.visitbusan.net/uploadImgs/files/cntnts/20210913152113856_ttiel,www.visitbusan.net,rights_unknown,operational_assumed,operational_policy,"공식 관광 원천 일반 홍보 이미지, 이미지 수준 명시적 제한 미확인",,
busan-F-00105,함흥보쌈사계절냉면,restaurant,https://www.visitbusan.net/uploadImgs/files/cntnts/20210913152733413_ttiel,www.visitbusan.net,rights_unknown,operational_assumed,operational_policy,"공식 관광 원천 일반 홍보 이미지, 이미지 수준 명시적 제한 미확인",,
busan-F-00106,원산면옥,restaurant,https://www.visitbusan.net/uploadImgs/files/cntnts/20240419110909568_ttiel,www.visitbusan.net,rights_unknown,operational_assumed,operational_policy,"공식 관광 원천 일반 홍보 이미지, 이미지 수준 명시적 제한 미확인",,
busan-F-00107,개미집신도시점,restaurant,https://www.visitbusan.net/uploadImgs/files/cntnts/20210913153737388_ttiel,www.visitbusan.net,rights_unknown,operational_assumed,operational_policy,"공식 관광 원천 일반 홍보 이미지, 이미지 수준 명시적 제한 미확인",,
busan-F-00108,오리한상 명지본점,restaurant,https://www.visitbusan.net/uploadImgs/files/cntnts/20220510145207922_ttiel,www.visitbusan.net,rights_unknown,operational_assumed,operational_policy,"공식 관광 원천 일반 홍보 이미지, 이미지 수준 명시적 제한 미확인",,
busan-F-00109,만포밀면옥,restaurant,https://www.visitbusan.net/uploadImgs/files/cntnts/20220510161651267_ttiel,www.visitbusan.net,rights_unknown,operational_assumed,operational_policy,"공식 관광 원천 일반 홍보 이미지, 이미지 수준 명시적 제한 미확인",,
busan-F-00110,맛사랑채,restaurant,https://www.visitbusan.net/uploadImgs/files/cntnts/20220510170244967_ttiel,www.visitbusan.net,rights_unknown,operational_assumed,operational_policy,"공식 관광 원천 일반 홍보 이미지, 이미지 수준 명시적 제한 미확인",,
busan-F-00111,우정까망촌돼지,restaurant,https://www.visitbusan.net/uploadImgs/files/cntnts/20220510173949671_ttiel,www.visitbusan.net,rights_unknown,operational_assumed,operational_policy,"공식 관광 원천 일반 홍보 이미지, 이미지 수준 명시적 제한 미확인",,
busan-F-00112,금랑횟집 광안리본점,restaurant,https://www.visitbusan.net/uploadImgs/files/cntnts/20220510180602206_ttiel,www.visitbusan.net,rights_unknown,operational_assumed,operational_policy,"공식 관광 원천 일반 홍보 이미지, 이미지 수준 명시적 제한 미확인",,
busan-F-00113,난파센,restaurant,https://www.visitbusan.net/uploadImgs/files/cntnts/20220511104527053_ttiel,www.visitbusan.net,rights_unknown,operational_assumed,operational_policy,"공식 관광 원천 일반 홍보 이미지, 이미지 수준 명시적 제한 미확인",,
busan-F-00114,화국반점,restaurant,https://www.visitbusan.net/uploadImgs/files/cntnts/20230602160354975_ttiel,www.visitbusan.net,rights_unknown,operational_assumed,operational_policy,"공식 관광 원천 일반 홍보 이미지, 이미지 수준 명시적 제한 미확인",,
busan-F-00115,로얄경양식&스테이크 광안점,restaurant,https://www.visitbusan.net/uploadImgs/files/cntnts/20220511111431528_ttiel,www.visitbusan.net,rights_unknown,operational_assumed,operational_policy,"공식 관광 원천 일반 홍보 이미지, 이미지 수준 명시적 제한 미확인",,
busan-F-00116,본참치,restaurant,https://www.visitbusan.net/uploadImgs/files/cntnts/20240419095246698_ttiel,www.visitbusan.net,rights_unknown,operational_assumed,operational_policy,"공식 관광 원천 일반 홍보 이미지, 이미지 수준 명시적 제한 미확인",,
busan-F-00117,무궁화,restaurant,https://www.visitbusan.net/uploadImgs/files/cntnts/20220511113221248_ttiel,www.visitbusan.net,rights_unknown,operational_assumed,operational_policy,"공식 관광 원천 일반 홍보 이미지, 이미지 수준 명시적 제한 미확인",,
busan-F-00118,어가초밥,restaurant,https://www.visitbusan.net/uploadImgs/files/cntnts/20220511113442878_ttiel,www.visitbusan.net,rights_unknown,operational_assumed,operational_policy,"공식 관광 원천 일반 홍보 이미지, 이미지 수준 명시적 제한 미확인",,
busan-F-00119,배꼽시계,restaurant,https://www.visitbusan.net/uploadImgs/files/cntnts/20220511115114884_ttiel,www.visitbusan.net,rights_unknown,operational_assumed,operational_policy,"공식 관광 원천 일반 홍보 이미지, 이미지 수준 명시적 제한 미확인",,
busan-F-00120,사랑도횟집,restaurant,https://www.visitbusan.net/uploadImgs/files/cntnts/20220511131104127_ttiel,www.visitbusan.net,rights_unknown,operational_assumed,operational_policy,"공식 관광 원천 일반 홍보 이미지, 이미지 수준 명시적 제한 미확인",,
busan-F-00121,삼송초밥 부산남포본점,restaurant,https://www.visitbusan.net/uploadImgs/files/cntnts/20240419104310358_ttiel,www.visitbusan.net,rights_unknown,operational_assumed,operational_policy,"공식 관광 원천 일반 홍보 이미지, 이미지 수준 명시적 제한 미확인",,
busan-F-00122,솔리보,restaurant,https://www.visitbusan.net/uploadImgs/files/cntnts/20220511132220417_ttiel,www.visitbusan.net,rights_unknown,operational_assumed,operational_policy,"공식 관광 원천 일반 홍보 이미지, 이미지 수준 명시적 제한 미확인",,
busan-F-00123,부산족발,restaurant,https://www.visitbusan.net/uploadImgs/files/cntnts/20230608133922872_ttiel,www.visitbusan.net,rights_unknown,operational_assumed,operational_policy,"공식 관광 원천 일반 홍보 이미지, 이미지 수준 명시적 제한 미확인",,
busan-F-00124,포에버얌 부산기장점,restaurant,https://www.visitbusan.net/uploadImgs/files/cntnts/20220511133523476_ttiel,www.visitbusan.net,rights_unknown,operational_assumed,operational_policy,"공식 관광 원천 일반 홍보 이미지, 이미지 수준 명시적 제한 미확인",,
busan-F-00125,물레방아 즉석구이,restaurant,https://www.visitbusan.net/uploadImgs/files/cntnts/20220511134126759_ttiel,www.visitbusan.net,rights_unknown,operational_assumed,operational_policy,"공식 관광 원천 일반 홍보 이미지, 이미지 수준 명시적 제한 미확인",,
busan-F-00126,양귀빈 식당 3호점,restaurant,https://www.visitbusan.net/uploadImgs/files/cntnts/20220511135001245_ttiel,www.visitbusan.net,rights_unknown,operational_assumed,operational_policy,"공식 관광 원천 일반 홍보 이미지, 이미지 수준 명시적 제한 미확인",,
busan-F-00127,고민끝에여기,restaurant,https://www.visitbusan.net/uploadImgs/files/cntnts/20220511135506636_ttiel,www.visitbusan.net,rights_unknown,operational_assumed,operational_policy,"공식 관광 원천 일반 홍보 이미지, 이미지 수준 명시적 제한 미확인",,
busan-F-00128,명송초밥,restaurant,https://www.visitbusan.net/uploadImgs/files/cntnts/20220511140134038_ttiel,www.visitbusan.net,rights_unknown,operational_assumed,operational_policy,"공식 관광 원천 일반 홍보 이미지, 이미지 수준 명시적 제한 미확인",,
busan-F-00129,다께,restaurant,https://www.visitbusan.net/uploadImgs/files/cntnts/20220511140420748_ttiel,www.visitbusan.net,rights_unknown,operational_assumed,operational_policy,"공식 관광 원천 일반 홍보 이미지, 이미지 수준 명시적 제한 미확인",,
busan-F-00130,남포삼계탕,restaurant,https://www.visitbusan.net/uploadImgs/files/cntnts/20220511141051338_ttiel,www.visitbusan.net,rights_unknown,operational_assumed,operational_policy,"공식 관광 원천 일반 홍보 이미지, 이미지 수준 명시적 제한 미확인",,
busan-F-00131,지에이비148,restaurant,https://www.visitbusan.net/uploadImgs/files/cntnts/20220511141322616_ttiel,www.visitbusan.net,rights_unknown,operational_assumed,operational_policy,"공식 관광 원천 일반 홍보 이미지, 이미지 수준 명시적 제한 미확인",,
busan-F-00132,대수정,restaurant,https://www.visitbusan.net/uploadImgs/files/cntnts/20220511141556325_ttiel,www.visitbusan.net,rights_unknown,operational_assumed,operational_policy,"공식 관광 원천 일반 홍보 이미지, 이미지 수준 명시적 제한 미확인",,
busan-F-00133,목장원,restaurant,https://www.visitbusan.net/uploadImgs/files/cntnts/20240418142211660_ttiel,www.visitbusan.net,rights_unknown,operational_assumed,operational_policy,"공식 관광 원천 일반 홍보 이미지, 이미지 수준 명시적 제한 미확인",,
busan-F-00134,톤쇼우 광안점,restaurant,https://www.visitbusan.net/uploadImgs/files/cntnts/20220511142349184_ttiel,www.visitbusan.net,rights_unknown,operational_assumed,operational_policy,"공식 관광 원천 일반 홍보 이미지, 이미지 수준 명시적 제한 미확인",,
busan-F-00135,그라치에,restaurant,https://www.visitbusan.net/uploadImgs/files/cntnts/20240418141051840_ttiel,www.visitbusan.net,rights_unknown,operational_assumed,operational_policy,"공식 관광 원천 일반 홍보 이미지, 이미지 수준 명시적 제한 미확인",,
busan-F-00136,동촌황정순수육전골,restaurant,https://www.visitbusan.net/uploadImgs/files/cntnts/20220511153102499_ttiel,www.visitbusan.net,rights_unknown,operational_assumed,operational_policy,"공식 관광 원천 일반 홍보 이미지, 이미지 수준 명시적 제한 미확인",,
busan-F-00137,소우닭계,restaurant,https://www.visitbusan.net/uploadImgs/files/cntnts/20220511154322467_ttiel,www.visitbusan.net,rights_unknown,operational_assumed,operational_policy,"공식 관광 원천 일반 홍보 이미지, 이미지 수준 명시적 제한 미확인",,
busan-F-00138,양지추어탕,restaurant,https://www.visitbusan.net/uploadImgs/files/cntnts/20220511160051644_ttiel,www.visitbusan.net,rights_unknown,operational_assumed,operational_policy,"공식 관광 원천 일반 홍보 이미지, 이미지 수준 명시적 제한 미확인",,
busan-F-00139,초량통닭,restaurant,https://www.visitbusan.net/uploadImgs/files/cntnts/20220511163126270_ttiel,www.visitbusan.net,rights_unknown,operational_assumed,operational_policy,"공식 관광 원천 일반 홍보 이미지, 이미지 수준 명시적 제한 미확인",,
busan-F-00140,홍성방 본점,restaurant,https://www.visitbusan.net/uploadImgs/files/cntnts/20240416173708292_ttiel,www.visitbusan.net,rights_unknown,operational_assumed,operational_policy,"공식 관광 원천 일반 홍보 이미지, 이미지 수준 명시적 제한 미확인",,
busan-F-00141,먹음직 온천천점,restaurant,https://www.visitbusan.net/uploadImgs/files/cntnts/20220511173540705_ttiel,www.visitbusan.net,rights_unknown,operational_assumed,operational_policy,"공식 관광 원천 일반 홍보 이미지, 이미지 수준 명시적 제한 미확인",,
busan-F-00142,미미루,restaurant,https://www.visitbusan.net/uploadImgs/files/cntnts/20240417100446762_ttiel,www.visitbusan.net,rights_unknown,operational_assumed,operational_policy,"공식 관광 원천 일반 홍보 이미지, 이미지 수준 명시적 제한 미확인",,
busan-F-00143,밀보스79,restaurant,https://www.visitbusan.net/uploadImgs/files/cntnts/20220511175416697_ttiel,www.visitbusan.net,rights_unknown,operational_assumed,operational_policy,"공식 관광 원천 일반 홍보 이미지, 이미지 수준 명시적 제한 미확인",,
busan-F-00144,세연정,restaurant,https://www.visitbusan.net/uploadImgs/files/cntnts/20220512093357835_ttiel,www.visitbusan.net,rights_unknown,operational_assumed,operational_policy,"공식 관광 원천 일반 홍보 이미지, 이미지 수준 명시적 제한 미확인",,
busan-F-00145,조방낙지마당,restaurant,https://www.visitbusan.net/uploadImgs/files/cntnts/20220512094717830_ttiel,www.visitbusan.net,rights_unknown,operational_assumed,operational_policy,"공식 관광 원천 일반 홍보 이미지, 이미지 수준 명시적 제한 미확인",,
busan-F-00146,초록담미역국,restaurant,https://www.visitbusan.net/uploadImgs/files/cntnts/20230608101144664_ttiel,www.visitbusan.net,rights_unknown,operational_assumed,operational_policy,"공식 관광 원천 일반 홍보 이미지, 이미지 수준 명시적 제한 미확인",,
busan-F-00147,타이빈,restaurant,https://www.visitbusan.net/uploadImgs/files/cntnts/20250515170015997_ttiel,www.visitbusan.net,rights_unknown,operational_assumed,operational_policy,"공식 관광 원천 일반 홍보 이미지, 이미지 수준 명시적 제한 미확인",,
busan-F-00148,경찰서옆초밥집,restaurant,https://www.visitbusan.net/uploadImgs/files/cntnts/20220512104118922_ttiel,www.visitbusan.net,rights_unknown,operational_assumed,operational_policy,"공식 관광 원천 일반 홍보 이미지, 이미지 수준 명시적 제한 미확인",,
busan-F-00149,동백아가씨1961 서면점,restaurant,https://www.visitbusan.net/uploadImgs/files/cntnts/20220512105240390_ttiel,www.visitbusan.net,rights_unknown,operational_assumed,operational_policy,"공식 관광 원천 일반 홍보 이미지, 이미지 수준 명시적 제한 미확인",,
busan-F-00150,장어촌,restaurant,https://www.visitbusan.net/uploadImgs/files/cntnts/20230602134652545_ttiel,www.visitbusan.net,rights_unknown,operational_assumed,operational_policy,"공식 관광 원천 일반 홍보 이미지, 이미지 수준 명시적 제한 미확인",,
busan-F-00151,전통음식점 원양,restaurant,https://www.visitbusan.net/uploadImgs/files/cntnts/20220512113115093_ttiel,www.visitbusan.net,rights_unknown,operational_assumed,operational_policy,"공식 관광 원천 일반 홍보 이미지, 이미지 수준 명시적 제한 미확인",,
busan-F-00152,구공탄,restaurant,https://www.visitbusan.net/uploadImgs/files/cntnts/20220512114353372_ttiel,www.visitbusan.net,rights_unknown,operational_assumed,operational_policy,"공식 관광 원천 일반 홍보 이미지, 이미지 수준 명시적 제한 미확인",,
busan-F-00153,금용만두,restaurant,https://www.visitbusan.net/uploadImgs/files/cntnts/20240417154726545_ttiel,www.visitbusan.net,rights_unknown,operational_assumed,operational_policy,"공식 관광 원천 일반 홍보 이미지, 이미지 수준 명시적 제한 미확인",,
busan-F-00154,웅천집,restaurant,https://www.visitbusan.net/uploadImgs/files/cntnts/20220512131313725_ttiel,www.visitbusan.net,rights_unknown,operational_assumed,operational_policy,"공식 관광 원천 일반 홍보 이미지, 이미지 수준 명시적 제한 미확인",,
busan-F-00155,평양집,restaurant,https://www.visitbusan.net/uploadImgs/files/cntnts/20220512143357001_ttiel,www.visitbusan.net,rights_unknown,operational_assumed,operational_policy,"공식 관광 원천 일반 홍보 이미지, 이미지 수준 명시적 제한 미확인",,
busan-F-00156,대왕불맛,restaurant,https://www.visitbusan.net/uploadImgs/files/cntnts/20220512145041261_ttiel,www.visitbusan.net,rights_unknown,operational_assumed,operational_policy,"공식 관광 원천 일반 홍보 이미지, 이미지 수준 명시적 제한 미확인",,
busan-F-00157,전골그집 주례본점,restaurant,https://www.visitbusan.net/uploadImgs/files/cntnts/20220512155859812_ttiel,www.visitbusan.net,rights_unknown,operational_assumed,operational_policy,"공식 관광 원천 일반 홍보 이미지, 이미지 수준 명시적 제한 미확인",,
busan-F-00158,함양본가어탕국수,restaurant,https://www.visitbusan.net/uploadImgs/files/cntnts/20220512164338161_ttiel,www.visitbusan.net,rights_unknown,operational_assumed,operational_policy,"공식 관광 원천 일반 홍보 이미지, 이미지 수준 명시적 제한 미확인",,
busan-F-00159,오공떵번,restaurant,https://www.visitbusan.net/uploadImgs/files/cntnts/20220512165954952_ttiel,www.visitbusan.net,rights_unknown,operational_assumed,operational_policy,"공식 관광 원천 일반 홍보 이미지, 이미지 수준 명시적 제한 미확인",,
busan-F-00160,우연횟집,restaurant,https://www.visitbusan.net/uploadImgs/files/cntnts/20220512175424144_ttiel,www.visitbusan.net,rights_unknown,operational_assumed,operational_policy,"공식 관광 원천 일반 홍보 이미지, 이미지 수준 명시적 제한 미확인",,
busan-F-00161,마파람해물찜해물탕 구서본점,restaurant,https://www.visitbusan.net/uploadImgs/files/cntnts/20230523140214260_ttiel,www.visitbusan.net,rights_unknown,operational_assumed,operational_policy,"공식 관광 원천 일반 홍보 이미지, 이미지 수준 명시적 제한 미확인",,
busan-F-00162,청해수산,restaurant,https://www.visitbusan.net/uploadImgs/files/cntnts/20240418144242123_ttiel,www.visitbusan.net,rights_unknown,operational_assumed,operational_policy,"공식 관광 원천 일반 홍보 이미지, 이미지 수준 명시적 제한 미확인",,
busan-F-00163,궁중해물탕 조씨집 대연본점,restaurant,https://www.visitbusan.net/uploadImgs/files/cntnts/20230524163636778_ttiel,www.visitbusan.net,rights_unknown,operational_assumed,operational_policy,"공식 관광 원천 일반 홍보 이미지, 이미지 수준 명시적 제한 미확인",,
busan-F-00164,까치횟집,restaurant,https://www.visitbusan.net/uploadImgs/files/cntnts/20230524164757051_ttiel,www.visitbusan.net,rights_unknown,operational_assumed,operational_policy,"공식 관광 원천 일반 홍보 이미지, 이미지 수준 명시적 제한 미확인",,
busan-F-00165,미청식당,restaurant,https://www.visitbusan.net/uploadImgs/files/cntnts/20230525150604270_ttiel,www.visitbusan.net,rights_unknown,operational_assumed,operational_policy,"공식 관광 원천 일반 홍보 이미지, 이미지 수준 명시적 제한 미확인",,
busan-F-00166,피아크 카페&베이커리,restaurant,https://www.visitbusan.net/uploadImgs/files/cntnts/20250529162311917_ttiel,www.visitbusan.net,rights_unknown,operational_assumed,operational_policy,"공식 관광 원천 일반 홍보 이미지, 이미지 수준 명시적 제한 미확인",,
busan-F-00167,큐제,restaurant,https://www.visitbusan.net/uploadImgs/files/cntnts/20230531124838775_ttiel,www.visitbusan.net,rights_unknown,operational_assumed,operational_policy,"공식 관광 원천 일반 홍보 이미지, 이미지 수준 명시적 제한 미확인",,
busan-F-00168,커피스가모 인 서면,restaurant,https://www.visitbusan.net/uploadImgs/files/cntnts/20230531125707807_ttiel,www.visitbusan.net,rights_unknown,operational_assumed,operational_policy,"공식 관광 원천 일반 홍보 이미지, 이미지 수준 명시적 제한 미확인",,
busan-F-00169,칠암사계,restaurant,https://www.visitbusan.net/uploadImgs/files/cntnts/20240416143959104_ttiel,www.visitbusan.net,rights_unknown,operational_assumed,operational_policy,"공식 관광 원천 일반 홍보 이미지, 이미지 수준 명시적 제한 미확인",,
busan-F-00170,초량온당,restaurant,https://www.visitbusan.net/uploadImgs/files/cntnts/20240416173526207_ttiel,www.visitbusan.net,rights_unknown,operational_assumed,operational_policy,"공식 관광 원천 일반 홍보 이미지, 이미지 수준 명시적 제한 미확인",,
busan-F-00171,원조 바다집,restaurant,https://www.visitbusan.net/uploadImgs/files/cntnts/20240419111526831_ttiel,www.visitbusan.net,rights_unknown,operational_assumed,operational_policy,"공식 관광 원천 일반 홍보 이미지, 이미지 수준 명시적 제한 미확인",,
busan-F-00172,이흥용과자점 부산대직영점,restaurant,https://www.visitbusan.net/uploadImgs/files/cntnts/20240416104103550_ttiel,www.visitbusan.net,rights_unknown,operational_assumed,operational_policy,"공식 관광 원천 일반 홍보 이미지, 이미지 수준 명시적 제한 미확인",,
busan-F-00173,소문난원조조방낙지본점,restaurant,https://www.visitbusan.net/uploadImgs/files/cntnts/20230601144332074_ttiel,www.visitbusan.net,rights_unknown,operational_assumed,operational_policy,"공식 관광 원천 일반 홍보 이미지, 이미지 수준 명시적 제한 미확인",,
busan-F-00174,오대양횟집,restaurant,https://www.visitbusan.net/uploadImgs/files/cntnts/20230601145535123_ttiel,www.visitbusan.net,rights_unknown,operational_assumed,operational_policy,"공식 관광 원천 일반 홍보 이미지, 이미지 수준 명시적 제한 미확인",,
busan-F-00175,오륙도낙지 범일본점,restaurant,https://www.visitbusan.net/uploadImgs/files/cntnts/20230601150706501_ttiel,www.visitbusan.net,rights_unknown,operational_assumed,operational_policy,"공식 관광 원천 일반 홍보 이미지, 이미지 수준 명시적 제한 미확인",,
busan-F-00176,일미아구찜,restaurant,https://www.visitbusan.net/uploadImgs/files/cntnts/20240416143826363_ttiel,www.visitbusan.net,rights_unknown,operational_assumed,operational_policy,"공식 관광 원천 일반 홍보 이미지, 이미지 수준 명시적 제한 미확인",,
busan-F-00177,제주복국,restaurant,https://www.visitbusan.net/uploadImgs/files/cntnts/20240418144007166_ttiel,www.visitbusan.net,rights_unknown,operational_assumed,operational_policy,"공식 관광 원천 일반 홍보 이미지, 이미지 수준 명시적 제한 미확인",,
busan-F-00178,1966정원 천성항점,restaurant,https://www.visitbusan.net/uploadImgs/files/cntnts/20230601155348503_ttiel,www.visitbusan.net,rights_unknown,operational_assumed,operational_policy,"공식 관광 원천 일반 홍보 이미지, 이미지 수준 명시적 제한 미확인",,
busan-F-00179,용호동할매팥빙수단팥죽 본점,restaurant,https://www.visitbusan.net/uploadImgs/files/cntnts/20230601183719085_ttiel,www.visitbusan.net,rights_unknown,operational_assumed,operational_policy,"공식 관광 원천 일반 홍보 이미지, 이미지 수준 명시적 제한 미확인",,
busan-F-00180,올드머그,restaurant,https://www.visitbusan.net/uploadImgs/files/cntnts/20240419175034497_ttiel,www.visitbusan.net,rights_unknown,operational_assumed,operational_policy,"공식 관광 원천 일반 홍보 이미지, 이미지 수준 명시적 제한 미확인",,
busan-F-00181,아데초이,restaurant,https://www.visitbusan.net/uploadImgs/files/cntnts/20230601205022576_ttiel,www.visitbusan.net,rights_unknown,operational_assumed,operational_policy,"공식 관광 원천 일반 홍보 이미지, 이미지 수준 명시적 제한 미확인",,
busan-F-00182,빌라빌레쿨라,restaurant,https://www.visitbusan.net/uploadImgs/files/cntnts/20230601205653276_ttiel,www.visitbusan.net,rights_unknown,operational_assumed,operational_policy,"공식 관광 원천 일반 홍보 이미지, 이미지 수준 명시적 제한 미확인",,
busan-F-00183,브리타니,restaurant,https://www.visitbusan.net/uploadImgs/files/cntnts/20230601210303799_ttiel,www.visitbusan.net,rights_unknown,operational_assumed,operational_policy,"공식 관광 원천 일반 홍보 이미지, 이미지 수준 명시적 제한 미확인",,
busan-F-00184,브레이크인커피,restaurant,https://www.visitbusan.net/uploadImgs/files/cntnts/20230601210950063_ttiel,www.visitbusan.net,rights_unknown,operational_assumed,operational_policy,"공식 관광 원천 일반 홍보 이미지, 이미지 수준 명시적 제한 미확인",,
busan-F-00185,bread365,restaurant,https://www.visitbusan.net/uploadImgs/files/cntnts/20230601211556571_ttiel,www.visitbusan.net,rights_unknown,operational_assumed,operational_policy,"공식 관광 원천 일반 홍보 이미지, 이미지 수준 명시적 제한 미확인",,
busan-F-00186,보리종파티세리 본점,restaurant,https://www.visitbusan.net/uploadImgs/files/cntnts/20230601212247424_ttiel,www.visitbusan.net,rights_unknown,operational_assumed,operational_policy,"공식 관광 원천 일반 홍보 이미지, 이미지 수준 명시적 제한 미확인",,
busan-F-00187,바우노바,restaurant,https://www.visitbusan.net/uploadImgs/files/cntnts/20240419095023870_ttiel,www.visitbusan.net,rights_unknown,operational_assumed,operational_policy,"공식 관광 원천 일반 홍보 이미지, 이미지 수준 명시적 제한 미확인",,
busan-F-00188,부산대 포맨티코 본점,restaurant,https://www.visitbusan.net/uploadImgs/files/cntnts/20240416103220485_ttiel,www.visitbusan.net,rights_unknown,operational_assumed,operational_policy,"공식 관광 원천 일반 홍보 이미지, 이미지 수준 명시적 제한 미확인",,
busan-F-00189,명란브랜드연구소,restaurant,https://www.visitbusan.net/uploadImgs/files/cntnts/20230602135143501_ttiel,www.visitbusan.net,rights_unknown,operational_assumed,operational_policy,"공식 관광 원천 일반 홍보 이미지, 이미지 수준 명시적 제한 미확인",,
busan-F-00190,육화목,restaurant,https://www.visitbusan.net/uploadImgs/files/cntnts/20230602135638172_ttiel,www.visitbusan.net,rights_unknown,operational_assumed,operational_policy,"공식 관광 원천 일반 홍보 이미지, 이미지 수준 명시적 제한 미확인",,
busan-F-00191,어밤부,restaurant,https://www.visitbusan.net/uploadImgs/files/cntnts/20240419173453394_ttiel,www.visitbusan.net,rights_unknown,operational_assumed,operational_policy,"공식 관광 원천 일반 홍보 이미지, 이미지 수준 명시적 제한 미확인",,
busan-F-00192,우토피아,restaurant,https://www.visitbusan.net/uploadImgs/files/cntnts/20240418125531238_ttiel,www.visitbusan.net,rights_unknown,operational_assumed,operational_policy,"공식 관광 원천 일반 홍보 이미지, 이미지 수준 명시적 제한 미확인",,
busan-F-00193,우봉,restaurant,https://www.visitbusan.net/uploadImgs/files/cntnts/20230602141753998_ttiel,www.visitbusan.net,rights_unknown,operational_assumed,operational_policy,"공식 관광 원천 일반 홍보 이미지, 이미지 수준 명시적 제한 미확인",,
busan-F-00194,굿모닝홍콩,restaurant,https://www.visitbusan.net/uploadImgs/files/cntnts/20230602142611057_ttiel,www.visitbusan.net,rights_unknown,operational_assumed,operational_policy,"공식 관광 원천 일반 홍보 이미지, 이미지 수준 명시적 제한 미확인",,
busan-F-00195,버거인뉴욕,restaurant,https://www.visitbusan.net/uploadImgs/files/cntnts/20240419153525824_ttiel,www.visitbusan.net,rights_unknown,operational_assumed,operational_policy,"공식 관광 원천 일반 홍보 이미지, 이미지 수준 명시적 제한 미확인",,
busan-F-00196,반핀 서면전포점,restaurant,https://www.visitbusan.net/uploadImgs/files/cntnts/20230602143250533_ttiel,www.visitbusan.net,rights_unknown,operational_assumed,operational_policy,"공식 관광 원천 일반 홍보 이미지, 이미지 수준 명시적 제한 미확인",,
busan-F-00197,복성반점,restaurant,https://www.visitbusan.net/uploadImgs/files/cntnts/20240417164934040_ttiel,www.visitbusan.net,rights_unknown,operational_assumed,operational_policy,"공식 관광 원천 일반 홍보 이미지, 이미지 수준 명시적 제한 미확인",,
busan-F-00198,쉐프리,restaurant,https://www.visitbusan.net/uploadImgs/files/cntnts/20250530161709953_ttiel,www.visitbusan.net,rights_unknown,operational_assumed,operational_policy,"공식 관광 원천 일반 홍보 이미지, 이미지 수준 명시적 제한 미확인",,
busan-F-00199,부우사안,restaurant,https://www.visitbusan.net/uploadImgs/files/cntnts/20230602145152107_ttiel,www.visitbusan.net,rights_unknown,operational_assumed,operational_policy,"공식 관광 원천 일반 홍보 이미지, 이미지 수준 명시적 제한 미확인",,
busan-F-00200,스톤스트리트,restaurant,https://www.visitbusan.net/uploadImgs/files/cntnts/20230602145719327_ttiel,www.visitbusan.net,rights_unknown,operational_assumed,operational_policy,"공식 관광 원천 일반 홍보 이미지, 이미지 수준 명시적 제한 미확인",,
busan-F-00201,산동완탕교자관,restaurant,https://www.visitbusan.net/uploadImgs/files/cntnts/20230602145733245_ttiel,www.visitbusan.net,rights_unknown,operational_assumed,operational_policy,"공식 관광 원천 일반 홍보 이미지, 이미지 수준 명시적 제한 미확인",,
busan-F-00202,삼형제오리 부산1호점,restaurant,https://www.visitbusan.net/uploadImgs/files/cntnts/20230602150346849_ttiel,www.visitbusan.net,rights_unknown,operational_assumed,operational_policy,"공식 관광 원천 일반 홍보 이미지, 이미지 수준 명시적 제한 미확인",,
busan-F-00203,동광동 석기시대 본점,restaurant,https://www.visitbusan.net/uploadImgs/files/cntnts/20240419105032027_ttiel,www.visitbusan.net,rights_unknown,operational_assumed,operational_policy,"공식 관광 원천 일반 홍보 이미지, 이미지 수준 명시적 제한 미확인",,
busan-F-00204,음주양식당 오스테리아 어부,restaurant,https://www.visitbusan.net/uploadImgs/files/cntnts/20231109183734515_ttiel,www.visitbusan.net,rights_unknown,operational_assumed,operational_policy,"공식 관광 원천 일반 홍보 이미지, 이미지 수준 명시적 제한 미확인",,
busan-F-00205,칸웨이,restaurant,https://www.visitbusan.net/uploadImgs/files/cntnts/20230602153447605_ttiel,www.visitbusan.net,rights_unknown,operational_assumed,operational_policy,"공식 관광 원천 일반 홍보 이미지, 이미지 수준 명시적 제한 미확인",,
busan-F-00206,고옥,restaurant,https://www.visitbusan.net/uploadImgs/files/cntnts/20240418094044725_ttiel,www.visitbusan.net,rights_unknown,operational_assumed,operational_policy,"공식 관광 원천 일반 홍보 이미지, 이미지 수준 명시적 제한 미확인",,
busan-F-00207,글라스앤보틀,restaurant,https://www.visitbusan.net/uploadImgs/files/cntnts/20230602175414282_ttiel,www.visitbusan.net,rights_unknown,operational_assumed,operational_policy,"공식 관광 원천 일반 홍보 이미지, 이미지 수준 명시적 제한 미확인",,
busan-F-00208,앙탄,restaurant,https://www.visitbusan.net/uploadImgs/files/cntnts/20230603140846612_ttiel,www.visitbusan.net,rights_unknown,operational_assumed,operational_policy,"공식 관광 원천 일반 홍보 이미지, 이미지 수준 명시적 제한 미확인",,
busan-F-00209,교토돈부리 본점,restaurant,https://www.visitbusan.net/uploadImgs/files/cntnts/20230605092808009_ttiel,www.visitbusan.net,rights_unknown,operational_assumed,operational_policy,"공식 관광 원천 일반 홍보 이미지, 이미지 수준 명시적 제한 미확인",,
busan-F-00210,나가하마만게츠,restaurant,https://www.visitbusan.net/uploadImgs/files/cntnts/20240419133053912_ttiel,www.visitbusan.net,rights_unknown,operational_assumed,operational_policy,"공식 관광 원천 일반 홍보 이미지, 이미지 수준 명시적 제한 미확인",,
busan-F-00211,노는바다,restaurant,https://www.visitbusan.net/uploadImgs/files/cntnts/20230605094032446_ttiel,www.visitbusan.net,rights_unknown,operational_assumed,operational_policy,"공식 관광 원천 일반 홍보 이미지, 이미지 수준 명시적 제한 미확인",,
busan-F-00212,동경밥상,restaurant,https://www.visitbusan.net/uploadImgs/files/cntnts/20230605094602155_ttiel,www.visitbusan.net,rights_unknown,operational_assumed,operational_policy,"공식 관광 원천 일반 홍보 이미지, 이미지 수준 명시적 제한 미확인",,
busan-F-00213,슌,restaurant,https://www.visitbusan.net/uploadImgs/files/cntnts/20230605100447110_ttiel,www.visitbusan.net,rights_unknown,operational_assumed,operational_policy,"공식 관광 원천 일반 홍보 이미지, 이미지 수준 명시적 제한 미확인",,
busan-F-00214,스시미르네 본점,restaurant,https://www.visitbusan.net/uploadImgs/files/cntnts/20240419170216133_ttiel,www.visitbusan.net,rights_unknown,operational_assumed,operational_policy,"공식 관광 원천 일반 홍보 이미지, 이미지 수준 명시적 제한 미확인",,
busan-F-00215,스시심 타카이,restaurant,https://www.visitbusan.net/uploadImgs/files/cntnts/20230605101855650_ttiel,www.visitbusan.net,rights_unknown,operational_assumed,operational_policy,"공식 관광 원천 일반 홍보 이미지, 이미지 수준 명시적 제한 미확인",,
busan-F-00216,야스마루 쇼쿠도,restaurant,https://www.visitbusan.net/uploadImgs/files/cntnts/20240417143025804_ttiel,www.visitbusan.net,rights_unknown,operational_assumed,operational_policy,"공식 관광 원천 일반 홍보 이미지, 이미지 수준 명시적 제한 미확인",,
busan-F-00217,중앙모밀,restaurant,https://www.visitbusan.net/uploadImgs/files/cntnts/20240419113634712_ttiel,www.visitbusan.net,rights_unknown,operational_assumed,operational_policy,"공식 관광 원천 일반 홍보 이미지, 이미지 수준 명시적 제한 미확인",,
busan-F-00218,킹콩스시,restaurant,https://www.visitbusan.net/uploadImgs/files/cntnts/20230605105014796_ttiel,www.visitbusan.net,rights_unknown,operational_assumed,operational_policy,"공식 관광 원천 일반 홍보 이미지, 이미지 수준 명시적 제한 미확인",,
busan-F-00219,타이가 텐푸라,restaurant,https://www.visitbusan.net/uploadImgs/files/cntnts/20230605114432846_ttiel,www.visitbusan.net,rights_unknown,operational_assumed,operational_policy,"공식 관광 원천 일반 홍보 이미지, 이미지 수준 명시적 제한 미확인",,
busan-F-00220,톤쇼우 부산대점,restaurant,https://www.visitbusan.net/uploadImgs/files/cntnts/20240416105423031_ttiel,www.visitbusan.net,rights_unknown,operational_assumed,operational_policy,"공식 관광 원천 일반 홍보 이미지, 이미지 수준 명시적 제한 미확인",,
busan-F-00221,삼성밀면,restaurant,https://www.visitbusan.net/uploadImgs/files/cntnts/20240417141426032_ttiel,www.visitbusan.net,rights_unknown,operational_assumed,operational_policy,"공식 관광 원천 일반 홍보 이미지, 이미지 수준 명시적 제한 미확인",,
busan-F-00222,부산약콩밀면 이기대본점,restaurant,https://www.visitbusan.net/uploadImgs/files/cntnts/20230605160757154_ttiel,www.visitbusan.net,rights_unknown,operational_assumed,operational_policy,"공식 관광 원천 일반 홍보 이미지, 이미지 수준 명시적 제한 미확인",,
busan-F-00223,면채움,restaurant,https://www.visitbusan.net/uploadImgs/files/cntnts/20230605162454973_ttiel,www.visitbusan.net,rights_unknown,operational_assumed,operational_policy,"공식 관광 원천 일반 홍보 이미지, 이미지 수준 명시적 제한 미확인",,
busan-F-00224,대연밀면,restaurant,https://www.visitbusan.net/uploadImgs/files/cntnts/20230605163059829_ttiel,www.visitbusan.net,rights_unknown,operational_assumed,operational_policy,"공식 관광 원천 일반 홍보 이미지, 이미지 수준 명시적 제한 미확인",,
busan-F-00225,합천국밥집,restaurant,https://www.visitbusan.net/uploadImgs/files/cntnts/20230605171506269_ttiel,www.visitbusan.net,rights_unknown,operational_assumed,operational_policy,"공식 관광 원천 일반 홍보 이미지, 이미지 수준 명시적 제한 미확인",,
busan-F-00226,정짓간 돼지국밥 & 막국수,restaurant,https://www.visitbusan.net/uploadImgs/files/cntnts/20240417171440711_ttiel,www.visitbusan.net,rights_unknown,operational_assumed,operational_policy,"공식 관광 원천 일반 홍보 이미지, 이미지 수준 명시적 제한 미확인",,
busan-F-00227,우리돼지국밥,restaurant,https://www.visitbusan.net/uploadImgs/files/cntnts/20230605175347129_ttiel,www.visitbusan.net,rights_unknown,operational_assumed,operational_policy,"공식 관광 원천 일반 홍보 이미지, 이미지 수준 명시적 제한 미확인",,
busan-F-00228,수복돼지국밥,restaurant,https://www.visitbusan.net/uploadImgs/files/cntnts/20230607101844356_ttiel,www.visitbusan.net,rights_unknown,operational_assumed,operational_policy,"공식 관광 원천 일반 홍보 이미지, 이미지 수준 명시적 제한 미확인",,
busan-F-00229,부광돼지국밥전문점,restaurant,https://www.visitbusan.net/uploadImgs/files/cntnts/20240419095508857_ttiel,www.visitbusan.net,rights_unknown,operational_assumed,operational_policy,"공식 관광 원천 일반 홍보 이미지, 이미지 수준 명시적 제한 미확인",,
busan-F-00230,행복을 짓는 수향촌밥상,restaurant,https://www.visitbusan.net/uploadImgs/files/cntnts/20230607104813073_ttiel,www.visitbusan.net,rights_unknown,operational_assumed,operational_policy,"공식 관광 원천 일반 홍보 이미지, 이미지 수준 명시적 제한 미확인",,
busan-F-00231,해물왕창칼국수,restaurant,https://www.visitbusan.net/uploadImgs/files/cntnts/20240417163101609_ttiel,www.visitbusan.net,rights_unknown,operational_assumed,operational_policy,"공식 관광 원천 일반 홍보 이미지, 이미지 수준 명시적 제한 미확인",,
busan-F-00232,할매재첩국부산본점,restaurant,https://www.visitbusan.net/uploadImgs/files/cntnts/20240418131536518_ttiel,www.visitbusan.net,rights_unknown,operational_assumed,operational_policy,"공식 관광 원천 일반 홍보 이미지, 이미지 수준 명시적 제한 미확인",,
busan-F-00233,동래할매파전,restaurant,https://www.visitbusan.net/uploadImgs/files/cntnts/20240417095049087_ttiel,www.visitbusan.net,rights_unknown,operational_assumed,operational_policy,"공식 관광 원천 일반 홍보 이미지, 이미지 수준 명시적 제한 미확인",,
busan-F-00234,박해윤통영해물밥상,restaurant,https://www.visitbusan.net/uploadImgs/files/cntnts/20230607115106313_ttiel,www.visitbusan.net,rights_unknown,operational_assumed,operational_policy,"공식 관광 원천 일반 홍보 이미지, 이미지 수준 명시적 제한 미확인",,
busan-F-00235,원조꼬리곰집,restaurant,https://www.visitbusan.net/uploadImgs/files/cntnts/20240417104737417_ttiel,www.visitbusan.net,rights_unknown,operational_assumed,operational_policy,"공식 관광 원천 일반 홍보 이미지, 이미지 수준 명시적 제한 미확인",,
busan-F-00236,하동재첩국,restaurant,https://www.visitbusan.net/uploadImgs/files/cntnts/20240417160652816_ttiel,www.visitbusan.net,rights_unknown,operational_assumed,operational_policy,"공식 관광 원천 일반 홍보 이미지, 이미지 수준 명시적 제한 미확인",,
busan-F-00237,하기연진주냉면,restaurant,https://www.visitbusan.net/uploadImgs/files/cntnts/20240417172509146_ttiel,www.visitbusan.net,rights_unknown,operational_assumed,operational_policy,"공식 관광 원천 일반 홍보 이미지, 이미지 수준 명시적 제한 미확인",,
busan-F-00238,장안집,restaurant,https://www.visitbusan.net/uploadImgs/files/cntnts/20230607150107037_ttiel,www.visitbusan.net,rights_unknown,operational_assumed,operational_policy,"공식 관광 원천 일반 홍보 이미지, 이미지 수준 명시적 제한 미확인",,
busan-F-00239,이가네칼국수,restaurant,https://www.visitbusan.net/uploadImgs/files/cntnts/20230607152613580_ttiel,www.visitbusan.net,rights_unknown,operational_assumed,operational_policy,"공식 관광 원천 일반 홍보 이미지, 이미지 수준 명시적 제한 미확인",,
busan-F-00240,이가네떡볶이,restaurant,https://www.visitbusan.net/uploadImgs/files/cntnts/20230607153356051_ttiel,www.visitbusan.net,rights_unknown,operational_assumed,operational_policy,"공식 관광 원천 일반 홍보 이미지, 이미지 수준 명시적 제한 미확인",,
busan-F-00241,우성삼계탕,restaurant,https://www.visitbusan.net/uploadImgs/files/cntnts/20230607154228087_ttiel,www.visitbusan.net,rights_unknown,operational_assumed,operational_policy,"공식 관광 원천 일반 홍보 이미지, 이미지 수준 명시적 제한 미확인",,
busan-F-00242,몽뜰,restaurant,https://www.visitbusan.net/uploadImgs/files/cntnts/20230607170054185_ttiel,www.visitbusan.net,rights_unknown,operational_assumed,operational_policy,"공식 관광 원천 일반 홍보 이미지, 이미지 수준 명시적 제한 미확인",,
busan-F-00243,조광심민속왕순대,restaurant,https://www.visitbusan.net/uploadImgs/files/cntnts/20240417105843962_ttiel,www.visitbusan.net,rights_unknown,operational_assumed,operational_policy,"공식 관광 원천 일반 홍보 이미지, 이미지 수준 명시적 제한 미확인",,
busan-F-00244,할매집회국수,restaurant,https://www.visitbusan.net/uploadImgs/files/cntnts/20240419113933249_ttiel,www.visitbusan.net,rights_unknown,operational_assumed,operational_policy,"공식 관광 원천 일반 홍보 이미지, 이미지 수준 명시적 제한 미확인",,
busan-F-00245,나탄약선요리,restaurant,https://www.visitbusan.net/uploadImgs/files/cntnts/20240417133833912_ttiel,www.visitbusan.net,rights_unknown,operational_assumed,operational_policy,"공식 관광 원천 일반 홍보 이미지, 이미지 수준 명시적 제한 미확인",,
busan-F-00246,부다면옥,restaurant,https://www.visitbusan.net/uploadImgs/files/cntnts/20240419153703944_ttiel,www.visitbusan.net,rights_unknown,operational_assumed,operational_policy,"공식 관광 원천 일반 홍보 이미지, 이미지 수준 명시적 제한 미확인",,
busan-F-00247,본 고갈비,restaurant,https://www.visitbusan.net/uploadImgs/files/cntnts/20230608140120811_ttiel,www.visitbusan.net,rights_unknown,operational_assumed,operational_policy,"공식 관광 원천 일반 홍보 이미지, 이미지 수준 명시적 제한 미확인",,
busan-F-00248,88돼지갈비,restaurant,https://www.visitbusan.net/uploadImgs/files/cntnts/20240416171818172_ttiel,www.visitbusan.net,rights_unknown,operational_assumed,operational_policy,"공식 관광 원천 일반 홍보 이미지, 이미지 수준 명시적 제한 미확인",,
busan-F-00249,돌솥밥집,restaurant,https://www.visitbusan.net/uploadImgs/files/cntnts/20230608144815779_ttiel,www.visitbusan.net,rights_unknown,operational_assumed,operational_policy,"공식 관광 원천 일반 홍보 이미지, 이미지 수준 명시적 제한 미확인",,
busan-F-00250,맹여사육전육회,restaurant,https://www.visitbusan.net/uploadImgs/files/cntnts/20230608150916484_ttiel,www.visitbusan.net,rights_unknown,operational_assumed,operational_policy,"공식 관광 원천 일반 홍보 이미지, 이미지 수준 명시적 제한 미확인",,
busan-F-00252,합천국밥집,restaurant,https://www.visitbusan.net/uploadImgs/files/cntnts/20230612125944822_ttiel,www.visitbusan.net,rights_unknown,operational_assumed,operational_policy,"공식 관광 원천 일반 홍보 이미지, 이미지 수준 명시적 제한 미확인",,
busan-F-00254,쌍둥이돼지국밥,restaurant,https://www.visitbusan.net/uploadImgs/files/cntnts/20230612130601401_ttiel,www.visitbusan.net,rights_unknown,operational_assumed,operational_policy,"공식 관광 원천 일반 홍보 이미지, 이미지 수준 명시적 제한 미확인",,
busan-F-00257,은해갈치,restaurant,https://www.visitbusan.net/uploadImgs/files/cntnts/20230612131518983_ttiel,www.visitbusan.net,rights_unknown,operational_assumed,operational_policy,"공식 관광 원천 일반 홍보 이미지, 이미지 수준 명시적 제한 미확인",,
busan-F-00258,동백섬횟집,restaurant,https://www.visitbusan.net/uploadImgs/files/cntnts/20230612133402186_ttiel,www.visitbusan.net,rights_unknown,operational_assumed,operational_policy,"공식 관광 원천 일반 홍보 이미지, 이미지 수준 명시적 제한 미확인",,
busan-F-00261,거대숯불구이,restaurant,https://www.visitbusan.net/uploadImgs/files/cntnts/20230612134343289_ttiel,www.visitbusan.net,rights_unknown,operational_assumed,operational_policy,"공식 관광 원천 일반 홍보 이미지, 이미지 수준 명시적 제한 미확인",,
busan-F-00263,아저씨대구탕,restaurant,https://www.visitbusan.net/uploadImgs/files/cntnts/20230612135343874_ttiel,www.visitbusan.net,rights_unknown,operational_assumed,operational_policy,"공식 관광 원천 일반 홍보 이미지, 이미지 수준 명시적 제한 미확인",,
busan-F-00265,무진장횟집,restaurant,https://www.visitbusan.net/uploadImgs/files/cntnts/20230612140201584_ttiel,www.visitbusan.net,rights_unknown,operational_assumed,operational_policy,"공식 관광 원천 일반 홍보 이미지, 이미지 수준 명시적 제한 미확인",,
busan-F-00267,미미루,restaurant,https://www.visitbusan.net/uploadImgs/files/cntnts/20230612142200836_ttiel,www.visitbusan.net,rights_unknown,operational_assumed,operational_policy,"공식 관광 원천 일반 홍보 이미지, 이미지 수준 명시적 제한 미확인",,
busan-F-00268,부우사안,restaurant,https://www.visitbusan.net/uploadImgs/files/cntnts/20230612142741318_ttiel,www.visitbusan.net,rights_unknown,operational_assumed,operational_policy,"공식 관광 원천 일반 홍보 이미지, 이미지 수준 명시적 제한 미확인",,
busan-F-00270,동경밥상,restaurant,https://www.visitbusan.net/uploadImgs/files/cntnts/20230612143356750_ttiel,www.visitbusan.net,rights_unknown,operational_assumed,operational_policy,"공식 관광 원천 일반 홍보 이미지, 이미지 수준 명시적 제한 미확인",,
busan-F-00271,모즈,restaurant,https://www.visitbusan.net/uploadImgs/files/cntnts/20230612143942704_ttiel,www.visitbusan.net,rights_unknown,operational_assumed,operational_policy,"공식 관광 원천 일반 홍보 이미지, 이미지 수준 명시적 제한 미확인",,
busan-F-00272,쇼진,restaurant,https://www.visitbusan.net/uploadImgs/files/cntnts/20240419165347836,www.visitbusan.net,rights_restricted,operational_assumed,operational_policy,"공식 관광 원천 일반 홍보 이미지, 사이트 공통 ARR (domain_inferred) — 21I: 사이트 공통 ARR만으로 blocked 처리 금지",,
busan-F-00274,스시이루카,restaurant,https://www.visitbusan.net/uploadImgs/files/cntnts/20230612145045002_ttiel,www.visitbusan.net,rights_unknown,operational_assumed,operational_policy,"공식 관광 원천 일반 홍보 이미지, 이미지 수준 명시적 제한 미확인",,
busan-F-00276,제로베이스,restaurant,https://www.visitbusan.net/uploadImgs/files/cntnts/20240418130407601,www.visitbusan.net,rights_restricted,operational_assumed,operational_policy,"공식 관광 원천 일반 홍보 이미지, 사이트 공통 ARR (domain_inferred) — 21I: 사이트 공통 ARR만으로 blocked 처리 금지",,
busan-F-00277,떼떼오네,restaurant,https://www.visitbusan.net/uploadImgs/files/cntnts/20230612150436417_ttiel,www.visitbusan.net,rights_unknown,operational_assumed,operational_policy,"공식 관광 원천 일반 홍보 이미지, 이미지 수준 명시적 제한 미확인",,
busan-F-00280,쉐프리,restaurant,https://www.visitbusan.net/uploadImgs/files/cntnts/20230612151651185_ttiel,www.visitbusan.net,rights_unknown,operational_assumed,operational_policy,"공식 관광 원천 일반 홍보 이미지, 이미지 수준 명시적 제한 미확인",,
busan-F-00283,레땅,restaurant,https://www.visitbusan.net/uploadImgs/files/cntnts/20230612152628930_ttiel,www.visitbusan.net,rights_unknown,operational_assumed,operational_policy,"공식 관광 원천 일반 홍보 이미지, 이미지 수준 명시적 제한 미확인",,
busan-F-00284,라이옥,restaurant,https://www.visitbusan.net/uploadImgs/files/cntnts/20230612153328501_ttiel,www.visitbusan.net,rights_unknown,operational_assumed,operational_policy,"공식 관광 원천 일반 홍보 이미지, 이미지 수준 명시적 제한 미확인",,
busan-F-00286,알로이타이레스토랑,restaurant,https://www.visitbusan.net/uploadImgs/files/cntnts/20230612153921763_ttiel,www.visitbusan.net,rights_unknown,operational_assumed,operational_policy,"공식 관광 원천 일반 홍보 이미지, 이미지 수준 명시적 제한 미확인",,
busan-F-00287,카파도키아,restaurant,https://www.visitbusan.net/uploadImgs/files/cntnts/20230612154508334_ttiel,www.visitbusan.net,rights_unknown,operational_assumed,operational_policy,"공식 관광 원천 일반 홍보 이미지, 이미지 수준 명시적 제한 미확인",,
busan-F-00291,금랑횟집,restaurant,https://www.visitbusan.net/uploadImgs/files/cntnts/20230612155844697_ttiel,www.visitbusan.net,rights_unknown,operational_assumed,operational_policy,"공식 관광 원천 일반 홍보 이미지, 이미지 수준 명시적 제한 미확인",,
busan-F-00293,맥퀸즈라운지,restaurant,https://www.visitbusan.net/uploadImgs/files/cntnts/20230612160716657_ttiel,www.visitbusan.net,rights_unknown,operational_assumed,operational_policy,"공식 관광 원천 일반 홍보 이미지, 이미지 수준 명시적 제한 미확인",,
busan-F-00294,목장원,restaurant,https://www.visitbusan.net/uploadImgs/files/cntnts/20230612161146972_ttiel,www.visitbusan.net,rights_unknown,operational_assumed,operational_policy,"공식 관광 원천 일반 홍보 이미지, 이미지 수준 명시적 제한 미확인",,
busan-F-00295,오륙도가원,restaurant,https://www.visitbusan.net/uploadImgs/files/cntnts/20230612161538543_ttiel,www.visitbusan.net,rights_unknown,operational_assumed,operational_policy,"공식 관광 원천 일반 홍보 이미지, 이미지 수준 명시적 제한 미확인",,
busan-F-00296,이레옥,restaurant,https://www.visitbusan.net/uploadImgs/files/cntnts/20230612162233926_ttiel,www.visitbusan.net,rights_unknown,operational_assumed,operational_policy,"공식 관광 원천 일반 홍보 이미지, 이미지 수준 명시적 제한 미확인",,
busan-F-00298,남풍,restaurant,https://www.visitbusan.net/uploadImgs/files/cntnts/20230612163040120_ttiel,www.visitbusan.net,rights_unknown,operational_assumed,operational_policy,"공식 관광 원천 일반 홍보 이미지, 이미지 수준 명시적 제한 미확인",,
busan-F-00299,랩24바이쿠무다,restaurant,https://www.visitbusan.net/uploadImgs/files/cntnts/20230612163348599_ttiel,www.visitbusan.net,rights_unknown,operational_assumed,operational_policy,"공식 관광 원천 일반 홍보 이미지, 이미지 수준 명시적 제한 미확인",,
busan-F-00300,르도헤,restaurant,https://www.visitbusan.net/uploadImgs/files/cntnts/20240419135826203,www.visitbusan.net,rights_restricted,operational_assumed,operational_policy,"공식 관광 원천 일반 홍보 이미지, 사이트 공통 ARR (domain_inferred) — 21I: 사이트 공통 ARR만으로 blocked 처리 금지",,
busan-F-00301,마이클어반팜테이블,restaurant,https://www.visitbusan.net/uploadImgs/files/cntnts/20230612165530398_ttiel,www.visitbusan.net,rights_unknown,operational_assumed,operational_policy,"공식 관광 원천 일반 홍보 이미지, 이미지 수준 명시적 제한 미확인",,
busan-F-00302,모리,restaurant,https://www.visitbusan.net/uploadImgs/files/cntnts/20240419140242960,www.visitbusan.net,rights_restricted,operational_assumed,operational_policy,"공식 관광 원천 일반 홍보 이미지, 사이트 공통 ARR (domain_inferred) — 21I: 사이트 공통 ARR만으로 blocked 처리 금지",,
busan-F-00304,사까에,restaurant,https://www.visitbusan.net/uploadImgs/files/cntnts/20230612170609406_ttiel,www.visitbusan.net,rights_unknown,operational_assumed,operational_policy,"공식 관광 원천 일반 홍보 이미지, 이미지 수준 명시적 제한 미확인",,
busan-F-00306,아쁘앙,restaurant,https://www.visitbusan.net/uploadImgs/files/cntnts/20230612171254815_ttiel,www.visitbusan.net,rights_unknown,operational_assumed,operational_policy,"공식 관광 원천 일반 홍보 이미지, 이미지 수준 명시적 제한 미확인",,
busan-F-00308,율링,restaurant,https://www.visitbusan.net/uploadImgs/files/cntnts/20230612175041562_ttiel,www.visitbusan.net,rights_unknown,operational_assumed,operational_policy,"공식 관광 원천 일반 홍보 이미지, 이미지 수준 명시적 제한 미확인",,
busan-F-00311,팔레트,restaurant,https://www.visitbusan.net/uploadImgs/files/cntnts/20240416154834100,www.visitbusan.net,rights_restricted,operational_assumed,operational_policy,"공식 관광 원천 일반 홍보 이미지, 사이트 공통 ARR (domain_inferred) — 21I: 사이트 공통 ARR만으로 blocked 처리 금지",,
busan-F-00312,하레마,restaurant,https://www.visitbusan.net/uploadImgs/files/cntnts/20230613092152629_ttiel,www.visitbusan.net,rights_unknown,operational_assumed,operational_policy,"공식 관광 원천 일반 홍보 이미지, 이미지 수준 명시적 제한 미확인",,
busan-F-00313,60년전통할매국밥,restaurant,https://www.visitbusan.net/uploadImgs/files/cntnts/20230613093228255_ttiel,www.visitbusan.net,rights_unknown,operational_assumed,operational_policy,"공식 관광 원천 일반 홍보 이미지, 이미지 수준 명시적 제한 미확인",,
busan-F-00314,개금밀면,restaurant,https://www.visitbusan.net/uploadImgs/files/cntnts/20230613095016120_ttiel,www.visitbusan.net,rights_unknown,operational_assumed,operational_policy,"공식 관광 원천 일반 홍보 이미지, 이미지 수준 명시적 제한 미확인",,
busan-F-00316,금수복국,restaurant,https://www.visitbusan.net/uploadImgs/files/cntnts/20230613095933451_ttiel,www.visitbusan.net,rights_unknown,operational_assumed,operational_policy,"공식 관광 원천 일반 홍보 이미지, 이미지 수준 명시적 제한 미확인",,
busan-F-00319,동래할매파전,restaurant,https://www.visitbusan.net/uploadImgs/files/cntnts/20230613102734246_ttiel,www.visitbusan.net,rights_unknown,operational_assumed,operational_policy,"공식 관광 원천 일반 홍보 이미지, 이미지 수준 명시적 제한 미확인",,
busan-F-00320,물꽁식당,restaurant,https://www.visitbusan.net/uploadImgs/files/cntnts/20230613103828538_ttiel,www.visitbusan.net,rights_unknown,operational_assumed,operational_policy,"공식 관광 원천 일반 홍보 이미지, 이미지 수준 명시적 제한 미확인",,
busan-F-00321,박옥희할매집원조복국,restaurant,https://www.visitbusan.net/uploadImgs/files/cntnts/20230613104626061_ttiel,www.visitbusan.net,rights_unknown,operational_assumed,operational_policy,"공식 관광 원천 일반 홍보 이미지, 이미지 수준 명시적 제한 미확인",,
busan-F-00322,배종관동래삼계탕,restaurant,https://www.visitbusan.net/uploadImgs/files/cntnts/20240417101857747,www.visitbusan.net,rights_restricted,operational_assumed,operational_policy,"공식 관광 원천 일반 홍보 이미지, 사이트 공통 ARR (domain_inferred) — 21I: 사이트 공통 ARR만으로 blocked 처리 금지",,
busan-F-00323,백구당,restaurant,https://www.visitbusan.net/uploadImgs/files/cntnts/20230613105612900_ttiel,www.visitbusan.net,rights_unknown,operational_assumed,operational_policy,"공식 관광 원천 일반 홍보 이미지, 이미지 수준 명시적 제한 미확인",,
busan-F-00324,부산명물횟집,restaurant,https://www.visitbusan.net/uploadImgs/files/cntnts/20230613131233567_ttiel,www.visitbusan.net,rights_unknown,operational_assumed,operational_policy,"공식 관광 원천 일반 홍보 이미지, 이미지 수준 명시적 제한 미확인",,
busan-F-00325,비엔씨,restaurant,https://www.visitbusan.net/uploadImgs/files/cntnts/20230613132128202_ttiel,www.visitbusan.net,rights_unknown,operational_assumed,operational_policy,"공식 관광 원천 일반 홍보 이미지, 이미지 수준 명시적 제한 미확인",,
busan-F-00327,서울깍두기,restaurant,https://www.visitbusan.net/uploadImgs/files/cntnts/20230613132725801_ttiel,www.visitbusan.net,rights_unknown,operational_assumed,operational_policy,"공식 관광 원천 일반 홍보 이미지, 이미지 수준 명시적 제한 미확인",,
busan-F-00329,신발원,restaurant,https://www.visitbusan.net/uploadImgs/files/cntnts/20230613133243687_ttiel,www.visitbusan.net,rights_unknown,operational_assumed,operational_policy,"공식 관광 원천 일반 홍보 이미지, 이미지 수준 명시적 제한 미확인",,
busan-F-00330,신창국밥,restaurant,https://www.visitbusan.net/uploadImgs/files/cntnts/20230613133632663_ttiel,www.visitbusan.net,rights_unknown,operational_assumed,operational_policy,"공식 관광 원천 일반 홍보 이미지, 이미지 수준 명시적 제한 미확인",,
busan-F-00331,신흥관,restaurant,https://www.visitbusan.net/uploadImgs/files/cntnts/20230613134515049_ttiel,www.visitbusan.net,rights_unknown,operational_assumed,operational_policy,"공식 관광 원천 일반 홍보 이미지, 이미지 수준 명시적 제한 미확인",,
busan-F-00332,옛날오막집,restaurant,https://www.visitbusan.net/uploadImgs/files/cntnts/20230613135150498_ttiel,www.visitbusan.net,rights_unknown,operational_assumed,operational_policy,"공식 관광 원천 일반 홍보 이미지, 이미지 수준 명시적 제한 미확인",,
busan-F-00334,초원복국,restaurant,https://www.visitbusan.net/uploadImgs/files/cntnts/20230613135851405_ttiel,www.visitbusan.net,rights_unknown,operational_assumed,operational_policy,"공식 관광 원천 일반 홍보 이미지, 이미지 수준 명시적 제한 미확인",,
busan-F-00335,평산옥,restaurant,https://www.visitbusan.net/uploadImgs/files/cntnts/20230613144231653_ttiel,www.visitbusan.net,rights_unknown,operational_assumed,operational_policy,"공식 관광 원천 일반 홍보 이미지, 이미지 수준 명시적 제한 미확인",,
busan-F-00337,해운대소문난암소갈비집,restaurant,https://www.visitbusan.net/uploadImgs/files/cntnts/20230613165118483_ttiel,www.visitbusan.net,rights_unknown,operational_assumed,operational_policy,"공식 관광 원천 일반 홍보 이미지, 이미지 수준 명시적 제한 미확인",,
busan-F-00339,머그디저트랩,restaurant,https://www.visitbusan.net/uploadImgs/files/cntnts/20230613165701228_ttiel,www.visitbusan.net,rights_unknown,operational_assumed,operational_policy,"공식 관광 원천 일반 홍보 이미지, 이미지 수준 명시적 제한 미확인",,
busan-F-00340,무슈뱅상,restaurant,https://www.visitbusan.net/uploadImgs/files/cntnts/20240418112726853,www.visitbusan.net,rights_restricted,operational_assumed,operational_policy,"공식 관광 원천 일반 홍보 이미지, 사이트 공통 ARR (domain_inferred) — 21I: 사이트 공통 ARR만으로 blocked 처리 금지",,
busan-F-00343,브리앙,restaurant,https://www.visitbusan.net/uploadImgs/files/cntnts/20230613171951255_ttiel,www.visitbusan.net,rights_unknown,operational_assumed,operational_policy,"공식 관광 원천 일반 홍보 이미지, 이미지 수준 명시적 제한 미확인",,
busan-F-00345,모모스커피,restaurant,https://www.visitbusan.net/uploadImgs/files/cntnts/20230613173346368_ttiel,www.visitbusan.net,rights_unknown,operational_assumed,operational_policy,"공식 관광 원천 일반 홍보 이미지, 이미지 수준 명시적 제한 미확인",,
busan-F-00346,베르크로스터스,restaurant,https://www.visitbusan.net/uploadImgs/files/cntnts/20230613174142673_ttiel,www.visitbusan.net,rights_unknown,operational_assumed,operational_policy,"공식 관광 원천 일반 홍보 이미지, 이미지 수준 명시적 제한 미확인",,
busan-F-00347,블랙업커피,restaurant,https://www.visitbusan.net/uploadImgs/files/cntnts/20230613174426706_ttiel,www.visitbusan.net,rights_unknown,operational_assumed,operational_policy,"공식 관광 원천 일반 홍보 이미지, 이미지 수준 명시적 제한 미확인",,
busan-F-00348,히떼로스터리,restaurant,https://www.visitbusan.net/uploadImgs/files/cntnts/20230613175240521_ttiel,www.visitbusan.net,rights_unknown,operational_assumed,operational_policy,"공식 관광 원천 일반 홍보 이미지, 이미지 수준 명시적 제한 미확인",,
busan-F-00351,토북베이커리,restaurant,https://www.visitbusan.net/uploadImgs/files/cntnts/20240415173022243_ttiel,www.visitbusan.net,rights_unknown,operational_assumed,operational_policy,"공식 관광 원천 일반 홍보 이미지, 이미지 수준 명시적 제한 미확인",,
busan-F-00352,카페호밀,restaurant,https://www.visitbusan.net/uploadImgs/files/cntnts/20240416104638891_ttiel,www.visitbusan.net,rights_unknown,operational_assumed,operational_policy,"공식 관광 원천 일반 홍보 이미지, 이미지 수준 명시적 제한 미확인",,
busan-F-00353,고향연화,restaurant,https://www.visitbusan.net/uploadImgs/files/cntnts/20240416105926870_ttiel,www.visitbusan.net,rights_unknown,operational_assumed,operational_policy,"공식 관광 원천 일반 홍보 이미지, 이미지 수준 명시적 제한 미확인",,
busan-F-00354,대성칼치찌개구이,restaurant,https://www.visitbusan.net/uploadImgs/files/cntnts/20240416111045673_ttiel,www.visitbusan.net,rights_unknown,operational_assumed,operational_policy,"공식 관광 원천 일반 홍보 이미지, 이미지 수준 명시적 제한 미확인",,
busan-F-00355,무진장횟집 기장점,restaurant,https://www.visitbusan.net/uploadImgs/files/cntnts/20240416111916488_ttiel,www.visitbusan.net,rights_unknown,operational_assumed,operational_policy,"공식 관광 원천 일반 홍보 이미지, 이미지 수준 명시적 제한 미확인",,
busan-F-00356,올바릇식당 본점,restaurant,https://www.visitbusan.net/uploadImgs/files/cntnts/20240416142348310_ttiel,www.visitbusan.net,rights_unknown,operational_assumed,operational_policy,"공식 관광 원천 일반 홍보 이미지, 이미지 수준 명시적 제한 미확인",,
busan-F-00357,알천순대곱창전골전문점,restaurant,https://www.visitbusan.net/uploadImgs/files/cntnts/20240416152751004_ttiel,www.visitbusan.net,rights_unknown,operational_assumed,operational_policy,"공식 관광 원천 일반 홍보 이미지, 이미지 수준 명시적 제한 미확인",,
busan-F-00358,태화반점,restaurant,https://www.visitbusan.net/uploadImgs/files/cntnts/20240416153901728_ttiel,www.visitbusan.net,rights_unknown,operational_assumed,operational_policy,"공식 관광 원천 일반 홍보 이미지, 이미지 수준 명시적 제한 미확인",,
busan-F-00359,팔레트,restaurant,https://www.visitbusan.net/uploadImgs/files/cntnts/20240416154834100_ttiel,www.visitbusan.net,rights_unknown,operational_assumed,operational_policy,"공식 관광 원천 일반 홍보 이미지, 이미지 수준 명시적 제한 미확인",,
busan-F-00360,공담 파스타,restaurant,https://www.visitbusan.net/uploadImgs/files/cntnts/20240417091749698_ttiel,www.visitbusan.net,rights_unknown,operational_assumed,operational_policy,"공식 관광 원천 일반 홍보 이미지, 이미지 수준 명시적 제한 미확인",,
busan-F-00361,배종관동래삼계탕,restaurant,https://www.visitbusan.net/uploadImgs/files/cntnts/20240417101857747_ttiel,www.visitbusan.net,rights_unknown,operational_assumed,operational_policy,"공식 관광 원천 일반 홍보 이미지, 이미지 수준 명시적 제한 미확인",,
busan-F-00362,신가네 호떡 김밥 떡볶이,restaurant,https://www.visitbusan.net/uploadImgs/files/cntnts/20240417103903563_ttiel,www.visitbusan.net,rights_unknown,operational_assumed,operational_policy,"공식 관광 원천 일반 홍보 이미지, 이미지 수준 명시적 제한 미확인",,
busan-F-00363,칙투칙,restaurant,https://www.visitbusan.net/uploadImgs/files/cntnts/20240417110222327_ttiel,www.visitbusan.net,rights_unknown,operational_assumed,operational_policy,"공식 관광 원천 일반 홍보 이미지, 이미지 수준 명시적 제한 미확인",,
busan-F-00364,프랑스 과자점  브리앙,restaurant,https://www.visitbusan.net/uploadImgs/files/cntnts/20240417113010113_ttiel,www.visitbusan.net,rights_unknown,operational_assumed,operational_policy,"공식 관광 원천 일반 홍보 이미지, 이미지 수준 명시적 제한 미확인",,
busan-F-00365,기장손칼국수,restaurant,https://www.visitbusan.net/uploadImgs/files/cntnts/20240417130710913_ttiel,www.visitbusan.net,rights_unknown,operational_assumed,operational_policy,"공식 관광 원천 일반 홍보 이미지, 이미지 수준 명시적 제한 미확인",,
busan-F-00366,두번째 늘해랑,restaurant,https://www.visitbusan.net/uploadImgs/files/cntnts/20240417134039028_ttiel,www.visitbusan.net,rights_unknown,operational_assumed,operational_policy,"공식 관광 원천 일반 홍보 이미지, 이미지 수준 명시적 제한 미확인",,
busan-F-00367,베르크로스터스,restaurant,https://www.visitbusan.net/uploadImgs/files/cntnts/20240417134640835_ttiel,www.visitbusan.net,rights_unknown,operational_assumed,operational_policy,"공식 관광 원천 일반 홍보 이미지, 이미지 수준 명시적 제한 미확인",,
busan-F-00368,코르 파스타 바,restaurant,https://www.visitbusan.net/uploadImgs/files/cntnts/20240417145812364_ttiel,www.visitbusan.net,rights_unknown,operational_assumed,operational_policy,"공식 관광 원천 일반 홍보 이미지, 이미지 수준 명시적 제한 미확인",,
busan-F-00369,곰보식당,restaurant,https://www.visitbusan.net/uploadImgs/files/cntnts/20240417160043995_ttiel,www.visitbusan.net,rights_unknown,operational_assumed,operational_policy,"공식 관광 원천 일반 홍보 이미지, 이미지 수준 명시적 제한 미확인",,
busan-F-00370,611WoodFire,restaurant,https://www.visitbusan.net/uploadImgs/files/cntnts/20240418091923719_ttiel,www.visitbusan.net,rights_unknown,operational_assumed,operational_policy,"공식 관광 원천 일반 홍보 이미지, 이미지 수준 명시적 제한 미확인",,
busan-F-00371,골목포차,restaurant,https://www.visitbusan.net/uploadImgs/files/cntnts/20240418095202742_ttiel,www.visitbusan.net,rights_unknown,operational_assumed,operational_policy,"공식 관광 원천 일반 홍보 이미지, 이미지 수준 명시적 제한 미확인",,
busan-F-00372,뉼리 광안리점,restaurant,https://www.visitbusan.net/uploadImgs/files/cntnts/20240418103340192_ttiel,www.visitbusan.net,rights_unknown,operational_assumed,operational_policy,"공식 관광 원천 일반 홍보 이미지, 이미지 수준 명시적 제한 미확인",,
busan-F-00373,다이도코로 광안리본점,restaurant,https://www.visitbusan.net/uploadImgs/files/cntnts/20240418110041026_ttiel,www.visitbusan.net,rights_unknown,operational_assumed,operational_policy,"공식 관광 원천 일반 홍보 이미지, 이미지 수준 명시적 제한 미확인",,
busan-F-00374,더스모코,restaurant,https://www.visitbusan.net/uploadImgs/files/cntnts/20240418110738039_ttiel,www.visitbusan.net,rights_unknown,operational_assumed,operational_policy,"공식 관광 원천 일반 홍보 이미지, 이미지 수준 명시적 제한 미확인",,
busan-F-00375,램지,restaurant,https://www.visitbusan.net/uploadImgs/files/cntnts/20250529125315121_ttiel,www.visitbusan.net,rights_unknown,operational_assumed,operational_policy,"공식 관광 원천 일반 홍보 이미지, 이미지 수준 명시적 제한 미확인",,
busan-F-00376,무슈뱅상,restaurant,https://www.visitbusan.net/uploadImgs/files/cntnts/20240418112726853_ttiel,www.visitbusan.net,rights_unknown,operational_assumed,operational_policy,"공식 관광 원천 일반 홍보 이미지, 이미지 수준 명시적 제한 미확인",,
busan-F-00377,샤브남바완,restaurant,https://www.visitbusan.net/uploadImgs/files/cntnts/20240418113753614_ttiel,www.visitbusan.net,rights_unknown,operational_assumed,operational_policy,"공식 관광 원천 일반 홍보 이미지, 이미지 수준 명시적 제한 미확인",,
busan-F-00378,아웃트로 바이 비토,restaurant,https://www.visitbusan.net/uploadImgs/files/cntnts/20240418114912249_ttiel,www.visitbusan.net,rights_unknown,operational_assumed,operational_policy,"공식 관광 원천 일반 홍보 이미지, 이미지 수준 명시적 제한 미확인",,
busan-F-00379,제로베이스,restaurant,https://www.visitbusan.net/uploadImgs/files/cntnts/20240418130407601_ttiel,www.visitbusan.net,rights_unknown,operational_assumed,operational_policy,"공식 관광 원천 일반 홍보 이미지, 이미지 수준 명시적 제한 미확인",,
busan-F-00380,고등어다찌  연산본점,restaurant,https://www.visitbusan.net/uploadImgs/files/cntnts/20240418132720308_ttiel,www.visitbusan.net,rights_unknown,operational_assumed,operational_policy,"공식 관광 원천 일반 홍보 이미지, 이미지 수준 명시적 제한 미확인",,
busan-F-00381,재기돼지국밥,restaurant,https://www.visitbusan.net/uploadImgs/files/cntnts/20240418143354206_ttiel,www.visitbusan.net,rights_unknown,operational_assumed,operational_policy,"공식 관광 원천 일반 홍보 이미지, 이미지 수준 명시적 제한 미확인",,
busan-F-00382,그리다부부,restaurant,https://www.visitbusan.net/uploadImgs/files/cntnts/20240419090634454_ttiel,www.visitbusan.net,rights_unknown,operational_assumed,operational_policy,"공식 관광 원천 일반 홍보 이미지, 이미지 수준 명시적 제한 미확인",,
busan-F-00383,동화반점,restaurant,https://www.visitbusan.net/uploadImgs/files/cntnts/20240419093503992_ttiel,www.visitbusan.net,rights_unknown,operational_assumed,operational_policy,"공식 관광 원천 일반 홍보 이미지, 이미지 수준 명시적 제한 미확인",,
busan-F-00384,연경재,restaurant,https://www.visitbusan.net/uploadImgs/files/cntnts/20240419110121584_ttiel,www.visitbusan.net,rights_unknown,operational_assumed,operational_policy,"공식 관광 원천 일반 홍보 이미지, 이미지 수준 명시적 제한 미확인",,
busan-F-00385,김정연분식 면옥향천,restaurant,https://www.visitbusan.net/uploadImgs/files/cntnts/20240419131021388_ttiel,www.visitbusan.net,rights_unknown,operational_assumed,operational_policy,"공식 관광 원천 일반 홍보 이미지, 이미지 수준 명시적 제한 미확인",,
busan-F-00386,랩24 바이 쿠무다,restaurant,https://www.visitbusan.net/uploadImgs/files/cntnts/20240419135409622_ttiel,www.visitbusan.net,rights_unknown,operational_assumed,operational_policy,"공식 관광 원천 일반 홍보 이미지, 이미지 수준 명시적 제한 미확인",,
busan-F-00387,르도헤,restaurant,https://www.visitbusan.net/uploadImgs/files/cntnts/20240419135826203_ttiel,www.visitbusan.net,rights_unknown,operational_assumed,operational_policy,"공식 관광 원천 일반 홍보 이미지, 이미지 수준 명시적 제한 미확인",,
busan-F-00388,모리,restaurant,https://www.visitbusan.net/uploadImgs/files/cntnts/20240419140242960_ttiel,www.visitbusan.net,rights_unknown,operational_assumed,operational_policy,"공식 관광 원천 일반 홍보 이미지, 이미지 수준 명시적 제한 미확인",,
busan-F-00389,비비비당,restaurant,https://www.visitbusan.net/uploadImgs/files/cntnts/20240419155611699_ttiel,www.visitbusan.net,rights_unknown,operational_assumed,operational_policy,"공식 관광 원천 일반 홍보 이미지, 이미지 수준 명시적 제한 미확인",,
busan-F-00390,소공간,restaurant,https://www.visitbusan.net/uploadImgs/files/cntnts/20240419164740169_ttiel,www.visitbusan.net,rights_unknown,operational_assumed,operational_policy,"공식 관광 원천 일반 홍보 이미지, 이미지 수준 명시적 제한 미확인",,
busan-F-00391,쇼진,restaurant,https://www.visitbusan.net/uploadImgs/files/cntnts/20240419165347836_ttiel,www.visitbusan.net,rights_unknown,operational_assumed,operational_policy,"공식 관광 원천 일반 홍보 이미지, 이미지 수준 명시적 제한 미확인",,
busan-F-00392,우봉 샤브 청사포점,restaurant,https://www.visitbusan.net/uploadImgs/files/cntnts/20240419175312314_ttiel,www.visitbusan.net,rights_unknown,operational_assumed,operational_policy,"공식 관광 원천 일반 홍보 이미지, 이미지 수준 명시적 제한 미확인",,
busan-F-00393,초필살돼지구이 해운대 본점,restaurant,https://www.visitbusan.net/uploadImgs/files/cntnts/20240422093323560_ttiel,www.visitbusan.net,rights_unknown,operational_assumed,operational_policy,"공식 관광 원천 일반 홍보 이미지, 이미지 수준 명시적 제한 미확인",,
busan-F-00394,하레마,restaurant,https://www.visitbusan.net/uploadImgs/files/cntnts/20240422100016453_ttiel,www.visitbusan.net,rights_unknown,operational_assumed,operational_policy,"공식 관광 원천 일반 홍보 이미지, 이미지 수준 명시적 제한 미확인",,
busan-F-00395,백가백반,restaurant,https://www.visitbusan.net/uploadImgs/files/cntnts/20250408092958955_ttiel,www.visitbusan.net,rights_unknown,operational_assumed,operational_policy,"공식 관광 원천 일반 홍보 이미지, 이미지 수준 명시적 제한 미확인",,
busan-F-00396,밀양갈비,restaurant,https://www.visitbusan.net/uploadImgs/files/cntnts/20250408093648041_ttiel,www.visitbusan.net,rights_unknown,operational_assumed,operational_policy,"공식 관광 원천 일반 홍보 이미지, 이미지 수준 명시적 제한 미확인",,
busan-F-00397,가야포차선지국밥 본점,restaurant,https://www.visitbusan.net/uploadImgs/files/cntnts/20250408094027003_ttiel,www.visitbusan.net,rights_unknown,operational_assumed,operational_policy,"공식 관광 원천 일반 홍보 이미지, 이미지 수준 명시적 제한 미확인",,
busan-F-00398,30년전통가마솥석쇠돼지갈비,restaurant,https://www.visitbusan.net/uploadImgs/files/cntnts/20250408094429754_ttiel,www.visitbusan.net,rights_unknown,operational_assumed,operational_policy,"공식 관광 원천 일반 홍보 이미지, 이미지 수준 명시적 제한 미확인",,
busan-F-00399,달타이,restaurant,https://www.visitbusan.net/uploadImgs/files/cntnts/20250408095539103_ttiel,www.visitbusan.net,rights_unknown,operational_assumed,operational_policy,"공식 관광 원천 일반 홍보 이미지, 이미지 수준 명시적 제한 미확인",,
busan-F-00400,란아한,restaurant,https://www.visitbusan.net/uploadImgs/files/cntnts/20250408095705335_ttiel,www.visitbusan.net,rights_unknown,operational_assumed,operational_policy,"공식 관광 원천 일반 홍보 이미지, 이미지 수준 명시적 제한 미확인",,
busan-F-00401,바오하우스,restaurant,https://www.visitbusan.net/uploadImgs/files/cntnts/20250408095935004_ttiel,www.visitbusan.net,rights_unknown,operational_assumed,operational_policy,"공식 관광 원천 일반 홍보 이미지, 이미지 수준 명시적 제한 미확인",,
busan-F-00402,롯데호텔 부산 블루헤이븐,restaurant,https://www.visitbusan.net/uploadImgs/files/cntnts/20250408100151107_ttiel,www.visitbusan.net,rights_unknown,operational_assumed,operational_policy,"공식 관광 원천 일반 홍보 이미지, 이미지 수준 명시적 제한 미확인",,
busan-F-00403,못난이식당 해운대점,restaurant,https://www.visitbusan.net/uploadImgs/files/cntnts/20250408100308119_ttiel,www.visitbusan.net,rights_unknown,operational_assumed,operational_policy,"공식 관광 원천 일반 홍보 이미지, 이미지 수준 명시적 제한 미확인",,
busan-F-00404,손내향미,restaurant,https://www.visitbusan.net/uploadImgs/files/cntnts/20250408100525344_ttiel,www.visitbusan.net,rights_unknown,operational_assumed,operational_policy,"공식 관광 원천 일반 홍보 이미지, 이미지 수준 명시적 제한 미확인",,
busan-F-00405,선창횟집,restaurant,https://www.visitbusan.net/uploadImgs/files/cntnts/20250408102722301_ttiel,www.visitbusan.net,rights_unknown,operational_assumed,operational_policy,"공식 관광 원천 일반 홍보 이미지, 이미지 수준 명시적 제한 미확인",,
busan-F-00406,수블,restaurant,https://www.visitbusan.net/uploadImgs/files/cntnts/20250408103219387_ttiel,www.visitbusan.net,rights_unknown,operational_assumed,operational_policy,"공식 관광 원천 일반 홍보 이미지, 이미지 수준 명시적 제한 미확인",,
busan-F-00407,스시시안,restaurant,https://www.visitbusan.net/uploadImgs/files/cntnts/20250408103617676_ttiel,www.visitbusan.net,rights_unknown,operational_assumed,operational_policy,"공식 관광 원천 일반 홍보 이미지, 이미지 수준 명시적 제한 미확인",,
busan-F-00408,쥬가,restaurant,https://www.visitbusan.net/uploadImgs/files/cntnts/20250408104140736_ttiel,www.visitbusan.net,rights_unknown,operational_assumed,operational_policy,"공식 관광 원천 일반 홍보 이미지, 이미지 수준 명시적 제한 미확인",,
busan-F-00409,쿠지라멘,restaurant,https://www.visitbusan.net/uploadImgs/files/cntnts/20250408104843726_ttiel,www.visitbusan.net,rights_unknown,operational_assumed,operational_policy,"공식 관광 원천 일반 홍보 이미지, 이미지 수준 명시적 제한 미확인",,
busan-F-00410,팔레트,restaurant,https://www.visitbusan.net/uploadImgs/files/cntnts/20250408111911870_ttiel,www.visitbusan.net,rights_unknown,operational_assumed,operational_policy,"공식 관광 원천 일반 홍보 이미지, 이미지 수준 명시적 제한 미확인",,
busan-F-00411,1969부원동칼국수 부산본점,restaurant,https://www.visitbusan.net/uploadImgs/files/cntnts/20250408112548429_ttiel,www.visitbusan.net,rights_unknown,operational_assumed,operational_policy,"공식 관광 원천 일반 홍보 이미지, 이미지 수준 명시적 제한 미확인",,
busan-F-00412,고등어연구소 본점,restaurant,https://www.visitbusan.net/uploadImgs/files/cntnts/20250408113257860_ttiel,www.visitbusan.net,rights_unknown,operational_assumed,operational_policy,"공식 관광 원천 일반 홍보 이미지, 이미지 수준 명시적 제한 미확인",,
busan-F-00413,동삼정,restaurant,https://www.visitbusan.net/uploadImgs/files/cntnts/20250408113919836_ttiel,www.visitbusan.net,rights_unknown,operational_assumed,operational_policy,"공식 관광 원천 일반 홍보 이미지, 이미지 수준 명시적 제한 미확인",,
busan-F-00414,유원,restaurant,https://www.visitbusan.net/uploadImgs/files/cntnts/20250408114718754_ttiel,www.visitbusan.net,rights_unknown,operational_assumed,operational_policy,"공식 관광 원천 일반 홍보 이미지, 이미지 수준 명시적 제한 미확인",,
busan-F-00415,야스마루 닌니쿠,restaurant,https://www.visitbusan.net/uploadImgs/files/cntnts/20250408114844827_ttiel,www.visitbusan.net,rights_unknown,operational_assumed,operational_policy,"공식 관광 원천 일반 홍보 이미지, 이미지 수준 명시적 제한 미확인",,
busan-F-00416,지즈,restaurant,https://www.visitbusan.net/uploadImgs/files/cntnts/20250408115051503_ttiel,www.visitbusan.net,rights_unknown,operational_assumed,operational_policy,"공식 관광 원천 일반 홍보 이미지, 이미지 수준 명시적 제한 미확인",,
busan-F-00417,순사이쿠보,restaurant,https://www.visitbusan.net/uploadImgs/files/cntnts/20250408115525042_ttiel,www.visitbusan.net,rights_unknown,operational_assumed,operational_policy,"공식 관광 원천 일반 홍보 이미지, 이미지 수준 명시적 제한 미확인",,
busan-F-00418,델리봉,restaurant,https://www.visitbusan.net/uploadImgs/files/cntnts/20250408122426619_ttiel,www.visitbusan.net,rights_unknown,operational_assumed,operational_policy,"공식 관광 원천 일반 홍보 이미지, 이미지 수준 명시적 제한 미확인",,
busan-F-00419,보느파티쓰리,restaurant,https://www.visitbusan.net/uploadImgs/files/cntnts/20250408123831370_ttiel,www.visitbusan.net,rights_unknown,operational_assumed,operational_policy,"공식 관광 원천 일반 홍보 이미지, 이미지 수준 명시적 제한 미확인",,
busan-F-00420,남천면가,restaurant,https://www.visitbusan.net/uploadImgs/files/cntnts/20250408131231343_ttiel,www.visitbusan.net,rights_unknown,operational_assumed,operational_policy,"공식 관광 원천 일반 홍보 이미지, 이미지 수준 명시적 제한 미확인",,
busan-F-00421,닭발의 지존,restaurant,https://www.visitbusan.net/uploadImgs/files/cntnts/20250408131658485_ttiel,www.visitbusan.net,rights_unknown,operational_assumed,operational_policy,"공식 관광 원천 일반 홍보 이미지, 이미지 수준 명시적 제한 미확인",,
busan-F-00422,데일리럭키,restaurant,https://www.visitbusan.net/uploadImgs/files/cntnts/20250408132244401_ttiel,www.visitbusan.net,rights_unknown,operational_assumed,operational_policy,"공식 관광 원천 일반 홍보 이미지, 이미지 수준 명시적 제한 미확인",,
busan-F-00423,백일평냉,restaurant,https://www.visitbusan.net/uploadImgs/files/cntnts/20250408132935773_ttiel,www.visitbusan.net,rights_unknown,operational_assumed,operational_policy,"공식 관광 원천 일반 홍보 이미지, 이미지 수준 명시적 제한 미확인",,
busan-F-00424,아펙트,restaurant,https://www.visitbusan.net/uploadImgs/files/cntnts/20250408133516752_ttiel,www.visitbusan.net,rights_unknown,operational_assumed,operational_policy,"공식 관광 원천 일반 홍보 이미지, 이미지 수준 명시적 제한 미확인",,
busan-F-00425,야키토리 백탄,restaurant,https://www.visitbusan.net/uploadImgs/files/cntnts/20250408134146562_ttiel,www.visitbusan.net,rights_unknown,operational_assumed,operational_policy,"공식 관광 원천 일반 홍보 이미지, 이미지 수준 명시적 제한 미확인",,
busan-F-00426,야키토리 해공,restaurant,https://www.visitbusan.net/uploadImgs/files/cntnts/20250408135037039_ttiel,www.visitbusan.net,rights_unknown,operational_assumed,operational_policy,"공식 관광 원천 일반 홍보 이미지, 이미지 수준 명시적 제한 미확인",,
busan-F-00427,우리포차,restaurant,https://www.visitbusan.net/uploadImgs/files/cntnts/20250408135630428_ttiel,www.visitbusan.net,rights_unknown,operational_assumed,operational_policy,"공식 관광 원천 일반 홍보 이미지, 이미지 수준 명시적 제한 미확인",,
busan-F-00428,으뜸이로리바타,restaurant,https://www.visitbusan.net/uploadImgs/files/cntnts/20250408140215924_ttiel,www.visitbusan.net,rights_unknown,operational_assumed,operational_policy,"공식 관광 원천 일반 홍보 이미지, 이미지 수준 명시적 제한 미확인",,
busan-F-00429,자매국밥,restaurant,https://www.visitbusan.net/uploadImgs/files/cntnts/20250408142939682_ttiel,www.visitbusan.net,rights_unknown,operational_assumed,operational_policy,"공식 관광 원천 일반 홍보 이미지, 이미지 수준 명시적 제한 미확인",,
busan-F-00430,조이풀조이풀(골드핀치by조이풀조이풀),restaurant,https://www.visitbusan.net/uploadImgs/files/cntnts/20250408143450330_ttiel,www.visitbusan.net,rights_unknown,operational_assumed,operational_policy,"공식 관광 원천 일반 홍보 이미지, 이미지 수준 명시적 제한 미확인",,
busan-F-00431,청산1954,restaurant,https://www.visitbusan.net/uploadImgs/files/cntnts/20250408144017778_ttiel,www.visitbusan.net,rights_unknown,operational_assumed,operational_policy,"공식 관광 원천 일반 홍보 이미지, 이미지 수준 명시적 제한 미확인",,
busan-F-00432,해운대암소갈비집,restaurant,https://www.visitbusan.net/uploadImgs/files/cntnts/20250507154200232_ttiel,www.visitbusan.net,rights_unknown,operational_assumed,operational_policy,"공식 관광 원천 일반 홍보 이미지, 이미지 수준 명시적 제한 미확인",,
busan-F-00433,연화제과,restaurant,https://www.visitbusan.net/uploadImgs/files/cntnts/20250507155421924_ttiel,www.visitbusan.net,rights_unknown,operational_assumed,operational_policy,"공식 관광 원천 일반 홍보 이미지, 이미지 수준 명시적 제한 미확인",,
busan-F-00434,대성갈치찌개구이,restaurant,https://www.visitbusan.net/uploadImgs/files/cntnts/20250516132502489_ttiel,www.visitbusan.net,rights_unknown,operational_assumed,operational_policy,"공식 관광 원천 일반 홍보 이미지, 이미지 수준 명시적 제한 미확인",,
busan-F-00435,고기형,restaurant,https://www.visitbusan.net/uploadImgs/files/cntnts/20250516162239090_ttiel,www.visitbusan.net,rights_unknown,operational_assumed,operational_policy,"공식 관광 원천 일반 홍보 이미지, 이미지 수준 명시적 제한 미확인",,
busan-F-00436,우봉샤브,restaurant,https://www.visitbusan.net/uploadImgs/files/cntnts/20250522162933740_ttiel,www.visitbusan.net,rights_unknown,operational_assumed,operational_policy,"공식 관광 원천 일반 홍보 이미지, 이미지 수준 명시적 제한 미확인",,
busan-F-00437,히떼로스터리 전포점,restaurant,https://www.visitbusan.net/uploadImgs/files/cntnts/20250523164409148_ttiel,www.visitbusan.net,rights_unknown,operational_assumed,operational_policy,"공식 관광 원천 일반 홍보 이미지, 이미지 수준 명시적 제한 미확인",,
busan-VB-1031,슬기로운 부산도서관 생활,attraction,https://www.visitbusan.net/uploadImgs/files/cntnts/20201216170753435,www.visitbusan.net,rights_restricted,operational_assumed,operational_policy,"공식 관광 원천 일반 홍보 이미지, 사이트 공통 ARR (domain_inferred) — 21I: 사이트 공통 ARR만으로 blocked 처리 금지",,
busan-VB-1034,문화예술촌 공방,attraction,https://www.visitbusan.net/uploadImgs/files/cntnts/20210119092002319,www.visitbusan.net,rights_restricted,operational_assumed,operational_policy,"공식 관광 원천 일반 홍보 이미지, 사이트 공통 ARR (domain_inferred) — 21I: 사이트 공통 ARR만으로 blocked 처리 금지",,
busan-VB-1057,민속마당,attraction,https://www.visitbusan.net/uploadImgs/files/cntnts/20210224093512296,www.visitbusan.net,rights_restricted,operational_assumed,operational_policy,"공식 관광 원천 일반 홍보 이미지, 사이트 공통 ARR (domain_inferred) — 21I: 사이트 공통 ARR만으로 blocked 처리 금지",,
busan-VB-1063,한지러브,attraction,https://www.visitbusan.net/uploadImgs/files/cntnts/20210415094749661,www.visitbusan.net,rights_restricted,operational_assumed,operational_policy,"공식 관광 원천 일반 홍보 이미지, 사이트 공통 ARR (domain_inferred) — 21I: 사이트 공통 ARR만으로 blocked 처리 금지",,
busan-VB-1066,드림씨어터,attraction,https://www.visitbusan.net/uploadImgs/files/cntnts/20210415141932215,www.visitbusan.net,rights_restricted,operational_assumed,operational_policy,"공식 관광 원천 일반 홍보 이미지, 사이트 공통 ARR (domain_inferred) — 21I: 사이트 공통 ARR만으로 blocked 처리 금지",,
busan-VB-1093,부산칠드런스뮤지엄,attraction,https://www.visitbusan.net/uploadImgs/files/cntnts/20210906193401204,www.visitbusan.net,rights_restricted,operational_assumed,operational_policy,"공식 관광 원천 일반 홍보 이미지, 사이트 공통 ARR (domain_inferred) — 21I: 사이트 공통 ARR만으로 blocked 처리 금지",,
busan-VB-1133,도날드즉석떡볶이,restaurant,https://www.visitbusan.net/uploadImgs/files/cntnts/20240418141930357,www.visitbusan.net,rights_restricted,operational_assumed,operational_policy,"공식 관광 원천 일반 홍보 이미지, 사이트 공통 ARR (domain_inferred) — 21I: 사이트 공통 ARR만으로 blocked 처리 금지",,
busan-VB-1137,원산면옥 1953,restaurant,https://www.visitbusan.net/uploadImgs/files/cntnts/20240419110909568,www.visitbusan.net,rights_restricted,operational_assumed,operational_policy,"공식 관광 원천 일반 홍보 이미지, 사이트 공통 ARR (domain_inferred) — 21I: 사이트 공통 ARR만으로 blocked 처리 금지",,
busan-VB-1142,드넓은 초록 물결 해운대수목원,attraction,https://www.visitbusan.net/uploadImgs/files/cntnts/20230202161355598,www.visitbusan.net,rights_restricted,operational_assumed,operational_policy,"공식 관광 원천 일반 홍보 이미지, 사이트 공통 ARR (domain_inferred) — 21I: 사이트 공통 ARR만으로 blocked 처리 금지",,
busan-VB-1157,부산에서 공해 없이 가을 타기,nature,https://www.visitbusan.net/uploadImgs/files/cntnts/20211029150212666,www.visitbusan.net,rights_restricted,operational_assumed,operational_policy,"공식 관광 원천 일반 홍보 이미지, 사이트 공통 ARR (domain_inferred) — 21I: 사이트 공통 ARR만으로 blocked 처리 금지",,
busan-VB-1179,때 묻지 않은 순수 영도 봉산마을,attraction,https://www.visitbusan.net/uploadImgs/files/cntnts/20211116151308755,www.visitbusan.net,rights_restricted,operational_assumed,operational_policy,"공식 관광 원천 일반 홍보 이미지, 사이트 공통 ARR (domain_inferred) — 21I: 사이트 공통 ARR만으로 blocked 처리 금지",,
busan-VB-1185,문화로 소통하는 복합문화공간 KT&G 상상마당 부산,attraction,https://www.visitbusan.net/uploadImgs/files/cntnts/20211123183743098,www.visitbusan.net,rights_restricted,operational_assumed,operational_policy,"공식 관광 원천 일반 홍보 이미지, 사이트 공통 ARR (domain_inferred) — 21I: 사이트 공통 ARR만으로 blocked 처리 금지",,
busan-VB-1248,GAB148 Steak & Pasta,restaurant,https://www.visitbusan.net/uploadImgs/files/cntnts/20220511141322616,www.visitbusan.net,rights_restricted,operational_assumed,operational_policy,"공식 관광 원천 일반 홍보 이미지, 사이트 공통 ARR (domain_inferred) — 21I: 사이트 공통 ARR만으로 blocked 처리 금지",,
busan-VB-1262,홍성방,restaurant,https://www.visitbusan.net/uploadImgs/files/cntnts/20240416173708292,www.visitbusan.net,rights_restricted,operational_assumed,operational_policy,"공식 관광 원천 일반 홍보 이미지, 사이트 공통 ARR (domain_inferred) — 21I: 사이트 공통 ARR만으로 blocked 처리 금지",,
busan-VB-1315,태종대에서 즐기는 스쿠버다이빙,nature,https://www.visitbusan.net/uploadImgs/files/cntnts/20220901105625348,www.visitbusan.net,rights_restricted,operational_assumed,operational_policy,"공식 관광 원천 일반 홍보 이미지, 사이트 공통 ARR (domain_inferred) — 21I: 사이트 공통 ARR만으로 blocked 처리 금지",,
busan-VB-1316,뮤지엄 원,attraction,https://www.visitbusan.net/uploadImgs/files/cntnts/20230919092725268,www.visitbusan.net,rights_restricted,operational_assumed,operational_policy,"공식 관광 원천 일반 홍보 이미지, 사이트 공통 ARR (domain_inferred) — 21I: 사이트 공통 ARR만으로 blocked 처리 금지",,
busan-VB-1323,"트렌디함 물씬, 밀락더마켓",attraction,https://www.visitbusan.net/uploadImgs/files/cntnts/20230613163604135,www.visitbusan.net,rights_restricted,operational_assumed,operational_policy,"공식 관광 원천 일반 홍보 이미지, 사이트 공통 ARR (domain_inferred) — 21I: 사이트 공통 ARR만으로 blocked 처리 금지",,
busan-VB-1364,"강, 바다 야경을 동시에! 해운대리버크루즈",attraction,https://www.visitbusan.net/uploadImgs/files/cntnts/20230202161545695,www.visitbusan.net,rights_restricted,operational_assumed,operational_policy,"공식 관광 원천 일반 홍보 이미지, 사이트 공통 ARR (domain_inferred) — 21I: 사이트 공통 ARR만으로 blocked 처리 금지",,
busan-VB-139,서프홀릭 서핑 체험 프로그램,nature,https://www.visitbusan.net/uploadImgs/files/cntnts/20191218132613831,www.visitbusan.net,rights_restricted,operational_assumed,operational_policy,"공식 관광 원천 일반 홍보 이미지, 사이트 공통 ARR (domain_inferred) — 21I: 사이트 공통 ARR만으로 blocked 처리 금지",,
busan-VB-140,부산요트투어(요트탈래),attraction,https://www.visitbusan.net/uploadImgs/files/cntnts/20191218141129672,www.visitbusan.net,rights_restricted,operational_assumed,operational_policy,"공식 관광 원천 일반 홍보 이미지, 사이트 공통 ARR (domain_inferred) — 21I: 사이트 공통 ARR만으로 blocked 처리 금지",,
busan-VB-1422,청량미 끝판왕 오션뷰 송도해상케이블카!,attraction,https://www.visitbusan.net/uploadImgs/files/cntnts/20230508183214812,www.visitbusan.net,rights_restricted,operational_assumed,operational_policy,"공식 관광 원천 일반 홍보 이미지, 사이트 공통 ARR (domain_inferred) — 21I: 사이트 공통 ARR만으로 blocked 처리 금지",,
busan-VB-1434,은은한 꽃향기로 가득한 화명장미원과 화명생태공원,attraction,https://www.visitbusan.net/uploadImgs/files/cntnts/20230519190619574,www.visitbusan.net,rights_restricted,operational_assumed,operational_policy,"공식 관광 원천 일반 홍보 이미지, 사이트 공통 ARR (domain_inferred) — 21I: 사이트 공통 ARR만으로 blocked 처리 금지",,
busan-VB-1440,자연 속 야외영화관 태종대 자동차극장,attraction,https://www.visitbusan.net/uploadImgs/files/cntnts/20230525134753245,www.visitbusan.net,rights_restricted,operational_assumed,operational_policy,"공식 관광 원천 일반 홍보 이미지, 사이트 공통 ARR (domain_inferred) — 21I: 사이트 공통 ARR만으로 blocked 처리 금지",,
busan-VB-1444,멋진 복합문화공간으로 변신한 부산근현대역사관 별관,attraction,https://www.visitbusan.net/uploadImgs/files/cntnts/20230602095512309,www.visitbusan.net,rights_restricted,operational_assumed,operational_policy,"공식 관광 원천 일반 홍보 이미지, 사이트 공통 ARR (domain_inferred) — 21I: 사이트 공통 ARR만으로 blocked 처리 금지",,
busan-VB-1449,달빛마실 명소 우암동 도시숲,attraction,https://www.visitbusan.net/uploadImgs/files/cntnts/20230531220739285,www.visitbusan.net,rights_restricted,operational_assumed,operational_policy,"공식 관광 원천 일반 홍보 이미지, 사이트 공통 ARR (domain_inferred) — 21I: 사이트 공통 ARR만으로 blocked 처리 금지",,
busan-VB-1489,석기시대,restaurant,https://www.visitbusan.net/uploadImgs/files/cntnts/20240419105032027,www.visitbusan.net,rights_restricted,operational_assumed,operational_policy,"공식 관광 원천 일반 홍보 이미지, 사이트 공통 ARR (domain_inferred) — 21I: 사이트 공통 ARR만으로 blocked 처리 금지",,
busan-VB-1508,부산약콩밀면,restaurant,https://www.visitbusan.net/uploadImgs/files/cntnts/20230605160757154,www.visitbusan.net,rights_restricted,operational_assumed,operational_policy,"공식 관광 원천 일반 홍보 이미지, 사이트 공통 ARR (domain_inferred) — 21I: 사이트 공통 ARR만으로 blocked 처리 금지",,
busan-VB-1624,무공해 질주 본능 스카이라인루지 부산,attraction,https://www.visitbusan.net/uploadImgs/files/cntnts/20230613161356984,www.visitbusan.net,rights_restricted,operational_assumed,operational_policy,"공식 관광 원천 일반 홍보 이미지, 사이트 공통 ARR (domain_inferred) — 21I: 사이트 공통 ARR만으로 blocked 처리 금지",,
busan-VB-1666,동백상회,attraction,https://www.visitbusan.net/uploadImgs/files/cntnts/20230630173529014,www.visitbusan.net,rights_restricted,operational_assumed,operational_policy,"공식 관광 원천 일반 홍보 이미지, 사이트 공통 ARR (domain_inferred) — 21I: 사이트 공통 ARR만으로 blocked 처리 금지",,
busan-VB-1667,해운대 선물가게,attraction,https://www.visitbusan.net/uploadImgs/files/cntnts/20230630182744054,www.visitbusan.net,rights_restricted,operational_assumed,operational_policy,"공식 관광 원천 일반 홍보 이미지, 사이트 공통 ARR (domain_inferred) — 21I: 사이트 공통 ARR만으로 blocked 처리 금지",,
busan-VB-1680,해운대 한눈에 담은 프리미엄 스파&워터파크 클럽디오아시스,attraction,https://www.visitbusan.net/uploadImgs/files/cntnts/20230803111638709,www.visitbusan.net,rights_restricted,operational_assumed,operational_policy,"공식 관광 원천 일반 홍보 이미지, 사이트 공통 ARR (domain_inferred) — 21I: 사이트 공통 ARR만으로 blocked 처리 금지",,
busan-VB-1695,우시산 인 부산,attraction,https://www.visitbusan.net/uploadImgs/files/cntnts/20230818110625569,www.visitbusan.net,rights_restricted,operational_assumed,operational_policy,"공식 관광 원천 일반 홍보 이미지, 사이트 공통 ARR (domain_inferred) — 21I: 사이트 공통 ARR만으로 blocked 처리 금지",,
busan-VB-1710,코코스퀘어,attraction,https://www.visitbusan.net/uploadImgs/files/cntnts/20230918105645593,www.visitbusan.net,rights_restricted,operational_assumed,operational_policy,"공식 관광 원천 일반 홍보 이미지, 사이트 공통 ARR (domain_inferred) — 21I: 사이트 공통 ARR만으로 blocked 처리 금지",,
busan-VB-1721,코리아쿠킹클래스 밥상 인 부산,restaurant,https://www.visitbusan.net/uploadImgs/files/cntnts/20240115181405769,www.visitbusan.net,rights_restricted,operational_assumed,operational_policy,"공식 관광 원천 일반 홍보 이미지, 사이트 공통 ARR (domain_inferred) — 21I: 사이트 공통 ARR만으로 blocked 처리 금지",,
busan-VB-1729,부산전통문화체험관,attraction,https://www.visitbusan.net/uploadImgs/files/cntnts/20240116112643283,www.visitbusan.net,rights_restricted,operational_assumed,operational_policy,"공식 관광 원천 일반 홍보 이미지, 사이트 공통 ARR (domain_inferred) — 21I: 사이트 공통 ARR만으로 blocked 처리 금지",,
busan-VB-1733,프라이빗하게 즐기는 커스텀 주얼리 클래스,attraction,https://www.visitbusan.net/uploadImgs/files/cntnts/20231102143906919,www.visitbusan.net,rights_restricted,operational_assumed,operational_policy,"공식 관광 원천 일반 홍보 이미지, 사이트 공통 ARR (domain_inferred) — 21I: 사이트 공통 ARR만으로 blocked 처리 금지",,
busan-VB-1737,봉산마을 시그니처 꽃차 원데이클래스,attraction,https://www.visitbusan.net/uploadImgs/files/cntnts/20231101135638906,www.visitbusan.net,rights_restricted,operational_assumed,operational_policy,"공식 관광 원천 일반 홍보 이미지, 사이트 공통 ARR (domain_inferred) — 21I: 사이트 공통 ARR만으로 blocked 처리 금지",,
busan-VB-1739,영도의 상징 터그보트! 원데이클래스,attraction,https://www.visitbusan.net/uploadImgs/files/cntnts/20231102145311420,www.visitbusan.net,rights_restricted,operational_assumed,operational_policy,"공식 관광 원천 일반 홍보 이미지, 사이트 공통 ARR (domain_inferred) — 21I: 사이트 공통 ARR만으로 blocked 처리 금지",,
busan-VB-1742,세상에 단 하나뿐인 향수 원데이 클래스,attraction,https://www.visitbusan.net/uploadImgs/files/cntnts/20231102150518289,www.visitbusan.net,rights_restricted,operational_assumed,operational_policy,"공식 관광 원천 일반 홍보 이미지, 사이트 공통 ARR (domain_inferred) — 21I: 사이트 공통 ARR만으로 blocked 처리 금지",,
busan-VB-1743,"망미골목에서 이색체험 밀랍공예, 헬로커피하이허니",attraction,https://www.visitbusan.net/uploadImgs/files/cntnts/20231103152837809,www.visitbusan.net,rights_restricted,operational_assumed,operational_policy,"공식 관광 원천 일반 홍보 이미지, 사이트 공통 ARR (domain_inferred) — 21I: 사이트 공통 ARR만으로 blocked 처리 금지",,
busan-VB-1747,전포공구길에서 접한 드로잉 체험! 성수미술관 부산서면점,attraction,https://www.visitbusan.net/uploadImgs/files/cntnts/20231108170648764,www.visitbusan.net,rights_restricted,operational_assumed,operational_policy,"공식 관광 원천 일반 홍보 이미지, 사이트 공통 ARR (domain_inferred) — 21I: 사이트 공통 ARR만으로 blocked 처리 금지",,
busan-VB-1748,"손끝에서 빛나는 예술, 도자기 만들기 체험 그린온더브라운",attraction,https://www.visitbusan.net/uploadImgs/files/cntnts/20231109125150172,www.visitbusan.net,rights_restricted,operational_assumed,operational_policy,"공식 관광 원천 일반 홍보 이미지, 사이트 공통 ARR (domain_inferred) — 21I: 사이트 공통 ARR만으로 blocked 처리 금지",,
busan-VB-1753,센텀 스파랜드,attraction,https://www.visitbusan.net/uploadImgs/files/cntnts/20231122100844072,www.visitbusan.net,rights_restricted,operational_assumed,operational_policy,"공식 관광 원천 일반 홍보 이미지, 사이트 공통 ARR (domain_inferred) — 21I: 사이트 공통 ARR만으로 blocked 처리 금지",,
busan-VB-1754,허심청,attraction,https://www.visitbusan.net/uploadImgs/files/cntnts/20231122102746866,www.visitbusan.net,rights_restricted,operational_assumed,operational_policy,"공식 관광 원천 일반 홍보 이미지, 사이트 공통 ARR (domain_inferred) — 21I: 사이트 공통 ARR만으로 blocked 처리 금지",,
busan-VB-1769,대한민국 메가 트렌드의 중심! 광안리 M 드론라이트쇼,event,https://www.visitbusan.net/uploadImgs/files/cntnts/20240126145805570,www.visitbusan.net,rights_restricted,operational_assumed,operational_policy,"공식 관광 원천 일반 홍보 이미지, 사이트 공통 ARR (domain_inferred) — 21I: 사이트 공통 ARR만으로 blocked 처리 금지",,
busan-VB-1772,"부산의 명당 스폿, 정중앙 공원",attraction,https://www.visitbusan.net/uploadImgs/files/cntnts/20240103105345242,www.visitbusan.net,rights_restricted,operational_assumed,operational_policy,"공식 관광 원천 일반 홍보 이미지, 사이트 공통 ARR (domain_inferred) — 21I: 사이트 공통 ARR만으로 blocked 처리 금지",,
busan-VB-1799,구봉산 치유숲길 맨발 황톳길,nature,https://www.visitbusan.net/uploadImgs/files/cntnts/20240401190118004,www.visitbusan.net,rights_restricted,operational_assumed,operational_policy,"공식 관광 원천 일반 홍보 이미지, 사이트 공통 ARR (domain_inferred) — 21I: 사이트 공통 ARR만으로 blocked 처리 금지",,
busan-VB-1808,올바릇 본점,restaurant,https://www.visitbusan.net/uploadImgs/files/cntnts/20240416142348310,www.visitbusan.net,rights_restricted,operational_assumed,operational_policy,"공식 관광 원천 일반 홍보 이미지, 사이트 공통 ARR (domain_inferred) — 21I: 사이트 공통 ARR만으로 blocked 처리 금지",,
busan-VB-1852,바다가 보이는 부산항 힐링야영장,nature,https://www.visitbusan.net/uploadImgs/files/cntnts/20240426143708267,www.visitbusan.net,rights_restricted,operational_assumed,operational_policy,"공식 관광 원천 일반 홍보 이미지, 사이트 공통 ARR (domain_inferred) — 21I: 사이트 공통 ARR만으로 blocked 처리 금지",,
busan-VB-1853,"감성 캠핑소품샵이 있는 캠핑 컨셉 카페, 클래식 캠퍼",restaurant,https://www.visitbusan.net/uploadImgs/files/cntnts/20240426150248689,www.visitbusan.net,rights_restricted,operational_assumed,operational_policy,"공식 관광 원천 일반 홍보 이미지, 사이트 공통 ARR (domain_inferred) — 21I: 사이트 공통 ARR만으로 blocked 처리 금지",,
busan-VB-1854,런닝맨 부산점,attraction,https://www.visitbusan.net/uploadImgs/files/cntnts/20240426152203003,www.visitbusan.net,rights_restricted,operational_assumed,operational_policy,"공식 관광 원천 일반 홍보 이미지, 사이트 공통 ARR (domain_inferred) — 21I: 사이트 공통 ARR만으로 blocked 처리 금지",,
busan-VB-1855,라이언 홀리데이 인 부산,attraction,https://www.visitbusan.net/uploadImgs/files/cntnts/20240426162016150,www.visitbusan.net,rights_restricted,operational_assumed,operational_policy,"공식 관광 원천 일반 홍보 이미지, 사이트 공통 ARR (domain_inferred) — 21I: 사이트 공통 ARR만으로 blocked 처리 금지",,
busan-VB-1857,"한국에서 체험하는 가장 생생한 인도, 부산 인도문화원",attraction,https://www.visitbusan.net/uploadImgs/files/cntnts/20240503180255101,www.visitbusan.net,rights_restricted,operational_assumed,operational_policy,"공식 관광 원천 일반 홍보 이미지, 사이트 공통 ARR (domain_inferred) — 21I: 사이트 공통 ARR만으로 blocked 처리 금지",,
busan-VB-1860,월클 K-POP 아티스트 되는 ‘상상’,attraction,https://www.visitbusan.net/uploadImgs/files/cntnts/20240509112935155,www.visitbusan.net,rights_restricted,operational_assumed,operational_policy,"공식 관광 원천 일반 홍보 이미지, 사이트 공통 ARR (domain_inferred) — 21I: 사이트 공통 ARR만으로 blocked 처리 금지",,
busan-VB-1862,"낯선 ‘아세안’, 친해지고 싶다면? KF 아세안 문화원",attraction,https://www.visitbusan.net/uploadImgs/files/cntnts/20240528134839123,www.visitbusan.net,rights_restricted,operational_assumed,operational_policy,"공식 관광 원천 일반 홍보 이미지, 사이트 공통 ARR (domain_inferred) — 21I: 사이트 공통 ARR만으로 blocked 처리 금지",,
busan-VB-1866,"100년의 역사를 품은 집, 오초량",attraction,https://www.visitbusan.net/uploadImgs/files/cntnts/20240528140620645,www.visitbusan.net,rights_restricted,operational_assumed,operational_policy,"공식 관광 원천 일반 홍보 이미지, 사이트 공통 ARR (domain_inferred) — 21I: 사이트 공통 ARR만으로 blocked 처리 금지",,
busan-VB-1867,이국적인 멋이 가득! 한국 이슬람 부산성원,attraction,https://www.visitbusan.net/uploadImgs/files/cntnts/20240528135430979,www.visitbusan.net,rights_restricted,operational_assumed,operational_policy,"공식 관광 원천 일반 홍보 이미지, 사이트 공통 ARR (domain_inferred) — 21I: 사이트 공통 ARR만으로 blocked 처리 금지",,
busan-VB-1868,부산항이 한눈에! 친환경스카이웨이전망대,attraction,https://www.visitbusan.net/uploadImgs/files/cntnts/20240527143901347,www.visitbusan.net,rights_restricted,operational_assumed,operational_policy,"공식 관광 원천 일반 홍보 이미지, 사이트 공통 ARR (domain_inferred) — 21I: 사이트 공통 ARR만으로 blocked 처리 금지",,
busan-VB-1869,"낡은 청바지, 유니크한 원단이 되다!",attraction,https://www.visitbusan.net/uploadImgs/files/cntnts/20240523122821289,www.visitbusan.net,rights_restricted,operational_assumed,operational_policy,"공식 관광 원천 일반 홍보 이미지, 사이트 공통 ARR (domain_inferred) — 21I: 사이트 공통 ARR만으로 blocked 처리 금지",,
busan-VB-1881,부산 근현대사를 한눈에!! 남포동 아이와 가볼 만한 곳,attraction,https://www.visitbusan.net/uploadImgs/files/cntnts/20240605163754301,www.visitbusan.net,rights_restricted,operational_assumed,operational_policy,"공식 관광 원천 일반 홍보 이미지, 사이트 공통 ARR (domain_inferred) — 21I: 사이트 공통 ARR만으로 blocked 처리 금지",,
busan-VB-1890,"문득 생각에 잠기고 싶은 날, 북구 문화예술 복합공간 무사이",attraction,https://www.visitbusan.net/uploadImgs/files/cntnts/20240626113937766,www.visitbusan.net,rights_restricted,operational_assumed,operational_policy,"공식 관광 원천 일반 홍보 이미지, 사이트 공통 ARR (domain_inferred) — 21I: 사이트 공통 ARR만으로 blocked 처리 금지",,
busan-VB-1900,부산 트래블라운지가 말아주는 찐 부산체험 프로그램,attraction,https://www.visitbusan.net/uploadImgs/files/cntnts/20240703180817497_oen,www.visitbusan.net,rights_restricted,operational_assumed,operational_policy,"공식 관광 원천 일반 홍보 이미지, 사이트 공통 ARR (domain_inferred) — 21I: 사이트 공통 ARR만으로 blocked 처리 금지",,
busan-VB-1906,낙동강에서 즐기는 최상의 수상 레포츠! 화명수상레포츠타운,attraction,https://www.visitbusan.net/uploadImgs/files/cntnts/20240718113143752,www.visitbusan.net,rights_restricted,operational_assumed,operational_policy,"공식 관광 원천 일반 홍보 이미지, 사이트 공통 ARR (domain_inferred) — 21I: 사이트 공통 ARR만으로 blocked 처리 금지",,
busan-VB-1908,다대포해양레포츠센터에서 즐기는 익스트림 수상 레포츠,attraction,https://www.visitbusan.net/uploadImgs/files/cntnts/20240712140651629,www.visitbusan.net,rights_restricted,operational_assumed,operational_policy,"공식 관광 원천 일반 홍보 이미지, 사이트 공통 ARR (domain_inferred) — 21I: 사이트 공통 ARR만으로 blocked 처리 금지",,
busan-VB-1955,"바다 위에서 즐기는 웰니스 관광 체험, 광안리 SUP 요가",nature,https://www.visitbusan.net/uploadImgs/files/cntnts/20240725103101802,www.visitbusan.net,rights_restricted,operational_assumed,operational_policy,"공식 관광 원천 일반 홍보 이미지, 사이트 공통 ARR (domain_inferred) — 21I: 사이트 공통 ARR만으로 blocked 처리 금지",,
busan-VB-1963,"시원하다 못해 추운 곳, 올해 여름 피서는 부산실내빙상장에서!",attraction,https://www.visitbusan.net/uploadImgs/files/cntnts/20240805145854969,www.visitbusan.net,rights_restricted,operational_assumed,operational_policy,"공식 관광 원천 일반 홍보 이미지, 사이트 공통 ARR (domain_inferred) — 21I: 사이트 공통 ARR만으로 blocked 처리 금지",,
busan-VB-1964,갖고 싶은 소품이 모두 여기에! 광안리 최대 소품샵 분홍이네,attraction,https://www.visitbusan.net/uploadImgs/files/cntnts/20240805142935400,www.visitbusan.net,rights_restricted,operational_assumed,operational_policy,"공식 관광 원천 일반 홍보 이미지, 사이트 공통 ARR (domain_inferred) — 21I: 사이트 공통 ARR만으로 blocked 처리 금지",,
busan-VB-1965,"모래사장 위에서 낭만 한 편, 광안리 해변영화관",event,https://www.visitbusan.net/uploadImgs/files/cntnts/20240805144354930,www.visitbusan.net,rights_restricted,operational_assumed,operational_policy,"공식 관광 원천 일반 홍보 이미지, 사이트 공통 ARR (domain_inferred) — 21I: 사이트 공통 ARR만으로 blocked 처리 금지",,
busan-VB-2013,"아이와 함께 가기 좋은 숲속 놀이터&계곡, 반여 초록공원",attraction,https://www.visitbusan.net/uploadImgs/files/cntnts/20240809162015670_oen,www.visitbusan.net,rights_restricted,operational_assumed,operational_policy,"공식 관광 원천 일반 홍보 이미지, 사이트 공통 ARR (domain_inferred) — 21I: 사이트 공통 ARR만으로 blocked 처리 금지",,
busan-VB-2019,"상쾌한 공기, 깨끗한 계곡물로 기분 업! (구)대신공원 & 대신계곡",attraction,https://www.visitbusan.net/uploadImgs/files/cntnts/20240809163724512_oen,www.visitbusan.net,rights_restricted,operational_assumed,operational_policy,"공식 관광 원천 일반 홍보 이미지, 사이트 공통 ARR (domain_inferred) — 21I: 사이트 공통 ARR만으로 blocked 처리 금지",,
busan-VB-2024,"도심 속 힐링은 여기서! 숨겨진 자연 명소, 구덕야영장 계곡",attraction,https://www.visitbusan.net/uploadImgs/files/cntnts/20240809163409782_oen,www.visitbusan.net,rights_restricted,operational_assumed,operational_policy,"공식 관광 원천 일반 홍보 이미지, 사이트 공통 ARR (domain_inferred) — 21I: 사이트 공통 ARR만으로 blocked 처리 금지",,
busan-VB-2034,"시원한 물줄기와 함께 느끼는 부산의 역사, 범어사 용성계곡",attraction,https://www.visitbusan.net/uploadImgs/files/cntnts/20240809171648007_oen,www.visitbusan.net,rights_restricted,operational_assumed,operational_policy,"공식 관광 원천 일반 홍보 이미지, 사이트 공통 ARR (domain_inferred) — 21I: 사이트 공통 ARR만으로 blocked 처리 금지",,
busan-VB-2065,"도심 속에서 찾은 숨은 산책 코스, 용소웰빙공원",attraction,https://www.visitbusan.net/uploadImgs/files/cntnts/20240821134135301,www.visitbusan.net,rights_restricted,operational_assumed,operational_policy,"공식 관광 원천 일반 홍보 이미지, 사이트 공통 ARR (domain_inferred) — 21I: 사이트 공통 ARR만으로 blocked 처리 금지",,
busan-VB-2066,"너를 알아가는 시간, 4233 마음센터 광안점",attraction,https://www.visitbusan.net/uploadImgs/files/cntnts/20240822153539931,www.visitbusan.net,rights_restricted,operational_assumed,operational_policy,"공식 관광 원천 일반 홍보 이미지, 사이트 공통 ARR (domain_inferred) — 21I: 사이트 공통 ARR만으로 blocked 처리 금지",,
busan-VB-2067,"우리의 소리를 찾아서, 국립부산국악원 국악체험관",attraction,https://www.visitbusan.net/uploadImgs/files/cntnts/20240826154634475,www.visitbusan.net,rights_restricted,operational_assumed,operational_policy,"공식 관광 원천 일반 홍보 이미지, 사이트 공통 ARR (domain_inferred) — 21I: 사이트 공통 ARR만으로 blocked 처리 금지",,
busan-VB-2077,우리 모두 수포자 탈출 가능! 체험형 수학 놀이공간 ‘부산 수학문화관’,attraction,https://www.visitbusan.net/uploadImgs/files/cntnts/20240904145348246,www.visitbusan.net,rights_restricted,operational_assumed,operational_policy,"공식 관광 원천 일반 홍보 이미지, 사이트 공통 ARR (domain_inferred) — 21I: 사이트 공통 ARR만으로 blocked 처리 금지",,
busan-VB-2078,"부산의 최초 사찰, 마하사",attraction,https://www.visitbusan.net/uploadImgs/files/cntnts/20240911101725976,www.visitbusan.net,rights_restricted,operational_assumed,operational_policy,"공식 관광 원천 일반 홍보 이미지, 사이트 공통 ARR (domain_inferred) — 21I: 사이트 공통 ARR만으로 blocked 처리 금지",,
busan-VB-2079,추억을 찍는 이바구길 사진관,attraction,https://www.visitbusan.net/uploadImgs/files/cntnts/20240910171845448,www.visitbusan.net,rights_restricted,operational_assumed,operational_policy,"공식 관광 원천 일반 홍보 이미지, 사이트 공통 ARR (domain_inferred) — 21I: 사이트 공통 ARR만으로 blocked 처리 금지",,
busan-VB-2080,"아이들을 위한 이색 체험, 구포국수 체험관",attraction,https://www.visitbusan.net/uploadImgs/files/cntnts/20240910181815427,www.visitbusan.net,rights_restricted,operational_assumed,operational_policy,"공식 관광 원천 일반 홍보 이미지, 사이트 공통 ARR (domain_inferred) — 21I: 사이트 공통 ARR만으로 blocked 처리 금지",,
busan-VB-2081,"떠오르는 부산 야경 명소, 북항 친수공원",attraction,https://www.visitbusan.net/uploadImgs/files/cntnts/20240911140423764,www.visitbusan.net,rights_restricted,operational_assumed,operational_policy,"공식 관광 원천 일반 홍보 이미지, 사이트 공통 ARR (domain_inferred) — 21I: 사이트 공통 ARR만으로 blocked 처리 금지",,
busan-VB-2082,오션뷰까지 홍보의 완성! 북항재개발 홍보관,attraction,https://www.visitbusan.net/uploadImgs/files/cntnts/20240911173034092,www.visitbusan.net,rights_restricted,operational_assumed,operational_policy,"공식 관광 원천 일반 홍보 이미지, 사이트 공통 ARR (domain_inferred) — 21I: 사이트 공통 ARR만으로 blocked 처리 금지",,
busan-VB-2085,"누구나 예술가가 되는 곳, 문화예술플랫폼",attraction,https://www.visitbusan.net/uploadImgs/files/cntnts/20240911180908467,www.visitbusan.net,rights_restricted,operational_assumed,operational_policy,"공식 관광 원천 일반 홍보 이미지, 사이트 공통 ARR (domain_inferred) — 21I: 사이트 공통 ARR만으로 blocked 처리 금지",,
busan-VB-2086,"책이 사람을 만나 빛이 되고 길이 되는 공간, ‘북두칠성도서관’",attraction,https://www.visitbusan.net/uploadImgs/files/cntnts/20240913175719812,www.visitbusan.net,rights_restricted,operational_assumed,operational_policy,"공식 관광 원천 일반 홍보 이미지, 사이트 공통 ARR (domain_inferred) — 21I: 사이트 공통 ARR만으로 blocked 처리 금지",,
busan-VB-2091,"세계 최대 규모 부산 아르떼뮤지엄, 빨려 들어가는 몰입형 미디어아트!",attraction,https://www.visitbusan.net/uploadImgs/files/cntnts/20240912162609179,www.visitbusan.net,rights_restricted,operational_assumed,operational_policy,"공식 관광 원천 일반 홍보 이미지, 사이트 공통 ARR (domain_inferred) — 21I: 사이트 공통 ARR만으로 blocked 처리 금지",,
busan-VB-2095,"해운대의 숨은 보석, 송정 구덕포길",attraction,https://www.visitbusan.net/uploadImgs/files/cntnts/20240920110953518,www.visitbusan.net,rights_restricted,operational_assumed,operational_policy,"공식 관광 원천 일반 홍보 이미지, 사이트 공통 ARR (domain_inferred) — 21I: 사이트 공통 ARR만으로 blocked 처리 금지",,
busan-VB-2097,"신선한 해산물과 함께 느끼는 영도의 정취, 영도해녀촌",restaurant,https://www.visitbusan.net/uploadImgs/files/cntnts/20240920113847678,www.visitbusan.net,rights_restricted,operational_assumed,operational_policy,"공식 관광 원천 일반 홍보 이미지, 사이트 공통 ARR (domain_inferred) — 21I: 사이트 공통 ARR만으로 blocked 처리 금지",,
busan-VB-2102,산복도로 역사를 고스란히 담은 ‘망양로 산복도로 전시관’,attraction,https://www.visitbusan.net/uploadImgs/files/cntnts/20240923115623200,www.visitbusan.net,rights_restricted,operational_assumed,operational_policy,"공식 관광 원천 일반 홍보 이미지, 사이트 공통 ARR (domain_inferred) — 21I: 사이트 공통 ARR만으로 blocked 처리 금지",,
busan-VB-2103,‘닥밭골 한지체험관’에서 전통 한지 공예 체험!,attraction,https://www.visitbusan.net/uploadImgs/files/cntnts/20240923140840157,www.visitbusan.net,rights_restricted,operational_assumed,operational_policy,"공식 관광 원천 일반 홍보 이미지, 사이트 공통 ARR (domain_inferred) — 21I: 사이트 공통 ARR만으로 blocked 처리 금지",,
busan-VB-2104,다양한 색이 어우러진 ‘닥밭골 벽화마을’,attraction,https://www.visitbusan.net/uploadImgs/files/cntnts/20240923142217173,www.visitbusan.net,rights_restricted,operational_assumed,operational_policy,"공식 관광 원천 일반 홍보 이미지, 사이트 공통 ARR (domain_inferred) — 21I: 사이트 공통 ARR만으로 blocked 처리 금지",,
busan-VB-2105,"부산을 내려다볼 수 있는 곳, 대청스카이전망대",attraction,https://www.visitbusan.net/uploadImgs/files/cntnts/20240923144618796,www.visitbusan.net,rights_restricted,operational_assumed,operational_policy,"공식 관광 원천 일반 홍보 이미지, 사이트 공통 ARR (domain_inferred) — 21I: 사이트 공통 ARR만으로 blocked 처리 금지",,
busan-VB-2106,"망양로를 가득 채운 알록달록한 활기, ‘색채마을’",attraction,https://www.visitbusan.net/uploadImgs/files/cntnts/20240923150247468,www.visitbusan.net,rights_restricted,operational_assumed,operational_policy,"공식 관광 원천 일반 홍보 이미지, 사이트 공통 ARR (domain_inferred) — 21I: 사이트 공통 ARR만으로 blocked 처리 금지",,
busan-VB-2109,세상에 하나뿐인 나만의 도자기를 빚어내는 기장 도자기 공방 ‘수은화가’,attraction,https://www.visitbusan.net/uploadImgs/files/cntnts/20240926133248318,www.visitbusan.net,rights_restricted,operational_assumed,operational_policy,"공식 관광 원천 일반 홍보 이미지, 사이트 공통 ARR (domain_inferred) — 21I: 사이트 공통 ARR만으로 blocked 처리 금지",,
busan-VB-2119,2만여 장 LP 속으로 풍덩! 뮤직컴플렉스 서울 부산점,attraction,https://www.visitbusan.net/uploadImgs/files/cntnts/20240926181328093,www.visitbusan.net,rights_restricted,operational_assumed,operational_policy,"공식 관광 원천 일반 홍보 이미지, 사이트 공통 ARR (domain_inferred) — 21I: 사이트 공통 ARR만으로 blocked 처리 금지",,
busan-VB-2121,"멋진 야경과 함께 밤 산책, 누리마루 APEC하우스",attraction,https://www.visitbusan.net/uploadImgs/files/cntnts/20241002101127462,www.visitbusan.net,rights_restricted,operational_assumed,operational_policy,"공식 관광 원천 일반 홍보 이미지, 사이트 공통 ARR (domain_inferred) — 21I: 사이트 공통 ARR만으로 blocked 처리 금지",,
busan-VB-2132,철로에서 황톳길로 촉촉하게 변신!,nature,https://www.visitbusan.net/uploadImgs/files/cntnts/20241017115729408,www.visitbusan.net,rights_restricted,operational_assumed,operational_policy,"공식 관광 원천 일반 홍보 이미지, 사이트 공통 ARR (domain_inferred) — 21I: 사이트 공통 ARR만으로 blocked 처리 금지",,
busan-VB-2133,낮과 밤 모두 특별해! 산책 맛집,attraction,https://www.visitbusan.net/uploadImgs/files/cntnts/20241017115549245,www.visitbusan.net,rights_restricted,operational_assumed,operational_policy,"공식 관광 원천 일반 홍보 이미지, 사이트 공통 ARR (domain_inferred) — 21I: 사이트 공통 ARR만으로 blocked 처리 금지",,
busan-VB-2134,"몸과 마음을 깨우는 자연의 선물, 명지 ‘너울 공원 맨발 산책로’",nature,https://www.visitbusan.net/uploadImgs/files/cntnts/20241017115850389,www.visitbusan.net,rights_restricted,operational_assumed,operational_policy,"공식 관광 원천 일반 홍보 이미지, 사이트 공통 ARR (domain_inferred) — 21I: 사이트 공통 ARR만으로 blocked 처리 금지",,
busan-VB-2135,"몸이 개운해지는 도보 나들이, 하단 황톳길 산책",nature,https://www.visitbusan.net/uploadImgs/files/cntnts/20241016172928383,www.visitbusan.net,rights_restricted,operational_assumed,operational_policy,"공식 관광 원천 일반 홍보 이미지, 사이트 공통 ARR (domain_inferred) — 21I: 사이트 공통 ARR만으로 blocked 처리 금지",,
busan-VB-2138,"워케이셔너들의 성지, 부산 워케이션 거점센터",attraction,https://www.visitbusan.net/uploadImgs/files/cntnts/20241024114149701,www.visitbusan.net,rights_restricted,operational_assumed,operational_policy,"공식 관광 원천 일반 홍보 이미지, 사이트 공통 ARR (domain_inferred) — 21I: 사이트 공통 ARR만으로 blocked 처리 금지",,
busan-VB-2139,일과 휴식을 다 잡았다! ‘더휴일X데스커 워케이션 센터’,attraction,https://www.visitbusan.net/uploadImgs/files/cntnts/20241024131843096,www.visitbusan.net,rights_restricted,operational_assumed,operational_policy,"공식 관광 원천 일반 홍보 이미지, 사이트 공통 ARR (domain_inferred) — 21I: 사이트 공통 ARR만으로 blocked 처리 금지",,
busan-VB-2140,"업무를 여유롭게, 최적의 워케이션 공간",attraction,https://www.visitbusan.net/uploadImgs/files/cntnts/20241024113331184,www.visitbusan.net,rights_restricted,operational_assumed,operational_policy,"공식 관광 원천 일반 홍보 이미지, 사이트 공통 ARR (domain_inferred) — 21I: 사이트 공통 ARR만으로 blocked 처리 금지",,
busan-VB-2142,"물멍과 노을이 선사하는 특별한 힐링, 가덕도 ‘천성항 노지 캠핑장’",nature,https://www.visitbusan.net/uploadImgs/files/cntnts/20241024140519757,www.visitbusan.net,rights_restricted,operational_assumed,operational_policy,"공식 관광 원천 일반 홍보 이미지, 사이트 공통 ARR (domain_inferred) — 21I: 사이트 공통 ARR만으로 blocked 처리 금지",,
busan-VB-2145,"부산의 미래를 함께 ‘도모’하는 공간, ‘도모헌’",attraction,https://www.visitbusan.net/uploadImgs/files/cntnts/20241025105526827,www.visitbusan.net,rights_restricted,operational_assumed,operational_policy,"공식 관광 원천 일반 홍보 이미지, 사이트 공통 ARR (domain_inferred) — 21I: 사이트 공통 ARR만으로 blocked 처리 금지",,
busan-VB-2153,"신석기시대 영도를 만나다,",attraction,https://www.visitbusan.net/uploadImgs/files/cntnts/20241029182913498,www.visitbusan.net,rights_restricted,operational_assumed,operational_policy,"공식 관광 원천 일반 홍보 이미지, 사이트 공통 ARR (domain_inferred) — 21I: 사이트 공통 ARR만으로 blocked 처리 금지",,
busan-VB-2155,"하야리아 기지의 모든 것, 부산시민공원 역사문화관",attraction,https://www.visitbusan.net/uploadImgs/files/cntnts/20241031151344958,www.visitbusan.net,rights_restricted,operational_assumed,operational_policy,"공식 관광 원천 일반 홍보 이미지, 사이트 공통 ARR (domain_inferred) — 21I: 사이트 공통 ARR만으로 blocked 처리 금지",,
busan-VB-2157,"조용한 해변가에서 힐링 산책, ‘다대포 바다누리길’",attraction,https://www.visitbusan.net/uploadImgs/files/cntnts/20241031180127634,www.visitbusan.net,rights_restricted,operational_assumed,operational_policy,"공식 관광 원천 일반 홍보 이미지, 사이트 공통 ARR (domain_inferred) — 21I: 사이트 공통 ARR만으로 blocked 처리 금지",,
busan-VB-2159,"여행의 향기를 담다, 향수 공방 ‘어도르’",attraction,https://www.visitbusan.net/uploadImgs/files/cntnts/20241104120013962,www.visitbusan.net,rights_restricted,operational_assumed,operational_policy,"공식 관광 원천 일반 홍보 이미지, 사이트 공통 ARR (domain_inferred) — 21I: 사이트 공통 ARR만으로 blocked 처리 금지",,
busan-VB-2165,"키덜트들, 여기여기 모여라! 키덜트들의 방앗간, ‘아비베르컴퍼니’",attraction,https://www.visitbusan.net/uploadImgs/files/cntnts/20241107114741461,www.visitbusan.net,rights_restricted,operational_assumed,operational_policy,"공식 관광 원천 일반 홍보 이미지, 사이트 공통 ARR (domain_inferred) — 21I: 사이트 공통 ARR만으로 blocked 처리 금지",,
busan-VB-2166,"음악과 함께 혼술하고 싶은 날, ‘광안리 골방’",attraction,https://www.visitbusan.net/uploadImgs/files/cntnts/20241108142157400,www.visitbusan.net,rights_restricted,operational_assumed,operational_policy,"공식 관광 원천 일반 홍보 이미지, 사이트 공통 ARR (domain_inferred) — 21I: 사이트 공통 ARR만으로 blocked 처리 금지",,
busan-VB-2172,"아름다운 자연과 전설이 있는, ‘오시리아 해안 산책로’",attraction,https://www.visitbusan.net/uploadImgs/files/cntnts/20241107133504063,www.visitbusan.net,rights_restricted,operational_assumed,operational_policy,"공식 관광 원천 일반 홍보 이미지, 사이트 공통 ARR (domain_inferred) — 21I: 사이트 공통 ARR만으로 blocked 처리 금지",,
busan-VB-2173,"지역 예술의 발전을 이끄는 공간,",attraction,https://www.visitbusan.net/uploadImgs/files/cntnts/20241107142452622,www.visitbusan.net,rights_restricted,operational_assumed,operational_policy,"공식 관광 원천 일반 홍보 이미지, 사이트 공통 ARR (domain_inferred) — 21I: 사이트 공통 ARR만으로 blocked 처리 금지",,
busan-VB-218,초원복국 대연본점,restaurant,https://www.visitbusan.net/uploadImgs/files/cntnts/20240416153630841,www.visitbusan.net,rights_restricted,operational_assumed,operational_policy,"공식 관광 원천 일반 홍보 이미지, 사이트 공통 ARR (domain_inferred) — 21I: 사이트 공통 ARR만으로 blocked 처리 금지",,
busan-VB-2181,"창작의 즐거움이 있는 유리 공예 명소, ‘청월호야’",attraction,https://www.visitbusan.net/uploadImgs/files/cntnts/20241111175758396,www.visitbusan.net,rights_restricted,operational_assumed,operational_policy,"공식 관광 원천 일반 홍보 이미지, 사이트 공통 ARR (domain_inferred) — 21I: 사이트 공통 ARR만으로 blocked 처리 금지",,
busan-VB-2186,"아름다운 자연과 아픈 역사가 만나는 곳,",attraction,https://www.visitbusan.net/uploadImgs/files/cntnts/20241112125514341,www.visitbusan.net,rights_restricted,operational_assumed,operational_policy,"공식 관광 원천 일반 홍보 이미지, 사이트 공통 ARR (domain_inferred) — 21I: 사이트 공통 ARR만으로 blocked 처리 금지",,
busan-VB-2187,"과거의 흔적과 미래를 잇는 교차점,",attraction,https://www.visitbusan.net/uploadImgs/files/cntnts/20241112141808956,www.visitbusan.net,rights_restricted,operational_assumed,operational_policy,"공식 관광 원천 일반 홍보 이미지, 사이트 공통 ARR (domain_inferred) — 21I: 사이트 공통 ARR만으로 blocked 처리 금지",,
busan-VB-2188,"UN의 헌신과 평화의 약속, ‘유엔평화기념관’",attraction,https://www.visitbusan.net/uploadImgs/files/cntnts/20241112150316938,www.visitbusan.net,rights_restricted,operational_assumed,operational_policy,"공식 관광 원천 일반 홍보 이미지, 사이트 공통 ARR (domain_inferred) — 21I: 사이트 공통 ARR만으로 blocked 처리 금지",,
busan-VB-2189,겨울 철새의 아름다움을 만나는 ‘명지철새탐조대’,attraction,https://www.visitbusan.net/uploadImgs/files/cntnts/20241113145816999,www.visitbusan.net,rights_restricted,operational_assumed,operational_policy,"공식 관광 원천 일반 홍보 이미지, 사이트 공통 ARR (domain_inferred) — 21I: 사이트 공통 ARR만으로 blocked 처리 금지",,
busan-VB-2191,"떠오르는 문화의 장, 광안리 ‘포디움다이브엠’",attraction,https://www.visitbusan.net/uploadImgs/files/cntnts/20241126144851008,www.visitbusan.net,rights_restricted,operational_assumed,operational_policy,"공식 관광 원천 일반 홍보 이미지, 사이트 공통 ARR (domain_inferred) — 21I: 사이트 공통 ARR만으로 blocked 처리 금지",,
busan-VB-2200,"부산의 숨은 예술을 찾다, 갤러리 수정",attraction,https://www.visitbusan.net/uploadImgs/files/cntnts/20241202143950023,www.visitbusan.net,rights_restricted,operational_assumed,operational_policy,"공식 관광 원천 일반 홍보 이미지, 사이트 공통 ARR (domain_inferred) — 21I: 사이트 공통 ARR만으로 blocked 처리 금지",,
busan-VB-2202,"마을과 함께 성장하는 힐링 공간, ‘이바구 캠프’",attraction,https://www.visitbusan.net/uploadImgs/files/cntnts/20241202150020813,www.visitbusan.net,rights_restricted,operational_assumed,operational_policy,"공식 관광 원천 일반 홍보 이미지, 사이트 공통 ARR (domain_inferred) — 21I: 사이트 공통 ARR만으로 blocked 처리 금지",,
busan-VB-2204,"일상 속 예술의 쉼표, ‘디오티 미술관’",attraction,https://www.visitbusan.net/uploadImgs/files/cntnts/20241206140233984,www.visitbusan.net,rights_restricted,operational_assumed,operational_policy,"공식 관광 원천 일반 홍보 이미지, 사이트 공통 ARR (domain_inferred) — 21I: 사이트 공통 ARR만으로 blocked 처리 금지",,
busan-VB-2206,"신념과 희생의 발자취를 따라, ‘오륜대 순교자 성지’",attraction,https://www.visitbusan.net/uploadImgs/files/cntnts/20241206151830093,www.visitbusan.net,rights_restricted,operational_assumed,operational_policy,"공식 관광 원천 일반 홍보 이미지, 사이트 공통 ARR (domain_inferred) — 21I: 사이트 공통 ARR만으로 blocked 처리 금지",,
busan-VB-2209,"부산의 향기를 담다, 로칼(rocarl)",attraction,https://www.visitbusan.net/uploadImgs/files/cntnts/20241206180824811,www.visitbusan.net,rights_restricted,operational_assumed,operational_policy,"공식 관광 원천 일반 홍보 이미지, 사이트 공통 ARR (domain_inferred) — 21I: 사이트 공통 ARR만으로 blocked 처리 금지",,
busan-VB-2210,"부산 현대미술의 새로운 성지, 갤러리 플레이리스트",attraction,https://www.visitbusan.net/uploadImgs/files/cntnts/20241206181644634,www.visitbusan.net,rights_restricted,operational_assumed,operational_policy,"공식 관광 원천 일반 홍보 이미지, 사이트 공통 ARR (domain_inferred) — 21I: 사이트 공통 ARR만으로 blocked 처리 금지",,
busan-VB-2220,조용한 바다 앞 사찰 ‘해광사’에서 평화로운 새해맞이,attraction,https://www.visitbusan.net/uploadImgs/files/cntnts/20241224115942076,www.visitbusan.net,rights_restricted,operational_assumed,operational_policy,"공식 관광 원천 일반 홍보 이미지, 사이트 공통 ARR (domain_inferred) — 21I: 사이트 공통 ARR만으로 blocked 처리 금지",,
busan-VB-2229,숲속 힐링과 문화가 녹아있는 ‘륜빌리지’,attraction,https://www.visitbusan.net/uploadImgs/files/cntnts/20250102170659652,www.visitbusan.net,rights_restricted,operational_assumed,operational_policy,"공식 관광 원천 일반 홍보 이미지, 사이트 공통 ARR (domain_inferred) — 21I: 사이트 공통 ARR만으로 blocked 처리 금지",,
busan-VB-2241,"부산의 매력을 가득 담은 도시브랜드숍, ‘BIG shop’",attraction,https://www.visitbusan.net/uploadImgs/files/cntnts/20250114135947738,www.visitbusan.net,rights_restricted,operational_assumed,operational_policy,"공식 관광 원천 일반 홍보 이미지, 사이트 공통 ARR (domain_inferred) — 21I: 사이트 공통 ARR만으로 blocked 처리 금지",,
busan-VB-2243,"해운대 도심 속 화려한 웰니스, ‘파크 하얏트 부산’",accommodation,https://www.visitbusan.net/uploadImgs/files/cntnts/20250114175054655,www.visitbusan.net,rights_restricted,operational_assumed,operational_policy,"공식 관광 원천 일반 홍보 이미지, 사이트 공통 ARR (domain_inferred) — 21I: 사이트 공통 ARR만으로 blocked 처리 금지",,
busan-VB-2244,"몸과 마음 모두 편안해지는 웰니스 센터, ‘SMB wellness’",attraction,https://www.visitbusan.net/uploadImgs/files/cntnts/20250114175925376,www.visitbusan.net,rights_restricted,operational_assumed,operational_policy,"공식 관광 원천 일반 홍보 이미지, 사이트 공통 ARR (domain_inferred) — 21I: 사이트 공통 ARR만으로 blocked 처리 금지",,
busan-VB-2249,"베이킹으로 오늘 하루를 특별하게, ‘베이킹 하루’",attraction,https://www.visitbusan.net/uploadImgs/files/cntnts/20250115175704114,www.visitbusan.net,rights_restricted,operational_assumed,operational_policy,"공식 관광 원천 일반 홍보 이미지, 사이트 공통 ARR (domain_inferred) — 21I: 사이트 공통 ARR만으로 blocked 처리 금지",,
busan-VB-2252,"행복한 라이프스타일을 선물하는 소품샵, ‘페이퍼가든’",attraction,https://www.visitbusan.net/uploadImgs/files/cntnts/20250117102719733,www.visitbusan.net,rights_restricted,operational_assumed,operational_policy,"공식 관광 원천 일반 홍보 이미지, 사이트 공통 ARR (domain_inferred) — 21I: 사이트 공통 ARR만으로 blocked 처리 금지",,
busan-VB-2259,"이색 체험과 힐링을 동시에, 부산 세븐테마카페",attraction,https://www.visitbusan.net/uploadImgs/files/cntnts/20250120134438551,www.visitbusan.net,rights_restricted,operational_assumed,operational_policy,"공식 관광 원천 일반 홍보 이미지, 사이트 공통 ARR (domain_inferred) — 21I: 사이트 공통 ARR만으로 blocked 처리 금지",,
busan-VB-2270,"송도 바다를 품은 럭셔리 스테이, 윈덤 그랜드 부산",accommodation,https://www.visitbusan.net/uploadImgs/files/cntnts/20250210184020306,www.visitbusan.net,rights_restricted,operational_assumed,operational_policy,"공식 관광 원천 일반 홍보 이미지, 사이트 공통 ARR (domain_inferred) — 21I: 사이트 공통 ARR만으로 blocked 처리 금지",,
busan-VB-2273,"기장 오션뷰를 품은 화려한 특급호텔, ‘아난티  코브’",accommodation,https://www.visitbusan.net/uploadImgs/files/cntnts/20250207140135001,www.visitbusan.net,rights_restricted,operational_assumed,operational_policy,"공식 관광 원천 일반 홍보 이미지, 사이트 공통 ARR (domain_inferred) — 21I: 사이트 공통 ARR만으로 blocked 처리 금지",,
busan-VB-2274,화려한 자연경관과 오랜 역사가 한데 어우러진 ‘동백섬’,attraction,https://www.visitbusan.net/uploadImgs/files/cntnts/20250207152914813,www.visitbusan.net,rights_restricted,operational_assumed,operational_policy,"공식 관광 원천 일반 홍보 이미지, 사이트 공통 ARR (domain_inferred) — 21I: 사이트 공통 ARR만으로 blocked 처리 금지",,
busan-VB-2275,낙동강 강변뷰가 아름다운 섬 ‘중사도’에서 특별한 자연 여행,attraction,https://www.visitbusan.net/uploadImgs/files/cntnts/20250207155656641,www.visitbusan.net,rights_restricted,operational_assumed,operational_policy,"공식 관광 원천 일반 홍보 이미지, 사이트 공통 ARR (domain_inferred) — 21I: 사이트 공통 ARR만으로 blocked 처리 금지",,
busan-VB-2277,"자연의 편안함을 품은 료칸 호텔, ‘이제 부산’",accommodation,https://www.visitbusan.net/uploadImgs/files/cntnts/20250210174721955,www.visitbusan.net,rights_restricted,operational_assumed,operational_policy,"공식 관광 원천 일반 홍보 이미지, 사이트 공통 ARR (domain_inferred) — 21I: 사이트 공통 ARR만으로 blocked 처리 금지",,
busan-VB-2284,"부산 원도심에서 만나는 독립영화관, BNK부산은행 아트시네마 모퉁이극장",attraction,https://www.visitbusan.net/uploadImgs/files/cntnts/20250212112901695,www.visitbusan.net,rights_restricted,operational_assumed,operational_policy,"공식 관광 원천 일반 홍보 이미지, 사이트 공통 ARR (domain_inferred) — 21I: 사이트 공통 ARR만으로 blocked 처리 금지",,
busan-VB-2288,"삶의 흔적이 예술로 변하는 공간, 영주맨션",attraction,https://www.visitbusan.net/uploadImgs/files/cntnts/20250214183306081,www.visitbusan.net,rights_restricted,operational_assumed,operational_policy,"공식 관광 원천 일반 홍보 이미지, 사이트 공통 ARR (domain_inferred) — 21I: 사이트 공통 ARR만으로 blocked 처리 금지",,
busan-VB-2293,"모두의 놀이가 있는 공간, ‘죽성그림’",attraction,https://www.visitbusan.net/uploadImgs/files/cntnts/20250228155206632,www.visitbusan.net,rights_restricted,operational_assumed,operational_policy,"공식 관광 원천 일반 홍보 이미지, 사이트 공통 ARR (domain_inferred) — 21I: 사이트 공통 ARR만으로 blocked 처리 금지",,
busan-VB-2294,"역사와 자연이 어우러진 특별한 하루, ‘가덕도 등대 체험’",nature,https://www.visitbusan.net/uploadImgs/files/cntnts/20250228102301359,www.visitbusan.net,rights_restricted,operational_assumed,operational_policy,"공식 관광 원천 일반 홍보 이미지, 사이트 공통 ARR (domain_inferred) — 21I: 사이트 공통 ARR만으로 blocked 처리 금지",,
busan-VB-2297,댕댕이와 함께 신나게 뛰어놀자! ‘명지근린공원 강아지놀이터’,nature,https://www.visitbusan.net/uploadImgs/files/cntnts/20250306113644043,www.visitbusan.net,rights_restricted,operational_assumed,operational_policy,"공식 관광 원천 일반 홍보 이미지, 사이트 공통 ARR (domain_inferred) — 21I: 사이트 공통 ARR만으로 blocked 처리 금지",,
busan-VB-2298,"반려견과 함께 뛰어놀기 좋은 도심 속 놀이터, 사하구 애견펫공원",nature,https://www.visitbusan.net/uploadImgs/files/cntnts/20250306114841117,www.visitbusan.net,rights_restricted,operational_assumed,operational_policy,"공식 관광 원천 일반 홍보 이미지, 사이트 공통 ARR (domain_inferred) — 21I: 사이트 공통 ARR만으로 blocked 처리 금지",,
busan-VB-2299,"도심 속 자연에서 상쾌한 체육활동, 황령산레포츠공원",attraction,https://www.visitbusan.net/uploadImgs/files/cntnts/20250306115823313,www.visitbusan.net,rights_restricted,operational_assumed,operational_policy,"공식 관광 원천 일반 홍보 이미지, 사이트 공통 ARR (domain_inferred) — 21I: 사이트 공통 ARR만으로 blocked 처리 금지",,
busan-VB-2300,댕댕이와 함께 마음껏 뛰어놀자! 신라대학교 지산학 펫파크,attraction,https://www.visitbusan.net/uploadImgs/files/cntnts/20250306131206462,www.visitbusan.net,rights_restricted,operational_assumed,operational_policy,"공식 관광 원천 일반 홍보 이미지, 사이트 공통 ARR (domain_inferred) — 21I: 사이트 공통 ARR만으로 blocked 처리 금지",,
busan-VB-2301,"쇼핑부터 케어까지! 반려동물을 위한 모든 것, 광안리 펫스테이션",attraction,https://www.visitbusan.net/uploadImgs/files/cntnts/20250306133034109,www.visitbusan.net,rights_restricted,operational_assumed,operational_policy,"공식 관광 원천 일반 홍보 이미지, 사이트 공통 ARR (domain_inferred) — 21I: 사이트 공통 ARR만으로 blocked 처리 금지",,
busan-VB-2302,오션뷰가 매력적인 복합 애견카페 ‘도그민’,attraction,https://www.visitbusan.net/uploadImgs/files/cntnts/20250306134128145,www.visitbusan.net,rights_restricted,operational_assumed,operational_policy,"공식 관광 원천 일반 홍보 이미지, 사이트 공통 ARR (domain_inferred) — 21I: 사이트 공통 ARR만으로 blocked 처리 금지",,
busan-VB-2304,"반려견을 위한 체계적인 놀이공간, ‘BSKS 반려동물교육문화센터’",attraction,https://www.visitbusan.net/uploadImgs/files/cntnts/20250306141559591,www.visitbusan.net,rights_restricted,operational_assumed,operational_policy,"공식 관광 원천 일반 홍보 이미지, 사이트 공통 ARR (domain_inferred) — 21I: 사이트 공통 ARR만으로 blocked 처리 금지",,
busan-VB-2306,"초보자도 환영! 실내 클라이밍의 짜릿함, ‘웨이브락 클라이밍’",attraction,https://www.visitbusan.net/uploadImgs/files/cntnts/20250306143925873,www.visitbusan.net,rights_restricted,operational_assumed,operational_policy,"공식 관광 원천 일반 홍보 이미지, 사이트 공통 ARR (domain_inferred) — 21I: 사이트 공통 ARR만으로 blocked 처리 금지",,
busan-VB-2307,"스포츠 덕후들의 성지, 켈틱타이거",attraction,https://www.visitbusan.net/uploadImgs/files/cntnts/20250306144807516,www.visitbusan.net,rights_restricted,operational_assumed,operational_policy,"공식 관광 원천 일반 홍보 이미지, 사이트 공통 ARR (domain_inferred) — 21I: 사이트 공통 ARR만으로 blocked 처리 금지",,
busan-VB-2308,강아지를 위한 넓은 천연잔디 운동장&카페 ‘그랑독’,attraction,https://www.visitbusan.net/uploadImgs/files/cntnts/20250310154007771,www.visitbusan.net,rights_restricted,operational_assumed,operational_policy,"공식 관광 원천 일반 홍보 이미지, 사이트 공통 ARR (domain_inferred) — 21I: 사이트 공통 ARR만으로 blocked 처리 금지",,
busan-VB-2309,"부산 e스포츠 경기장, 새로운 차원의 스포츠를 만나다!",attraction,https://www.visitbusan.net/uploadImgs/files/cntnts/20250317111802531,www.visitbusan.net,rights_restricted,operational_assumed,operational_policy,"공식 관광 원천 일반 홍보 이미지, 사이트 공통 ARR (domain_inferred) — 21I: 사이트 공통 ARR만으로 blocked 처리 금지",,
busan-VB-2314,범어사 성보박물관에서 불교문화의 깊이에 빠지다,attraction,https://www.visitbusan.net/uploadImgs/files/cntnts/20250317141712864,www.visitbusan.net,rights_restricted,operational_assumed,operational_policy,"공식 관광 원천 일반 홍보 이미지, 사이트 공통 ARR (domain_inferred) — 21I: 사이트 공통 ARR만으로 blocked 처리 금지",,
busan-VB-2397,"체험하며 만나는 진짜 부산 바다, 공수어촌체험휴양마을",nature,https://www.visitbusan.net/uploadImgs/files/cntnts/20250613140232407,www.visitbusan.net,rights_restricted,operational_assumed,operational_policy,"공식 관광 원천 일반 홍보 이미지, 사이트 공통 ARR (domain_inferred) — 21I: 사이트 공통 ARR만으로 blocked 처리 금지",,
busan-VB-2398,딜라이트 프로젝트 해운대점,attraction,https://www.visitbusan.net/uploadImgs/files/cntnts/20250616202404573,www.visitbusan.net,rights_restricted,operational_assumed,operational_policy,"공식 관광 원천 일반 홍보 이미지, 사이트 공통 ARR (domain_inferred) — 21I: 사이트 공통 ARR만으로 blocked 처리 금지",,
busan-VB-2401,부산 오키친 쿠킹하우스,restaurant,https://www.visitbusan.net/uploadImgs/files/cntnts/20250618140541037,www.visitbusan.net,rights_restricted,operational_assumed,operational_policy,"공식 관광 원천 일반 홍보 이미지, 사이트 공통 ARR (domain_inferred) — 21I: 사이트 공통 ARR만으로 blocked 처리 금지",,
busan-VB-2408,"골목마다 예술이 피어나는 마을, 기장 대룡마을",attraction,https://www.visitbusan.net/uploadImgs/files/cntnts/20250620121122146,www.visitbusan.net,rights_restricted,operational_assumed,operational_policy,"공식 관광 원천 일반 홍보 이미지, 사이트 공통 ARR (domain_inferred) — 21I: 사이트 공통 ARR만으로 blocked 처리 금지",,
busan-VB-2417,구경만 하러 갔다가 지갑을 열게 되는 소품샵 ‘오브젝트 서면점’,attraction,https://www.visitbusan.net/uploadImgs/files/cntnts/20250718181629841,www.visitbusan.net,rights_restricted,operational_assumed,operational_policy,"공식 관광 원천 일반 홍보 이미지, 사이트 공통 ARR (domain_inferred) — 21I: 사이트 공통 ARR만으로 blocked 처리 금지",,
busan-VB-2537,부드러운 색감과 감성 소품이 가득한 ‘오월상점’,attraction,https://www.visitbusan.net/uploadImgs/files/cntnts/20250808151250876,www.visitbusan.net,rights_restricted,operational_assumed,operational_policy,"공식 관광 원천 일반 홍보 이미지, 사이트 공통 ARR (domain_inferred) — 21I: 사이트 공통 ARR만으로 blocked 처리 금지",,
busan-VB-2539,엽서가 주는 아날로그 감성을 느끼고 싶다면? ‘포셋 전포’로!,attraction,https://www.visitbusan.net/uploadImgs/files/cntnts/20250808153850223,www.visitbusan.net,rights_restricted,operational_assumed,operational_policy,"공식 관광 원천 일반 홍보 이미지, 사이트 공통 ARR (domain_inferred) — 21I: 사이트 공통 ARR만으로 blocked 처리 금지",,
busan-VB-2541,"청사포에서 인생샷 찍고 소품 쇼핑까지, 부산슈퍼 청사포점",attraction,https://www.visitbusan.net/uploadImgs/files/cntnts/20250814180238089,www.visitbusan.net,rights_restricted,operational_assumed,operational_policy,"공식 관광 원천 일반 홍보 이미지, 사이트 공통 ARR (domain_inferred) — 21I: 사이트 공통 ARR만으로 blocked 처리 금지",,
busan-VB-255,가파른 절벽 끝에 흰여울문화마을,attraction,https://www.visitbusan.net/uploadImgs/files/cntnts/20191222164810529,www.visitbusan.net,rights_restricted,operational_assumed,operational_policy,"공식 관광 원천 일반 홍보 이미지, 사이트 공통 ARR (domain_inferred) — 21I: 사이트 공통 ARR만으로 blocked 처리 금지",,
busan-VB-2551,부산 풍경을 한눈에 담는 드라이브 코스,attraction,https://www.visitbusan.net/uploadImgs/files/cntnts/20250826175032196,www.visitbusan.net,rights_restricted,operational_assumed,operational_policy,"공식 관광 원천 일반 홍보 이미지, 사이트 공통 ARR (domain_inferred) — 21I: 사이트 공통 ARR만으로 blocked 처리 금지",,
busan-VB-2555,미피 덕후 모여라!,attraction,https://www.visitbusan.net/uploadImgs/files/cntnts/20250903122354098,www.visitbusan.net,rights_restricted,operational_assumed,operational_policy,"공식 관광 원천 일반 홍보 이미지, 사이트 공통 ARR (domain_inferred) — 21I: 사이트 공통 ARR만으로 blocked 처리 금지",,
busan-VB-2557,"일상 속 영감을 채우는 공간, 사바이사바이 전포",attraction,https://www.visitbusan.net/uploadImgs/files/cntnts/20250918113704394,www.visitbusan.net,rights_restricted,operational_assumed,operational_policy,"공식 관광 원천 일반 홍보 이미지, 사이트 공통 ARR (domain_inferred) — 21I: 사이트 공통 ARR만으로 blocked 처리 금지",,
busan-VB-256,역사가 살아 숨 쉬는 깡깡이예술마을,attraction,https://www.visitbusan.net/uploadImgs/files/cntnts/20191222171209005,www.visitbusan.net,rights_restricted,operational_assumed,operational_policy,"공식 관광 원천 일반 홍보 이미지, 사이트 공통 ARR (domain_inferred) — 21I: 사이트 공통 ARR만으로 blocked 처리 금지",,
busan-VB-257,해양 문화의 꽃 국립해양박물관,attraction,https://www.visitbusan.net/uploadImgs/files/cntnts/20191222175627506,www.visitbusan.net,rights_restricted,operational_assumed,operational_policy,"공식 관광 원천 일반 홍보 이미지, 사이트 공통 ARR (domain_inferred) — 21I: 사이트 공통 ARR만으로 blocked 처리 금지",,
busan-VB-2579,"달콤한 부산의 매력,",restaurant,https://www.visitbusan.net/uploadImgs/files/cntnts/20250929152448617,www.visitbusan.net,rights_restricted,operational_assumed,operational_policy,"공식 관광 원천 일반 홍보 이미지, 사이트 공통 ARR (domain_inferred) — 21I: 사이트 공통 ARR만으로 blocked 처리 금지",,
busan-VB-258,영도 등대와 함께한 100년 태종대,attraction,https://www.visitbusan.net/uploadImgs/files/cntnts/20191222180829962,www.visitbusan.net,rights_restricted,operational_assumed,operational_policy,"공식 관광 원천 일반 홍보 이미지, 사이트 공통 ARR (domain_inferred) — 21I: 사이트 공통 ARR만으로 blocked 처리 금지",,
busan-VB-2580,"1987년부터 운영된 전통있는 주방용품 전문점, 삼영그릇 탐방기",attraction,https://www.visitbusan.net/uploadImgs/files/cntnts/20250929170130368,www.visitbusan.net,rights_restricted,operational_assumed,operational_policy,"공식 관광 원천 일반 홍보 이미지, 사이트 공통 ARR (domain_inferred) — 21I: 사이트 공통 ARR만으로 blocked 처리 금지",,
busan-VB-2581,바다처럼,attraction,https://www.visitbusan.net/uploadImgs/files/cntnts/20250929183544348,www.visitbusan.net,rights_restricted,operational_assumed,operational_policy,"공식 관광 원천 일반 홍보 이미지, 사이트 공통 ARR (domain_inferred) — 21I: 사이트 공통 ARR만으로 blocked 처리 금지",,
busan-VB-2586,브레이크 아웃 이스케이프: 부산의 숨은 모험을 깨우다,attraction,https://www.visitbusan.net/uploadImgs/files/cntnts/20251016125923325,www.visitbusan.net,rights_restricted,operational_assumed,operational_policy,"공식 관광 원천 일반 홍보 이미지, 사이트 공통 ARR (domain_inferred) — 21I: 사이트 공통 ARR만으로 blocked 처리 금지",,
busan-VB-2587,"가덕도의 바다 끝에서 만나는 곳, 대항 어항동 방파제 등대",attraction,https://www.visitbusan.net/uploadImgs/files/cntnts/20251020162135473,www.visitbusan.net,rights_restricted,operational_assumed,operational_policy,"공식 관광 원천 일반 홍보 이미지, 사이트 공통 ARR (domain_inferred) — 21I: 사이트 공통 ARR만으로 blocked 처리 금지",,
busan-VB-2588,"바다 냄새와 사람 냄새가 만나는 곳, 충무동 해안시장",attraction,https://www.visitbusan.net/uploadImgs/files/cntnts/20251020171326961,www.visitbusan.net,rights_restricted,operational_assumed,operational_policy,"공식 관광 원천 일반 홍보 이미지, 사이트 공통 ARR (domain_inferred) — 21I: 사이트 공통 ARR만으로 blocked 처리 금지",,
busan-VB-2589,"무지개다리에서 시작하는 골동품 여행, 문현동 골동품거리",attraction,https://www.visitbusan.net/uploadImgs/files/cntnts/20251020180018486,www.visitbusan.net,rights_restricted,operational_assumed,operational_policy,"공식 관광 원천 일반 홍보 이미지, 사이트 공통 ARR (domain_inferred) — 21I: 사이트 공통 ARR만으로 blocked 처리 금지",,
busan-VB-259,기장바다의 색다른 풍경 죽성성당,attraction,https://www.visitbusan.net/uploadImgs/files/cntnts/20191222181829937,www.visitbusan.net,rights_restricted,operational_assumed,operational_policy,"공식 관광 원천 일반 홍보 이미지, 사이트 공통 ARR (domain_inferred) — 21I: 사이트 공통 ARR만으로 blocked 처리 금지",,
busan-VB-2594,"이야기를 따라 걷는 길, 초량 이바구길",attraction,https://www.visitbusan.net/uploadImgs/files/cntnts/20251024154312500,www.visitbusan.net,rights_restricted,operational_assumed,operational_policy,"공식 관광 원천 일반 홍보 이미지, 사이트 공통 ARR (domain_inferred) — 21I: 사이트 공통 ARR만으로 blocked 처리 금지",,
busan-VB-2598,"와이어로 시작하는 이야기,",attraction,https://www.visitbusan.net/uploadImgs/files/cntnts/20251029154155656,www.visitbusan.net,rights_restricted,operational_assumed,operational_policy,"공식 관광 원천 일반 홍보 이미지, 사이트 공통 ARR (domain_inferred) — 21I: 사이트 공통 ARR만으로 blocked 처리 금지",,
busan-VB-260,400년간 지켜온 자연 그대로의 숲을 만나다,attraction,https://www.visitbusan.net/uploadImgs/files/cntnts/20191222185645736,www.visitbusan.net,rights_restricted,operational_assumed,operational_policy,"공식 관광 원천 일반 홍보 이미지, 사이트 공통 ARR (domain_inferred) — 21I: 사이트 공통 ARR만으로 blocked 처리 금지",,
busan-VB-261,기장에 가면 해동용궁사,attraction,https://www.visitbusan.net/uploadImgs/files/cntnts/20191222190823385,www.visitbusan.net,rights_restricted,operational_assumed,operational_policy,"공식 관광 원천 일반 홍보 이미지, 사이트 공통 ARR (domain_inferred) — 21I: 사이트 공통 ARR만으로 blocked 처리 금지",,
busan-VB-2612,"도심 속 호수로 떠나는 산책, 회동수원지 둘레길",attraction,https://www.visitbusan.net/uploadImgs/files/cntnts/20251121173217035,www.visitbusan.net,rights_restricted,operational_assumed,operational_policy,"공식 관광 원천 일반 홍보 이미지, 사이트 공통 ARR (domain_inferred) — 21I: 사이트 공통 ARR만으로 blocked 처리 금지",,
busan-VB-262,"나만 알고 싶은 해수욕장, 임랑해수욕장",attraction,https://www.visitbusan.net/uploadImgs/files/cntnts/20191224093809621,www.visitbusan.net,rights_restricted,operational_assumed,operational_policy,"공식 관광 원천 일반 홍보 이미지, 사이트 공통 ARR (domain_inferred) — 21I: 사이트 공통 ARR만으로 blocked 처리 금지",,
busan-VB-264,"오래된 이야기가 있는 곳, 문화공감수정 그리고 초량1941",attraction,https://www.visitbusan.net/uploadImgs/files/cntnts/20191224171115847,www.visitbusan.net,rights_restricted,operational_assumed,operational_policy,"공식 관광 원천 일반 홍보 이미지, 사이트 공통 ARR (domain_inferred) — 21I: 사이트 공통 ARR만으로 blocked 처리 금지",,
busan-VB-2662,"부산의 분위기와 스토리를 담은 향수·라이프스타일 향 브랜드, 센티카",attraction,https://www.visitbusan.net/uploadImgs/files/cntnts/20260106123023905,www.visitbusan.net,rights_restricted,operational_assumed,operational_policy,"공식 관광 원천 일반 홍보 이미지, 사이트 공통 ARR (domain_inferred) — 21I: 사이트 공통 ARR만으로 blocked 처리 금지",,
busan-VB-2670,"서부산 쇼핑의 중심, 르네시떼",attraction,https://www.visitbusan.net/uploadImgs/files/cntnts/20260202190204222,www.visitbusan.net,rights_restricted,operational_assumed,operational_policy,"공식 관광 원천 일반 홍보 이미지, 사이트 공통 ARR (domain_inferred) — 21I: 사이트 공통 ARR만으로 blocked 처리 금지",,
busan-VB-2678,"감천문화마을에 지어진 어린왕자의 집, 리틀 프린스 하우스",attraction,https://www.visitbusan.net/uploadImgs/files/cntnts/20260311171309981,www.visitbusan.net,rights_restricted,operational_assumed,operational_policy,"공식 관광 원천 일반 홍보 이미지, 사이트 공통 ARR (domain_inferred) — 21I: 사이트 공통 ARR만으로 blocked 처리 금지",,
busan-VB-268,한성1918,attraction,https://www.visitbusan.net/uploadImgs/files/cntnts/20191225150936833,www.visitbusan.net,rights_restricted,operational_assumed,operational_policy,"공식 관광 원천 일반 홍보 이미지, 사이트 공통 ARR (domain_inferred) — 21I: 사이트 공통 ARR만으로 blocked 처리 금지",,
busan-VB-2703,오륜대 초록신선이야기,nature,https://www.visitbusan.net/uploadImgs/files/cntnts/20260420170933345,www.visitbusan.net,rights_restricted,operational_assumed,operational_policy,"공식 관광 원천 일반 홍보 이미지, 사이트 공통 ARR (domain_inferred) — 21I: 사이트 공통 ARR만으로 blocked 처리 금지",,
busan-VB-2704,"부산에서 만나는 특별한 한식 쿠킹클래스, 배로모디",restaurant,https://www.visitbusan.net/uploadImgs/files/cntnts/20260421164020088,www.visitbusan.net,rights_restricted,operational_assumed,operational_policy,"공식 관광 원천 일반 홍보 이미지, 사이트 공통 ARR (domain_inferred) — 21I: 사이트 공통 ARR만으로 blocked 처리 금지",,
busan-VB-272,마음에 책갈피 하나를 꽂다 - 보수동책방골목,attraction,https://www.visitbusan.net/uploadImgs/files/cntnts/20191225154726785,www.visitbusan.net,rights_restricted,operational_assumed,operational_policy,"공식 관광 원천 일반 홍보 이미지, 사이트 공통 ARR (domain_inferred) — 21I: 사이트 공통 ARR만으로 blocked 처리 금지",,
busan-VB-273,대한민국 피란수도 부산을 만나다.,attraction,https://www.visitbusan.net/uploadImgs/files/cntnts/20250929174908393,www.visitbusan.net,rights_restricted,operational_assumed,operational_policy,"공식 관광 원천 일반 홍보 이미지, 사이트 공통 ARR (domain_inferred) — 21I: 사이트 공통 ARR만으로 blocked 처리 금지",,
busan-VB-274,대한민국의 역사적 가치를 품은 동아대학교 석당박물관,attraction,https://www.visitbusan.net/uploadImgs/files/cntnts/20191225160959194,www.visitbusan.net,rights_restricted,operational_assumed,operational_policy,"공식 관광 원천 일반 홍보 이미지, 사이트 공통 ARR (domain_inferred) — 21I: 사이트 공통 ARR만으로 blocked 처리 금지",,
busan-VB-275,아픈 역사에 위로를 국립일제강제동원역사관,attraction,https://www.visitbusan.net/uploadImgs/files/cntnts/20191225162953256,www.visitbusan.net,rights_restricted,operational_assumed,operational_policy,"공식 관광 원천 일반 홍보 이미지, 사이트 공통 ARR (domain_inferred) — 21I: 사이트 공통 ARR만으로 blocked 처리 금지",,
busan-VB-2755,부산교육역사관,attraction,https://www.visitbusan.net/uploadImgs/files/cntnts/20260612173153701,www.visitbusan.net,rights_restricted,operational_assumed,operational_policy,"공식 관광 원천 일반 홍보 이미지, 사이트 공통 ARR (domain_inferred) — 21I: 사이트 공통 ARR만으로 blocked 처리 금지",,
busan-VB-276,"부산의 역사, 대한민국의 역사",attraction,https://www.visitbusan.net/uploadImgs/files/cntnts/20191225163741459,www.visitbusan.net,rights_restricted,operational_assumed,operational_policy,"공식 관광 원천 일반 홍보 이미지, 사이트 공통 ARR (domain_inferred) — 21I: 사이트 공통 ARR만으로 blocked 처리 금지",,
busan-VB-2763,"부산 최고 수준의 시설을 자랑하는 웰메이드 소극장, KNN시어터",attraction,https://www.visitbusan.net/uploadImgs/files/cntnts/20260623162720635,www.visitbusan.net,rights_restricted,operational_assumed,operational_policy,"공식 관광 원천 일반 홍보 이미지, 사이트 공통 ARR (domain_inferred) — 21I: 사이트 공통 ARR만으로 blocked 처리 금지",,
busan-VB-277,세계인이 기억하는 땅 유엔기념공원,attraction,https://www.visitbusan.net/uploadImgs/files/cntnts/20191225164342360,www.visitbusan.net,rights_restricted,operational_assumed,operational_policy,"공식 관광 원천 일반 홍보 이미지, 사이트 공통 ARR (domain_inferred) — 21I: 사이트 공통 ARR만으로 blocked 처리 금지",,
busan-VB-278,오륙도가 전해주는 바다,attraction,https://www.visitbusan.net/uploadImgs/files/cntnts/20191225164921130,www.visitbusan.net,rights_restricted,operational_assumed,operational_policy,"공식 관광 원천 일반 홍보 이미지, 사이트 공통 ARR (domain_inferred) — 21I: 사이트 공통 ARR만으로 blocked 처리 금지",,
busan-VB-279,"신선대, 신선이 사랑한 풍경",attraction,https://www.visitbusan.net/uploadImgs/files/cntnts/20191225165635368,www.visitbusan.net,rights_restricted,operational_assumed,operational_policy,"공식 관광 원천 일반 홍보 이미지, 사이트 공통 ARR (domain_inferred) — 21I: 사이트 공통 ARR만으로 blocked 처리 금지",,
busan-VB-280,"자연 그대로를 간직하다, 송정해수욕장",attraction,https://www.visitbusan.net/uploadImgs/files/cntnts/20230630185239164,www.visitbusan.net,rights_restricted,operational_assumed,operational_policy,"공식 관광 원천 일반 홍보 이미지, 사이트 공통 ARR (domain_inferred) — 21I: 사이트 공통 ARR만으로 blocked 처리 금지",,
busan-VB-281,책과 함께하는 영원한 여행 이터널저니,attraction,https://www.visitbusan.net/uploadImgs/files/cntnts/20191225170855698,www.visitbusan.net,rights_restricted,operational_assumed,operational_policy,"공식 관광 원천 일반 홍보 이미지, 사이트 공통 ARR (domain_inferred) — 21I: 사이트 공통 ARR만으로 blocked 처리 금지",,
busan-VB-285,광안리 바다의 낭만 민락수변공원,attraction,https://www.visitbusan.net/uploadImgs/files/cntnts/20191225174730014,www.visitbusan.net,rights_restricted,operational_assumed,operational_policy,"공식 관광 원천 일반 홍보 이미지, 사이트 공통 ARR (domain_inferred) — 21I: 사이트 공통 ARR만으로 blocked 처리 금지",,
busan-VB-286,100년을 넘어 다시 태어난 송도해수욕장,attraction,https://www.visitbusan.net/uploadImgs/files/cntnts/20191225175459392,www.visitbusan.net,rights_restricted,operational_assumed,operational_policy,"공식 관광 원천 일반 홍보 이미지, 사이트 공통 ARR (domain_inferred) — 21I: 사이트 공통 ARR만으로 blocked 처리 금지",,
busan-VB-287,강과 바다가 만나는 곳 아미산전망대,attraction,https://www.visitbusan.net/uploadImgs/files/cntnts/20191225180243523,www.visitbusan.net,rights_restricted,operational_assumed,operational_policy,"공식 관광 원천 일반 홍보 이미지, 사이트 공통 ARR (domain_inferred) — 21I: 사이트 공통 ARR만으로 blocked 처리 금지",,
busan-VB-288,묘지 비석을 품은 동네 아미동 비석문화마을,attraction,https://www.visitbusan.net/uploadImgs/files/cntnts/20191226093554532,www.visitbusan.net,rights_restricted,operational_assumed,operational_policy,"공식 관광 원천 일반 홍보 이미지, 사이트 공통 ARR (domain_inferred) — 21I: 사이트 공통 ARR만으로 blocked 처리 금지",,
busan-VB-289,벡스코 옆 미술관 부산시립미술관,attraction,https://www.visitbusan.net/uploadImgs/files/cntnts/20191226100545553,www.visitbusan.net,rights_restricted,operational_assumed,operational_policy,"공식 관광 원천 일반 홍보 이미지, 사이트 공통 ARR (domain_inferred) — 21I: 사이트 공통 ARR만으로 blocked 처리 금지",,
busan-VB-290,바다의 안녕을 기원하는 오랑대공원,attraction,https://www.visitbusan.net/uploadImgs/files/cntnts/20191226101451768,www.visitbusan.net,rights_restricted,operational_assumed,operational_policy,"공식 관광 원천 일반 홍보 이미지, 사이트 공통 ARR (domain_inferred) — 21I: 사이트 공통 ARR만으로 blocked 처리 금지",,
busan-VB-291,바다 속 체험은 국립수산과학관으로,attraction,https://www.visitbusan.net/uploadImgs/files/cntnts/20191226102157667,www.visitbusan.net,rights_restricted,operational_assumed,operational_policy,"공식 관광 원천 일반 홍보 이미지, 사이트 공통 ARR (domain_inferred) — 21I: 사이트 공통 ARR만으로 blocked 처리 금지",,
busan-VB-292,좌판의 힘 기장시장,attraction,https://www.visitbusan.net/uploadImgs/files/cntnts/20191226103342213,www.visitbusan.net,rights_restricted,operational_assumed,operational_policy,"공식 관광 원천 일반 홍보 이미지, 사이트 공통 ARR (domain_inferred) — 21I: 사이트 공통 ARR만으로 blocked 처리 금지",,
busan-VB-293,광안리 바다의 참맛 민락회타운,restaurant,https://www.visitbusan.net/uploadImgs/files/cntnts/20191226104226159,www.visitbusan.net,rights_restricted,operational_assumed,operational_policy,"공식 관광 원천 일반 홍보 이미지, 사이트 공통 ARR (domain_inferred) — 21I: 사이트 공통 ARR만으로 blocked 처리 금지",,
busan-VB-294,텔레비전에 나온 시장맛집 해운대시장,restaurant,https://www.visitbusan.net/uploadImgs/files/cntnts/20191226105015522,www.visitbusan.net,rights_restricted,operational_assumed,operational_policy,"공식 관광 원천 일반 홍보 이미지, 사이트 공통 ARR (domain_inferred) — 21I: 사이트 공통 ARR만으로 blocked 처리 금지",,
busan-VB-295,"사람답게 살아가라, 요산문학관",attraction,https://www.visitbusan.net/uploadImgs/files/cntnts/20191226105751809,www.visitbusan.net,rights_restricted,operational_assumed,operational_policy,"공식 관광 원천 일반 홍보 이미지, 사이트 공통 ARR (domain_inferred) — 21I: 사이트 공통 ARR만으로 blocked 처리 금지",,
busan-VB-296,기억해야 할 이름 박차정의사,attraction,https://www.visitbusan.net/uploadImgs/files/cntnts/20191226110347271,www.visitbusan.net,rights_restricted,operational_assumed,operational_policy,"공식 관광 원천 일반 홍보 이미지, 사이트 공통 ARR (domain_inferred) — 21I: 사이트 공통 ARR만으로 blocked 처리 금지",,
busan-VB-297,우리 작물을 먹을 수 있는 이유 우장춘 박사,attraction,https://www.visitbusan.net/uploadImgs/files/cntnts/20191226110901484,www.visitbusan.net,rights_restricted,operational_assumed,operational_policy,"공식 관광 원천 일반 홍보 이미지, 사이트 공통 ARR (domain_inferred) — 21I: 사이트 공통 ARR만으로 blocked 처리 금지",,
busan-VB-298,산복도로 전망대 누리바라기,attraction,https://www.visitbusan.net/uploadImgs/files/cntnts/20191226113720642,www.visitbusan.net,rights_restricted,operational_assumed,operational_policy,"공식 관광 원천 일반 홍보 이미지, 사이트 공통 ARR (domain_inferred) — 21I: 사이트 공통 ARR만으로 blocked 처리 금지",,
busan-VB-299,인간에 대한 위로 최민식 갤러리,attraction,https://www.visitbusan.net/uploadImgs/files/cntnts/20191226115628787,www.visitbusan.net,rights_restricted,operational_assumed,operational_policy,"공식 관광 원천 일반 홍보 이미지, 사이트 공통 ARR (domain_inferred) — 21I: 사이트 공통 ARR만으로 blocked 처리 금지",,
busan-VB-301,시원한 오솔길 걸어요 수영사적공원,attraction,https://www.visitbusan.net/uploadImgs/files/cntnts/20191226132135171,www.visitbusan.net,rights_restricted,operational_assumed,operational_policy,"공식 관광 원천 일반 홍보 이미지, 사이트 공통 ARR (domain_inferred) — 21I: 사이트 공통 ARR만으로 blocked 처리 금지",,
busan-VB-302,기상계 유네스코 문화재 부산기상관측소,attraction,https://www.visitbusan.net/uploadImgs/files/cntnts/20191226132812226,www.visitbusan.net,rights_restricted,operational_assumed,operational_policy,"공식 관광 원천 일반 홍보 이미지, 사이트 공통 ARR (domain_inferred) — 21I: 사이트 공통 ARR만으로 blocked 처리 금지",,
busan-VB-313,어린이들의 교통안전교육은 구포어린이교통공원에서,attraction,https://www.visitbusan.net/uploadImgs/files/cntnts/20191226182356876,www.visitbusan.net,rights_restricted,operational_assumed,operational_policy,"공식 관광 원천 일반 홍보 이미지, 사이트 공통 ARR (domain_inferred) — 21I: 사이트 공통 ARR만으로 blocked 처리 금지",,
busan-VB-314,놀면서 배우는 법의 모든 것 솔로몬로파크,attraction,https://www.visitbusan.net/uploadImgs/files/cntnts/20191226183133502,www.visitbusan.net,rights_restricted,operational_assumed,operational_policy,"공식 관광 원천 일반 홍보 이미지, 사이트 공통 ARR (domain_inferred) — 21I: 사이트 공통 ARR만으로 blocked 처리 금지",,
busan-VB-315,어촌문화여행 부산어촌민속관,attraction,https://www.visitbusan.net/uploadImgs/files/cntnts/20191226184130120,www.visitbusan.net,rights_restricted,operational_assumed,operational_policy,"공식 관광 원천 일반 홍보 이미지, 사이트 공통 ARR (domain_inferred) — 21I: 사이트 공통 ARR만으로 blocked 처리 금지",,
busan-VB-325,"봄, 여름, 가을, 겨울이 다 달라 삼락생태공원",attraction,https://www.visitbusan.net/uploadImgs/files/cntnts/20230602100722403,www.visitbusan.net,rights_restricted,operational_assumed,operational_policy,"공식 관광 원천 일반 홍보 이미지, 사이트 공통 ARR (domain_inferred) — 21I: 사이트 공통 ARR만으로 blocked 처리 금지",,
busan-VB-326,"암남반도 남쪽 끝자락, 암남공원을 만나다",attraction,https://www.visitbusan.net/uploadImgs/files/cntnts/20191227112720050,www.visitbusan.net,rights_restricted,operational_assumed,operational_policy,"공식 관광 원천 일반 홍보 이미지, 사이트 공통 ARR (domain_inferred) — 21I: 사이트 공통 ARR만으로 blocked 처리 금지",,
busan-VB-328,빛나는 서면시장,attraction,https://www.visitbusan.net/uploadImgs/files/cntnts/20191227114043326,www.visitbusan.net,rights_restricted,operational_assumed,operational_policy,"공식 관광 원천 일반 홍보 이미지, 사이트 공통 ARR (domain_inferred) — 21I: 사이트 공통 ARR만으로 blocked 처리 금지",,
busan-VB-333,알록달록 포토존 가득한 부네치아 장림포구,attraction,https://www.visitbusan.net/uploadImgs/files/cntnts/20191227160751479,www.visitbusan.net,rights_restricted,operational_assumed,operational_policy,"공식 관광 원천 일반 홍보 이미지, 사이트 공통 ARR (domain_inferred) — 21I: 사이트 공통 ARR만으로 blocked 처리 금지",,
busan-VB-334,아는 만큼 보이는 섬 가덕도,attraction,https://www.visitbusan.net/uploadImgs/files/cntnts/20191227161822663,www.visitbusan.net,rights_restricted,operational_assumed,operational_policy,"공식 관광 원천 일반 홍보 이미지, 사이트 공통 ARR (domain_inferred) — 21I: 사이트 공통 ARR만으로 blocked 처리 금지",,
busan-VB-335,"즐거움과 편안함, 두근거림이 함께하는 렛츠런파크",attraction,https://www.visitbusan.net/uploadImgs/files/cntnts/20191227163229549,www.visitbusan.net,rights_restricted,operational_assumed,operational_policy,"공식 관광 원천 일반 홍보 이미지, 사이트 공통 ARR (domain_inferred) — 21I: 사이트 공통 ARR만으로 blocked 처리 금지",,
busan-VB-336,"낙동강을 따라 떠나는 생태여행, 낙동강생태탐방선",nature,https://www.visitbusan.net/uploadImgs/files/cntnts/20191227164117189,www.visitbusan.net,rights_restricted,operational_assumed,operational_policy,"공식 관광 원천 일반 홍보 이미지, 사이트 공통 ARR (domain_inferred) — 21I: 사이트 공통 ARR만으로 blocked 처리 금지",,
busan-VB-339,패들보드와 함께 발견하는 자연의 경이로움,nature,https://www.visitbusan.net/uploadImgs/files/cntnts/20191227171546642,www.visitbusan.net,rights_restricted,operational_assumed,operational_policy,"공식 관광 원천 일반 홍보 이미지, 사이트 공통 ARR (domain_inferred) — 21I: 사이트 공통 ARR만으로 blocked 처리 금지",,
busan-VB-340,과학을 알면 미래가 보인다! 국립부산과학관,attraction,https://www.visitbusan.net/uploadImgs/files/cntnts/20230901132543063,www.visitbusan.net,rights_restricted,operational_assumed,operational_policy,"공식 관광 원천 일반 홍보 이미지, 사이트 공통 ARR (domain_inferred) — 21I: 사이트 공통 ARR만으로 blocked 처리 금지",,
busan-VB-343,흐름과 소통의 연결고리 송상현광장,attraction,https://www.visitbusan.net/uploadImgs/files/cntnts/20191227175243198,www.visitbusan.net,rights_restricted,operational_assumed,operational_policy,"공식 관광 원천 일반 홍보 이미지, 사이트 공통 ARR (domain_inferred) — 21I: 사이트 공통 ARR만으로 blocked 처리 금지",,
busan-VB-344,아이와 함께 자연 속으로 어린이대공원,attraction,https://www.visitbusan.net/uploadImgs/files/cntnts/20191227180139517,www.visitbusan.net,rights_restricted,operational_assumed,operational_policy,"공식 관광 원천 일반 홍보 이미지, 사이트 공통 ARR (domain_inferred) — 21I: 사이트 공통 ARR만으로 blocked 처리 금지",,
busan-VB-347,부처님의 세 가지 염원 삼광사,attraction,https://www.visitbusan.net/uploadImgs/files/cntnts/20191227184611977,www.visitbusan.net,rights_restricted,operational_assumed,operational_policy,"공식 관광 원천 일반 홍보 이미지, 사이트 공통 ARR (domain_inferred) — 21I: 사이트 공통 ARR만으로 blocked 처리 금지",,
busan-VB-348,도심 속 작은 어촌마을 청사포와 미포,attraction,https://www.visitbusan.net/uploadImgs/files/cntnts/20191227190325222,www.visitbusan.net,rights_restricted,operational_assumed,operational_policy,"공식 관광 원천 일반 홍보 이미지, 사이트 공통 ARR (domain_inferred) — 21I: 사이트 공통 ARR만으로 blocked 처리 금지",,
busan-VB-354,"부산시민의 품으로 되돌아온 쉼터, 부산시민공원",attraction,https://www.visitbusan.net/uploadImgs/files/cntnts/20191227194942971,www.visitbusan.net,rights_restricted,operational_assumed,operational_policy,"공식 관광 원천 일반 홍보 이미지, 사이트 공통 ARR (domain_inferred) — 21I: 사이트 공통 ARR만으로 blocked 처리 금지",,
busan-VB-358,‘쌈마이 감성’ 가득한 호랑이마을 호천마을,attraction,https://www.visitbusan.net/uploadImgs/files/cntnts/20191227202219554,www.visitbusan.net,rights_restricted,operational_assumed,operational_policy,"공식 관광 원천 일반 홍보 이미지, 사이트 공통 ARR (domain_inferred) — 21I: 사이트 공통 ARR만으로 blocked 처리 금지",,
busan-VB-359,봉래산 전망이 끝내줘요~!,attraction,https://www.visitbusan.net/uploadImgs/files/cntnts/20191227202829011,www.visitbusan.net,rights_restricted,operational_assumed,operational_policy,"공식 관광 원천 일반 홍보 이미지, 사이트 공통 ARR (domain_inferred) — 21I: 사이트 공통 ARR만으로 blocked 처리 금지",,
busan-VB-361,"니가 가라, 영화의 거리",attraction,https://www.visitbusan.net/uploadImgs/files/cntnts/20191227203859552,www.visitbusan.net,rights_restricted,operational_assumed,operational_policy,"공식 관광 원천 일반 홍보 이미지, 사이트 공통 ARR (domain_inferred) — 21I: 사이트 공통 ARR만으로 blocked 처리 금지",,
busan-VB-362,소확행은 공원이지_APEC나루공원,attraction,https://www.visitbusan.net/uploadImgs/files/cntnts/20191227204420832,www.visitbusan.net,rights_restricted,operational_assumed,operational_policy,"공식 관광 원천 일반 홍보 이미지, 사이트 공통 ARR (domain_inferred) — 21I: 사이트 공통 ARR만으로 blocked 처리 금지",,
busan-VB-364,지나간 시절을 되짚어 오르는 40계단,attraction,https://www.visitbusan.net/uploadImgs/files/cntnts/20191229141716592,www.visitbusan.net,rights_restricted,operational_assumed,operational_policy,"공식 관광 원천 일반 홍보 이미지, 사이트 공통 ARR (domain_inferred) — 21I: 사이트 공통 ARR만으로 blocked 처리 금지",,
busan-VB-365,"알록달록 아름답게 펼쳐진 파스텔톤, 감천문화마을",attraction,https://www.visitbusan.net/uploadImgs/files/cntnts/20191229142305006,www.visitbusan.net,rights_restricted,operational_assumed,operational_policy,"공식 관광 원천 일반 홍보 이미지, 사이트 공통 ARR (domain_inferred) — 21I: 사이트 공통 ARR만으로 blocked 처리 금지",,
busan-VB-366,발길 닿는 곳 어디든 아름다운 다대포해수욕장,attraction,https://www.visitbusan.net/uploadImgs/files/cntnts/20191229143230630,www.visitbusan.net,rights_restricted,operational_assumed,operational_policy,"공식 관광 원천 일반 홍보 이미지, 사이트 공통 ARR (domain_inferred) — 21I: 사이트 공통 ARR만으로 blocked 처리 금지",,
busan-VB-368,부산여행의 이유 용두산공원,attraction,https://www.visitbusan.net/uploadImgs/files/cntnts/20191229145728609,www.visitbusan.net,rights_restricted,operational_assumed,operational_policy,"공식 관광 원천 일반 홍보 이미지, 사이트 공통 ARR (domain_inferred) — 21I: 사이트 공통 ARR만으로 blocked 처리 금지",,
busan-VB-369,눈물로 약속한 공간 영도대교,attraction,https://www.visitbusan.net/uploadImgs/files/cntnts/20191229150331682,www.visitbusan.net,rights_restricted,operational_assumed,operational_policy,"공식 관광 원천 일반 홍보 이미지, 사이트 공통 ARR (domain_inferred) — 21I: 사이트 공통 ARR만으로 blocked 처리 금지",,
busan-VB-371,눈부신 부산을 선물하다 황령산 전망쉼터,attraction,https://www.visitbusan.net/uploadImgs/files/cntnts/20191229151710512,www.visitbusan.net,rights_restricted,operational_assumed,operational_policy,"공식 관광 원천 일반 홍보 이미지, 사이트 공통 ARR (domain_inferred) — 21I: 사이트 공통 ARR만으로 blocked 처리 금지",,
busan-VB-372,와이어공장에서 문화공장으로 F1963,attraction,https://www.visitbusan.net/uploadImgs/files/cntnts/20191229152254942,www.visitbusan.net,rights_restricted,operational_assumed,operational_policy,"공식 관광 원천 일반 홍보 이미지, 사이트 공통 ARR (domain_inferred) — 21I: 사이트 공통 ARR만으로 blocked 처리 금지",,
busan-VB-373,"부산 바다의 정석, 해운대해수욕장",attraction,https://www.visitbusan.net/uploadImgs/files/cntnts/20191229153530528,www.visitbusan.net,rights_restricted,operational_assumed,operational_policy,"공식 관광 원천 일반 홍보 이미지, 사이트 공통 ARR (domain_inferred) — 21I: 사이트 공통 ARR만으로 blocked 처리 금지",,
busan-VB-377,광안리의 밤은 당신의 낮보다 아름답다,attraction,https://www.visitbusan.net/uploadImgs/files/cntnts/20191229160529389,www.visitbusan.net,rights_restricted,operational_assumed,operational_policy,"공식 관광 원천 일반 홍보 이미지, 사이트 공통 ARR (domain_inferred) — 21I: 사이트 공통 ARR만으로 blocked 처리 금지",,
busan-VB-396,금정산이 있어 더 부산다운 부산,attraction,https://www.visitbusan.net/uploadImgs/files/cntnts/20191230180640227,www.visitbusan.net,rights_restricted,operational_assumed,operational_policy,"공식 관광 원천 일반 홍보 이미지, 사이트 공통 ARR (domain_inferred) — 21I: 사이트 공통 ARR만으로 blocked 처리 금지",,
busan-VB-397,뉴트로 감성 가득한 금강공원과 식물원,attraction,https://www.visitbusan.net/uploadImgs/files/cntnts/20191230181126685,www.visitbusan.net,rights_restricted,operational_assumed,operational_policy,"공식 관광 원천 일반 홍보 이미지, 사이트 공통 ARR (domain_inferred) — 21I: 사이트 공통 ARR만으로 blocked 처리 금지",,
busan-VB-402,영남 3대사찰 범어사를 만나다,attraction,https://www.visitbusan.net/uploadImgs/files/cntnts/20191230190101989,www.visitbusan.net,rights_restricted,operational_assumed,operational_policy,"공식 관광 원천 일반 홍보 이미지, 사이트 공통 ARR (domain_inferred) — 21I: 사이트 공통 ARR만으로 blocked 처리 금지",,
busan-VB-409,오리지널 부산은 바로 여기! 동래읍성,attraction,https://www.visitbusan.net/uploadImgs/files/cntnts/20191230194923757,www.visitbusan.net,rights_restricted,operational_assumed,operational_policy,"공식 관광 원천 일반 홍보 이미지, 사이트 공통 ARR (domain_inferred) — 21I: 사이트 공통 ARR만으로 blocked 처리 금지",,
busan-VB-413,부산 최대 쇼핑거리 광복로패션거리,attraction,https://www.visitbusan.net/uploadImgs/files/cntnts/20191230201722863,www.visitbusan.net,rights_restricted,operational_assumed,operational_policy,"공식 관광 원천 일반 홍보 이미지, 사이트 공통 ARR (domain_inferred) — 21I: 사이트 공통 ARR만으로 blocked 처리 금지",,
busan-VB-415,부산 속 작은 중국 상해거리를 걷다,attraction,https://www.visitbusan.net/uploadImgs/files/cntnts/20191230203235198,www.visitbusan.net,rights_restricted,operational_assumed,operational_policy,"공식 관광 원천 일반 홍보 이미지, 사이트 공통 ARR (domain_inferred) — 21I: 사이트 공통 ARR만으로 blocked 처리 금지",,
busan-VB-418,"골목길 안 거리미술관, 이중섭 문화거리",attraction,https://www.visitbusan.net/uploadImgs/files/cntnts/20191230205059771,www.visitbusan.net,rights_restricted,operational_assumed,operational_policy,"공식 관광 원천 일반 홍보 이미지, 사이트 공통 ARR (domain_inferred) — 21I: 사이트 공통 ARR만으로 blocked 처리 금지",,
busan-VB-419,"가야 왕국의 귀환, 복천박물관/복천동고분군",attraction,https://www.visitbusan.net/uploadImgs/files/cntnts/20191230205640434,www.visitbusan.net,rights_restricted,operational_assumed,operational_policy,"공식 관광 원천 일반 홍보 이미지, 사이트 공통 ARR (domain_inferred) — 21I: 사이트 공통 ARR만으로 blocked 처리 금지",,
busan-VB-420,주말엔 방콕 말고 벡스코!,attraction,https://www.visitbusan.net/uploadImgs/files/cntnts/20191230210019945,www.visitbusan.net,rights_restricted,operational_assumed,operational_policy,"공식 관광 원천 일반 홍보 이미지, 사이트 공통 ARR (domain_inferred) — 21I: 사이트 공통 ARR만으로 blocked 처리 금지",,
busan-VB-421,영화도시 부산의 랜드마크 영화의 전당,attraction,https://www.visitbusan.net/uploadImgs/files/cntnts/20191230210358362,www.visitbusan.net,rights_restricted,operational_assumed,operational_policy,"공식 관광 원천 일반 홍보 이미지, 사이트 공통 ARR (domain_inferred) — 21I: 사이트 공통 ARR만으로 blocked 처리 금지",,
busan-VB-422,"동래여행의 깨알 즐거움, 동래시장",attraction,https://www.visitbusan.net/uploadImgs/files/cntnts/20191230210800496,www.visitbusan.net,rights_restricted,operational_assumed,operational_policy,"공식 관광 원천 일반 홍보 이미지, 사이트 공통 ARR (domain_inferred) — 21I: 사이트 공통 ARR만으로 blocked 처리 금지",,
busan-VB-425,불광산과 그 계곡을 두른 천년고찰 장안사,attraction,https://www.visitbusan.net/uploadImgs/files/cntnts/20191231091948765,www.visitbusan.net,rights_restricted,operational_assumed,operational_policy,"공식 관광 원천 일반 홍보 이미지, 사이트 공통 ARR (domain_inferred) — 21I: 사이트 공통 ARR만으로 blocked 처리 금지",,
busan-VB-426,백양산에 올라 부산을 보다,attraction,https://www.visitbusan.net/uploadImgs/files/cntnts/20191231092729834,www.visitbusan.net,rights_restricted,operational_assumed,operational_policy,"공식 관광 원천 일반 홍보 이미지, 사이트 공통 ARR (domain_inferred) — 21I: 사이트 공통 ARR만으로 blocked 처리 금지",,
busan-VB-429,"바다와 음악, 버스커와 관객이 만드는 최고의 무대",event,https://www.visitbusan.net/uploadImgs/files/cntnts/20191231100658927,www.visitbusan.net,rights_restricted,operational_assumed,operational_policy,"공식 관광 원천 일반 홍보 이미지, 사이트 공통 ARR (domain_inferred) — 21I: 사이트 공통 ARR만으로 blocked 처리 금지",,
busan-VB-43,"미래를 비추는 거울, 아이들의 공간 키자니아",attraction,https://www.visitbusan.net/uploadImgs/files/cntnts/20191225152141281,www.visitbusan.net,rights_restricted,operational_assumed,operational_policy,"공식 관광 원천 일반 홍보 이미지, 사이트 공통 ARR (domain_inferred) — 21I: 사이트 공통 ARR만으로 blocked 처리 금지",,
busan-VB-430,"추억과 자연이 공존하는 곳, 성지곡수원지",attraction,https://www.visitbusan.net/uploadImgs/files/cntnts/20191231100856743,www.visitbusan.net,rights_restricted,operational_assumed,operational_policy,"공식 관광 원천 일반 홍보 이미지, 사이트 공통 ARR (domain_inferred) — 21I: 사이트 공통 ARR만으로 blocked 처리 금지",,
busan-VB-432,마린시티와 광안대교를 품은 장산 정상으로,attraction,https://www.visitbusan.net/uploadImgs/files/cntnts/20191231101745599,www.visitbusan.net,rights_restricted,operational_assumed,operational_policy,"공식 관광 원천 일반 홍보 이미지, 사이트 공통 ARR (domain_inferred) — 21I: 사이트 공통 ARR만으로 blocked 처리 금지",,
busan-VB-433,"자연 암벽에 내려앉은 부처의 염원, 석불사",attraction,https://www.visitbusan.net/uploadImgs/files/cntnts/20191231102223413,www.visitbusan.net,rights_restricted,operational_assumed,operational_policy,"공식 관광 원천 일반 홍보 이미지, 사이트 공통 ARR (domain_inferred) — 21I: 사이트 공통 ARR만으로 blocked 처리 금지",,
busan-VB-436,"맨발로 걷기 좋은 황토숲길, 회동수원지를 거닐다",nature,https://www.visitbusan.net/uploadImgs/files/cntnts/20191231105906594,www.visitbusan.net,rights_restricted,operational_assumed,operational_policy,"공식 관광 원천 일반 홍보 이미지, 사이트 공통 ARR (domain_inferred) — 21I: 사이트 공통 ARR만으로 blocked 처리 금지",,
busan-VB-439,"마음으로 읊는 공자왈 맹자왈, 동래향교&기장향교",attraction,https://www.visitbusan.net/uploadImgs/files/cntnts/20191231111302355,www.visitbusan.net,rights_restricted,operational_assumed,operational_policy,"공식 관광 원천 일반 홍보 이미지, 사이트 공통 ARR (domain_inferred) — 21I: 사이트 공통 ARR만으로 blocked 처리 금지",,
busan-VB-44,직접 만나는 바다 부산아쿠아리움,attraction,https://www.visitbusan.net/uploadImgs/files/cntnts/20230602101327668,www.visitbusan.net,rights_restricted,operational_assumed,operational_policy,"공식 관광 원천 일반 홍보 이미지, 사이트 공통 ARR (domain_inferred) — 21I: 사이트 공통 ARR만으로 blocked 처리 금지",,
busan-VB-444,"하늘과 바다가 만나는 길, 가덕도 연대봉",attraction,https://www.visitbusan.net/uploadImgs/files/cntnts/20191231180337567,www.visitbusan.net,rights_restricted,operational_assumed,operational_policy,"공식 관광 원천 일반 홍보 이미지, 사이트 공통 ARR (domain_inferred) — 21I: 사이트 공통 ARR만으로 blocked 처리 금지",,
busan-VB-445,부산의 가을을 담은 승학산 억새평원,attraction,https://www.visitbusan.net/uploadImgs/files/cntnts/20191231181104098,www.visitbusan.net,rights_restricted,operational_assumed,operational_policy,"공식 관광 원천 일반 홍보 이미지, 사이트 공통 ARR (domain_inferred) — 21I: 사이트 공통 ARR만으로 blocked 처리 금지",,
busan-VB-446,살아있음을 느껴라! 산악자전거 라이딩,nature,https://www.visitbusan.net/uploadImgs/files/cntnts/20191231181815748,www.visitbusan.net,rights_restricted,operational_assumed,operational_policy,"공식 관광 원천 일반 홍보 이미지, 사이트 공통 ARR (domain_inferred) — 21I: 사이트 공통 ARR만으로 blocked 처리 금지",,
busan-VB-448,"빳빳한 도복 자락에 담긴 한국의 정신, 태권도",attraction,https://www.visitbusan.net/uploadImgs/files/cntnts/20191231183025713,www.visitbusan.net,rights_restricted,operational_assumed,operational_policy,"공식 관광 원천 일반 홍보 이미지, 사이트 공통 ARR (domain_inferred) — 21I: 사이트 공통 ARR만으로 blocked 처리 금지",,
busan-VB-450,이야기와 예술이 있는 대룡마을,attraction,https://www.visitbusan.net/uploadImgs/files/cntnts/20191231184354051,www.visitbusan.net,rights_restricted,operational_assumed,operational_policy,"공식 관광 원천 일반 홍보 이미지, 사이트 공통 ARR (domain_inferred) — 21I: 사이트 공통 ARR만으로 blocked 처리 금지",,
busan-VB-456,힐링이 필요한 날 대신공원,attraction,https://www.visitbusan.net/uploadImgs/files/cntnts/20191231192024538,www.visitbusan.net,rights_restricted,operational_assumed,operational_policy,"공식 관광 원천 일반 홍보 이미지, 사이트 공통 ARR (domain_inferred) — 21I: 사이트 공통 ARR만으로 blocked 처리 금지",,
busan-VB-457,소풍 명당 화명수목원,attraction,https://www.visitbusan.net/uploadImgs/files/cntnts/20191231192531286,www.visitbusan.net,rights_restricted,operational_assumed,operational_policy,"공식 관광 원천 일반 홍보 이미지, 사이트 공통 ARR (domain_inferred) — 21I: 사이트 공통 ARR만으로 blocked 처리 금지",,
busan-VB-458,천년의 향기 선암사,attraction,https://www.visitbusan.net/uploadImgs/files/cntnts/20191231193124555,www.visitbusan.net,rights_restricted,operational_assumed,operational_policy,"공식 관광 원천 일반 홍보 이미지, 사이트 공통 ARR (domain_inferred) — 21I: 사이트 공통 ARR만으로 blocked 처리 금지",,
busan-VB-459,운수사에 서면 낙동강이 내 품으로,attraction,https://www.visitbusan.net/uploadImgs/files/cntnts/20191231193736138,www.visitbusan.net,rights_restricted,operational_assumed,operational_policy,"공식 관광 원천 일반 홍보 이미지, 사이트 공통 ARR (domain_inferred) — 21I: 사이트 공통 ARR만으로 blocked 처리 금지",,
busan-VB-463,"‘스포원’, 낮부터 밤까지 즐거움 가득!",attraction,https://www.visitbusan.net/uploadImgs/files/cntnts/20251201114557109,www.visitbusan.net,rights_restricted,operational_assumed,operational_policy,"공식 관광 원천 일반 홍보 이미지, 사이트 공통 ARR (domain_inferred) — 21I: 사이트 공통 ARR만으로 blocked 처리 금지",,
busan-VB-482,"일상 속 쉼표를 찍는 시간, 템플스테이",attraction,https://www.visitbusan.net/uploadImgs/files/cntnts/20200101163824503,www.visitbusan.net,rights_restricted,operational_assumed,operational_policy,"공식 관광 원천 일반 홍보 이미지, 사이트 공통 ARR (domain_inferred) — 21I: 사이트 공통 ARR만으로 blocked 처리 금지",,
busan-VB-483,소막마을을 아시나요?,attraction,https://www.visitbusan.net/uploadImgs/files/cntnts/20200101164518953,www.visitbusan.net,rights_restricted,operational_assumed,operational_policy,"공식 관광 원천 일반 홍보 이미지, 사이트 공통 ARR (domain_inferred) — 21I: 사이트 공통 ARR만으로 blocked 처리 금지",,
busan-VB-501,"언제나 그 자리에, 충렬사",attraction,https://www.visitbusan.net/uploadImgs/files/cntnts/20200102125306322,www.visitbusan.net,rights_restricted,operational_assumed,operational_policy,"공식 관광 원천 일반 홍보 이미지, 사이트 공통 ARR (domain_inferred) — 21I: 사이트 공통 ARR만으로 blocked 처리 금지",,
busan-VB-506,쇼핑가서 재미있게 놀자! 롯데프리미엄아울렛 동부산점,attraction,https://www.visitbusan.net/uploadImgs/files/cntnts/20200102140051300,www.visitbusan.net,rights_restricted,operational_assumed,operational_policy,"공식 관광 원천 일반 홍보 이미지, 사이트 공통 ARR (domain_inferred) — 21I: 사이트 공통 ARR만으로 blocked 처리 금지",,
busan-VB-508,커피의 모든 것 부산커피박물관,attraction,https://www.visitbusan.net/uploadImgs/files/cntnts/20200102141456051,www.visitbusan.net,rights_restricted,operational_assumed,operational_policy,"공식 관광 원천 일반 홍보 이미지, 사이트 공통 ARR (domain_inferred) — 21I: 사이트 공통 ARR만으로 blocked 처리 금지",,
busan-VB-511,"주민들의 소통 공간, 사상생활사박물관",attraction,https://www.visitbusan.net/uploadImgs/files/cntnts/20200102142920888,www.visitbusan.net,rights_restricted,operational_assumed,operational_policy,"공식 관광 원천 일반 홍보 이미지, 사이트 공통 ARR (domain_inferred) — 21I: 사이트 공통 ARR만으로 blocked 처리 금지",,
busan-VB-518,부산 로컬푸드 쿠킹클래스,restaurant,https://www.visitbusan.net/uploadImgs/files/cntnts/20200102221926917,www.visitbusan.net,rights_restricted,operational_assumed,operational_policy,"공식 관광 원천 일반 홍보 이미지, 사이트 공통 ARR (domain_inferred) — 21I: 사이트 공통 ARR만으로 blocked 처리 금지",,
busan-VB-527,열정과 에너지가 가득한 ‘작은부산’ 사직야구장,attraction,https://www.visitbusan.net/uploadImgs/files/cntnts/20200110144727057,www.visitbusan.net,rights_restricted,operational_assumed,operational_policy,"공식 관광 원천 일반 홍보 이미지, 사이트 공통 ARR (domain_inferred) — 21I: 사이트 공통 ARR만으로 blocked 처리 금지",,
busan-VB-530,주말 소풍으로 딱 좋은 농장체험,nature,https://www.visitbusan.net/uploadImgs/files/cntnts/20200110155525744,www.visitbusan.net,rights_restricted,operational_assumed,operational_policy,"공식 관광 원천 일반 홍보 이미지, 사이트 공통 ARR (domain_inferred) — 21I: 사이트 공통 ARR만으로 blocked 처리 금지",,
busan-VB-537,롯데면세점 부산점,attraction,https://www.visitbusan.net/uploadImgs/files/cntnts/20240416151650754,www.visitbusan.net,rights_restricted,operational_assumed,operational_policy,"공식 관광 원천 일반 홍보 이미지, 사이트 공통 ARR (domain_inferred) — 21I: 사이트 공통 ARR만으로 blocked 처리 금지",,
busan-VB-539,부산면세점 용두산점,attraction,https://www.visitbusan.net/uploadImgs/files/cntnts/20200204175104893,www.visitbusan.net,rights_restricted,operational_assumed,operational_policy,"공식 관광 원천 일반 홍보 이미지, 사이트 공통 ARR (domain_inferred) — 21I: 사이트 공통 ARR만으로 blocked 처리 금지",,
busan-VB-540,롯데면세점 김해공항점,attraction,https://www.visitbusan.net/uploadImgs/files/cntnts/20200207150233726,www.visitbusan.net,rights_restricted,operational_assumed,operational_policy,"공식 관광 원천 일반 홍보 이미지, 사이트 공통 ARR (domain_inferred) — 21I: 사이트 공통 ARR만으로 blocked 처리 금지",,
busan-VB-541,롯데백화점 부산본점,attraction,https://www.visitbusan.net/uploadImgs/files/cntnts/20200214134014426,www.visitbusan.net,rights_restricted,operational_assumed,operational_policy,"공식 관광 원천 일반 홍보 이미지, 사이트 공통 ARR (domain_inferred) — 21I: 사이트 공통 ARR만으로 blocked 처리 금지",,
busan-VB-545,음악분수쇼와 전망대를 만나는 롯데백화점 광복점,attraction,https://www.visitbusan.net/uploadImgs/files/cntnts/20230703144706665,www.visitbusan.net,rights_restricted,operational_assumed,operational_policy,"공식 관광 원천 일반 홍보 이미지, 사이트 공통 ARR (domain_inferred) — 21I: 사이트 공통 ARR만으로 blocked 처리 금지",,
busan-VB-546,롯데백화점 센텀시티점,attraction,https://www.visitbusan.net/uploadImgs/files/cntnts/20200207110846432,www.visitbusan.net,rights_restricted,operational_assumed,operational_policy,"공식 관광 원천 일반 홍보 이미지, 사이트 공통 ARR (domain_inferred) — 21I: 사이트 공통 ARR만으로 blocked 처리 금지",,
busan-VB-547,롯데백화점 동래점,attraction,https://www.visitbusan.net/uploadImgs/files/cntnts/20200207111009687,www.visitbusan.net,rights_restricted,operational_assumed,operational_policy,"공식 관광 원천 일반 홍보 이미지, 사이트 공통 ARR (domain_inferred) — 21I: 사이트 공통 ARR만으로 blocked 처리 금지",,
busan-VB-548,신세계백화점 센텀시티점,attraction,https://www.visitbusan.net/uploadImgs/files/cntnts/20200205165858664,www.visitbusan.net,rights_restricted,operational_assumed,operational_policy,"공식 관광 원천 일반 홍보 이미지, 사이트 공통 ARR (domain_inferred) — 21I: 사이트 공통 ARR만으로 blocked 처리 금지",,
busan-VB-552,이국적인 쇼핑 스트리트에 빠지다! 부산프리미엄아울렛,attraction,https://www.visitbusan.net/uploadImgs/files/cntnts/20200213181053895,www.visitbusan.net,rights_restricted,operational_assumed,operational_policy,"공식 관광 원천 일반 홍보 이미지, 사이트 공통 ARR (domain_inferred) — 21I: 사이트 공통 ARR만으로 blocked 처리 금지",,
busan-VB-554,NC백화점 해운대점,attraction,https://www.visitbusan.net/uploadImgs/files/cntnts/20200214105929005,www.visitbusan.net,rights_restricted,operational_assumed,operational_policy,"공식 관광 원천 일반 홍보 이미지, 사이트 공통 ARR (domain_inferred) — 21I: 사이트 공통 ARR만으로 blocked 처리 금지",,
busan-VB-555,NC백화점 부산대점,attraction,https://www.visitbusan.net/uploadImgs/files/cntnts/20200214112440464,www.visitbusan.net,rights_restricted,operational_assumed,operational_policy,"공식 관광 원천 일반 홍보 이미지, 사이트 공통 ARR (domain_inferred) — 21I: 사이트 공통 ARR만으로 blocked 처리 금지",,
busan-VB-757,오늘의 산책_신평소공원,attraction,https://www.visitbusan.net/uploadImgs/files/cntnts/20200514115750295,www.visitbusan.net,rights_restricted,operational_assumed,operational_policy,"공식 관광 원천 일반 홍보 이미지, 사이트 공통 ARR (domain_inferred) — 21I: 사이트 공통 ARR만으로 blocked 처리 금지",,
busan-VB-804,"상상하던 동화 속 그 마을, 기장 도예 관광 힐링촌 테마숲",attraction,https://www.visitbusan.net/uploadImgs/files/cntnts/20200706141824447,www.visitbusan.net,rights_restricted,operational_assumed,operational_policy,"공식 관광 원천 일반 홍보 이미지, 사이트 공통 ARR (domain_inferred) — 21I: 사이트 공통 ARR만으로 blocked 처리 금지",,
busan-VB-813,"누나의 길, 한국신발관",attraction,https://www.visitbusan.net/uploadImgs/files/cntnts/20200706134923010,www.visitbusan.net,rights_restricted,operational_assumed,operational_policy,"공식 관광 원천 일반 홍보 이미지, 사이트 공통 ARR (domain_inferred) — 21I: 사이트 공통 ARR만으로 blocked 처리 금지",,
busan-VB-819,머물고 싶은 쇼핑센터 IKEA동부산점,attraction,https://www.visitbusan.net/uploadImgs/files/cntnts/20200709174128221,www.visitbusan.net,rights_restricted,operational_assumed,operational_policy,"공식 관광 원천 일반 홍보 이미지, 사이트 공통 ARR (domain_inferred) — 21I: 사이트 공통 ARR만으로 blocked 처리 금지",,
busan-VB-833,송도에서 구름 위를 느끼는 법,attraction,https://www.visitbusan.net/uploadImgs/files/cntnts/20200717114921294,www.visitbusan.net,rights_restricted,operational_assumed,operational_policy,"공식 관광 원천 일반 홍보 이미지, 사이트 공통 ARR (domain_inferred) — 21I: 사이트 공통 ARR만으로 blocked 처리 금지",,
busan-VB-838,"부산의 옛 흔적을 찾아, 우암동 소막마을",attraction,https://www.visitbusan.net/uploadImgs/files/cntnts/20200722140028489,www.visitbusan.net,rights_restricted,operational_assumed,operational_policy,"공식 관광 원천 일반 홍보 이미지, 사이트 공통 ARR (domain_inferred) — 21I: 사이트 공통 ARR만으로 blocked 처리 금지",,
busan-VB-839,강물 따라 유유히 카약을 즐기다,nature,https://www.visitbusan.net/uploadImgs/files/cntnts/20240716142750561,www.visitbusan.net,rights_restricted,operational_assumed,operational_policy,"공식 관광 원천 일반 홍보 이미지, 사이트 공통 ARR (domain_inferred) — 21I: 사이트 공통 ARR만으로 blocked 처리 금지",,
busan-VB-859,오늘의산책_구덕문화공원,attraction,https://www.visitbusan.net/uploadImgs/files/cntnts/20200812172315522,www.visitbusan.net,rights_restricted,operational_assumed,operational_policy,"공식 관광 원천 일반 홍보 이미지, 사이트 공통 ARR (domain_inferred) — 21I: 사이트 공통 ARR만으로 blocked 처리 금지",,
busan-VB-876,묘지 위에 세워진 희망 ‘아미동 비석문화마을’,attraction,https://www.visitbusan.net/uploadImgs/files/cntnts/20200818133843206,www.visitbusan.net,rights_restricted,operational_assumed,operational_policy,"공식 관광 원천 일반 홍보 이미지, 사이트 공통 ARR (domain_inferred) — 21I: 사이트 공통 ARR만으로 blocked 처리 금지",,
busan-VB-960,디에이블 부산송도점,restaurant,https://www.visitbusan.net/uploadImgs/files/cntnts/20200819132345743,www.visitbusan.net,rights_restricted,operational_assumed,operational_policy,"공식 관광 원천 일반 홍보 이미지, 사이트 공통 ARR (domain_inferred) — 21I: 사이트 공통 ARR만으로 blocked 처리 금지",,
busan-VB-986,금정산성문화체험촌,attraction,https://www.visitbusan.net/uploadImgs/files/cntnts/20200831115036280,www.visitbusan.net,rights_restricted,operational_assumed,operational_policy,"공식 관광 원천 일반 홍보 이미지, 사이트 공통 ARR (domain_inferred) — 21I: 사이트 공통 ARR만으로 blocked 처리 금지",,
busan-VB-996,부산엑스더스카이 전망대,attraction,https://www.visitbusan.net/uploadImgs/files/cntnts/20200914115047550,www.visitbusan.net,rights_restricted,operational_assumed,operational_policy,"공식 관광 원천 일반 홍보 이미지, 사이트 공통 ARR (domain_inferred) — 21I: 사이트 공통 ARR만으로 blocked 처리 금지",,