candidate_id,image_url,image_source_domain,image_source_type,source_page_url,license_evidence_url,license_checked_at,copyright_holder,license_type,license_verification,commercial_use,modification_use,attribution_required,required_attribution_text,operational_image_decision,evidence_level,decision_reason
busan-A-00001,https://www.visitbusan.net/uploadImgs/files/cntnts/20191222164810529_ttiel,www.visitbusan.net,editorial_tourism,,,2026-07-25,"VisitBusan / 부산광역시 (도메인 추정, 미확인)",unknown,unverified,unknown,unknown,unknown,,review_required,domain_inferred,"VB 도메인 기반 분류. image_source 미기록, image_license 미기록. 공식 이용약관 미확인 — 상업 사용 개별 허가 필요."
busan-A-00002,https://www.visitbusan.net/uploadImgs/files/cntnts/20191222171209005_ttiel,www.visitbusan.net,editorial_tourism,,,2026-07-25,"VisitBusan / 부산광역시 (도메인 추정, 미확인)",unknown,unverified,unknown,unknown,unknown,,review_required,domain_inferred,"VB 도메인 기반 분류. image_source 미기록, image_license 미기록. 공식 이용약관 미확인 — 상업 사용 개별 허가 필요."
busan-A-00003,https://www.visitbusan.net/uploadImgs/files/cntnts/20191222175627506_ttiel,www.visitbusan.net,editorial_tourism,,,2026-07-25,"VisitBusan / 부산광역시 (도메인 추정, 미확인)",unknown,unverified,unknown,unknown,unknown,,review_required,domain_inferred,"VB 도메인 기반 분류. image_source 미기록, image_license 미기록. 공식 이용약관 미확인 — 상업 사용 개별 허가 필요."
busan-A-00004,https://www.visitbusan.net/uploadImgs/files/cntnts/20191222180829962_ttiel,www.visitbusan.net,editorial_tourism,,,2026-07-25,"VisitBusan / 부산광역시 (도메인 추정, 미확인)",unknown,unverified,unknown,unknown,unknown,,review_required,domain_inferred,"VB 도메인 기반 분류. image_source 미기록, image_license 미기록. 공식 이용약관 미확인 — 상업 사용 개별 허가 필요."
busan-A-00005,https://www.visitbusan.net/uploadImgs/files/cntnts/20191222181829937_ttiel,www.visitbusan.net,editorial_tourism,,,2026-07-25,"VisitBusan / 부산광역시 (도메인 추정, 미확인)",unknown,unverified,unknown,unknown,unknown,,review_required,domain_inferred,"VB 도메인 기반 분류. image_source 미기록, image_license 미기록. 공식 이용약관 미확인 — 상업 사용 개별 허가 필요."
busan-A-00006,https://www.visitbusan.net/uploadImgs/files/cntnts/20191222185645736_ttiel,www.visitbusan.net,editorial_tourism,,,2026-07-25,"VisitBusan / 부산광역시 (도메인 추정, 미확인)",unknown,unverified,unknown,unknown,unknown,,review_required,domain_inferred,"VB 도메인 기반 분류. image_source 미기록, image_license 미기록. 공식 이용약관 미확인 — 상업 사용 개별 허가 필요."
busan-A-00007,https://www.visitbusan.net/uploadImgs/files/cntnts/20191222190823385_ttiel,www.visitbusan.net,editorial_tourism,,,2026-07-25,"VisitBusan / 부산광역시 (도메인 추정, 미확인)",unknown,unverified,unknown,unknown,unknown,,review_required,domain_inferred,"VB 도메인 기반 분류. image_source 미기록, image_license 미기록. 공식 이용약관 미확인 — 상업 사용 개별 허가 필요."
busan-A-00008,https://www.visitbusan.net/uploadImgs/files/cntnts/20191224093809621_ttiel,www.visitbusan.net,editorial_tourism,,,2026-07-25,"VisitBusan / 부산광역시 (도메인 추정, 미확인)",unknown,unverified,unknown,unknown,unknown,,review_required,domain_inferred,"VB 도메인 기반 분류. image_source 미기록, image_license 미기록. 공식 이용약관 미확인 — 상업 사용 개별 허가 필요."
busan-A-00009,https://www.visitbusan.net/uploadImgs/files/cntnts/20191224171115847_ttiel,www.visitbusan.net,editorial_tourism,,,2026-07-25,"VisitBusan / 부산광역시 (도메인 추정, 미확인)",unknown,unverified,unknown,unknown,unknown,,review_required,domain_inferred,"VB 도메인 기반 분류. image_source 미기록, image_license 미기록. 공식 이용약관 미확인 — 상업 사용 개별 허가 필요."
busan-A-00010,https://www.visitbusan.net/uploadImgs/files/cntnts/20191225143353231_ttiel,www.visitbusan.net,editorial_tourism,https://www.visitbusan.net/kr/index.do?menuCd=DOM_000000201001001000&uc_seq=265&lang_cd=ko,,2026-07-25,"VisitBusan / 부산광역시 (도메인 추정, 미확인)",unknown,unverified,unknown,unknown,unknown,,review_required,domain_inferred,"VB 도메인 기반 분류. image_source 미기록, image_license 미기록. 공식 이용약관 미확인 — 상업 사용 개별 허가 필요."
busan-A-00011,https://www.visitbusan.net/uploadImgs/files/cntnts/20191225145805369_ttiel,www.visitbusan.net,editorial_tourism,https://www.visitbusan.net/kr/index.do?menuCd=DOM_000000201001001000&uc_seq=266&lang_cd=ko,,2026-07-25,"VisitBusan / 부산광역시 (도메인 추정, 미확인)",unknown,unverified,unknown,unknown,unknown,,review_required,domain_inferred,"VB 도메인 기반 분류. image_source 미기록, image_license 미기록. 공식 이용약관 미확인 — 상업 사용 개별 허가 필요."
busan-A-00012,https://www.visitbusan.net/uploadImgs/files/cntnts/20191225150331107_ttiel,www.visitbusan.net,editorial_tourism,https://www.visitbusan.net/kr/index.do?menuCd=DOM_000000201001001000&uc_seq=267&lang_cd=ko,,2026-07-25,"VisitBusan / 부산광역시 (도메인 추정, 미확인)",unknown,unverified,unknown,unknown,unknown,,review_required,domain_inferred,"VB 도메인 기반 분류. image_source 미기록, image_license 미기록. 공식 이용약관 미확인 — 상업 사용 개별 허가 필요."
busan-A-00013,https://www.visitbusan.net/uploadImgs/files/cntnts/20191225150936833_ttiel,www.visitbusan.net,editorial_tourism,,,2026-07-25,"VisitBusan / 부산광역시 (도메인 추정, 미확인)",unknown,unverified,unknown,unknown,unknown,,review_required,domain_inferred,"VB 도메인 기반 분류. image_source 미기록, image_license 미기록. 공식 이용약관 미확인 — 상업 사용 개별 허가 필요."
busan-A-00014,https://www.visitbusan.net/uploadImgs/files/cntnts/20191225151358656_ttiel,www.visitbusan.net,editorial_tourism,https://www.visitbusan.net/kr/index.do?menuCd=DOM_000000201001001000&uc_seq=269&lang_cd=ko,,2026-07-25,"VisitBusan / 부산광역시 (도메인 추정, 미확인)",unknown,unverified,unknown,unknown,unknown,,review_required,domain_inferred,"VB 도메인 기반 분류. image_source 미기록, image_license 미기록. 공식 이용약관 미확인 — 상업 사용 개별 허가 필요."
busan-A-00015,https://www.visitbusan.net/uploadImgs/files/cntnts/20191225151830289_ttiel,www.visitbusan.net,editorial_tourism,https://www.visitbusan.net/kr/index.do?menuCd=DOM_000000201001001000&uc_seq=270&lang_cd=ko,,2026-07-25,"VisitBusan / 부산광역시 (도메인 추정, 미확인)",unknown,unverified,unknown,unknown,unknown,,review_required,domain_inferred,"VB 도메인 기반 분류. image_source 미기록, image_license 미기록. 공식 이용약관 미확인 — 상업 사용 개별 허가 필요."
busan-A-00016,https://www.visitbusan.net/uploadImgs/files/cntnts/20191225154726785_ttiel,www.visitbusan.net,editorial_tourism,,,2026-07-25,"VisitBusan / 부산광역시 (도메인 추정, 미확인)",unknown,unverified,unknown,unknown,unknown,,review_required,domain_inferred,"VB 도메인 기반 분류. image_source 미기록, image_license 미기록. 공식 이용약관 미확인 — 상업 사용 개별 허가 필요."
busan-A-00017,https://www.visitbusan.net/uploadImgs/files/cntnts/20250929174908393_ttiel,www.visitbusan.net,editorial_tourism,,,2026-07-25,"VisitBusan / 부산광역시 (도메인 추정, 미확인)",unknown,unverified,unknown,unknown,unknown,,review_required,domain_inferred,"VB 도메인 기반 분류. image_source 미기록, image_license 미기록. 공식 이용약관 미확인 — 상업 사용 개별 허가 필요."
busan-A-00018,https://www.visitbusan.net/uploadImgs/files/cntnts/20191225160959194_ttiel,www.visitbusan.net,editorial_tourism,,,2026-07-25,"VisitBusan / 부산광역시 (도메인 추정, 미확인)",unknown,unverified,unknown,unknown,unknown,,review_required,domain_inferred,"VB 도메인 기반 분류. image_source 미기록, image_license 미기록. 공식 이용약관 미확인 — 상업 사용 개별 허가 필요."
busan-A-00019,https://www.visitbusan.net/uploadImgs/files/cntnts/20191225162953256_ttiel,www.visitbusan.net,editorial_tourism,,,2026-07-25,"VisitBusan / 부산광역시 (도메인 추정, 미확인)",unknown,unverified,unknown,unknown,unknown,,review_required,domain_inferred,"VB 도메인 기반 분류. image_source 미기록, image_license 미기록. 공식 이용약관 미확인 — 상업 사용 개별 허가 필요."
busan-A-00020,https://www.visitbusan.net/uploadImgs/files/cntnts/20191225163741459_ttiel,www.visitbusan.net,editorial_tourism,,,2026-07-25,"VisitBusan / 부산광역시 (도메인 추정, 미확인)",unknown,unverified,unknown,unknown,unknown,,review_required,domain_inferred,"VB 도메인 기반 분류. image_source 미기록, image_license 미기록. 공식 이용약관 미확인 — 상업 사용 개별 허가 필요."
busan-A-00021,https://www.visitbusan.net/uploadImgs/files/cntnts/20191225164342360_ttiel,www.visitbusan.net,editorial_tourism,,,2026-07-25,"VisitBusan / 부산광역시 (도메인 추정, 미확인)",unknown,unverified,unknown,unknown,unknown,,review_required,domain_inferred,"VB 도메인 기반 분류. image_source 미기록, image_license 미기록. 공식 이용약관 미확인 — 상업 사용 개별 허가 필요."
busan-A-00022,https://www.visitbusan.net/uploadImgs/files/cntnts/20191225164921130_ttiel,www.visitbusan.net,editorial_tourism,,,2026-07-25,"VisitBusan / 부산광역시 (도메인 추정, 미확인)",unknown,unverified,unknown,unknown,unknown,,review_required,domain_inferred,"VB 도메인 기반 분류. image_source 미기록, image_license 미기록. 공식 이용약관 미확인 — 상업 사용 개별 허가 필요."
busan-A-00023,https://www.visitbusan.net/uploadImgs/files/cntnts/20191225165635368_ttiel,www.visitbusan.net,editorial_tourism,,,2026-07-25,"VisitBusan / 부산광역시 (도메인 추정, 미확인)",unknown,unverified,unknown,unknown,unknown,,review_required,domain_inferred,"VB 도메인 기반 분류. image_source 미기록, image_license 미기록. 공식 이용약관 미확인 — 상업 사용 개별 허가 필요."
busan-A-00024,https://www.visitbusan.net/uploadImgs/files/cntnts/20230630185239164_ttiel,www.visitbusan.net,editorial_tourism,,,2026-07-25,"VisitBusan / 부산광역시 (도메인 추정, 미확인)",unknown,unverified,unknown,unknown,unknown,,review_required,domain_inferred,"VB 도메인 기반 분류. image_source 미기록, image_license 미기록. 공식 이용약관 미확인 — 상업 사용 개별 허가 필요."
busan-A-00025,https://www.visitbusan.net/uploadImgs/files/cntnts/20191225170855698_ttiel,www.visitbusan.net,editorial_tourism,,,2026-07-25,"VisitBusan / 부산광역시 (도메인 추정, 미확인)",unknown,unverified,unknown,unknown,unknown,,review_required,domain_inferred,"VB 도메인 기반 분류. image_source 미기록, image_license 미기록. 공식 이용약관 미확인 — 상업 사용 개별 허가 필요."
busan-A-00026,https://www.visitbusan.net/uploadImgs/files/cntnts/20191225174730014_ttiel,www.visitbusan.net,editorial_tourism,,,2026-07-25,"VisitBusan / 부산광역시 (도메인 추정, 미확인)",unknown,unverified,unknown,unknown,unknown,,review_required,domain_inferred,"VB 도메인 기반 분류. image_source 미기록, image_license 미기록. 공식 이용약관 미확인 — 상업 사용 개별 허가 필요."
busan-A-00027,https://www.visitbusan.net/uploadImgs/files/cntnts/20191225175459392_ttiel,www.visitbusan.net,editorial_tourism,,,2026-07-25,"VisitBusan / 부산광역시 (도메인 추정, 미확인)",unknown,unverified,unknown,unknown,unknown,,review_required,domain_inferred,"VB 도메인 기반 분류. image_source 미기록, image_license 미기록. 공식 이용약관 미확인 — 상업 사용 개별 허가 필요."
busan-A-00028,https://www.visitbusan.net/uploadImgs/files/cntnts/20191225180243523_ttiel,www.visitbusan.net,editorial_tourism,,,2026-07-25,"VisitBusan / 부산광역시 (도메인 추정, 미확인)",unknown,unverified,unknown,unknown,unknown,,review_required,domain_inferred,"VB 도메인 기반 분류. image_source 미기록, image_license 미기록. 공식 이용약관 미확인 — 상업 사용 개별 허가 필요."
busan-A-00029,https://www.visitbusan.net/uploadImgs/files/cntnts/20191226093554532_ttiel,www.visitbusan.net,editorial_tourism,,,2026-07-25,"VisitBusan / 부산광역시 (도메인 추정, 미확인)",unknown,unverified,unknown,unknown,unknown,,review_required,domain_inferred,"VB 도메인 기반 분류. image_source 미기록, image_license 미기록. 공식 이용약관 미확인 — 상업 사용 개별 허가 필요."
busan-A-00030,https://www.visitbusan.net/uploadImgs/files/cntnts/20191226100545553_ttiel,www.visitbusan.net,editorial_tourism,,,2026-07-25,"VisitBusan / 부산광역시 (도메인 추정, 미확인)",unknown,unverified,unknown,unknown,unknown,,review_required,domain_inferred,"VB 도메인 기반 분류. image_source 미기록, image_license 미기록. 공식 이용약관 미확인 — 상업 사용 개별 허가 필요."
busan-A-00031,https://www.visitbusan.net/uploadImgs/files/cntnts/20191226101451768_ttiel,www.visitbusan.net,editorial_tourism,,,2026-07-25,"VisitBusan / 부산광역시 (도메인 추정, 미확인)",unknown,unverified,unknown,unknown,unknown,,review_required,domain_inferred,"VB 도메인 기반 분류. image_source 미기록, image_license 미기록. 공식 이용약관 미확인 — 상업 사용 개별 허가 필요."
busan-A-00032,https://www.visitbusan.net/uploadImgs/files/cntnts/20191226102157667_ttiel,www.visitbusan.net,editorial_tourism,,,2026-07-25,"VisitBusan / 부산광역시 (도메인 추정, 미확인)",unknown,unverified,unknown,unknown,unknown,,review_required,domain_inferred,"VB 도메인 기반 분류. image_source 미기록, image_license 미기록. 공식 이용약관 미확인 — 상업 사용 개별 허가 필요."
busan-A-00033,https://www.visitbusan.net/uploadImgs/files/cntnts/20191226105751809_ttiel,www.visitbusan.net,editorial_tourism,,,2026-07-25,"VisitBusan / 부산광역시 (도메인 추정, 미확인)",unknown,unverified,unknown,unknown,unknown,,review_required,domain_inferred,"VB 도메인 기반 분류. image_source 미기록, image_license 미기록. 공식 이용약관 미확인 — 상업 사용 개별 허가 필요."
busan-A-00034,https://www.visitbusan.net/uploadImgs/files/cntnts/20191226110347271_ttiel,www.visitbusan.net,editorial_tourism,,,2026-07-25,"VisitBusan / 부산광역시 (도메인 추정, 미확인)",unknown,unverified,unknown,unknown,unknown,,review_required,domain_inferred,"VB 도메인 기반 분류. image_source 미기록, image_license 미기록. 공식 이용약관 미확인 — 상업 사용 개별 허가 필요."
busan-A-00035,https://www.visitbusan.net/uploadImgs/files/cntnts/20191226110901484_ttiel,www.visitbusan.net,editorial_tourism,,,2026-07-25,"VisitBusan / 부산광역시 (도메인 추정, 미확인)",unknown,unverified,unknown,unknown,unknown,,review_required,domain_inferred,"VB 도메인 기반 분류. image_source 미기록, image_license 미기록. 공식 이용약관 미확인 — 상업 사용 개별 허가 필요."
busan-A-00036,https://www.visitbusan.net/uploadImgs/files/cntnts/20191226113720642_ttiel,www.visitbusan.net,editorial_tourism,,,2026-07-25,"VisitBusan / 부산광역시 (도메인 추정, 미확인)",unknown,unverified,unknown,unknown,unknown,,review_required,domain_inferred,"VB 도메인 기반 분류. image_source 미기록, image_license 미기록. 공식 이용약관 미확인 — 상업 사용 개별 허가 필요."
busan-A-00037,https://www.visitbusan.net/uploadImgs/files/cntnts/20191226115628787_ttiel,www.visitbusan.net,editorial_tourism,,,2026-07-25,"VisitBusan / 부산광역시 (도메인 추정, 미확인)",unknown,unverified,unknown,unknown,unknown,,review_required,domain_inferred,"VB 도메인 기반 분류. image_source 미기록, image_license 미기록. 공식 이용약관 미확인 — 상업 사용 개별 허가 필요."
busan-A-00038,https://www.visitbusan.net/uploadImgs/files/cntnts/20191226132135171_ttiel,www.visitbusan.net,editorial_tourism,,,2026-07-25,"VisitBusan / 부산광역시 (도메인 추정, 미확인)",unknown,unverified,unknown,unknown,unknown,,review_required,domain_inferred,"VB 도메인 기반 분류. image_source 미기록, image_license 미기록. 공식 이용약관 미확인 — 상업 사용 개별 허가 필요."
busan-A-00039,https://www.visitbusan.net/uploadImgs/files/cntnts/20191226132812226_ttiel,www.visitbusan.net,editorial_tourism,,,2026-07-25,"VisitBusan / 부산광역시 (도메인 추정, 미확인)",unknown,unverified,unknown,unknown,unknown,,review_required,domain_inferred,"VB 도메인 기반 분류. image_source 미기록, image_license 미기록. 공식 이용약관 미확인 — 상업 사용 개별 허가 필요."
busan-A-00040,https://www.visitbusan.net/uploadImgs/files/cntnts/20191226143325464_ttiel,www.visitbusan.net,editorial_tourism,https://www.visitbusan.net/kr/index.do?menuCd=DOM_000000201001001000&uc_seq=304&lang_cd=ko,,2026-07-25,"VisitBusan / 부산광역시 (도메인 추정, 미확인)",unknown,unverified,unknown,unknown,unknown,,review_required,domain_inferred,"VB 도메인 기반 분류. image_source 미기록, image_license 미기록. 공식 이용약관 미확인 — 상업 사용 개별 허가 필요."
busan-A-00041,https://www.visitbusan.net/uploadImgs/files/cntnts/20191226152407686_ttiel,www.visitbusan.net,editorial_tourism,,,2026-07-25,"VisitBusan / 부산광역시 (도메인 추정, 미확인)",unknown,unverified,unknown,unknown,unknown,,review_required,domain_inferred,"VB 도메인 기반 분류. image_source 미기록, image_license 미기록. 공식 이용약관 미확인 — 상업 사용 개별 허가 필요."
busan-A-00042,https://www.visitbusan.net/uploadImgs/files/cntnts/20191226182356876_ttiel,www.visitbusan.net,editorial_tourism,,,2026-07-25,"VisitBusan / 부산광역시 (도메인 추정, 미확인)",unknown,unverified,unknown,unknown,unknown,,review_required,domain_inferred,"VB 도메인 기반 분류. image_source 미기록, image_license 미기록. 공식 이용약관 미확인 — 상업 사용 개별 허가 필요."
busan-A-00043,https://www.visitbusan.net/uploadImgs/files/cntnts/20191226183133502_ttiel,www.visitbusan.net,editorial_tourism,,,2026-07-25,"VisitBusan / 부산광역시 (도메인 추정, 미확인)",unknown,unverified,unknown,unknown,unknown,,review_required,domain_inferred,"VB 도메인 기반 분류. image_source 미기록, image_license 미기록. 공식 이용약관 미확인 — 상업 사용 개별 허가 필요."
busan-A-00044,https://www.visitbusan.net/uploadImgs/files/cntnts/20191226184130120_ttiel,www.visitbusan.net,editorial_tourism,,,2026-07-25,"VisitBusan / 부산광역시 (도메인 추정, 미확인)",unknown,unverified,unknown,unknown,unknown,,review_required,domain_inferred,"VB 도메인 기반 분류. image_source 미기록, image_license 미기록. 공식 이용약관 미확인 — 상업 사용 개별 허가 필요."
busan-A-00045,https://www.visitbusan.net/uploadImgs/files/cntnts/20230602100722403_ttiel,www.visitbusan.net,editorial_tourism,,,2026-07-25,"VisitBusan / 부산광역시 (도메인 추정, 미확인)",unknown,unverified,unknown,unknown,unknown,,review_required,domain_inferred,"VB 도메인 기반 분류. image_source 미기록, image_license 미기록. 공식 이용약관 미확인 — 상업 사용 개별 허가 필요."
busan-A-00046,https://www.visitbusan.net/uploadImgs/files/cntnts/20191227112720050_ttiel,www.visitbusan.net,editorial_tourism,,,2026-07-25,"VisitBusan / 부산광역시 (도메인 추정, 미확인)",unknown,unverified,unknown,unknown,unknown,,review_required,domain_inferred,"VB 도메인 기반 분류. image_source 미기록, image_license 미기록. 공식 이용약관 미확인 — 상업 사용 개별 허가 필요."
busan-A-00047,https://www.visitbusan.net/uploadImgs/files/cntnts/20191227160751479_ttiel,www.visitbusan.net,editorial_tourism,,,2026-07-25,"VisitBusan / 부산광역시 (도메인 추정, 미확인)",unknown,unverified,unknown,unknown,unknown,,review_required,domain_inferred,"VB 도메인 기반 분류. image_source 미기록, image_license 미기록. 공식 이용약관 미확인 — 상업 사용 개별 허가 필요."
busan-A-00048,https://www.visitbusan.net/uploadImgs/files/cntnts/20191227161822663_ttiel,www.visitbusan.net,editorial_tourism,,,2026-07-25,"VisitBusan / 부산광역시 (도메인 추정, 미확인)",unknown,unverified,unknown,unknown,unknown,,review_required,domain_inferred,"VB 도메인 기반 분류. image_source 미기록, image_license 미기록. 공식 이용약관 미확인 — 상업 사용 개별 허가 필요."
busan-A-00049,https://www.visitbusan.net/uploadImgs/files/cntnts/20191227163229549_ttiel,www.visitbusan.net,editorial_tourism,,,2026-07-25,"VisitBusan / 부산광역시 (도메인 추정, 미확인)",unknown,unverified,unknown,unknown,unknown,,review_required,domain_inferred,"VB 도메인 기반 분류. image_source 미기록, image_license 미기록. 공식 이용약관 미확인 — 상업 사용 개별 허가 필요."
busan-A-00050,https://www.visitbusan.net/uploadImgs/files/cntnts/20230901132543063_ttiel,www.visitbusan.net,editorial_tourism,,,2026-07-25,"VisitBusan / 부산광역시 (도메인 추정, 미확인)",unknown,unverified,unknown,unknown,unknown,,review_required,domain_inferred,"VB 도메인 기반 분류. image_source 미기록, image_license 미기록. 공식 이용약관 미확인 — 상업 사용 개별 허가 필요."
busan-A-00051,https://www.visitbusan.net/uploadImgs/files/cntnts/20191227175243198_ttiel,www.visitbusan.net,editorial_tourism,,,2026-07-25,"VisitBusan / 부산광역시 (도메인 추정, 미확인)",unknown,unverified,unknown,unknown,unknown,,review_required,domain_inferred,"VB 도메인 기반 분류. image_source 미기록, image_license 미기록. 공식 이용약관 미확인 — 상업 사용 개별 허가 필요."
busan-A-00052,https://www.visitbusan.net/uploadImgs/files/cntnts/20191227180139517_ttiel,www.visitbusan.net,editorial_tourism,,,2026-07-25,"VisitBusan / 부산광역시 (도메인 추정, 미확인)",unknown,unverified,unknown,unknown,unknown,,review_required,domain_inferred,"VB 도메인 기반 분류. image_source 미기록, image_license 미기록. 공식 이용약관 미확인 — 상업 사용 개별 허가 필요."
busan-A-00053,https://www.visitbusan.net/uploadImgs/files/cntnts/20191227181259877_ttiel,www.visitbusan.net,editorial_tourism,,,2026-07-25,"VisitBusan / 부산광역시 (도메인 추정, 미확인)",unknown,unverified,unknown,unknown,unknown,,review_required,domain_inferred,"VB 도메인 기반 분류. image_source 미기록, image_license 미기록. 공식 이용약관 미확인 — 상업 사용 개별 허가 필요."
busan-A-00054,https://www.visitbusan.net/uploadImgs/files/cntnts/20191227184611977_ttiel,www.visitbusan.net,editorial_tourism,,,2026-07-25,"VisitBusan / 부산광역시 (도메인 추정, 미확인)",unknown,unverified,unknown,unknown,unknown,,review_required,domain_inferred,"VB 도메인 기반 분류. image_source 미기록, image_license 미기록. 공식 이용약관 미확인 — 상업 사용 개별 허가 필요."
busan-A-00055,https://www.visitbusan.net/uploadImgs/files/cntnts/20191227190325222_ttiel,www.visitbusan.net,editorial_tourism,,,2026-07-25,"VisitBusan / 부산광역시 (도메인 추정, 미확인)",unknown,unverified,unknown,unknown,unknown,,review_required,domain_inferred,"VB 도메인 기반 분류. image_source 미기록, image_license 미기록. 공식 이용약관 미확인 — 상업 사용 개별 허가 필요."
busan-A-00056,https://www.visitbusan.net/uploadImgs/files/cntnts/20191227194942971_ttiel,www.visitbusan.net,editorial_tourism,,,2026-07-25,"VisitBusan / 부산광역시 (도메인 추정, 미확인)",unknown,unverified,unknown,unknown,unknown,,review_required,domain_inferred,"VB 도메인 기반 분류. image_source 미기록, image_license 미기록. 공식 이용약관 미확인 — 상업 사용 개별 허가 필요."
busan-A-00057,https://www.visitbusan.net/uploadImgs/files/cntnts/20191227202219554_ttiel,www.visitbusan.net,editorial_tourism,,,2026-07-25,"VisitBusan / 부산광역시 (도메인 추정, 미확인)",unknown,unverified,unknown,unknown,unknown,,review_required,domain_inferred,"VB 도메인 기반 분류. image_source 미기록, image_license 미기록. 공식 이용약관 미확인 — 상업 사용 개별 허가 필요."
busan-A-00058,https://www.visitbusan.net/uploadImgs/files/cntnts/20191227202829011_ttiel,www.visitbusan.net,editorial_tourism,,,2026-07-25,"VisitBusan / 부산광역시 (도메인 추정, 미확인)",unknown,unverified,unknown,unknown,unknown,,review_required,domain_inferred,"VB 도메인 기반 분류. image_source 미기록, image_license 미기록. 공식 이용약관 미확인 — 상업 사용 개별 허가 필요."
busan-A-00059,https://www.visitbusan.net/uploadImgs/files/cntnts/20191227203859552_ttiel,www.visitbusan.net,editorial_tourism,,,2026-07-25,"VisitBusan / 부산광역시 (도메인 추정, 미확인)",unknown,unverified,unknown,unknown,unknown,,review_required,domain_inferred,"VB 도메인 기반 분류. image_source 미기록, image_license 미기록. 공식 이용약관 미확인 — 상업 사용 개별 허가 필요."
busan-A-00060,https://www.visitbusan.net/uploadImgs/files/cntnts/20191227204420832_ttiel,www.visitbusan.net,editorial_tourism,,,2026-07-25,"VisitBusan / 부산광역시 (도메인 추정, 미확인)",unknown,unverified,unknown,unknown,unknown,,review_required,domain_inferred,"VB 도메인 기반 분류. image_source 미기록, image_license 미기록. 공식 이용약관 미확인 — 상업 사용 개별 허가 필요."
busan-A-00061,https://www.visitbusan.net/uploadImgs/files/cntnts/20191229141716592_ttiel,www.visitbusan.net,editorial_tourism,,,2026-07-25,"VisitBusan / 부산광역시 (도메인 추정, 미확인)",unknown,unverified,unknown,unknown,unknown,,review_required,domain_inferred,"VB 도메인 기반 분류. image_source 미기록, image_license 미기록. 공식 이용약관 미확인 — 상업 사용 개별 허가 필요."
busan-A-00062,https://www.visitbusan.net/uploadImgs/files/cntnts/20191229142305006_ttiel,www.visitbusan.net,editorial_tourism,,,2026-07-25,"VisitBusan / 부산광역시 (도메인 추정, 미확인)",unknown,unverified,unknown,unknown,unknown,,review_required,domain_inferred,"VB 도메인 기반 분류. image_source 미기록, image_license 미기록. 공식 이용약관 미확인 — 상업 사용 개별 허가 필요."
busan-A-00063,https://www.visitbusan.net/uploadImgs/files/cntnts/20191229143230630_ttiel,www.visitbusan.net,editorial_tourism,,,2026-07-25,"VisitBusan / 부산광역시 (도메인 추정, 미확인)",unknown,unverified,unknown,unknown,unknown,,review_required,domain_inferred,"VB 도메인 기반 분류. image_source 미기록, image_license 미기록. 공식 이용약관 미확인 — 상업 사용 개별 허가 필요."
busan-A-00064,https://www.visitbusan.net/uploadImgs/files/cntnts/20191229144834500_ttiel,www.visitbusan.net,editorial_tourism,,,2026-07-25,"VisitBusan / 부산광역시 (도메인 추정, 미확인)",unknown,unverified,unknown,unknown,unknown,,review_required,domain_inferred,"VB 도메인 기반 분류. image_source 미기록, image_license 미기록. 공식 이용약관 미확인 — 상업 사용 개별 허가 필요."
busan-A-00065,https://www.visitbusan.net/uploadImgs/files/cntnts/20191229145728609_ttiel,www.visitbusan.net,editorial_tourism,,,2026-07-25,"VisitBusan / 부산광역시 (도메인 추정, 미확인)",unknown,unverified,unknown,unknown,unknown,,review_required,domain_inferred,"VB 도메인 기반 분류. image_source 미기록, image_license 미기록. 공식 이용약관 미확인 — 상업 사용 개별 허가 필요."
busan-A-00066,https://www.visitbusan.net/uploadImgs/files/cntnts/20191229150331682_ttiel,www.visitbusan.net,editorial_tourism,,,2026-07-25,"VisitBusan / 부산광역시 (도메인 추정, 미확인)",unknown,unverified,unknown,unknown,unknown,,review_required,domain_inferred,"VB 도메인 기반 분류. image_source 미기록, image_license 미기록. 공식 이용약관 미확인 — 상업 사용 개별 허가 필요."
busan-A-00067,https://www.visitbusan.net/uploadImgs/files/cntnts/20191229150845004_ttiel,www.visitbusan.net,editorial_tourism,https://www.visitbusan.net/kr/index.do?menuCd=DOM_000000201001001000&uc_seq=370&lang_cd=ko,,2026-07-25,"VisitBusan / 부산광역시 (도메인 추정, 미확인)",unknown,unverified,unknown,unknown,unknown,,review_required,domain_inferred,"VB 도메인 기반 분류. image_source 미기록, image_license 미기록. 공식 이용약관 미확인 — 상업 사용 개별 허가 필요."
busan-A-00068,https://www.visitbusan.net/uploadImgs/files/cntnts/20191229151710512_ttiel,www.visitbusan.net,editorial_tourism,,,2026-07-25,"VisitBusan / 부산광역시 (도메인 추정, 미확인)",unknown,unverified,unknown,unknown,unknown,,review_required,domain_inferred,"VB 도메인 기반 분류. image_source 미기록, image_license 미기록. 공식 이용약관 미확인 — 상업 사용 개별 허가 필요."
busan-A-00069,https://www.visitbusan.net/uploadImgs/files/cntnts/20191229152254942_ttiel,www.visitbusan.net,editorial_tourism,,,2026-07-25,"VisitBusan / 부산광역시 (도메인 추정, 미확인)",unknown,unverified,unknown,unknown,unknown,,review_required,domain_inferred,"VB 도메인 기반 분류. image_source 미기록, image_license 미기록. 공식 이용약관 미확인 — 상업 사용 개별 허가 필요."
busan-A-00070,https://www.visitbusan.net/uploadImgs/files/cntnts/20191229153530528_ttiel,www.visitbusan.net,editorial_tourism,,,2026-07-25,"VisitBusan / 부산광역시 (도메인 추정, 미확인)",unknown,unverified,unknown,unknown,unknown,,review_required,domain_inferred,"VB 도메인 기반 분류. image_source 미기록, image_license 미기록. 공식 이용약관 미확인 — 상업 사용 개별 허가 필요."
busan-A-00071,https://www.visitbusan.net/uploadImgs/files/cntnts/20191229160529389_ttiel,www.visitbusan.net,editorial_tourism,,,2026-07-25,"VisitBusan / 부산광역시 (도메인 추정, 미확인)",unknown,unverified,unknown,unknown,unknown,,review_required,domain_inferred,"VB 도메인 기반 분류. image_source 미기록, image_license 미기록. 공식 이용약관 미확인 — 상업 사용 개별 허가 필요."
busan-A-00072,https://www.visitbusan.net/uploadImgs/files/cntnts/20191230180640227_ttiel,www.visitbusan.net,editorial_tourism,,,2026-07-25,"VisitBusan / 부산광역시 (도메인 추정, 미확인)",unknown,unverified,unknown,unknown,unknown,,review_required,domain_inferred,"VB 도메인 기반 분류. image_source 미기록, image_license 미기록. 공식 이용약관 미확인 — 상업 사용 개별 허가 필요."
busan-A-00073,https://www.visitbusan.net/uploadImgs/files/cntnts/20191230181126685_ttiel,www.visitbusan.net,editorial_tourism,,,2026-07-25,"VisitBusan / 부산광역시 (도메인 추정, 미확인)",unknown,unverified,unknown,unknown,unknown,,review_required,domain_inferred,"VB 도메인 기반 분류. image_source 미기록, image_license 미기록. 공식 이용약관 미확인 — 상업 사용 개별 허가 필요."
busan-A-00074,https://www.visitbusan.net/uploadImgs/files/cntnts/20191230190101989_ttiel,www.visitbusan.net,editorial_tourism,,,2026-07-25,"VisitBusan / 부산광역시 (도메인 추정, 미확인)",unknown,unverified,unknown,unknown,unknown,,review_required,domain_inferred,"VB 도메인 기반 분류. image_source 미기록, image_license 미기록. 공식 이용약관 미확인 — 상업 사용 개별 허가 필요."
busan-A-00075,https://www.visitbusan.net/uploadImgs/files/cntnts/20191230194923757_ttiel,www.visitbusan.net,editorial_tourism,,,2026-07-25,"VisitBusan / 부산광역시 (도메인 추정, 미확인)",unknown,unverified,unknown,unknown,unknown,,review_required,domain_inferred,"VB 도메인 기반 분류. image_source 미기록, image_license 미기록. 공식 이용약관 미확인 — 상업 사용 개별 허가 필요."
busan-A-00076,https://www.visitbusan.net/uploadImgs/files/cntnts/20191230203235198_ttiel,www.visitbusan.net,editorial_tourism,,,2026-07-25,"VisitBusan / 부산광역시 (도메인 추정, 미확인)",unknown,unverified,unknown,unknown,unknown,,review_required,domain_inferred,"VB 도메인 기반 분류. image_source 미기록, image_license 미기록. 공식 이용약관 미확인 — 상업 사용 개별 허가 필요."
busan-A-00077,https://www.visitbusan.net/uploadImgs/files/cntnts/20191230205059771_ttiel,www.visitbusan.net,editorial_tourism,,,2026-07-25,"VisitBusan / 부산광역시 (도메인 추정, 미확인)",unknown,unverified,unknown,unknown,unknown,,review_required,domain_inferred,"VB 도메인 기반 분류. image_source 미기록, image_license 미기록. 공식 이용약관 미확인 — 상업 사용 개별 허가 필요."
busan-A-00078,https://www.visitbusan.net/uploadImgs/files/cntnts/20191230205640434_ttiel,www.visitbusan.net,editorial_tourism,,,2026-07-25,"VisitBusan / 부산광역시 (도메인 추정, 미확인)",unknown,unverified,unknown,unknown,unknown,,review_required,domain_inferred,"VB 도메인 기반 분류. image_source 미기록, image_license 미기록. 공식 이용약관 미확인 — 상업 사용 개별 허가 필요."
busan-A-00079,https://www.visitbusan.net/uploadImgs/files/cntnts/20191230210019945_ttiel,www.visitbusan.net,editorial_tourism,,,2026-07-25,"VisitBusan / 부산광역시 (도메인 추정, 미확인)",unknown,unverified,unknown,unknown,unknown,,review_required,domain_inferred,"VB 도메인 기반 분류. image_source 미기록, image_license 미기록. 공식 이용약관 미확인 — 상업 사용 개별 허가 필요."
busan-A-00080,https://www.visitbusan.net/uploadImgs/files/cntnts/20191230210358362_ttiel,www.visitbusan.net,editorial_tourism,,,2026-07-25,"VisitBusan / 부산광역시 (도메인 추정, 미확인)",unknown,unverified,unknown,unknown,unknown,,review_required,domain_inferred,"VB 도메인 기반 분류. image_source 미기록, image_license 미기록. 공식 이용약관 미확인 — 상업 사용 개별 허가 필요."
busan-A-00081,https://www.visitbusan.net/uploadImgs/files/cntnts/20191231091948765_ttiel,www.visitbusan.net,editorial_tourism,,,2026-07-25,"VisitBusan / 부산광역시 (도메인 추정, 미확인)",unknown,unverified,unknown,unknown,unknown,,review_required,domain_inferred,"VB 도메인 기반 분류. image_source 미기록, image_license 미기록. 공식 이용약관 미확인 — 상업 사용 개별 허가 필요."
busan-A-00082,https://www.visitbusan.net/uploadImgs/files/cntnts/20191231092729834_ttiel,www.visitbusan.net,editorial_tourism,,,2026-07-25,"VisitBusan / 부산광역시 (도메인 추정, 미확인)",unknown,unverified,unknown,unknown,unknown,,review_required,domain_inferred,"VB 도메인 기반 분류. image_source 미기록, image_license 미기록. 공식 이용약관 미확인 — 상업 사용 개별 허가 필요."
busan-A-00083,https://www.visitbusan.net/uploadImgs/files/cntnts/20191231100856743_ttiel,www.visitbusan.net,editorial_tourism,,,2026-07-25,"VisitBusan / 부산광역시 (도메인 추정, 미확인)",unknown,unverified,unknown,unknown,unknown,,review_required,domain_inferred,"VB 도메인 기반 분류. image_source 미기록, image_license 미기록. 공식 이용약관 미확인 — 상업 사용 개별 허가 필요."
busan-A-00084,https://www.visitbusan.net/uploadImgs/files/cntnts/20191231101745599_ttiel,www.visitbusan.net,editorial_tourism,,,2026-07-25,"VisitBusan / 부산광역시 (도메인 추정, 미확인)",unknown,unverified,unknown,unknown,unknown,,review_required,domain_inferred,"VB 도메인 기반 분류. image_source 미기록, image_license 미기록. 공식 이용약관 미확인 — 상업 사용 개별 허가 필요."
busan-A-00085,https://www.visitbusan.net/uploadImgs/files/cntnts/20191231102223413_ttiel,www.visitbusan.net,editorial_tourism,,,2026-07-25,"VisitBusan / 부산광역시 (도메인 추정, 미확인)",unknown,unverified,unknown,unknown,unknown,,review_required,domain_inferred,"VB 도메인 기반 분류. image_source 미기록, image_license 미기록. 공식 이용약관 미확인 — 상업 사용 개별 허가 필요."
busan-A-00086,https://www.visitbusan.net/uploadImgs/files/cntnts/20191231111302355_ttiel,www.visitbusan.net,editorial_tourism,,,2026-07-25,"VisitBusan / 부산광역시 (도메인 추정, 미확인)",unknown,unverified,unknown,unknown,unknown,,review_required,domain_inferred,"VB 도메인 기반 분류. image_source 미기록, image_license 미기록. 공식 이용약관 미확인 — 상업 사용 개별 허가 필요."
busan-A-00087,https://www.visitbusan.net/uploadImgs/files/cntnts/20191231180337567_ttiel,www.visitbusan.net,editorial_tourism,,,2026-07-25,"VisitBusan / 부산광역시 (도메인 추정, 미확인)",unknown,unverified,unknown,unknown,unknown,,review_required,domain_inferred,"VB 도메인 기반 분류. image_source 미기록, image_license 미기록. 공식 이용약관 미확인 — 상업 사용 개별 허가 필요."
busan-A-00088,https://www.visitbusan.net/uploadImgs/files/cntnts/20191231181104098_ttiel,www.visitbusan.net,editorial_tourism,,,2026-07-25,"VisitBusan / 부산광역시 (도메인 추정, 미확인)",unknown,unverified,unknown,unknown,unknown,,review_required,domain_inferred,"VB 도메인 기반 분류. image_source 미기록, image_license 미기록. 공식 이용약관 미확인 — 상업 사용 개별 허가 필요."
busan-A-00089,https://www.visitbusan.net/uploadImgs/files/cntnts/20191231184354051_ttiel,www.visitbusan.net,editorial_tourism,,,2026-07-25,"VisitBusan / 부산광역시 (도메인 추정, 미확인)",unknown,unverified,unknown,unknown,unknown,,review_required,domain_inferred,"VB 도메인 기반 분류. image_source 미기록, image_license 미기록. 공식 이용약관 미확인 — 상업 사용 개별 허가 필요."
busan-A-00090,https://www.visitbusan.net/uploadImgs/files/cntnts/20191231192024538_ttiel,www.visitbusan.net,editorial_tourism,,,2026-07-25,"VisitBusan / 부산광역시 (도메인 추정, 미확인)",unknown,unverified,unknown,unknown,unknown,,review_required,domain_inferred,"VB 도메인 기반 분류. image_source 미기록, image_license 미기록. 공식 이용약관 미확인 — 상업 사용 개별 허가 필요."
busan-A-00091,https://www.visitbusan.net/uploadImgs/files/cntnts/20191231192531286_ttiel,www.visitbusan.net,editorial_tourism,,,2026-07-25,"VisitBusan / 부산광역시 (도메인 추정, 미확인)",unknown,unverified,unknown,unknown,unknown,,review_required,domain_inferred,"VB 도메인 기반 분류. image_source 미기록, image_license 미기록. 공식 이용약관 미확인 — 상업 사용 개별 허가 필요."
busan-A-00092,https://www.visitbusan.net/uploadImgs/files/cntnts/20191231193124555_ttiel,www.visitbusan.net,editorial_tourism,,,2026-07-25,"VisitBusan / 부산광역시 (도메인 추정, 미확인)",unknown,unverified,unknown,unknown,unknown,,review_required,domain_inferred,"VB 도메인 기반 분류. image_source 미기록, image_license 미기록. 공식 이용약관 미확인 — 상업 사용 개별 허가 필요."
busan-A-00093,https://www.visitbusan.net/uploadImgs/files/cntnts/20191231193736138_ttiel,www.visitbusan.net,editorial_tourism,,,2026-07-25,"VisitBusan / 부산광역시 (도메인 추정, 미확인)",unknown,unverified,unknown,unknown,unknown,,review_required,domain_inferred,"VB 도메인 기반 분류. image_source 미기록, image_license 미기록. 공식 이용약관 미확인 — 상업 사용 개별 허가 필요."
busan-A-00094,https://www.visitbusan.net/uploadImgs/files/cntnts/20251201114557109_ttiel,www.visitbusan.net,editorial_tourism,,,2026-07-25,"VisitBusan / 부산광역시 (도메인 추정, 미확인)",unknown,unverified,unknown,unknown,unknown,,review_required,domain_inferred,"VB 도메인 기반 분류. image_source 미기록, image_license 미기록. 공식 이용약관 미확인 — 상업 사용 개별 허가 필요."
busan-A-00095,https://www.visitbusan.net/uploadImgs/files/cntnts/20200101164518953_ttiel,www.visitbusan.net,editorial_tourism,,,2026-07-25,"VisitBusan / 부산광역시 (도메인 추정, 미확인)",unknown,unverified,unknown,unknown,unknown,,review_required,domain_inferred,"VB 도메인 기반 분류. image_source 미기록, image_license 미기록. 공식 이용약관 미확인 — 상업 사용 개별 허가 필요."
busan-A-00096,https://www.visitbusan.net/uploadImgs/files/cntnts/20200102125306322_ttiel,www.visitbusan.net,editorial_tourism,,,2026-07-25,"VisitBusan / 부산광역시 (도메인 추정, 미확인)",unknown,unverified,unknown,unknown,unknown,,review_required,domain_inferred,"VB 도메인 기반 분류. image_source 미기록, image_license 미기록. 공식 이용약관 미확인 — 상업 사용 개별 허가 필요."
busan-A-00097,https://www.visitbusan.net/uploadImgs/files/cntnts/20200102141456051_ttiel,www.visitbusan.net,editorial_tourism,,,2026-07-25,"VisitBusan / 부산광역시 (도메인 추정, 미확인)",unknown,unverified,unknown,unknown,unknown,,review_required,domain_inferred,"VB 도메인 기반 분류. image_source 미기록, image_license 미기록. 공식 이용약관 미확인 — 상업 사용 개별 허가 필요."
busan-A-00098,https://www.visitbusan.net/uploadImgs/files/cntnts/20200102142920888_ttiel,www.visitbusan.net,editorial_tourism,,,2026-07-25,"VisitBusan / 부산광역시 (도메인 추정, 미확인)",unknown,unverified,unknown,unknown,unknown,,review_required,domain_inferred,"VB 도메인 기반 분류. image_source 미기록, image_license 미기록. 공식 이용약관 미확인 — 상업 사용 개별 허가 필요."
busan-A-00099,https://www.visitbusan.net/uploadImgs/files/cntnts/20200110144727057_ttiel,www.visitbusan.net,editorial_tourism,,,2026-07-25,"VisitBusan / 부산광역시 (도메인 추정, 미확인)",unknown,unverified,unknown,unknown,unknown,,review_required,domain_inferred,"VB 도메인 기반 분류. image_source 미기록, image_license 미기록. 공식 이용약관 미확인 — 상업 사용 개별 허가 필요."
busan-A-00100,https://www.visitbusan.net/uploadImgs/files/cntnts/20200206095452989_ttiel,www.visitbusan.net,editorial_tourism,https://www.visitbusan.net/kr/index.do?menuCd=DOM_000000201001001000&uc_seq=550&lang_cd=ko,,2026-07-25,"VisitBusan / 부산광역시 (도메인 추정, 미확인)",unknown,unverified,unknown,unknown,unknown,,review_required,domain_inferred,"VB 도메인 기반 분류. image_source 미기록, image_license 미기록. 공식 이용약관 미확인 — 상업 사용 개별 허가 필요."
busan-A-00101,https://www.visitbusan.net/uploadImgs/files/cntnts/20200514115750295_ttiel,www.visitbusan.net,editorial_tourism,,,2026-07-25,"VisitBusan / 부산광역시 (도메인 추정, 미확인)",unknown,unverified,unknown,unknown,unknown,,review_required,domain_inferred,"VB 도메인 기반 분류. image_source 미기록, image_license 미기록. 공식 이용약관 미확인 — 상업 사용 개별 허가 필요."
busan-A-00102,https://www.visitbusan.net/uploadImgs/files/cntnts/20200706141824447_ttiel,www.visitbusan.net,editorial_tourism,,,2026-07-25,"VisitBusan / 부산광역시 (도메인 추정, 미확인)",unknown,unverified,unknown,unknown,unknown,,review_required,domain_inferred,"VB 도메인 기반 분류. image_source 미기록, image_license 미기록. 공식 이용약관 미확인 — 상업 사용 개별 허가 필요."
busan-A-00103,https://www.visitbusan.net/uploadImgs/files/cntnts/20200706134923010_ttiel,www.visitbusan.net,editorial_tourism,,,2026-07-25,"VisitBusan / 부산광역시 (도메인 추정, 미확인)",unknown,unverified,unknown,unknown,unknown,,review_required,domain_inferred,"VB 도메인 기반 분류. image_source 미기록, image_license 미기록. 공식 이용약관 미확인 — 상업 사용 개별 허가 필요."
busan-A-00104,https://www.visitbusan.net/uploadImgs/files/cntnts/20200717114524295_ttiel,www.visitbusan.net,editorial_tourism,https://www.visitbusan.net/kr/index.do?menuCd=DOM_000000201001001000&uc_seq=832&lang_cd=ko,,2026-07-25,"VisitBusan / 부산광역시 (도메인 추정, 미확인)",unknown,unverified,unknown,unknown,unknown,,review_required,domain_inferred,"VB 도메인 기반 분류. image_source 미기록, image_license 미기록. 공식 이용약관 미확인 — 상업 사용 개별 허가 필요."
busan-A-00106,https://www.visitbusan.net/uploadImgs/files/cntnts/20200722140028489_ttiel,www.visitbusan.net,editorial_tourism,,,2026-07-25,"VisitBusan / 부산광역시 (도메인 추정, 미확인)",unknown,unverified,unknown,unknown,unknown,,review_required,domain_inferred,"VB 도메인 기반 분류. image_source 미기록, image_license 미기록. 공식 이용약관 미확인 — 상업 사용 개별 허가 필요."
busan-A-00107,https://www.visitbusan.net/uploadImgs/files/cntnts/20200729150013892_ttiel,www.visitbusan.net,editorial_tourism,https://www.visitbusan.net/kr/index.do?menuCd=DOM_000000201001001000&uc_seq=848&lang_cd=ko,,2026-07-25,"VisitBusan / 부산광역시 (도메인 추정, 미확인)",unknown,unverified,unknown,unknown,unknown,,review_required,domain_inferred,"VB 도메인 기반 분류. image_source 미기록, image_license 미기록. 공식 이용약관 미확인 — 상업 사용 개별 허가 필요."
busan-A-00108,https://www.visitbusan.net/uploadImgs/files/cntnts/20200812172315522_ttiel,www.visitbusan.net,editorial_tourism,,,2026-07-25,"VisitBusan / 부산광역시 (도메인 추정, 미확인)",unknown,unverified,unknown,unknown,unknown,,review_required,domain_inferred,"VB 도메인 기반 분류. image_source 미기록, image_license 미기록. 공식 이용약관 미확인 — 상업 사용 개별 허가 필요."
busan-A-00109,https://www.visitbusan.net/uploadImgs/files/cntnts/20200818133843206_ttiel,www.visitbusan.net,editorial_tourism,,,2026-07-25,"VisitBusan / 부산광역시 (도메인 추정, 미확인)",unknown,unverified,unknown,unknown,unknown,,review_required,domain_inferred,"VB 도메인 기반 분류. image_source 미기록, image_license 미기록. 공식 이용약관 미확인 — 상업 사용 개별 허가 필요."
busan-A-00110,https://www.visitbusan.net/uploadImgs/files/cntnts/20201030154341972_ttiel,www.visitbusan.net,editorial_tourism,https://www.visitbusan.net/kr/index.do?menuCd=DOM_000000201001001000&uc_seq=1014&lang_cd=ko,,2026-07-25,"VisitBusan / 부산광역시 (도메인 추정, 미확인)",unknown,unverified,unknown,unknown,unknown,,review_required,domain_inferred,"VB 도메인 기반 분류. image_source 미기록, image_license 미기록. 공식 이용약관 미확인 — 상업 사용 개별 허가 필요."
busan-A-00111,https://www.visitbusan.net/uploadImgs/files/cntnts/20201106141515814_ttiel,www.visitbusan.net,editorial_tourism,https://www.visitbusan.net/kr/index.do?menuCd=DOM_000000201001001000&uc_seq=1016&lang_cd=ko,,2026-07-25,"VisitBusan / 부산광역시 (도메인 추정, 미확인)",unknown,unverified,unknown,unknown,unknown,,review_required,domain_inferred,"VB 도메인 기반 분류. image_source 미기록, image_license 미기록. 공식 이용약관 미확인 — 상업 사용 개별 허가 필요."
busan-A-00112,https://www.visitbusan.net/uploadImgs/files/cntnts/20201201103753100_ttiel,www.visitbusan.net,editorial_tourism,https://www.visitbusan.net/kr/index.do?menuCd=DOM_000000201001001000&uc_seq=1024&lang_cd=ko,,2026-07-25,"VisitBusan / 부산광역시 (도메인 추정, 미확인)",unknown,unverified,unknown,unknown,unknown,,review_required,domain_inferred,"VB 도메인 기반 분류. image_source 미기록, image_license 미기록. 공식 이용약관 미확인 — 상업 사용 개별 허가 필요."
busan-A-00113,https://www.visitbusan.net/uploadImgs/files/cntnts/20201216170753435_ttiel,www.visitbusan.net,editorial_tourism,,,2026-07-25,"VisitBusan / 부산광역시 (도메인 추정, 미확인)",unknown,unverified,unknown,unknown,unknown,,review_required,domain_inferred,"VB 도메인 기반 분류. image_source 미기록, image_license 미기록. 공식 이용약관 미확인 — 상업 사용 개별 허가 필요."
busan-A-00114,https://www.visitbusan.net/uploadImgs/files/cntnts/20230202161355598_ttiel,www.visitbusan.net,editorial_tourism,,,2026-07-25,"VisitBusan / 부산광역시 (도메인 추정, 미확인)",unknown,unverified,unknown,unknown,unknown,,review_required,domain_inferred,"VB 도메인 기반 분류. image_source 미기록, image_license 미기록. 공식 이용약관 미확인 — 상업 사용 개별 허가 필요."
busan-A-00115,https://www.visitbusan.net/uploadImgs/files/cntnts/20211116151308755_ttiel,www.visitbusan.net,editorial_tourism,,,2026-07-25,"VisitBusan / 부산광역시 (도메인 추정, 미확인)",unknown,unverified,unknown,unknown,unknown,,review_required,domain_inferred,"VB 도메인 기반 분류. image_source 미기록, image_license 미기록. 공식 이용약관 미확인 — 상업 사용 개별 허가 필요."
busan-A-00116,https://www.visitbusan.net/uploadImgs/files/cntnts/20211123183743098_ttiel,www.visitbusan.net,editorial_tourism,,,2026-07-25,"VisitBusan / 부산광역시 (도메인 추정, 미확인)",unknown,unverified,unknown,unknown,unknown,,review_required,domain_inferred,"VB 도메인 기반 분류. image_source 미기록, image_license 미기록. 공식 이용약관 미확인 — 상업 사용 개별 허가 필요."
busan-A-00117,https://www.visitbusan.net/uploadImgs/files/cntnts/20220711140504179_ttiel,www.visitbusan.net,editorial_tourism,https://www.visitbusan.net/kr/index.do?menuCd=DOM_000000201001001000&uc_seq=1305&lang_cd=ko,,2026-07-25,"VisitBusan / 부산광역시 (도메인 추정, 미확인)",unknown,unverified,unknown,unknown,unknown,,review_required,domain_inferred,"VB 도메인 기반 분류. image_source 미기록, image_license 미기록. 공식 이용약관 미확인 — 상업 사용 개별 허가 필요."
busan-A-00118,https://www.visitbusan.net/uploadImgs/files/cntnts/20220901105446739_ttiel,www.visitbusan.net,editorial_tourism,https://www.visitbusan.net/kr/index.do?menuCd=DOM_000000201001001000&uc_seq=1310&lang_cd=ko,,2026-07-25,"VisitBusan / 부산광역시 (도메인 추정, 미확인)",unknown,unverified,unknown,unknown,unknown,,review_required,domain_inferred,"VB 도메인 기반 분류. image_source 미기록, image_license 미기록. 공식 이용약관 미확인 — 상업 사용 개별 허가 필요."
busan-A-00119,https://www.visitbusan.net/uploadImgs/files/cntnts/20220913120133333_ttiel,www.visitbusan.net,editorial_tourism,,,2026-07-25,"VisitBusan / 부산광역시 (도메인 추정, 미확인)",unknown,unverified,unknown,unknown,unknown,,review_required,domain_inferred,"VB 도메인 기반 분류. image_source 미기록, image_license 미기록. 공식 이용약관 미확인 — 상업 사용 개별 허가 필요."
busan-A-00120,https://www.visitbusan.net/uploadImgs/files/cntnts/20220921114402310_ttiel,www.visitbusan.net,editorial_tourism,https://www.visitbusan.net/kr/index.do?menuCd=DOM_000000201001001000&uc_seq=1329&lang_cd=ko,,2026-07-25,"VisitBusan / 부산광역시 (도메인 추정, 미확인)",unknown,unverified,unknown,unknown,unknown,,review_required,domain_inferred,"VB 도메인 기반 분류. image_source 미기록, image_license 미기록. 공식 이용약관 미확인 — 상업 사용 개별 허가 필요."
busan-A-00121,https://www.visitbusan.net/uploadImgs/files/cntnts/20230508183214812_ttiel,www.visitbusan.net,editorial_tourism,,,2026-07-25,"VisitBusan / 부산광역시 (도메인 추정, 미확인)",unknown,unverified,unknown,unknown,unknown,,review_required,domain_inferred,"VB 도메인 기반 분류. image_source 미기록, image_license 미기록. 공식 이용약관 미확인 — 상업 사용 개별 허가 필요."
busan-A-00122,https://www.visitbusan.net/uploadImgs/files/cntnts/20230519190619574_ttiel,www.visitbusan.net,editorial_tourism,,,2026-07-25,"VisitBusan / 부산광역시 (도메인 추정, 미확인)",unknown,unverified,unknown,unknown,unknown,,review_required,domain_inferred,"VB 도메인 기반 분류. image_source 미기록, image_license 미기록. 공식 이용약관 미확인 — 상업 사용 개별 허가 필요."
busan-A-00123,https://www.visitbusan.net/uploadImgs/files/cntnts/20230525134753245_ttiel,www.visitbusan.net,editorial_tourism,,,2026-07-25,"VisitBusan / 부산광역시 (도메인 추정, 미확인)",unknown,unverified,unknown,unknown,unknown,,review_required,domain_inferred,"VB 도메인 기반 분류. image_source 미기록, image_license 미기록. 공식 이용약관 미확인 — 상업 사용 개별 허가 필요."
busan-A-00124,https://www.visitbusan.net/uploadImgs/files/cntnts/20230602095512309_ttiel,www.visitbusan.net,editorial_tourism,,,2026-07-25,"VisitBusan / 부산광역시 (도메인 추정, 미확인)",unknown,unverified,unknown,unknown,unknown,,review_required,domain_inferred,"VB 도메인 기반 분류. image_source 미기록, image_license 미기록. 공식 이용약관 미확인 — 상업 사용 개별 허가 필요."
busan-A-00125,https://www.visitbusan.net/uploadImgs/files/cntnts/20230531220739285_ttiel,www.visitbusan.net,editorial_tourism,,,2026-07-25,"VisitBusan / 부산광역시 (도메인 추정, 미확인)",unknown,unverified,unknown,unknown,unknown,,review_required,domain_inferred,"VB 도메인 기반 분류. image_source 미기록, image_license 미기록. 공식 이용약관 미확인 — 상업 사용 개별 허가 필요."
busan-A-00126,https://www.visitbusan.net/uploadImgs/files/cntnts/20230623172451559_ttiel,www.visitbusan.net,editorial_tourism,https://www.visitbusan.net/kr/index.do?menuCd=DOM_000000201001001000&uc_seq=1653&lang_cd=ko,,2026-07-25,"VisitBusan / 부산광역시 (도메인 추정, 미확인)",unknown,unverified,unknown,unknown,unknown,,review_required,domain_inferred,"VB 도메인 기반 분류. image_source 미기록, image_license 미기록. 공식 이용약관 미확인 — 상업 사용 개별 허가 필요."
busan-A-00127,https://www.visitbusan.net/uploadImgs/files/cntnts/20230707174450394_ttiel,www.visitbusan.net,editorial_tourism,https://www.visitbusan.net/kr/index.do?menuCd=DOM_000000201001001000&uc_seq=1671&lang_cd=ko,,2026-07-25,"VisitBusan / 부산광역시 (도메인 추정, 미확인)",unknown,unverified,unknown,unknown,unknown,,review_required,domain_inferred,"VB 도메인 기반 분류. image_source 미기록, image_license 미기록. 공식 이용약관 미확인 — 상업 사용 개별 허가 필요."
busan-A-00128,https://www.visitbusan.net/uploadImgs/files/cntnts/20230713153840580_ttiel,www.visitbusan.net,editorial_tourism,https://www.visitbusan.net/kr/index.do?menuCd=DOM_000000201001001000&uc_seq=1673&lang_cd=ko,,2026-07-25,"VisitBusan / 부산광역시 (도메인 추정, 미확인)",unknown,unverified,unknown,unknown,unknown,,review_required,domain_inferred,"VB 도메인 기반 분류. image_source 미기록, image_license 미기록. 공식 이용약관 미확인 — 상업 사용 개별 허가 필요."
busan-A-00129,https://www.visitbusan.net/uploadImgs/files/cntnts/20230713150615959_ttiel,www.visitbusan.net,editorial_tourism,https://www.visitbusan.net/kr/index.do?menuCd=DOM_000000201001001000&uc_seq=1674&lang_cd=ko,,2026-07-25,"VisitBusan / 부산광역시 (도메인 추정, 미확인)",unknown,unverified,unknown,unknown,unknown,,review_required,domain_inferred,"VB 도메인 기반 분류. image_source 미기록, image_license 미기록. 공식 이용약관 미확인 — 상업 사용 개별 허가 필요."
busan-A-00130,https://www.visitbusan.net/uploadImgs/files/cntnts/20230720175854890_ttiel,www.visitbusan.net,editorial_tourism,https://www.visitbusan.net/kr/index.do?menuCd=DOM_000000201001001000&uc_seq=1676&lang_cd=ko,,2026-07-25,"VisitBusan / 부산광역시 (도메인 추정, 미확인)",unknown,unverified,unknown,unknown,unknown,,review_required,domain_inferred,"VB 도메인 기반 분류. image_source 미기록, image_license 미기록. 공식 이용약관 미확인 — 상업 사용 개별 허가 필요."
busan-A-00131,https://www.visitbusan.net/uploadImgs/files/cntnts/20230723172025932_ttiel,www.visitbusan.net,editorial_tourism,https://www.visitbusan.net/kr/index.do?menuCd=DOM_000000201001001000&uc_seq=1677&lang_cd=ko,,2026-07-25,"VisitBusan / 부산광역시 (도메인 추정, 미확인)",unknown,unverified,unknown,unknown,unknown,,review_required,domain_inferred,"VB 도메인 기반 분류. image_source 미기록, image_license 미기록. 공식 이용약관 미확인 — 상업 사용 개별 허가 필요."
busan-A-00132,https://www.visitbusan.net/uploadImgs/files/cntnts/20230818114709553_ttiel,www.visitbusan.net,editorial_tourism,https://www.visitbusan.net/kr/index.do?menuCd=DOM_000000201001001000&uc_seq=1696&lang_cd=ko,,2026-07-25,"VisitBusan / 부산광역시 (도메인 추정, 미확인)",unknown,unverified,unknown,unknown,unknown,,review_required,domain_inferred,"VB 도메인 기반 분류. image_source 미기록, image_license 미기록. 공식 이용약관 미확인 — 상업 사용 개별 허가 필요."
busan-A-00133,https://www.visitbusan.net/uploadImgs/files/cntnts/20230914182558311_ttiel,www.visitbusan.net,editorial_tourism,https://www.visitbusan.net/kr/index.do?menuCd=DOM_000000201001001000&uc_seq=1709&lang_cd=ko,,2026-07-25,"VisitBusan / 부산광역시 (도메인 추정, 미확인)",unknown,unverified,unknown,unknown,unknown,,review_required,domain_inferred,"VB 도메인 기반 분류. image_source 미기록, image_license 미기록. 공식 이용약관 미확인 — 상업 사용 개별 허가 필요."
busan-A-00134,https://www.visitbusan.net/uploadImgs/files/cntnts/20230921171143286_ttiel,www.visitbusan.net,editorial_tourism,https://www.visitbusan.net/kr/index.do?menuCd=DOM_000000201001001000&uc_seq=1718&lang_cd=ko,,2026-07-25,"VisitBusan / 부산광역시 (도메인 추정, 미확인)",unknown,unverified,unknown,unknown,unknown,,review_required,domain_inferred,"VB 도메인 기반 분류. image_source 미기록, image_license 미기록. 공식 이용약관 미확인 — 상업 사용 개별 허가 필요."
busan-A-00135,https://www.visitbusan.net/uploadImgs/files/cntnts/20231026100047318_ttiel,www.visitbusan.net,editorial_tourism,https://www.visitbusan.net/kr/index.do?menuCd=DOM_000000201001001000&uc_seq=1731&lang_cd=ko,,2026-07-25,"VisitBusan / 부산광역시 (도메인 추정, 미확인)",unknown,unverified,unknown,unknown,unknown,,review_required,domain_inferred,"VB 도메인 기반 분류. image_source 미기록, image_license 미기록. 공식 이용약관 미확인 — 상업 사용 개별 허가 필요."
busan-A-00136,https://www.visitbusan.net/uploadImgs/files/cntnts/20240103105345242_ttiel,www.visitbusan.net,editorial_tourism,,,2026-07-25,"VisitBusan / 부산광역시 (도메인 추정, 미확인)",unknown,unverified,unknown,unknown,unknown,,review_required,domain_inferred,"VB 도메인 기반 분류. image_source 미기록, image_license 미기록. 공식 이용약관 미확인 — 상업 사용 개별 허가 필요."
busan-A-00137,https://www.visitbusan.net/uploadImgs/files/cntnts/20240207102023070_ttiel,www.visitbusan.net,editorial_tourism,https://www.visitbusan.net/kr/index.do?menuCd=DOM_000000201001001000&uc_seq=1776&lang_cd=ko,,2026-07-25,"VisitBusan / 부산광역시 (도메인 추정, 미확인)",unknown,unverified,unknown,unknown,unknown,,review_required,domain_inferred,"VB 도메인 기반 분류. image_source 미기록, image_license 미기록. 공식 이용약관 미확인 — 상업 사용 개별 허가 필요."
busan-A-00138,https://www.visitbusan.net/uploadImgs/files/cntnts/20240201225043211_ttiel,www.visitbusan.net,editorial_tourism,https://www.visitbusan.net/kr/index.do?menuCd=DOM_000000201001001000&uc_seq=1777&lang_cd=ko,,2026-07-25,"VisitBusan / 부산광역시 (도메인 추정, 미확인)",unknown,unverified,unknown,unknown,unknown,,review_required,domain_inferred,"VB 도메인 기반 분류. image_source 미기록, image_license 미기록. 공식 이용약관 미확인 — 상업 사용 개별 허가 필요."
busan-A-00139,https://www.visitbusan.net/uploadImgs/files/cntnts/20240321001620807_ttiel,www.visitbusan.net,editorial_tourism,,,2026-07-25,"VisitBusan / 부산광역시 (도메인 추정, 미확인)",unknown,unverified,unknown,unknown,unknown,,review_required,domain_inferred,"VB 도메인 기반 분류. image_source 미기록, image_license 미기록. 공식 이용약관 미확인 — 상업 사용 개별 허가 필요."
busan-A-00140,https://www.visitbusan.net/uploadImgs/files/cntnts/20240401133553180_ttiel,www.visitbusan.net,editorial_tourism,https://www.visitbusan.net/kr/index.do?menuCd=DOM_000000201001001000&uc_seq=1798&lang_cd=ko,,2026-07-25,"VisitBusan / 부산광역시 (도메인 추정, 미확인)",unknown,unverified,unknown,unknown,unknown,,review_required,domain_inferred,"VB 도메인 기반 분류. image_source 미기록, image_license 미기록. 공식 이용약관 미확인 — 상업 사용 개별 허가 필요."
busan-A-00141,https://www.visitbusan.net/uploadImgs/files/cntnts/20240503180255101_ttiel,www.visitbusan.net,editorial_tourism,,,2026-07-25,"VisitBusan / 부산광역시 (도메인 추정, 미확인)",unknown,unverified,unknown,unknown,unknown,,review_required,domain_inferred,"VB 도메인 기반 분류. image_source 미기록, image_license 미기록. 공식 이용약관 미확인 — 상업 사용 개별 허가 필요."
busan-A-00142,https://www.visitbusan.net/uploadImgs/files/cntnts/20240528134839123_ttiel,www.visitbusan.net,editorial_tourism,,,2026-07-25,"VisitBusan / 부산광역시 (도메인 추정, 미확인)",unknown,unverified,unknown,unknown,unknown,,review_required,domain_inferred,"VB 도메인 기반 분류. image_source 미기록, image_license 미기록. 공식 이용약관 미확인 — 상업 사용 개별 허가 필요."
busan-A-00143,https://www.visitbusan.net/uploadImgs/files/cntnts/20240528140620645_ttiel,www.visitbusan.net,editorial_tourism,,,2026-07-25,"VisitBusan / 부산광역시 (도메인 추정, 미확인)",unknown,unverified,unknown,unknown,unknown,,review_required,domain_inferred,"VB 도메인 기반 분류. image_source 미기록, image_license 미기록. 공식 이용약관 미확인 — 상업 사용 개별 허가 필요."
busan-A-00144,https://www.visitbusan.net/uploadImgs/files/cntnts/20240528135430979_ttiel,www.visitbusan.net,editorial_tourism,,,2026-07-25,"VisitBusan / 부산광역시 (도메인 추정, 미확인)",unknown,unverified,unknown,unknown,unknown,,review_required,domain_inferred,"VB 도메인 기반 분류. image_source 미기록, image_license 미기록. 공식 이용약관 미확인 — 상업 사용 개별 허가 필요."
busan-A-00145,https://www.visitbusan.net/uploadImgs/files/cntnts/20240527143901347_ttiel,www.visitbusan.net,editorial_tourism,,,2026-07-25,"VisitBusan / 부산광역시 (도메인 추정, 미확인)",unknown,unverified,unknown,unknown,unknown,,review_required,domain_inferred,"VB 도메인 기반 분류. image_source 미기록, image_license 미기록. 공식 이용약관 미확인 — 상업 사용 개별 허가 필요."
busan-A-00146,https://www.visitbusan.net/uploadImgs/files/cntnts/20240605163754301_ttiel,www.visitbusan.net,editorial_tourism,,,2026-07-25,"VisitBusan / 부산광역시 (도메인 추정, 미확인)",unknown,unverified,unknown,unknown,unknown,,review_required,domain_inferred,"VB 도메인 기반 분류. image_source 미기록, image_license 미기록. 공식 이용약관 미확인 — 상업 사용 개별 허가 필요."
busan-A-00147,https://www.visitbusan.net/uploadImgs/files/cntnts/20240626113937766_ttiel,www.visitbusan.net,editorial_tourism,,,2026-07-25,"VisitBusan / 부산광역시 (도메인 추정, 미확인)",unknown,unverified,unknown,unknown,unknown,,review_required,domain_inferred,"VB 도메인 기반 분류. image_source 미기록, image_license 미기록. 공식 이용약관 미확인 — 상업 사용 개별 허가 필요."
busan-A-00148,https://www.visitbusan.net/uploadImgs/files/cntnts/20240703180805305_ttiel,www.visitbusan.net,editorial_tourism,,,2026-07-25,"VisitBusan / 부산광역시 (도메인 추정, 미확인)",unknown,unverified,unknown,unknown,unknown,,review_required,domain_inferred,"VB 도메인 기반 분류. image_source 미기록, image_license 미기록. 공식 이용약관 미확인 — 상업 사용 개별 허가 필요."
busan-A-00149,https://www.visitbusan.net/uploadImgs/files/cntnts/20240809155702729_ttiel,www.visitbusan.net,editorial_tourism,,,2026-07-25,"VisitBusan / 부산광역시 (도메인 추정, 미확인)",unknown,unverified,unknown,unknown,unknown,,review_required,domain_inferred,"VB 도메인 기반 분류. image_source 미기록, image_license 미기록. 공식 이용약관 미확인 — 상업 사용 개별 허가 필요."
busan-A-00150,https://www.visitbusan.net/uploadImgs/files/cntnts/20240809161549849_ttiel,www.visitbusan.net,editorial_tourism,,,2026-07-25,"VisitBusan / 부산광역시 (도메인 추정, 미확인)",unknown,unverified,unknown,unknown,unknown,,review_required,domain_inferred,"VB 도메인 기반 분류. image_source 미기록, image_license 미기록. 공식 이용약관 미확인 — 상업 사용 개별 허가 필요."
busan-A-00151,https://www.visitbusan.net/uploadImgs/files/cntnts/20240809163409331_ttiel,www.visitbusan.net,editorial_tourism,,,2026-07-25,"VisitBusan / 부산광역시 (도메인 추정, 미확인)",unknown,unverified,unknown,unknown,unknown,,review_required,domain_inferred,"VB 도메인 기반 분류. image_source 미기록, image_license 미기록. 공식 이용약관 미확인 — 상업 사용 개별 허가 필요."
busan-A-00152,https://www.visitbusan.net/uploadImgs/files/cntnts/20240809171647495_ttiel,www.visitbusan.net,editorial_tourism,,,2026-07-25,"VisitBusan / 부산광역시 (도메인 추정, 미확인)",unknown,unverified,unknown,unknown,unknown,,review_required,domain_inferred,"VB 도메인 기반 분류. image_source 미기록, image_license 미기록. 공식 이용약관 미확인 — 상업 사용 개별 허가 필요."
busan-A-00153,https://www.visitbusan.net/uploadImgs/files/cntnts/20240821134135301_ttiel,www.visitbusan.net,editorial_tourism,,,2026-07-25,"VisitBusan / 부산광역시 (도메인 추정, 미확인)",unknown,unverified,unknown,unknown,unknown,,review_required,domain_inferred,"VB 도메인 기반 분류. image_source 미기록, image_license 미기록. 공식 이용약관 미확인 — 상업 사용 개별 허가 필요."
busan-A-00154,https://www.visitbusan.net/uploadImgs/files/cntnts/20240826154634475_ttiel,www.visitbusan.net,editorial_tourism,,,2026-07-25,"VisitBusan / 부산광역시 (도메인 추정, 미확인)",unknown,unverified,unknown,unknown,unknown,,review_required,domain_inferred,"VB 도메인 기반 분류. image_source 미기록, image_license 미기록. 공식 이용약관 미확인 — 상업 사용 개별 허가 필요."
busan-A-00155,https://www.visitbusan.net/uploadImgs/files/cntnts/20240904145348246_ttiel,www.visitbusan.net,editorial_tourism,,,2026-07-25,"VisitBusan / 부산광역시 (도메인 추정, 미확인)",unknown,unverified,unknown,unknown,unknown,,review_required,domain_inferred,"VB 도메인 기반 분류. image_source 미기록, image_license 미기록. 공식 이용약관 미확인 — 상업 사용 개별 허가 필요."
busan-A-00156,https://www.visitbusan.net/uploadImgs/files/cntnts/20240911101725976_ttiel,www.visitbusan.net,editorial_tourism,,,2026-07-25,"VisitBusan / 부산광역시 (도메인 추정, 미확인)",unknown,unverified,unknown,unknown,unknown,,review_required,domain_inferred,"VB 도메인 기반 분류. image_source 미기록, image_license 미기록. 공식 이용약관 미확인 — 상업 사용 개별 허가 필요."
busan-A-00157,https://www.visitbusan.net/uploadImgs/files/cntnts/20240910171845448_ttiel,www.visitbusan.net,editorial_tourism,,,2026-07-25,"VisitBusan / 부산광역시 (도메인 추정, 미확인)",unknown,unverified,unknown,unknown,unknown,,review_required,domain_inferred,"VB 도메인 기반 분류. image_source 미기록, image_license 미기록. 공식 이용약관 미확인 — 상업 사용 개별 허가 필요."
busan-A-00158,https://www.visitbusan.net/uploadImgs/files/cntnts/20240911140423764_ttiel,www.visitbusan.net,editorial_tourism,,,2026-07-25,"VisitBusan / 부산광역시 (도메인 추정, 미확인)",unknown,unverified,unknown,unknown,unknown,,review_required,domain_inferred,"VB 도메인 기반 분류. image_source 미기록, image_license 미기록. 공식 이용약관 미확인 — 상업 사용 개별 허가 필요."
busan-A-00159,https://www.visitbusan.net/uploadImgs/files/cntnts/20240911173034092_ttiel,www.visitbusan.net,editorial_tourism,,,2026-07-25,"VisitBusan / 부산광역시 (도메인 추정, 미확인)",unknown,unverified,unknown,unknown,unknown,,review_required,domain_inferred,"VB 도메인 기반 분류. image_source 미기록, image_license 미기록. 공식 이용약관 미확인 — 상업 사용 개별 허가 필요."
busan-A-00160,https://www.visitbusan.net/uploadImgs/files/cntnts/20240911180908467_ttiel,www.visitbusan.net,editorial_tourism,,,2026-07-25,"VisitBusan / 부산광역시 (도메인 추정, 미확인)",unknown,unverified,unknown,unknown,unknown,,review_required,domain_inferred,"VB 도메인 기반 분류. image_source 미기록, image_license 미기록. 공식 이용약관 미확인 — 상업 사용 개별 허가 필요."
busan-A-00161,https://www.visitbusan.net/uploadImgs/files/cntnts/20240913175719812_ttiel,www.visitbusan.net,editorial_tourism,,,2026-07-25,"VisitBusan / 부산광역시 (도메인 추정, 미확인)",unknown,unverified,unknown,unknown,unknown,,review_required,domain_inferred,"VB 도메인 기반 분류. image_source 미기록, image_license 미기록. 공식 이용약관 미확인 — 상업 사용 개별 허가 필요."
busan-A-00162,https://www.visitbusan.net/uploadImgs/files/cntnts/20240920110953518_ttiel,www.visitbusan.net,editorial_tourism,,,2026-07-25,"VisitBusan / 부산광역시 (도메인 추정, 미확인)",unknown,unverified,unknown,unknown,unknown,,review_required,domain_inferred,"VB 도메인 기반 분류. image_source 미기록, image_license 미기록. 공식 이용약관 미확인 — 상업 사용 개별 허가 필요."
busan-A-00163,https://www.visitbusan.net/uploadImgs/files/cntnts/20240923115623200_ttiel,www.visitbusan.net,editorial_tourism,,,2026-07-25,"VisitBusan / 부산광역시 (도메인 추정, 미확인)",unknown,unverified,unknown,unknown,unknown,,review_required,domain_inferred,"VB 도메인 기반 분류. image_source 미기록, image_license 미기록. 공식 이용약관 미확인 — 상업 사용 개별 허가 필요."
busan-A-00164,https://www.visitbusan.net/uploadImgs/files/cntnts/20240923142217173_ttiel,www.visitbusan.net,editorial_tourism,,,2026-07-25,"VisitBusan / 부산광역시 (도메인 추정, 미확인)",unknown,unverified,unknown,unknown,unknown,,review_required,domain_inferred,"VB 도메인 기반 분류. image_source 미기록, image_license 미기록. 공식 이용약관 미확인 — 상업 사용 개별 허가 필요."
busan-A-00165,https://www.visitbusan.net/uploadImgs/files/cntnts/20240923144618796_ttiel,www.visitbusan.net,editorial_tourism,,,2026-07-25,"VisitBusan / 부산광역시 (도메인 추정, 미확인)",unknown,unverified,unknown,unknown,unknown,,review_required,domain_inferred,"VB 도메인 기반 분류. image_source 미기록, image_license 미기록. 공식 이용약관 미확인 — 상업 사용 개별 허가 필요."
busan-A-00166,https://www.visitbusan.net/uploadImgs/files/cntnts/20240923150247468_ttiel,www.visitbusan.net,editorial_tourism,,,2026-07-25,"VisitBusan / 부산광역시 (도메인 추정, 미확인)",unknown,unverified,unknown,unknown,unknown,,review_required,domain_inferred,"VB 도메인 기반 분류. image_source 미기록, image_license 미기록. 공식 이용약관 미확인 — 상업 사용 개별 허가 필요."
busan-A-00167,https://www.visitbusan.net/uploadImgs/files/cntnts/20240926181328093_ttiel,www.visitbusan.net,editorial_tourism,,,2026-07-25,"VisitBusan / 부산광역시 (도메인 추정, 미확인)",unknown,unverified,unknown,unknown,unknown,,review_required,domain_inferred,"VB 도메인 기반 분류. image_source 미기록, image_license 미기록. 공식 이용약관 미확인 — 상업 사용 개별 허가 필요."
busan-A-00168,https://www.visitbusan.net/uploadImgs/files/cntnts/20241002101127462_ttiel,www.visitbusan.net,editorial_tourism,,,2026-07-25,"VisitBusan / 부산광역시 (도메인 추정, 미확인)",unknown,unverified,unknown,unknown,unknown,,review_required,domain_inferred,"VB 도메인 기반 분류. image_source 미기록, image_license 미기록. 공식 이용약관 미확인 — 상업 사용 개별 허가 필요."
busan-A-00169,https://www.visitbusan.net/uploadImgs/files/cntnts/20241017115549245_ttiel,www.visitbusan.net,editorial_tourism,,,2026-07-25,"VisitBusan / 부산광역시 (도메인 추정, 미확인)",unknown,unverified,unknown,unknown,unknown,,review_required,domain_inferred,"VB 도메인 기반 분류. image_source 미기록, image_license 미기록. 공식 이용약관 미확인 — 상업 사용 개별 허가 필요."
busan-A-00170,https://www.visitbusan.net/uploadImgs/files/cntnts/20241024114149701_ttiel,www.visitbusan.net,editorial_tourism,,,2026-07-25,"VisitBusan / 부산광역시 (도메인 추정, 미확인)",unknown,unverified,unknown,unknown,unknown,,review_required,domain_inferred,"VB 도메인 기반 분류. image_source 미기록, image_license 미기록. 공식 이용약관 미확인 — 상업 사용 개별 허가 필요."
busan-A-00171,https://www.visitbusan.net/uploadImgs/files/cntnts/20241024131843096_ttiel,www.visitbusan.net,editorial_tourism,,,2026-07-25,"VisitBusan / 부산광역시 (도메인 추정, 미확인)",unknown,unverified,unknown,unknown,unknown,,review_required,domain_inferred,"VB 도메인 기반 분류. image_source 미기록, image_license 미기록. 공식 이용약관 미확인 — 상업 사용 개별 허가 필요."
busan-A-00172,https://www.visitbusan.net/uploadImgs/files/cntnts/20241024113331184_ttiel,www.visitbusan.net,editorial_tourism,,,2026-07-25,"VisitBusan / 부산광역시 (도메인 추정, 미확인)",unknown,unverified,unknown,unknown,unknown,,review_required,domain_inferred,"VB 도메인 기반 분류. image_source 미기록, image_license 미기록. 공식 이용약관 미확인 — 상업 사용 개별 허가 필요."
busan-A-00173,https://www.visitbusan.net/uploadImgs/files/cntnts/20241024144324691_ttiel,www.visitbusan.net,editorial_tourism,https://www.visitbusan.net/kr/index.do?menuCd=DOM_000000201001001000&uc_seq=2143&lang_cd=ko,,2026-07-25,"VisitBusan / 부산광역시 (도메인 추정, 미확인)",unknown,unverified,unknown,unknown,unknown,,review_required,domain_inferred,"VB 도메인 기반 분류. image_source 미기록, image_license 미기록. 공식 이용약관 미확인 — 상업 사용 개별 허가 필요."
busan-A-00174,https://www.visitbusan.net/uploadImgs/files/cntnts/20241025105526827_ttiel,www.visitbusan.net,editorial_tourism,,,2026-07-25,"VisitBusan / 부산광역시 (도메인 추정, 미확인)",unknown,unverified,unknown,unknown,unknown,,review_required,domain_inferred,"VB 도메인 기반 분류. image_source 미기록, image_license 미기록. 공식 이용약관 미확인 — 상업 사용 개별 허가 필요."
busan-A-00175,https://www.visitbusan.net/uploadImgs/files/cntnts/20241029182913498_ttiel,www.visitbusan.net,editorial_tourism,,,2026-07-25,"VisitBusan / 부산광역시 (도메인 추정, 미확인)",unknown,unverified,unknown,unknown,unknown,,review_required,domain_inferred,"VB 도메인 기반 분류. image_source 미기록, image_license 미기록. 공식 이용약관 미확인 — 상업 사용 개별 허가 필요."
busan-A-00176,https://www.visitbusan.net/uploadImgs/files/cntnts/20241031151344958_ttiel,www.visitbusan.net,editorial_tourism,,,2026-07-25,"VisitBusan / 부산광역시 (도메인 추정, 미확인)",unknown,unverified,unknown,unknown,unknown,,review_required,domain_inferred,"VB 도메인 기반 분류. image_source 미기록, image_license 미기록. 공식 이용약관 미확인 — 상업 사용 개별 허가 필요."
busan-A-00177,https://www.visitbusan.net/uploadImgs/files/cntnts/20241031180127634_ttiel,www.visitbusan.net,editorial_tourism,,,2026-07-25,"VisitBusan / 부산광역시 (도메인 추정, 미확인)",unknown,unverified,unknown,unknown,unknown,,review_required,domain_inferred,"VB 도메인 기반 분류. image_source 미기록, image_license 미기록. 공식 이용약관 미확인 — 상업 사용 개별 허가 필요."
busan-A-00178,https://www.visitbusan.net/uploadImgs/files/cntnts/20241108142157400_ttiel,www.visitbusan.net,editorial_tourism,,,2026-07-25,"VisitBusan / 부산광역시 (도메인 추정, 미확인)",unknown,unverified,unknown,unknown,unknown,,review_required,domain_inferred,"VB 도메인 기반 분류. image_source 미기록, image_license 미기록. 공식 이용약관 미확인 — 상업 사용 개별 허가 필요."
busan-A-00179,https://www.visitbusan.net/uploadImgs/files/cntnts/20241107133504063_ttiel,www.visitbusan.net,editorial_tourism,,,2026-07-25,"VisitBusan / 부산광역시 (도메인 추정, 미확인)",unknown,unverified,unknown,unknown,unknown,,review_required,domain_inferred,"VB 도메인 기반 분류. image_source 미기록, image_license 미기록. 공식 이용약관 미확인 — 상업 사용 개별 허가 필요."
busan-A-00180,https://www.visitbusan.net/uploadImgs/files/cntnts/20241107142452622_ttiel,www.visitbusan.net,editorial_tourism,,,2026-07-25,"VisitBusan / 부산광역시 (도메인 추정, 미확인)",unknown,unverified,unknown,unknown,unknown,,review_required,domain_inferred,"VB 도메인 기반 분류. image_source 미기록, image_license 미기록. 공식 이용약관 미확인 — 상업 사용 개별 허가 필요."
busan-A-00181,https://www.visitbusan.net/uploadImgs/files/cntnts/20241112125514341_ttiel,www.visitbusan.net,editorial_tourism,,,2026-07-25,"VisitBusan / 부산광역시 (도메인 추정, 미확인)",unknown,unverified,unknown,unknown,unknown,,review_required,domain_inferred,"VB 도메인 기반 분류. image_source 미기록, image_license 미기록. 공식 이용약관 미확인 — 상업 사용 개별 허가 필요."
busan-A-00182,https://www.visitbusan.net/uploadImgs/files/cntnts/20241112141808956_ttiel,www.visitbusan.net,editorial_tourism,,,2026-07-25,"VisitBusan / 부산광역시 (도메인 추정, 미확인)",unknown,unverified,unknown,unknown,unknown,,review_required,domain_inferred,"VB 도메인 기반 분류. image_source 미기록, image_license 미기록. 공식 이용약관 미확인 — 상업 사용 개별 허가 필요."
busan-A-00183,https://www.visitbusan.net/uploadImgs/files/cntnts/20241112150316938_ttiel,www.visitbusan.net,editorial_tourism,,,2026-07-25,"VisitBusan / 부산광역시 (도메인 추정, 미확인)",unknown,unverified,unknown,unknown,unknown,,review_required,domain_inferred,"VB 도메인 기반 분류. image_source 미기록, image_license 미기록. 공식 이용약관 미확인 — 상업 사용 개별 허가 필요."
busan-A-00184,https://www.visitbusan.net/uploadImgs/files/cntnts/20241113145816999_ttiel,www.visitbusan.net,editorial_tourism,,,2026-07-25,"VisitBusan / 부산광역시 (도메인 추정, 미확인)",unknown,unverified,unknown,unknown,unknown,,review_required,domain_inferred,"VB 도메인 기반 분류. image_source 미기록, image_license 미기록. 공식 이용약관 미확인 — 상업 사용 개별 허가 필요."
busan-A-00185,https://www.visitbusan.net/uploadImgs/files/cntnts/20241126144851008_ttiel,www.visitbusan.net,editorial_tourism,,,2026-07-25,"VisitBusan / 부산광역시 (도메인 추정, 미확인)",unknown,unverified,unknown,unknown,unknown,,review_required,domain_inferred,"VB 도메인 기반 분류. image_source 미기록, image_license 미기록. 공식 이용약관 미확인 — 상업 사용 개별 허가 필요."
busan-A-00186,https://www.visitbusan.net/uploadImgs/files/cntnts/20241202143950023_ttiel,www.visitbusan.net,editorial_tourism,,,2026-07-25,"VisitBusan / 부산광역시 (도메인 추정, 미확인)",unknown,unverified,unknown,unknown,unknown,,review_required,domain_inferred,"VB 도메인 기반 분류. image_source 미기록, image_license 미기록. 공식 이용약관 미확인 — 상업 사용 개별 허가 필요."
busan-A-00187,https://www.visitbusan.net/uploadImgs/files/cntnts/20241202150020813_ttiel,www.visitbusan.net,editorial_tourism,,,2026-07-25,"VisitBusan / 부산광역시 (도메인 추정, 미확인)",unknown,unverified,unknown,unknown,unknown,,review_required,domain_inferred,"VB 도메인 기반 분류. image_source 미기록, image_license 미기록. 공식 이용약관 미확인 — 상업 사용 개별 허가 필요."
busan-A-00188,https://www.visitbusan.net/uploadImgs/files/cntnts/20241206140233984_ttiel,www.visitbusan.net,editorial_tourism,,,2026-07-25,"VisitBusan / 부산광역시 (도메인 추정, 미확인)",unknown,unverified,unknown,unknown,unknown,,review_required,domain_inferred,"VB 도메인 기반 분류. image_source 미기록, image_license 미기록. 공식 이용약관 미확인 — 상업 사용 개별 허가 필요."
busan-A-00189,https://www.visitbusan.net/uploadImgs/files/cntnts/20241206151830093_ttiel,www.visitbusan.net,editorial_tourism,,,2026-07-25,"VisitBusan / 부산광역시 (도메인 추정, 미확인)",unknown,unverified,unknown,unknown,unknown,,review_required,domain_inferred,"VB 도메인 기반 분류. image_source 미기록, image_license 미기록. 공식 이용약관 미확인 — 상업 사용 개별 허가 필요."
busan-A-00190,https://www.visitbusan.net/uploadImgs/files/cntnts/20241206181644634_ttiel,www.visitbusan.net,editorial_tourism,,,2026-07-25,"VisitBusan / 부산광역시 (도메인 추정, 미확인)",unknown,unverified,unknown,unknown,unknown,,review_required,domain_inferred,"VB 도메인 기반 분류. image_source 미기록, image_license 미기록. 공식 이용약관 미확인 — 상업 사용 개별 허가 필요."
busan-A-00191,https://www.visitbusan.net/uploadImgs/files/cntnts/20241219102705213_ttiel,www.visitbusan.net,editorial_tourism,https://www.visitbusan.net/kr/index.do?menuCd=DOM_000000201001001000&uc_seq=2218&lang_cd=ko,,2026-07-25,"VisitBusan / 부산광역시 (도메인 추정, 미확인)",unknown,unverified,unknown,unknown,unknown,,review_required,domain_inferred,"VB 도메인 기반 분류. image_source 미기록, image_license 미기록. 공식 이용약관 미확인 — 상업 사용 개별 허가 필요."
busan-A-00192,https://www.visitbusan.net/uploadImgs/files/cntnts/20241224115942076_ttiel,www.visitbusan.net,editorial_tourism,,,2026-07-25,"VisitBusan / 부산광역시 (도메인 추정, 미확인)",unknown,unverified,unknown,unknown,unknown,,review_required,domain_inferred,"VB 도메인 기반 분류. image_source 미기록, image_license 미기록. 공식 이용약관 미확인 — 상업 사용 개별 허가 필요."
busan-A-00193,https://www.visitbusan.net/uploadImgs/files/cntnts/20250102170659652_ttiel,www.visitbusan.net,editorial_tourism,,,2026-07-25,"VisitBusan / 부산광역시 (도메인 추정, 미확인)",unknown,unverified,unknown,unknown,unknown,,review_required,domain_inferred,"VB 도메인 기반 분류. image_source 미기록, image_license 미기록. 공식 이용약관 미확인 — 상업 사용 개별 허가 필요."
busan-A-00194,https://www.visitbusan.net/uploadImgs/files/cntnts/20250110143214904_ttiel,www.visitbusan.net,editorial_tourism,https://www.visitbusan.net/kr/index.do?menuCd=DOM_000000201001001000&uc_seq=2237&lang_cd=ko,,2026-07-25,"VisitBusan / 부산광역시 (도메인 추정, 미확인)",unknown,unverified,unknown,unknown,unknown,,review_required,domain_inferred,"VB 도메인 기반 분류. image_source 미기록, image_license 미기록. 공식 이용약관 미확인 — 상업 사용 개별 허가 필요."
busan-A-00195,https://www.visitbusan.net/uploadImgs/files/cntnts/20250110145605040_ttiel,www.visitbusan.net,editorial_tourism,https://www.visitbusan.net/kr/index.do?menuCd=DOM_000000201001001000&uc_seq=2239&lang_cd=ko,,2026-07-25,"VisitBusan / 부산광역시 (도메인 추정, 미확인)",unknown,unverified,unknown,unknown,unknown,,review_required,domain_inferred,"VB 도메인 기반 분류. image_source 미기록, image_license 미기록. 공식 이용약관 미확인 — 상업 사용 개별 허가 필요."
busan-A-00196,https://www.visitbusan.net/uploadImgs/files/cntnts/20250110150900359_ttiel,www.visitbusan.net,editorial_tourism,https://www.visitbusan.net/kr/index.do?menuCd=DOM_000000201001001000&uc_seq=2240&lang_cd=ko,,2026-07-25,"VisitBusan / 부산광역시 (도메인 추정, 미확인)",unknown,unverified,unknown,unknown,unknown,,review_required,domain_inferred,"VB 도메인 기반 분류. image_source 미기록, image_license 미기록. 공식 이용약관 미확인 — 상업 사용 개별 허가 필요."
busan-A-00197,https://www.visitbusan.net/uploadImgs/files/cntnts/20250207152914813_ttiel,www.visitbusan.net,editorial_tourism,,,2026-07-25,"VisitBusan / 부산광역시 (도메인 추정, 미확인)",unknown,unverified,unknown,unknown,unknown,,review_required,domain_inferred,"VB 도메인 기반 분류. image_source 미기록, image_license 미기록. 공식 이용약관 미확인 — 상업 사용 개별 허가 필요."
busan-A-00198,https://www.visitbusan.net/uploadImgs/files/cntnts/20250207155656641_ttiel,www.visitbusan.net,editorial_tourism,,,2026-07-25,"VisitBusan / 부산광역시 (도메인 추정, 미확인)",unknown,unverified,unknown,unknown,unknown,,review_required,domain_inferred,"VB 도메인 기반 분류. image_source 미기록, image_license 미기록. 공식 이용약관 미확인 — 상업 사용 개별 허가 필요."
busan-A-00199,https://www.visitbusan.net/uploadImgs/files/cntnts/20250212112901695_ttiel,www.visitbusan.net,editorial_tourism,,,2026-07-25,"VisitBusan / 부산광역시 (도메인 추정, 미확인)",unknown,unverified,unknown,unknown,unknown,,review_required,domain_inferred,"VB 도메인 기반 분류. image_source 미기록, image_license 미기록. 공식 이용약관 미확인 — 상업 사용 개별 허가 필요."
busan-A-00200,https://www.visitbusan.net/uploadImgs/files/cntnts/20250214183306081_ttiel,www.visitbusan.net,editorial_tourism,,,2026-07-25,"VisitBusan / 부산광역시 (도메인 추정, 미확인)",unknown,unverified,unknown,unknown,unknown,,review_required,domain_inferred,"VB 도메인 기반 분류. image_source 미기록, image_license 미기록. 공식 이용약관 미확인 — 상업 사용 개별 허가 필요."
busan-A-00201,https://www.visitbusan.net/uploadImgs/files/cntnts/20250306115823313_ttiel,www.visitbusan.net,editorial_tourism,,,2026-07-25,"VisitBusan / 부산광역시 (도메인 추정, 미확인)",unknown,unverified,unknown,unknown,unknown,,review_required,domain_inferred,"VB 도메인 기반 분류. image_source 미기록, image_license 미기록. 공식 이용약관 미확인 — 상업 사용 개별 허가 필요."
busan-A-00202,https://www.visitbusan.net/uploadImgs/files/cntnts/20250317141712864_ttiel,www.visitbusan.net,editorial_tourism,,,2026-07-25,"VisitBusan / 부산광역시 (도메인 추정, 미확인)",unknown,unverified,unknown,unknown,unknown,,review_required,domain_inferred,"VB 도메인 기반 분류. image_source 미기록, image_license 미기록. 공식 이용약관 미확인 — 상업 사용 개별 허가 필요."
busan-A-00203,https://www.visitbusan.net/uploadImgs/files/cntnts/20250620121122146_ttiel,www.visitbusan.net,editorial_tourism,,,2026-07-25,"VisitBusan / 부산광역시 (도메인 추정, 미확인)",unknown,unverified,unknown,unknown,unknown,,review_required,domain_inferred,"VB 도메인 기반 분류. image_source 미기록, image_license 미기록. 공식 이용약관 미확인 — 상업 사용 개별 허가 필요."
busan-A-00204,https://www.visitbusan.net/uploadImgs/files/cntnts/20250728122343276_ttiel,www.visitbusan.net,editorial_tourism,https://www.visitbusan.net/kr/index.do?menuCd=DOM_000000201001001000&uc_seq=2491&lang_cd=ko,,2026-07-25,"VisitBusan / 부산광역시 (도메인 추정, 미확인)",unknown,unverified,unknown,unknown,unknown,,review_required,domain_inferred,"VB 도메인 기반 분류. image_source 미기록, image_license 미기록. 공식 이용약관 미확인 — 상업 사용 개별 허가 필요."
busan-A-00205,https://www.visitbusan.net/uploadImgs/files/cntnts/20250826175032196_ttiel,www.visitbusan.net,editorial_tourism,,,2026-07-25,"VisitBusan / 부산광역시 (도메인 추정, 미확인)",unknown,unverified,unknown,unknown,unknown,,review_required,domain_inferred,"VB 도메인 기반 분류. image_source 미기록, image_license 미기록. 공식 이용약관 미확인 — 상업 사용 개별 허가 필요."
busan-A-00206,https://www.visitbusan.net/uploadImgs/files/cntnts/20250926164016872_ttiel,www.visitbusan.net,editorial_tourism,,,2026-07-25,"VisitBusan / 부산광역시 (도메인 추정, 미확인)",unknown,unverified,unknown,unknown,unknown,,review_required,domain_inferred,"VB 도메인 기반 분류. image_source 미기록, image_license 미기록. 공식 이용약관 미확인 — 상업 사용 개별 허가 필요."
busan-A-00207,https://www.visitbusan.net/uploadImgs/files/cntnts/20251020162135473_ttiel,www.visitbusan.net,editorial_tourism,,,2026-07-25,"VisitBusan / 부산광역시 (도메인 추정, 미확인)",unknown,unverified,unknown,unknown,unknown,,review_required,domain_inferred,"VB 도메인 기반 분류. image_source 미기록, image_license 미기록. 공식 이용약관 미확인 — 상업 사용 개별 허가 필요."
busan-A-00208,https://www.visitbusan.net/uploadImgs/files/cntnts/20251020171326961_ttiel,www.visitbusan.net,editorial_tourism,,,2026-07-25,"VisitBusan / 부산광역시 (도메인 추정, 미확인)",unknown,unverified,unknown,unknown,unknown,,review_required,domain_inferred,"VB 도메인 기반 분류. image_source 미기록, image_license 미기록. 공식 이용약관 미확인 — 상업 사용 개별 허가 필요."
busan-A-00209,https://www.visitbusan.net/uploadImgs/files/cntnts/20251024154312500_ttiel,www.visitbusan.net,editorial_tourism,,,2026-07-25,"VisitBusan / 부산광역시 (도메인 추정, 미확인)",unknown,unverified,unknown,unknown,unknown,,review_required,domain_inferred,"VB 도메인 기반 분류. image_source 미기록, image_license 미기록. 공식 이용약관 미확인 — 상업 사용 개별 허가 필요."
busan-A-00210,https://www.visitbusan.net/uploadImgs/files/cntnts/20251029154155656_ttiel,www.visitbusan.net,editorial_tourism,,,2026-07-25,"VisitBusan / 부산광역시 (도메인 추정, 미확인)",unknown,unverified,unknown,unknown,unknown,,review_required,domain_inferred,"VB 도메인 기반 분류. image_source 미기록, image_license 미기록. 공식 이용약관 미확인 — 상업 사용 개별 허가 필요."
busan-A-00211,https://www.visitbusan.net/uploadImgs/files/cntnts/20251121173217035_ttiel,www.visitbusan.net,editorial_tourism,,,2026-07-25,"VisitBusan / 부산광역시 (도메인 추정, 미확인)",unknown,unverified,unknown,unknown,unknown,,review_required,domain_inferred,"VB 도메인 기반 분류. image_source 미기록, image_license 미기록. 공식 이용약관 미확인 — 상업 사용 개별 허가 필요."
busan-A-00212,https://www.visitbusan.net/uploadImgs/files/cntnts/20260311171309981_ttiel,www.visitbusan.net,editorial_tourism,,,2026-07-25,"VisitBusan / 부산광역시 (도메인 추정, 미확인)",unknown,unverified,unknown,unknown,unknown,,review_required,domain_inferred,"VB 도메인 기반 분류. image_source 미기록, image_license 미기록. 공식 이용약관 미확인 — 상업 사용 개별 허가 필요."
busan-A-00213,https://www.visitbusan.net/uploadImgs/files/cntnts/20260609143205137_ttiel,www.visitbusan.net,editorial_tourism,https://www.visitbusan.net/kr/index.do?menuCd=DOM_000000201001001000&uc_seq=2753&lang_cd=ko,,2026-07-25,"VisitBusan / 부산광역시 (도메인 추정, 미확인)",unknown,unverified,unknown,unknown,unknown,,review_required,domain_inferred,"VB 도메인 기반 분류. image_source 미기록, image_license 미기록. 공식 이용약관 미확인 — 상업 사용 개별 허가 필요."
busan-E-00001,https://www.visitbusan.net/uploadImgs/files/cntnts/20191213191711585_ttiel,www.visitbusan.net,editorial_tourism,,,2026-07-25,"VisitBusan / 부산광역시 (도메인 추정, 미확인)",unknown,unverified,unknown,unknown,unknown,,review_required,domain_inferred,"VB 도메인 기반 분류. image_source 미기록, image_license 미기록. 공식 이용약관 미확인 — 상업 사용 개별 허가 필요."
busan-E-00002,https://www.visitbusan.net/uploadImgs/files/cntnts/20191222160520749_ttiel,www.visitbusan.net,editorial_tourism,,,2026-07-25,"VisitBusan / 부산광역시 (도메인 추정, 미확인)",unknown,unverified,unknown,unknown,unknown,,review_required,domain_inferred,"VB 도메인 기반 분류. image_source 미기록, image_license 미기록. 공식 이용약관 미확인 — 상업 사용 개별 허가 필요."
busan-E-00003,https://www.visitbusan.net/uploadImgs/files/cntnts/20191227114742493_ttiel,www.visitbusan.net,editorial_tourism,,,2026-07-25,"VisitBusan / 부산광역시 (도메인 추정, 미확인)",unknown,unverified,unknown,unknown,unknown,,review_required,domain_inferred,"VB 도메인 기반 분류. image_source 미기록, image_license 미기록. 공식 이용약관 미확인 — 상업 사용 개별 허가 필요."
busan-E-00004,https://www.visitbusan.net/uploadImgs/files/cntnts/20191227115551778_ttiel,www.visitbusan.net,editorial_tourism,,,2026-07-25,"VisitBusan / 부산광역시 (도메인 추정, 미확인)",unknown,unverified,unknown,unknown,unknown,,review_required,domain_inferred,"VB 도메인 기반 분류. image_source 미기록, image_license 미기록. 공식 이용약관 미확인 — 상업 사용 개별 허가 필요."
busan-E-00005,https://www.visitbusan.net/uploadImgs/files/cntnts/20191227120157384_ttiel,www.visitbusan.net,editorial_tourism,,,2026-07-25,"VisitBusan / 부산광역시 (도메인 추정, 미확인)",unknown,unverified,unknown,unknown,unknown,,review_required,domain_inferred,"VB 도메인 기반 분류. image_source 미기록, image_license 미기록. 공식 이용약관 미확인 — 상업 사용 개별 허가 필요."
busan-E-00006,https://www.visitbusan.net/uploadImgs/files/cntnts/20241022165920388_ttiel,www.visitbusan.net,editorial_tourism,,,2026-07-25,"VisitBusan / 부산광역시 (도메인 추정, 미확인)",unknown,unverified,unknown,unknown,unknown,,review_required,domain_inferred,"VB 도메인 기반 분류. image_source 미기록, image_license 미기록. 공식 이용약관 미확인 — 상업 사용 개별 허가 필요."
busan-E-00007,https://www.visitbusan.net/uploadImgs/files/cntnts/20230503134701548_ttiel,www.visitbusan.net,editorial_tourism,,,2026-07-25,"VisitBusan / 부산광역시 (도메인 추정, 미확인)",unknown,unverified,unknown,unknown,unknown,,review_required,domain_inferred,"VB 도메인 기반 분류. image_source 미기록, image_license 미기록. 공식 이용약관 미확인 — 상업 사용 개별 허가 필요."
busan-E-00008,https://www.visitbusan.net/uploadImgs/files/cntnts/20250512112542346_ttiel,www.visitbusan.net,editorial_tourism,,,2026-07-25,"VisitBusan / 부산광역시 (도메인 추정, 미확인)",unknown,unverified,unknown,unknown,unknown,,review_required,domain_inferred,"VB 도메인 기반 분류. image_source 미기록, image_license 미기록. 공식 이용약관 미확인 — 상업 사용 개별 허가 필요."
busan-E-00009,https://www.visitbusan.net/uploadImgs/files/cntnts/20260422164844354_ttiel,www.visitbusan.net,editorial_tourism,,,2026-07-25,"VisitBusan / 부산광역시 (도메인 추정, 미확인)",unknown,unverified,unknown,unknown,unknown,,review_required,domain_inferred,"VB 도메인 기반 분류. image_source 미기록, image_license 미기록. 공식 이용약관 미확인 — 상업 사용 개별 허가 필요."
busan-E-00010,https://www.visitbusan.net/uploadImgs/files/cntnts/20191230193142955_ttiel,www.visitbusan.net,editorial_tourism,,,2026-07-25,"VisitBusan / 부산광역시 (도메인 추정, 미확인)",unknown,unverified,unknown,unknown,unknown,,review_required,domain_inferred,"VB 도메인 기반 분류. image_source 미기록, image_license 미기록. 공식 이용약관 미확인 — 상업 사용 개별 허가 필요."
busan-E-00011,https://www.visitbusan.net/uploadImgs/files/cntnts/20191230200521249_ttiel,www.visitbusan.net,editorial_tourism,,,2026-07-25,"VisitBusan / 부산광역시 (도메인 추정, 미확인)",unknown,unverified,unknown,unknown,unknown,,review_required,domain_inferred,"VB 도메인 기반 분류. image_source 미기록, image_license 미기록. 공식 이용약관 미확인 — 상업 사용 개별 허가 필요."
busan-E-00012,https://www.visitbusan.net/uploadImgs/files/cntnts/20191230202600804_ttiel,www.visitbusan.net,editorial_tourism,,,2026-07-25,"VisitBusan / 부산광역시 (도메인 추정, 미확인)",unknown,unverified,unknown,unknown,unknown,,review_required,domain_inferred,"VB 도메인 기반 분류. image_source 미기록, image_license 미기록. 공식 이용약관 미확인 — 상업 사용 개별 허가 필요."
busan-E-00013,https://www.visitbusan.net/uploadImgs/files/cntnts/20231024143140221_ttiel,www.visitbusan.net,editorial_tourism,,,2026-07-25,"VisitBusan / 부산광역시 (도메인 추정, 미확인)",unknown,unverified,unknown,unknown,unknown,,review_required,domain_inferred,"VB 도메인 기반 분류. image_source 미기록, image_license 미기록. 공식 이용약관 미확인 — 상업 사용 개별 허가 필요."
busan-E-00014,https://www.visitbusan.net/uploadImgs/files/cntnts/20221227165437336_ttiel,www.visitbusan.net,editorial_tourism,,,2026-07-25,"VisitBusan / 부산광역시 (도메인 추정, 미확인)",unknown,unverified,unknown,unknown,unknown,,review_required,domain_inferred,"VB 도메인 기반 분류. image_source 미기록, image_license 미기록. 공식 이용약관 미확인 — 상업 사용 개별 허가 필요."
busan-E-00015,https://www.visitbusan.net/uploadImgs/files/cntnts/20191231114635471_ttiel,www.visitbusan.net,editorial_tourism,,,2026-07-25,"VisitBusan / 부산광역시 (도메인 추정, 미확인)",unknown,unverified,unknown,unknown,unknown,,review_required,domain_inferred,"VB 도메인 기반 분류. image_source 미기록, image_license 미기록. 공식 이용약관 미확인 — 상업 사용 개별 허가 필요."
busan-E-00016,https://www.visitbusan.net/uploadImgs/files/cntnts/20191231174925322_ttiel,www.visitbusan.net,editorial_tourism,,,2026-07-25,"VisitBusan / 부산광역시 (도메인 추정, 미확인)",unknown,unverified,unknown,unknown,unknown,,review_required,domain_inferred,"VB 도메인 기반 분류. image_source 미기록, image_license 미기록. 공식 이용약관 미확인 — 상업 사용 개별 허가 필요."
busan-E-00017,https://www.visitbusan.net/uploadImgs/files/cntnts/20191231175726016_ttiel,www.visitbusan.net,editorial_tourism,,,2026-07-25,"VisitBusan / 부산광역시 (도메인 추정, 미확인)",unknown,unverified,unknown,unknown,unknown,,review_required,domain_inferred,"VB 도메인 기반 분류. image_source 미기록, image_license 미기록. 공식 이용약관 미확인 — 상업 사용 개별 허가 필요."
busan-E-00018,https://www.visitbusan.net/uploadImgs/files/cntnts/20221227174139947_ttiel,www.visitbusan.net,editorial_tourism,,,2026-07-25,"VisitBusan / 부산광역시 (도메인 추정, 미확인)",unknown,unverified,unknown,unknown,unknown,,review_required,domain_inferred,"VB 도메인 기반 분류. image_source 미기록, image_license 미기록. 공식 이용약관 미확인 — 상업 사용 개별 허가 필요."
busan-E-00019,https://www.visitbusan.net/uploadImgs/files/cntnts/20230913151940386_ttiel,www.visitbusan.net,editorial_tourism,,,2026-07-25,"VisitBusan / 부산광역시 (도메인 추정, 미확인)",unknown,unverified,unknown,unknown,unknown,,review_required,domain_inferred,"VB 도메인 기반 분류. image_source 미기록, image_license 미기록. 공식 이용약관 미확인 — 상업 사용 개별 허가 필요."
busan-E-00020,https://www.visitbusan.net/uploadImgs/files/cntnts/20200102115239175_ttiel,www.visitbusan.net,editorial_tourism,,,2026-07-25,"VisitBusan / 부산광역시 (도메인 추정, 미확인)",unknown,unverified,unknown,unknown,unknown,,review_required,domain_inferred,"VB 도메인 기반 분류. image_source 미기록, image_license 미기록. 공식 이용약관 미확인 — 상업 사용 개별 허가 필요."
busan-E-00021,https://www.visitbusan.net/uploadImgs/files/cntnts/20200102120811862_ttiel,www.visitbusan.net,editorial_tourism,,,2026-07-25,"VisitBusan / 부산광역시 (도메인 추정, 미확인)",unknown,unverified,unknown,unknown,unknown,,review_required,domain_inferred,"VB 도메인 기반 분류. image_source 미기록, image_license 미기록. 공식 이용약관 미확인 — 상업 사용 개별 허가 필요."
busan-E-00022,https://www.visitbusan.net/uploadImgs/files/cntnts/20200102124932671_ttiel,www.visitbusan.net,editorial_tourism,,,2026-07-25,"VisitBusan / 부산광역시 (도메인 추정, 미확인)",unknown,unverified,unknown,unknown,unknown,,review_required,domain_inferred,"VB 도메인 기반 분류. image_source 미기록, image_license 미기록. 공식 이용약관 미확인 — 상업 사용 개별 허가 필요."
busan-E-00023,https://www.visitbusan.net/uploadImgs/files/cntnts/20200102125938297_ttiel,www.visitbusan.net,editorial_tourism,,,2026-07-25,"VisitBusan / 부산광역시 (도메인 추정, 미확인)",unknown,unverified,unknown,unknown,unknown,,review_required,domain_inferred,"VB 도메인 기반 분류. image_source 미기록, image_license 미기록. 공식 이용약관 미확인 — 상업 사용 개별 허가 필요."
busan-E-00024,https://www.visitbusan.net/uploadImgs/files/cntnts/20200102133625014_ttiel,www.visitbusan.net,editorial_tourism,,,2026-07-25,"VisitBusan / 부산광역시 (도메인 추정, 미확인)",unknown,unverified,unknown,unknown,unknown,,review_required,domain_inferred,"VB 도메인 기반 분류. image_source 미기록, image_license 미기록. 공식 이용약관 미확인 — 상업 사용 개별 허가 필요."
busan-E-00025,https://www.visitbusan.net/uploadImgs/files/cntnts/20200110115509318_ttiel,www.visitbusan.net,editorial_tourism,,,2026-07-25,"VisitBusan / 부산광역시 (도메인 추정, 미확인)",unknown,unverified,unknown,unknown,unknown,,review_required,domain_inferred,"VB 도메인 기반 분류. image_source 미기록, image_license 미기록. 공식 이용약관 미확인 — 상업 사용 개별 허가 필요."
busan-E-00026,https://www.visitbusan.net/uploadImgs/files/cntnts/20200110131702589_ttiel,www.visitbusan.net,editorial_tourism,,,2026-07-25,"VisitBusan / 부산광역시 (도메인 추정, 미확인)",unknown,unverified,unknown,unknown,unknown,,review_required,domain_inferred,"VB 도메인 기반 분류. image_source 미기록, image_license 미기록. 공식 이용약관 미확인 — 상업 사용 개별 허가 필요."
busan-E-00027,https://www.visitbusan.net/uploadImgs/files/cntnts/20200110160422867_ttiel,www.visitbusan.net,editorial_tourism,,,2026-07-25,"VisitBusan / 부산광역시 (도메인 추정, 미확인)",unknown,unverified,unknown,unknown,unknown,,review_required,domain_inferred,"VB 도메인 기반 분류. image_source 미기록, image_license 미기록. 공식 이용약관 미확인 — 상업 사용 개별 허가 필요."
busan-E-00029,https://www.visitbusan.net/uploadImgs/files/cntnts/20230517141710433_ttiel,www.visitbusan.net,editorial_tourism,,,2026-07-25,"VisitBusan / 부산광역시 (도메인 추정, 미확인)",unknown,unverified,unknown,unknown,unknown,,review_required,domain_inferred,"VB 도메인 기반 분류. image_source 미기록, image_license 미기록. 공식 이용약관 미확인 — 상업 사용 개별 허가 필요."
busan-E-00030,https://www.visitbusan.net/uploadImgs/files/cntnts/20230821115632607_ttiel,www.visitbusan.net,editorial_tourism,,,2026-07-25,"VisitBusan / 부산광역시 (도메인 추정, 미확인)",unknown,unverified,unknown,unknown,unknown,,review_required,domain_inferred,"VB 도메인 기반 분류. image_source 미기록, image_license 미기록. 공식 이용약관 미확인 — 상업 사용 개별 허가 필요."
busan-E-00031,https://www.visitbusan.net/uploadImgs/files/cntnts/20230908145725673_ttiel,www.visitbusan.net,editorial_tourism,,,2026-07-25,"VisitBusan / 부산광역시 (도메인 추정, 미확인)",unknown,unverified,unknown,unknown,unknown,,review_required,domain_inferred,"VB 도메인 기반 분류. image_source 미기록, image_license 미기록. 공식 이용약관 미확인 — 상업 사용 개별 허가 필요."
busan-E-00033,https://www.visitbusan.net/uploadImgs/files/cntnts/20240416114016931_ttiel,www.visitbusan.net,editorial_tourism,,,2026-07-25,"VisitBusan / 부산광역시 (도메인 추정, 미확인)",unknown,unverified,unknown,unknown,unknown,,review_required,domain_inferred,"VB 도메인 기반 분류. image_source 미기록, image_license 미기록. 공식 이용약관 미확인 — 상업 사용 개별 허가 필요."
busan-E-00034,https://www.visitbusan.net/uploadImgs/files/cntnts/20240625105125182_ttiel,www.visitbusan.net,editorial_tourism,,,2026-07-25,"VisitBusan / 부산광역시 (도메인 추정, 미확인)",unknown,unverified,unknown,unknown,unknown,,review_required,domain_inferred,"VB 도메인 기반 분류. image_source 미기록, image_license 미기록. 공식 이용약관 미확인 — 상업 사용 개별 허가 필요."
busan-E-00035,https://www.visitbusan.net/uploadImgs/files/cntnts/20240801113323229_ttiel,www.visitbusan.net,editorial_tourism,,,2026-07-25,"VisitBusan / 부산광역시 (도메인 추정, 미확인)",unknown,unverified,unknown,unknown,unknown,,review_required,domain_inferred,"VB 도메인 기반 분류. image_source 미기록, image_license 미기록. 공식 이용약관 미확인 — 상업 사용 개별 허가 필요."
busan-E-00036,https://www.visitbusan.net/uploadImgs/files/cntnts/20241021182231021_ttiel,www.visitbusan.net,editorial_tourism,,,2026-07-25,"VisitBusan / 부산광역시 (도메인 추정, 미확인)",unknown,unverified,unknown,unknown,unknown,,review_required,domain_inferred,"VB 도메인 기반 분류. image_source 미기록, image_license 미기록. 공식 이용약관 미확인 — 상업 사용 개별 허가 필요."
busan-E-00037,https://www.visitbusan.net/uploadImgs/files/cntnts/20250430144313591_ttiel,www.visitbusan.net,editorial_tourism,,,2026-07-25,"VisitBusan / 부산광역시 (도메인 추정, 미확인)",unknown,unverified,unknown,unknown,unknown,,review_required,domain_inferred,"VB 도메인 기반 분류. image_source 미기록, image_license 미기록. 공식 이용약관 미확인 — 상업 사용 개별 허가 필요."
busan-E-00038,https://www.visitbusan.net/uploadImgs/files/cntnts/20250513184648656_ttiel,www.visitbusan.net,editorial_tourism,,,2026-07-25,"VisitBusan / 부산광역시 (도메인 추정, 미확인)",unknown,unverified,unknown,unknown,unknown,,review_required,domain_inferred,"VB 도메인 기반 분류. image_source 미기록, image_license 미기록. 공식 이용약관 미확인 — 상업 사용 개별 허가 필요."
busan-E-00039,https://www.visitbusan.net/uploadImgs/files/cntnts/20250520203304478_ttiel,www.visitbusan.net,editorial_tourism,,,2026-07-25,"VisitBusan / 부산광역시 (도메인 추정, 미확인)",unknown,unverified,unknown,unknown,unknown,,review_required,domain_inferred,"VB 도메인 기반 분류. image_source 미기록, image_license 미기록. 공식 이용약관 미확인 — 상업 사용 개별 허가 필요."
busan-E-00040,https://www.visitbusan.net/uploadImgs/files/cntnts/20260601150158169_ttiel,www.visitbusan.net,editorial_tourism,,,2026-07-25,"VisitBusan / 부산광역시 (도메인 추정, 미확인)",unknown,unverified,unknown,unknown,unknown,,review_required,domain_inferred,"VB 도메인 기반 분류. image_source 미기록, image_license 미기록. 공식 이용약관 미확인 — 상업 사용 개별 허가 필요."
busan-F-00001,https://www.visitbusan.net/uploadImgs/files/cntnts/20191209162810545_ttiel,www.visitbusan.net,editorial_tourism,https://www.visitbusan.net/kr/index.do?menuCd=DOM_000000201002001000&uc_seq=70&lang_cd=ko,,2026-07-25,"VisitBusan / 부산광역시 (도메인 추정, 미확인)",unknown,unverified,unknown,unknown,unknown,,review_required,domain_inferred,"VB 도메인 기반 분류. image_source 미기록, image_license 미기록. 공식 이용약관 미확인 — 상업 사용 개별 허가 필요."
busan-F-00002,https://www.visitbusan.net/uploadImgs/files/cntnts/20250515120924874_ttiel,www.visitbusan.net,editorial_tourism,https://www.visitbusan.net/kr/index.do?menuCd=DOM_000000201002001000&uc_seq=72&lang_cd=ko,,2026-07-25,"VisitBusan / 부산광역시 (도메인 추정, 미확인)",unknown,unverified,unknown,unknown,unknown,,review_required,domain_inferred,"VB 도메인 기반 분류. image_source 미기록, image_license 미기록. 공식 이용약관 미확인 — 상업 사용 개별 허가 필요."
busan-F-00003,https://www.visitbusan.net/uploadImgs/files/cntnts/20191217101816206_ttiel,www.visitbusan.net,editorial_tourism,https://www.visitbusan.net/kr/index.do?menuCd=DOM_000000201002001000&uc_seq=77&lang_cd=ko,,2026-07-25,"VisitBusan / 부산광역시 (도메인 추정, 미확인)",unknown,unverified,unknown,unknown,unknown,,review_required,domain_inferred,"VB 도메인 기반 분류. image_source 미기록, image_license 미기록. 공식 이용약관 미확인 — 상업 사용 개별 허가 필요."
busan-F-00004,https://www.visitbusan.net/uploadImgs/files/cntnts/20240418142402873_ttiel,www.visitbusan.net,editorial_tourism,https://www.visitbusan.net/kr/index.do?menuCd=DOM_000000201002001000&uc_seq=83&lang_cd=ko,,2026-07-25,"VisitBusan / 부산광역시 (도메인 추정, 미확인)",unknown,unverified,unknown,unknown,unknown,,review_required,domain_inferred,"VB 도메인 기반 분류. image_source 미기록, image_license 미기록. 공식 이용약관 미확인 — 상업 사용 개별 허가 필요."
busan-F-00005,https://www.visitbusan.net/uploadImgs/files/cntnts/20240417140858880_ttiel,www.visitbusan.net,editorial_tourism,https://www.visitbusan.net/kr/index.do?menuCd=DOM_000000201002001000&uc_seq=87&lang_cd=ko,,2026-07-25,"VisitBusan / 부산광역시 (도메인 추정, 미확인)",unknown,unverified,unknown,unknown,unknown,,review_required,domain_inferred,"VB 도메인 기반 분류. image_source 미기록, image_license 미기록. 공식 이용약관 미확인 — 상업 사용 개별 허가 필요."
busan-F-00006,https://www.visitbusan.net/uploadImgs/files/cntnts/20240417143908074_ttiel,www.visitbusan.net,editorial_tourism,https://www.visitbusan.net/kr/index.do?menuCd=DOM_000000201002001000&uc_seq=92&lang_cd=ko,,2026-07-25,"VisitBusan / 부산광역시 (도메인 추정, 미확인)",unknown,unverified,unknown,unknown,unknown,,review_required,domain_inferred,"VB 도메인 기반 분류. image_source 미기록, image_license 미기록. 공식 이용약관 미확인 — 상업 사용 개별 허가 필요."
busan-F-00007,https://www.visitbusan.net/uploadImgs/files/cntnts/20191217201857896_ttiel,www.visitbusan.net,editorial_tourism,https://www.visitbusan.net/kr/index.do?menuCd=DOM_000000201002001000&uc_seq=94&lang_cd=ko,,2026-07-25,"VisitBusan / 부산광역시 (도메인 추정, 미확인)",unknown,unverified,unknown,unknown,unknown,,review_required,domain_inferred,"VB 도메인 기반 분류. image_source 미기록, image_license 미기록. 공식 이용약관 미확인 — 상업 사용 개별 허가 필요."
busan-F-00008,https://www.visitbusan.net/uploadImgs/files/cntnts/20240418134454110_ttiel,www.visitbusan.net,editorial_tourism,https://www.visitbusan.net/kr/index.do?menuCd=DOM_000000201002001000&uc_seq=95&lang_cd=ko,,2026-07-25,"VisitBusan / 부산광역시 (도메인 추정, 미확인)",unknown,unverified,unknown,unknown,unknown,,review_required,domain_inferred,"VB 도메인 기반 분류. image_source 미기록, image_license 미기록. 공식 이용약관 미확인 — 상업 사용 개별 허가 필요."
busan-F-00009,https://www.visitbusan.net/uploadImgs/files/cntnts/20230605153300303_ttiel,www.visitbusan.net,editorial_tourism,https://www.visitbusan.net/kr/index.do?menuCd=DOM_000000201002001000&uc_seq=102&lang_cd=ko,,2026-07-25,"VisitBusan / 부산광역시 (도메인 추정, 미확인)",unknown,unverified,unknown,unknown,unknown,,review_required,domain_inferred,"VB 도메인 기반 분류. image_source 미기록, image_license 미기록. 공식 이용약관 미확인 — 상업 사용 개별 허가 필요."
busan-F-00010,https://www.visitbusan.net/uploadImgs/files/cntnts/20240419092440105_ttiel,www.visitbusan.net,editorial_tourism,https://www.visitbusan.net/kr/index.do?menuCd=DOM_000000201002001000&uc_seq=103&lang_cd=ko,,2026-07-25,"VisitBusan / 부산광역시 (도메인 추정, 미확인)",unknown,unverified,unknown,unknown,unknown,,review_required,domain_inferred,"VB 도메인 기반 분류. image_source 미기록, image_license 미기록. 공식 이용약관 미확인 — 상업 사용 개별 허가 필요."
busan-F-00011,https://www.visitbusan.net/uploadImgs/files/cntnts/20230525160402713_ttiel,www.visitbusan.net,editorial_tourism,https://www.visitbusan.net/kr/index.do?menuCd=DOM_000000201002001000&uc_seq=107&lang_cd=ko,,2026-07-25,"VisitBusan / 부산광역시 (도메인 추정, 미확인)",unknown,unverified,unknown,unknown,unknown,,review_required,domain_inferred,"VB 도메인 기반 분류. image_source 미기록, image_license 미기록. 공식 이용약관 미확인 — 상업 사용 개별 허가 필요."
busan-F-00012,https://www.visitbusan.net/uploadImgs/files/cntnts/20240419094840707_ttiel,www.visitbusan.net,editorial_tourism,https://www.visitbusan.net/kr/index.do?menuCd=DOM_000000201002001000&uc_seq=109&lang_cd=ko,,2026-07-25,"VisitBusan / 부산광역시 (도메인 추정, 미확인)",unknown,unverified,unknown,unknown,unknown,,review_required,domain_inferred,"VB 도메인 기반 분류. image_source 미기록, image_license 미기록. 공식 이용약관 미확인 — 상업 사용 개별 허가 필요."
busan-F-00013,https://www.visitbusan.net/uploadImgs/files/cntnts/20240419101804650_ttiel,www.visitbusan.net,editorial_tourism,https://www.visitbusan.net/kr/index.do?menuCd=DOM_000000201002001000&uc_seq=112&lang_cd=ko,,2026-07-25,"VisitBusan / 부산광역시 (도메인 추정, 미확인)",unknown,unverified,unknown,unknown,unknown,,review_required,domain_inferred,"VB 도메인 기반 분류. image_source 미기록, image_license 미기록. 공식 이용약관 미확인 — 상업 사용 개별 허가 필요."
busan-F-00014,https://www.visitbusan.net/uploadImgs/files/cntnts/20240419100256721_ttiel,www.visitbusan.net,editorial_tourism,https://www.visitbusan.net/kr/index.do?menuCd=DOM_000000201002001000&uc_seq=118&lang_cd=ko,,2026-07-25,"VisitBusan / 부산광역시 (도메인 추정, 미확인)",unknown,unverified,unknown,unknown,unknown,,review_required,domain_inferred,"VB 도메인 기반 분류. image_source 미기록, image_license 미기록. 공식 이용약관 미확인 — 상업 사용 개별 허가 필요."
busan-F-00015,https://www.visitbusan.net/uploadImgs/files/cntnts/20240419113018528_ttiel,www.visitbusan.net,editorial_tourism,https://www.visitbusan.net/kr/index.do?menuCd=DOM_000000201002001000&uc_seq=124&lang_cd=ko,,2026-07-25,"VisitBusan / 부산광역시 (도메인 추정, 미확인)",unknown,unverified,unknown,unknown,unknown,,review_required,domain_inferred,"VB 도메인 기반 분류. image_source 미기록, image_license 미기록. 공식 이용약관 미확인 — 상업 사용 개별 허가 필요."
busan-F-00016,https://www.visitbusan.net/uploadImgs/files/cntnts/20250515123503040_ttiel,www.visitbusan.net,editorial_tourism,https://www.visitbusan.net/kr/index.do?menuCd=DOM_000000201002001000&uc_seq=127&lang_cd=ko,,2026-07-25,"VisitBusan / 부산광역시 (도메인 추정, 미확인)",unknown,unverified,unknown,unknown,unknown,,review_required,domain_inferred,"VB 도메인 기반 분류. image_source 미기록, image_license 미기록. 공식 이용약관 미확인 — 상업 사용 개별 허가 필요."
busan-F-00017,https://www.visitbusan.net/uploadImgs/files/cntnts/20230608145054469_ttiel,www.visitbusan.net,editorial_tourism,https://www.visitbusan.net/kr/index.do?menuCd=DOM_000000201002001000&uc_seq=130&lang_cd=ko,,2026-07-25,"VisitBusan / 부산광역시 (도메인 추정, 미확인)",unknown,unverified,unknown,unknown,unknown,,review_required,domain_inferred,"VB 도메인 기반 분류. image_source 미기록, image_license 미기록. 공식 이용약관 미확인 — 상업 사용 개별 허가 필요."
busan-F-00018,https://www.visitbusan.net/uploadImgs/files/cntnts/20230607170754019_ttiel,www.visitbusan.net,editorial_tourism,https://www.visitbusan.net/kr/index.do?menuCd=DOM_000000201002001000&uc_seq=138&lang_cd=ko,,2026-07-25,"VisitBusan / 부산광역시 (도메인 추정, 미확인)",unknown,unverified,unknown,unknown,unknown,,review_required,domain_inferred,"VB 도메인 기반 분류. image_source 미기록, image_license 미기록. 공식 이용약관 미확인 — 상업 사용 개별 허가 필요."
busan-F-00019,https://www.visitbusan.net/uploadImgs/files/cntnts/20240419125908808_ttiel,www.visitbusan.net,editorial_tourism,https://www.visitbusan.net/kr/index.do?menuCd=DOM_000000201002001000&uc_seq=141&lang_cd=ko,,2026-07-25,"VisitBusan / 부산광역시 (도메인 추정, 미확인)",unknown,unverified,unknown,unknown,unknown,,review_required,domain_inferred,"VB 도메인 기반 분류. image_source 미기록, image_license 미기록. 공식 이용약관 미확인 — 상업 사용 개별 허가 필요."
busan-F-00020,https://www.visitbusan.net/uploadImgs/files/cntnts/20240419130448560_ttiel,www.visitbusan.net,editorial_tourism,https://www.visitbusan.net/kr/index.do?menuCd=DOM_000000201002001000&uc_seq=146&lang_cd=ko,,2026-07-25,"VisitBusan / 부산광역시 (도메인 추정, 미확인)",unknown,unverified,unknown,unknown,unknown,,review_required,domain_inferred,"VB 도메인 기반 분류. image_source 미기록, image_license 미기록. 공식 이용약관 미확인 — 상업 사용 개별 허가 필요."
busan-F-00021,https://www.visitbusan.net/uploadImgs/files/cntnts/20191219100305084_ttiel,www.visitbusan.net,editorial_tourism,https://www.visitbusan.net/kr/index.do?menuCd=DOM_000000201002001000&uc_seq=152&lang_cd=ko,,2026-07-25,"VisitBusan / 부산광역시 (도메인 추정, 미확인)",unknown,unverified,unknown,unknown,unknown,,review_required,domain_inferred,"VB 도메인 기반 분류. image_source 미기록, image_license 미기록. 공식 이용약관 미확인 — 상업 사용 개별 허가 필요."
busan-F-00022,https://www.visitbusan.net/uploadImgs/files/cntnts/20240419134206865_ttiel,www.visitbusan.net,editorial_tourism,https://www.visitbusan.net/kr/index.do?menuCd=DOM_000000201002001000&uc_seq=154&lang_cd=ko,,2026-07-25,"VisitBusan / 부산광역시 (도메인 추정, 미확인)",unknown,unverified,unknown,unknown,unknown,,review_required,domain_inferred,"VB 도메인 기반 분류. image_source 미기록, image_license 미기록. 공식 이용약관 미확인 — 상업 사용 개별 허가 필요."
busan-F-00023,https://www.visitbusan.net/uploadImgs/files/cntnts/20191219101750249_ttiel,www.visitbusan.net,editorial_tourism,https://www.visitbusan.net/kr/index.do?menuCd=DOM_000000201002001000&uc_seq=156&lang_cd=ko,,2026-07-25,"VisitBusan / 부산광역시 (도메인 추정, 미확인)",unknown,unverified,unknown,unknown,unknown,,review_required,domain_inferred,"VB 도메인 기반 분류. image_source 미기록, image_license 미기록. 공식 이용약관 미확인 — 상업 사용 개별 허가 필요."
busan-F-00024,https://www.visitbusan.net/uploadImgs/files/cntnts/20230531123640913_ttiel,www.visitbusan.net,editorial_tourism,https://www.visitbusan.net/kr/index.do?menuCd=DOM_000000201002001000&uc_seq=158&lang_cd=ko,,2026-07-25,"VisitBusan / 부산광역시 (도메인 추정, 미확인)",unknown,unverified,unknown,unknown,unknown,,review_required,domain_inferred,"VB 도메인 기반 분류. image_source 미기록, image_license 미기록. 공식 이용약관 미확인 — 상업 사용 개별 허가 필요."
busan-F-00025,https://www.visitbusan.net/uploadImgs/files/cntnts/20200818130348030_ttiel,www.visitbusan.net,editorial_tourism,https://www.visitbusan.net/kr/index.do?menuCd=DOM_000000201002001000&uc_seq=163&lang_cd=ko,,2026-07-25,"VisitBusan / 부산광역시 (도메인 추정, 미확인)",unknown,unverified,unknown,unknown,unknown,,review_required,domain_inferred,"VB 도메인 기반 분류. image_source 미기록, image_license 미기록. 공식 이용약관 미확인 — 상업 사용 개별 허가 필요."
busan-F-00026,https://www.visitbusan.net/uploadImgs/files/cntnts/20230608100341246_ttiel,www.visitbusan.net,editorial_tourism,https://www.visitbusan.net/kr/index.do?menuCd=DOM_000000201002001000&uc_seq=164&lang_cd=ko,,2026-07-25,"VisitBusan / 부산광역시 (도메인 추정, 미확인)",unknown,unverified,unknown,unknown,unknown,,review_required,domain_inferred,"VB 도메인 기반 분류. image_source 미기록, image_license 미기록. 공식 이용약관 미확인 — 상업 사용 개별 허가 필요."
busan-F-00027,https://www.visitbusan.net/uploadImgs/files/cntnts/20240419174000260_ttiel,www.visitbusan.net,editorial_tourism,https://www.visitbusan.net/kr/index.do?menuCd=DOM_000000201002001000&uc_seq=166&lang_cd=ko,,2026-07-25,"VisitBusan / 부산광역시 (도메인 추정, 미확인)",unknown,unverified,unknown,unknown,unknown,,review_required,domain_inferred,"VB 도메인 기반 분류. image_source 미기록, image_license 미기록. 공식 이용약관 미확인 — 상업 사용 개별 허가 필요."
busan-F-00028,https://www.visitbusan.net/uploadImgs/files/cntnts/20230605170838962_ttiel,www.visitbusan.net,editorial_tourism,https://www.visitbusan.net/kr/index.do?menuCd=DOM_000000201002001000&uc_seq=167&lang_cd=ko,,2026-07-25,"VisitBusan / 부산광역시 (도메인 추정, 미확인)",unknown,unverified,unknown,unknown,unknown,,review_required,domain_inferred,"VB 도메인 기반 분류. image_source 미기록, image_license 미기록. 공식 이용약관 미확인 — 상업 사용 개별 허가 필요."
busan-F-00029,https://www.visitbusan.net/uploadImgs/files/cntnts/20191219104936271_ttiel,www.visitbusan.net,editorial_tourism,https://www.visitbusan.net/kr/index.do?menuCd=DOM_000000201002001000&uc_seq=169&lang_cd=ko,,2026-07-25,"VisitBusan / 부산광역시 (도메인 추정, 미확인)",unknown,unverified,unknown,unknown,unknown,,review_required,domain_inferred,"VB 도메인 기반 분류. image_source 미기록, image_license 미기록. 공식 이용약관 미확인 — 상업 사용 개별 허가 필요."
busan-F-00030,https://www.visitbusan.net/uploadImgs/files/cntnts/20240416143124508_ttiel,www.visitbusan.net,editorial_tourism,https://www.visitbusan.net/kr/index.do?menuCd=DOM_000000201002001000&uc_seq=174&lang_cd=ko,,2026-07-25,"VisitBusan / 부산광역시 (도메인 추정, 미확인)",unknown,unverified,unknown,unknown,unknown,,review_required,domain_inferred,"VB 도메인 기반 분류. image_source 미기록, image_license 미기록. 공식 이용약관 미확인 — 상업 사용 개별 허가 필요."
busan-F-00031,https://www.visitbusan.net/uploadImgs/files/cntnts/20240417163511863_ttiel,www.visitbusan.net,editorial_tourism,https://www.visitbusan.net/kr/index.do?menuCd=DOM_000000201002001000&uc_seq=177&lang_cd=ko,,2026-07-25,"VisitBusan / 부산광역시 (도메인 추정, 미확인)",unknown,unverified,unknown,unknown,unknown,,review_required,domain_inferred,"VB 도메인 기반 분류. image_source 미기록, image_license 미기록. 공식 이용약관 미확인 — 상업 사용 개별 허가 필요."
busan-F-00032,https://www.visitbusan.net/uploadImgs/files/cntnts/20240418090456625_ttiel,www.visitbusan.net,editorial_tourism,https://www.visitbusan.net/kr/index.do?menuCd=DOM_000000201002001000&uc_seq=184&lang_cd=ko,,2026-07-25,"VisitBusan / 부산광역시 (도메인 추정, 미확인)",unknown,unverified,unknown,unknown,unknown,,review_required,domain_inferred,"VB 도메인 기반 분류. image_source 미기록, image_license 미기록. 공식 이용약관 미확인 — 상업 사용 개별 허가 필요."
busan-F-00033,https://www.visitbusan.net/uploadImgs/files/cntnts/20191219134018171_ttiel,www.visitbusan.net,editorial_tourism,https://www.visitbusan.net/kr/index.do?menuCd=DOM_000000201002001000&uc_seq=190&lang_cd=ko,,2026-07-25,"VisitBusan / 부산광역시 (도메인 추정, 미확인)",unknown,unverified,unknown,unknown,unknown,,review_required,domain_inferred,"VB 도메인 기반 분류. image_source 미기록, image_license 미기록. 공식 이용약관 미확인 — 상업 사용 개별 허가 필요."
busan-F-00034,https://www.visitbusan.net/uploadImgs/files/cntnts/20240422090815838_ttiel,www.visitbusan.net,editorial_tourism,https://www.visitbusan.net/kr/index.do?menuCd=DOM_000000201002001000&uc_seq=193&lang_cd=ko,,2026-07-25,"VisitBusan / 부산광역시 (도메인 추정, 미확인)",unknown,unverified,unknown,unknown,unknown,,review_required,domain_inferred,"VB 도메인 기반 분류. image_source 미기록, image_license 미기록. 공식 이용약관 미확인 — 상업 사용 개별 허가 필요."
busan-F-00035,https://www.visitbusan.net/uploadImgs/files/cntnts/20240417173744613_ttiel,www.visitbusan.net,editorial_tourism,https://www.visitbusan.net/kr/index.do?menuCd=DOM_000000201002001000&uc_seq=198&lang_cd=ko,,2026-07-25,"VisitBusan / 부산광역시 (도메인 추정, 미확인)",unknown,unverified,unknown,unknown,unknown,,review_required,domain_inferred,"VB 도메인 기반 분류. image_source 미기록, image_license 미기록. 공식 이용약관 미확인 — 상업 사용 개별 허가 필요."
busan-F-00036,https://www.visitbusan.net/uploadImgs/files/cntnts/20240418090136482_ttiel,www.visitbusan.net,editorial_tourism,https://www.visitbusan.net/kr/index.do?menuCd=DOM_000000201002001000&uc_seq=200&lang_cd=ko,,2026-07-25,"VisitBusan / 부산광역시 (도메인 추정, 미확인)",unknown,unverified,unknown,unknown,unknown,,review_required,domain_inferred,"VB 도메인 기반 분류. image_source 미기록, image_license 미기록. 공식 이용약관 미확인 — 상업 사용 개별 허가 필요."
busan-F-00037,https://www.visitbusan.net/uploadImgs/files/cntnts/20191219141936064_ttiel,www.visitbusan.net,editorial_tourism,https://www.visitbusan.net/kr/index.do?menuCd=DOM_000000201002001000&uc_seq=201&lang_cd=ko,,2026-07-25,"VisitBusan / 부산광역시 (도메인 추정, 미확인)",unknown,unverified,unknown,unknown,unknown,,review_required,domain_inferred,"VB 도메인 기반 분류. image_source 미기록, image_license 미기록. 공식 이용약관 미확인 — 상업 사용 개별 허가 필요."
busan-F-00038,https://www.visitbusan.net/uploadImgs/files/cntnts/20200819165333332_ttiel,www.visitbusan.net,editorial_tourism,https://www.visitbusan.net/kr/index.do?menuCd=DOM_000000201002001000&uc_seq=203&lang_cd=ko,,2026-07-25,"VisitBusan / 부산광역시 (도메인 추정, 미확인)",unknown,unverified,unknown,unknown,unknown,,review_required,domain_inferred,"VB 도메인 기반 분류. image_source 미기록, image_license 미기록. 공식 이용약관 미확인 — 상업 사용 개별 허가 필요."
busan-F-00039,https://www.visitbusan.net/uploadImgs/files/cntnts/20230607155733028_ttiel,www.visitbusan.net,editorial_tourism,https://www.visitbusan.net/kr/index.do?menuCd=DOM_000000201002001000&uc_seq=204&lang_cd=ko,,2026-07-25,"VisitBusan / 부산광역시 (도메인 추정, 미확인)",unknown,unverified,unknown,unknown,unknown,,review_required,domain_inferred,"VB 도메인 기반 분류. image_source 미기록, image_license 미기록. 공식 이용약관 미확인 — 상업 사용 개별 허가 필요."
busan-F-00040,https://www.visitbusan.net/uploadImgs/files/cntnts/20240418103113463_ttiel,www.visitbusan.net,editorial_tourism,https://www.visitbusan.net/kr/index.do?menuCd=DOM_000000201002001000&uc_seq=208&lang_cd=ko,,2026-07-25,"VisitBusan / 부산광역시 (도메인 추정, 미확인)",unknown,unverified,unknown,unknown,unknown,,review_required,domain_inferred,"VB 도메인 기반 분류. image_source 미기록, image_license 미기록. 공식 이용약관 미확인 — 상업 사용 개별 허가 필요."
busan-F-00041,https://www.visitbusan.net/uploadImgs/files/cntnts/20230608142501309_ttiel,www.visitbusan.net,editorial_tourism,https://www.visitbusan.net/kr/index.do?menuCd=DOM_000000201002001000&uc_seq=212&lang_cd=ko,,2026-07-25,"VisitBusan / 부산광역시 (도메인 추정, 미확인)",unknown,unverified,unknown,unknown,unknown,,review_required,domain_inferred,"VB 도메인 기반 분류. image_source 미기록, image_license 미기록. 공식 이용약관 미확인 — 상업 사용 개별 허가 필요."
busan-F-00042,https://www.visitbusan.net/uploadImgs/files/cntnts/20230523145317638_ttiel,www.visitbusan.net,editorial_tourism,https://www.visitbusan.net/kr/index.do?menuCd=DOM_000000201002001000&uc_seq=214&lang_cd=ko,,2026-07-25,"VisitBusan / 부산광역시 (도메인 추정, 미확인)",unknown,unverified,unknown,unknown,unknown,,review_required,domain_inferred,"VB 도메인 기반 분류. image_source 미기록, image_license 미기록. 공식 이용약관 미확인 — 상업 사용 개별 허가 필요."
busan-F-00043,https://www.visitbusan.net/uploadImgs/files/cntnts/20191219153031872_ttiel,www.visitbusan.net,editorial_tourism,https://www.visitbusan.net/kr/index.do?menuCd=DOM_000000201002001000&uc_seq=215&lang_cd=ko,,2026-07-25,"VisitBusan / 부산광역시 (도메인 추정, 미확인)",unknown,unverified,unknown,unknown,unknown,,review_required,domain_inferred,"VB 도메인 기반 분류. image_source 미기록, image_license 미기록. 공식 이용약관 미확인 — 상업 사용 개별 허가 필요."
busan-F-00044,https://www.visitbusan.net/uploadImgs/files/cntnts/20240416153630841_ttiel,www.visitbusan.net,editorial_tourism,,,2026-07-25,"VisitBusan / 부산광역시 (도메인 추정, 미확인)",unknown,unverified,unknown,unknown,unknown,,review_required,domain_inferred,"VB 도메인 기반 분류. image_source 미기록, image_license 미기록. 공식 이용약관 미확인 — 상업 사용 개별 허가 필요."
busan-F-00045,https://www.visitbusan.net/uploadImgs/files/cntnts/20220513092736141_ttiel,www.visitbusan.net,editorial_tourism,https://www.visitbusan.net/kr/index.do?menuCd=DOM_000000201002001000&uc_seq=234&lang_cd=ko,,2026-07-25,"VisitBusan / 부산광역시 (도메인 추정, 미확인)",unknown,unverified,unknown,unknown,unknown,,review_required,domain_inferred,"VB 도메인 기반 분류. image_source 미기록, image_license 미기록. 공식 이용약관 미확인 — 상업 사용 개별 허가 필요."
busan-F-00046,https://www.visitbusan.net/uploadImgs/files/cntnts/20240417092928274_ttiel,www.visitbusan.net,editorial_tourism,https://www.visitbusan.net/kr/index.do?menuCd=DOM_000000201002001000&uc_seq=235&lang_cd=ko,,2026-07-25,"VisitBusan / 부산광역시 (도메인 추정, 미확인)",unknown,unverified,unknown,unknown,unknown,,review_required,domain_inferred,"VB 도메인 기반 분류. image_source 미기록, image_license 미기록. 공식 이용약관 미확인 — 상업 사용 개별 허가 필요."
busan-F-00047,https://www.visitbusan.net/uploadImgs/files/cntnts/20240417103325942_ttiel,www.visitbusan.net,editorial_tourism,https://www.visitbusan.net/kr/index.do?menuCd=DOM_000000201002001000&uc_seq=239&lang_cd=ko,,2026-07-25,"VisitBusan / 부산광역시 (도메인 추정, 미확인)",unknown,unverified,unknown,unknown,unknown,,review_required,domain_inferred,"VB 도메인 기반 분류. image_source 미기록, image_license 미기록. 공식 이용약관 미확인 — 상업 사용 개별 허가 필요."
busan-F-00048,https://www.visitbusan.net/uploadImgs/files/cntnts/20191220111654951_ttiel,www.visitbusan.net,editorial_tourism,https://www.visitbusan.net/kr/index.do?menuCd=DOM_000000201002001000&uc_seq=242&lang_cd=ko,,2026-07-25,"VisitBusan / 부산광역시 (도메인 추정, 미확인)",unknown,unverified,unknown,unknown,unknown,,review_required,domain_inferred,"VB 도메인 기반 분류. image_source 미기록, image_license 미기록. 공식 이용약관 미확인 — 상업 사용 개별 허가 필요."
busan-F-00049,https://www.visitbusan.net/uploadImgs/files/cntnts/20230601112526719_ttiel,www.visitbusan.net,editorial_tourism,https://www.visitbusan.net/kr/index.do?menuCd=DOM_000000201002001000&uc_seq=245&lang_cd=ko,,2026-07-25,"VisitBusan / 부산광역시 (도메인 추정, 미확인)",unknown,unverified,unknown,unknown,unknown,,review_required,domain_inferred,"VB 도메인 기반 분류. image_source 미기록, image_license 미기록. 공식 이용약관 미확인 — 상업 사용 개별 허가 필요."
busan-F-00050,https://www.visitbusan.net/uploadImgs/files/cntnts/20240416171620563_ttiel,www.visitbusan.net,editorial_tourism,https://www.visitbusan.net/kr/index.do?menuCd=DOM_000000201002001000&uc_seq=246&lang_cd=ko,,2026-07-25,"VisitBusan / 부산광역시 (도메인 추정, 미확인)",unknown,unverified,unknown,unknown,unknown,,review_required,domain_inferred,"VB 도메인 기반 분류. image_source 미기록, image_license 미기록. 공식 이용약관 미확인 — 상업 사용 개별 허가 필요."
busan-F-00051,https://www.visitbusan.net/uploadImgs/files/cntnts/20220512102852754_ttiel,www.visitbusan.net,editorial_tourism,https://www.visitbusan.net/kr/index.do?menuCd=DOM_000000201002001000&uc_seq=252&lang_cd=ko,,2026-07-25,"VisitBusan / 부산광역시 (도메인 추정, 미확인)",unknown,unverified,unknown,unknown,unknown,,review_required,domain_inferred,"VB 도메인 기반 분류. image_source 미기록, image_license 미기록. 공식 이용약관 미확인 — 상업 사용 개별 허가 필요."
busan-F-00052,https://www.visitbusan.net/uploadImgs/files/cntnts/20230525155402064_ttiel,www.visitbusan.net,editorial_tourism,https://www.visitbusan.net/kr/index.do?menuCd=DOM_000000201002001000&uc_seq=564&lang_cd=ko,,2026-07-25,"VisitBusan / 부산광역시 (도메인 추정, 미확인)",unknown,unverified,unknown,unknown,unknown,,review_required,domain_inferred,"VB 도메인 기반 분류. image_source 미기록, image_license 미기록. 공식 이용약관 미확인 — 상업 사용 개별 허가 필요."
busan-F-00053,https://www.visitbusan.net/uploadImgs/files/cntnts/20240416172624208_ttiel,www.visitbusan.net,editorial_tourism,https://www.visitbusan.net/kr/index.do?menuCd=DOM_000000201002001000&uc_seq=566&lang_cd=ko,,2026-07-25,"VisitBusan / 부산광역시 (도메인 추정, 미확인)",unknown,unverified,unknown,unknown,unknown,,review_required,domain_inferred,"VB 도메인 기반 분류. image_source 미기록, image_license 미기록. 공식 이용약관 미확인 — 상업 사용 개별 허가 필요."
busan-F-00054,https://www.visitbusan.net/uploadImgs/files/cntnts/20240418143145988_ttiel,www.visitbusan.net,editorial_tourism,https://www.visitbusan.net/kr/index.do?menuCd=DOM_000000201002001000&uc_seq=576&lang_cd=ko,,2026-07-25,"VisitBusan / 부산광역시 (도메인 추정, 미확인)",unknown,unverified,unknown,unknown,unknown,,review_required,domain_inferred,"VB 도메인 기반 분류. image_source 미기록, image_license 미기록. 공식 이용약관 미확인 — 상업 사용 개별 허가 필요."
busan-F-00055,https://www.visitbusan.net/uploadImgs/files/cntnts/20200818134302422_ttiel,www.visitbusan.net,editorial_tourism,https://www.visitbusan.net/kr/index.do?menuCd=DOM_000000201002001000&uc_seq=577&lang_cd=ko,,2026-07-25,"VisitBusan / 부산광역시 (도메인 추정, 미확인)",unknown,unverified,unknown,unknown,unknown,,review_required,domain_inferred,"VB 도메인 기반 분류. image_source 미기록, image_license 미기록. 공식 이용약관 미확인 — 상업 사용 개별 허가 필요."
busan-F-00056,https://www.visitbusan.net/uploadImgs/files/cntnts/20240415163345618_ttiel,www.visitbusan.net,editorial_tourism,https://www.visitbusan.net/kr/index.do?menuCd=DOM_000000201002001000&uc_seq=865&lang_cd=ko,,2026-07-25,"VisitBusan / 부산광역시 (도메인 추정, 미확인)",unknown,unverified,unknown,unknown,unknown,,review_required,domain_inferred,"VB 도메인 기반 분류. image_source 미기록, image_license 미기록. 공식 이용약관 미확인 — 상업 사용 개별 허가 필요."
busan-F-00057,https://www.visitbusan.net/uploadImgs/files/cntnts/20240415175213819_ttiel,www.visitbusan.net,editorial_tourism,https://www.visitbusan.net/kr/index.do?menuCd=DOM_000000201002001000&uc_seq=872&lang_cd=ko,,2026-07-25,"VisitBusan / 부산광역시 (도메인 추정, 미확인)",unknown,unverified,unknown,unknown,unknown,,review_required,domain_inferred,"VB 도메인 기반 분류. image_source 미기록, image_license 미기록. 공식 이용약관 미확인 — 상업 사용 개별 허가 필요."
busan-F-00058,https://www.visitbusan.net/uploadImgs/files/cntnts/20200819144753937_ttiel,www.visitbusan.net,editorial_tourism,https://www.visitbusan.net/kr/index.do?menuCd=DOM_000000201002001000&uc_seq=877&lang_cd=ko,,2026-07-25,"VisitBusan / 부산광역시 (도메인 추정, 미확인)",unknown,unverified,unknown,unknown,unknown,,review_required,domain_inferred,"VB 도메인 기반 분류. image_source 미기록, image_license 미기록. 공식 이용약관 미확인 — 상업 사용 개별 허가 필요."
busan-F-00059,https://www.visitbusan.net/uploadImgs/files/cntnts/20240416144911943_ttiel,www.visitbusan.net,editorial_tourism,https://www.visitbusan.net/kr/index.do?menuCd=DOM_000000201002001000&uc_seq=884&lang_cd=ko,,2026-07-25,"VisitBusan / 부산광역시 (도메인 추정, 미확인)",unknown,unverified,unknown,unknown,unknown,,review_required,domain_inferred,"VB 도메인 기반 분류. image_source 미기록, image_license 미기록. 공식 이용약관 미확인 — 상업 사용 개별 허가 필요."
busan-F-00060,https://www.visitbusan.net/uploadImgs/files/cntnts/20200819150211450_ttiel,www.visitbusan.net,editorial_tourism,https://www.visitbusan.net/kr/index.do?menuCd=DOM_000000201002001000&uc_seq=886&lang_cd=ko,,2026-07-25,"VisitBusan / 부산광역시 (도메인 추정, 미확인)",unknown,unverified,unknown,unknown,unknown,,review_required,domain_inferred,"VB 도메인 기반 분류. image_source 미기록, image_license 미기록. 공식 이용약관 미확인 — 상업 사용 개별 허가 필요."
busan-F-00061,https://www.visitbusan.net/uploadImgs/files/cntnts/20200820090928003_ttiel,www.visitbusan.net,editorial_tourism,https://www.visitbusan.net/kr/index.do?menuCd=DOM_000000201002001000&uc_seq=887&lang_cd=ko,,2026-07-25,"VisitBusan / 부산광역시 (도메인 추정, 미확인)",unknown,unverified,unknown,unknown,unknown,,review_required,domain_inferred,"VB 도메인 기반 분류. image_source 미기록, image_license 미기록. 공식 이용약관 미확인 — 상업 사용 개별 허가 필요."
busan-F-00062,https://www.visitbusan.net/uploadImgs/files/cntnts/20230603134954264_ttiel,www.visitbusan.net,editorial_tourism,https://www.visitbusan.net/kr/index.do?menuCd=DOM_000000201002001000&uc_seq=890&lang_cd=ko,,2026-07-25,"VisitBusan / 부산광역시 (도메인 추정, 미확인)",unknown,unverified,unknown,unknown,unknown,,review_required,domain_inferred,"VB 도메인 기반 분류. image_source 미기록, image_license 미기록. 공식 이용약관 미확인 — 상업 사용 개별 허가 필요."
busan-F-00063,https://www.visitbusan.net/uploadImgs/files/cntnts/20200818153601185_ttiel,www.visitbusan.net,editorial_tourism,https://www.visitbusan.net/kr/index.do?menuCd=DOM_000000201002001000&uc_seq=893&lang_cd=ko,,2026-07-25,"VisitBusan / 부산광역시 (도메인 추정, 미확인)",unknown,unverified,unknown,unknown,unknown,,review_required,domain_inferred,"VB 도메인 기반 분류. image_source 미기록, image_license 미기록. 공식 이용약관 미확인 — 상업 사용 개별 허가 필요."
busan-F-00064,https://www.visitbusan.net/uploadImgs/files/cntnts/20250515155412591_ttiel,www.visitbusan.net,editorial_tourism,https://www.visitbusan.net/kr/index.do?menuCd=DOM_000000201002001000&uc_seq=899&lang_cd=ko,,2026-07-25,"VisitBusan / 부산광역시 (도메인 추정, 미확인)",unknown,unverified,unknown,unknown,unknown,,review_required,domain_inferred,"VB 도메인 기반 분류. image_source 미기록, image_license 미기록. 공식 이용약관 미확인 — 상업 사용 개별 허가 필요."
busan-F-00065,https://www.visitbusan.net/uploadImgs/files/cntnts/20230607173727769_ttiel,www.visitbusan.net,editorial_tourism,https://www.visitbusan.net/kr/index.do?menuCd=DOM_000000201002001000&uc_seq=904&lang_cd=ko,,2026-07-25,"VisitBusan / 부산광역시 (도메인 추정, 미확인)",unknown,unverified,unknown,unknown,unknown,,review_required,domain_inferred,"VB 도메인 기반 분류. image_source 미기록, image_license 미기록. 공식 이용약관 미확인 — 상업 사용 개별 허가 필요."
busan-F-00066,https://www.visitbusan.net/uploadImgs/files/cntnts/20230608114815119_ttiel,www.visitbusan.net,editorial_tourism,https://www.visitbusan.net/kr/index.do?menuCd=DOM_000000201002001000&uc_seq=917&lang_cd=ko,,2026-07-25,"VisitBusan / 부산광역시 (도메인 추정, 미확인)",unknown,unverified,unknown,unknown,unknown,,review_required,domain_inferred,"VB 도메인 기반 분류. image_source 미기록, image_license 미기록. 공식 이용약관 미확인 — 상업 사용 개별 허가 필요."
busan-F-00067,https://www.visitbusan.net/uploadImgs/files/cntnts/20240418142653242_ttiel,www.visitbusan.net,editorial_tourism,https://www.visitbusan.net/kr/index.do?menuCd=DOM_000000201002001000&uc_seq=920&lang_cd=ko,,2026-07-25,"VisitBusan / 부산광역시 (도메인 추정, 미확인)",unknown,unverified,unknown,unknown,unknown,,review_required,domain_inferred,"VB 도메인 기반 분류. image_source 미기록, image_license 미기록. 공식 이용약관 미확인 — 상업 사용 개별 허가 필요."
busan-F-00068,https://www.visitbusan.net/uploadImgs/files/cntnts/20240418140108273_ttiel,www.visitbusan.net,editorial_tourism,https://www.visitbusan.net/kr/index.do?menuCd=DOM_000000201002001000&uc_seq=926&lang_cd=ko,,2026-07-25,"VisitBusan / 부산광역시 (도메인 추정, 미확인)",unknown,unverified,unknown,unknown,unknown,,review_required,domain_inferred,"VB 도메인 기반 분류. image_source 미기록, image_license 미기록. 공식 이용약관 미확인 — 상업 사용 개별 허가 필요."
busan-F-00069,https://www.visitbusan.net/uploadImgs/files/cntnts/20200819172514790_ttiel,www.visitbusan.net,editorial_tourism,https://www.visitbusan.net/kr/index.do?menuCd=DOM_000000201002001000&uc_seq=928&lang_cd=ko,,2026-07-25,"VisitBusan / 부산광역시 (도메인 추정, 미확인)",unknown,unverified,unknown,unknown,unknown,,review_required,domain_inferred,"VB 도메인 기반 분류. image_source 미기록, image_license 미기록. 공식 이용약관 미확인 — 상업 사용 개별 허가 필요."
busan-F-00070,https://www.visitbusan.net/uploadImgs/files/cntnts/20200819103408604_ttiel,www.visitbusan.net,editorial_tourism,https://www.visitbusan.net/kr/index.do?menuCd=DOM_000000201002001000&uc_seq=929&lang_cd=ko,,2026-07-25,"VisitBusan / 부산광역시 (도메인 추정, 미확인)",unknown,unverified,unknown,unknown,unknown,,review_required,domain_inferred,"VB 도메인 기반 분류. image_source 미기록, image_license 미기록. 공식 이용약관 미확인 — 상업 사용 개별 허가 필요."
busan-F-00071,https://www.visitbusan.net/uploadImgs/files/cntnts/20200819105118416_ttiel,www.visitbusan.net,editorial_tourism,https://www.visitbusan.net/kr/index.do?menuCd=DOM_000000201002001000&uc_seq=933&lang_cd=ko,,2026-07-25,"VisitBusan / 부산광역시 (도메인 추정, 미확인)",unknown,unverified,unknown,unknown,unknown,,review_required,domain_inferred,"VB 도메인 기반 분류. image_source 미기록, image_license 미기록. 공식 이용약관 미확인 — 상업 사용 개별 허가 필요."
busan-F-00072,https://www.visitbusan.net/uploadImgs/files/cntnts/20200819110257649_ttiel,www.visitbusan.net,editorial_tourism,https://www.visitbusan.net/kr/index.do?menuCd=DOM_000000201002001000&uc_seq=936&lang_cd=ko,,2026-07-25,"VisitBusan / 부산광역시 (도메인 추정, 미확인)",unknown,unverified,unknown,unknown,unknown,,review_required,domain_inferred,"VB 도메인 기반 분류. image_source 미기록, image_license 미기록. 공식 이용약관 미확인 — 상업 사용 개별 허가 필요."
busan-F-00073,https://www.visitbusan.net/uploadImgs/files/cntnts/20200819112147736_ttiel,www.visitbusan.net,editorial_tourism,https://www.visitbusan.net/kr/index.do?menuCd=DOM_000000201002001000&uc_seq=942&lang_cd=ko,,2026-07-25,"VisitBusan / 부산광역시 (도메인 추정, 미확인)",unknown,unverified,unknown,unknown,unknown,,review_required,domain_inferred,"VB 도메인 기반 분류. image_source 미기록, image_license 미기록. 공식 이용약관 미확인 — 상업 사용 개별 허가 필요."
busan-F-00074,https://www.visitbusan.net/uploadImgs/files/cntnts/20240417155301384_ttiel,www.visitbusan.net,editorial_tourism,https://www.visitbusan.net/kr/index.do?menuCd=DOM_000000201002001000&uc_seq=944&lang_cd=ko,,2026-07-25,"VisitBusan / 부산광역시 (도메인 추정, 미확인)",unknown,unverified,unknown,unknown,unknown,,review_required,domain_inferred,"VB 도메인 기반 분류. image_source 미기록, image_license 미기록. 공식 이용약관 미확인 — 상업 사용 개별 허가 필요."
busan-F-00075,https://www.visitbusan.net/uploadImgs/files/cntnts/20200820091146813_ttiel,www.visitbusan.net,editorial_tourism,https://www.visitbusan.net/kr/index.do?menuCd=DOM_000000201002001000&uc_seq=949&lang_cd=ko,,2026-07-25,"VisitBusan / 부산광역시 (도메인 추정, 미확인)",unknown,unverified,unknown,unknown,unknown,,review_required,domain_inferred,"VB 도메인 기반 분류. image_source 미기록, image_license 미기록. 공식 이용약관 미확인 — 상업 사용 개별 허가 필요."
busan-F-00076,https://www.visitbusan.net/uploadImgs/files/cntnts/20240418102343022_ttiel,www.visitbusan.net,editorial_tourism,https://www.visitbusan.net/kr/index.do?menuCd=DOM_000000201002001000&uc_seq=950&lang_cd=ko,,2026-07-25,"VisitBusan / 부산광역시 (도메인 추정, 미확인)",unknown,unverified,unknown,unknown,unknown,,review_required,domain_inferred,"VB 도메인 기반 분류. image_source 미기록, image_license 미기록. 공식 이용약관 미확인 — 상업 사용 개별 허가 필요."
busan-F-00077,https://www.visitbusan.net/uploadImgs/files/cntnts/20200819154140644_ttiel,www.visitbusan.net,editorial_tourism,https://www.visitbusan.net/kr/index.do?menuCd=DOM_000000201002001000&uc_seq=953&lang_cd=ko,,2026-07-25,"VisitBusan / 부산광역시 (도메인 추정, 미확인)",unknown,unverified,unknown,unknown,unknown,,review_required,domain_inferred,"VB 도메인 기반 분류. image_source 미기록, image_license 미기록. 공식 이용약관 미확인 — 상업 사용 개별 허가 필요."
busan-F-00078,https://www.visitbusan.net/uploadImgs/files/cntnts/20200820091029413_ttiel,www.visitbusan.net,editorial_tourism,https://www.visitbusan.net/kr/index.do?menuCd=DOM_000000201002001000&uc_seq=958&lang_cd=ko,,2026-07-25,"VisitBusan / 부산광역시 (도메인 추정, 미확인)",unknown,unverified,unknown,unknown,unknown,,review_required,domain_inferred,"VB 도메인 기반 분류. image_source 미기록, image_license 미기록. 공식 이용약관 미확인 — 상업 사용 개별 허가 필요."
busan-F-00079,https://www.visitbusan.net/uploadImgs/files/cntnts/20230531122205481_ttiel,www.visitbusan.net,editorial_tourism,https://www.visitbusan.net/kr/index.do?menuCd=DOM_000000201002001000&uc_seq=959&lang_cd=ko,,2026-07-25,"VisitBusan / 부산광역시 (도메인 추정, 미확인)",unknown,unverified,unknown,unknown,unknown,,review_required,domain_inferred,"VB 도메인 기반 분류. image_source 미기록, image_license 미기록. 공식 이용약관 미확인 — 상업 사용 개별 허가 필요."
busan-F-00080,https://www.visitbusan.net/uploadImgs/files/cntnts/20200819132345743_ttiel,www.visitbusan.net,editorial_tourism,,,2026-07-25,"VisitBusan / 부산광역시 (도메인 추정, 미확인)",unknown,unverified,unknown,unknown,unknown,,review_required,domain_inferred,"VB 도메인 기반 분류. image_source 미기록, image_license 미기록. 공식 이용약관 미확인 — 상업 사용 개별 허가 필요."
busan-F-00081,https://www.visitbusan.net/uploadImgs/files/cntnts/20240417173451717_ttiel,www.visitbusan.net,editorial_tourism,https://www.visitbusan.net/kr/index.do?menuCd=DOM_000000201002001000&uc_seq=961&lang_cd=ko,,2026-07-25,"VisitBusan / 부산광역시 (도메인 추정, 미확인)",unknown,unverified,unknown,unknown,unknown,,review_required,domain_inferred,"VB 도메인 기반 분류. image_source 미기록, image_license 미기록. 공식 이용약관 미확인 — 상업 사용 개별 허가 필요."
busan-F-00082,https://www.visitbusan.net/uploadImgs/files/cntnts/20200819133843312_ttiel,www.visitbusan.net,editorial_tourism,https://www.visitbusan.net/kr/index.do?menuCd=DOM_000000201002001000&uc_seq=963&lang_cd=ko,,2026-07-25,"VisitBusan / 부산광역시 (도메인 추정, 미확인)",unknown,unverified,unknown,unknown,unknown,,review_required,domain_inferred,"VB 도메인 기반 분류. image_source 미기록, image_license 미기록. 공식 이용약관 미확인 — 상업 사용 개별 허가 필요."
busan-F-00083,https://www.visitbusan.net/uploadImgs/files/cntnts/20200819134238418_ttiel,www.visitbusan.net,editorial_tourism,https://www.visitbusan.net/kr/index.do?menuCd=DOM_000000201002001000&uc_seq=964&lang_cd=ko,,2026-07-25,"VisitBusan / 부산광역시 (도메인 추정, 미확인)",unknown,unverified,unknown,unknown,unknown,,review_required,domain_inferred,"VB 도메인 기반 분류. image_source 미기록, image_license 미기록. 공식 이용약관 미확인 — 상업 사용 개별 허가 필요."
busan-F-00084,https://www.visitbusan.net/uploadImgs/files/cntnts/20240418091306849_ttiel,www.visitbusan.net,editorial_tourism,https://www.visitbusan.net/kr/index.do?menuCd=DOM_000000201002001000&uc_seq=965&lang_cd=ko,,2026-07-25,"VisitBusan / 부산광역시 (도메인 추정, 미확인)",unknown,unverified,unknown,unknown,unknown,,review_required,domain_inferred,"VB 도메인 기반 분류. image_source 미기록, image_license 미기록. 공식 이용약관 미확인 — 상업 사용 개별 허가 필요."
busan-F-00085,https://www.visitbusan.net/uploadImgs/files/cntnts/20230607132213312_ttiel,www.visitbusan.net,editorial_tourism,https://www.visitbusan.net/kr/index.do?menuCd=DOM_000000201002001000&uc_seq=966&lang_cd=ko,,2026-07-25,"VisitBusan / 부산광역시 (도메인 추정, 미확인)",unknown,unverified,unknown,unknown,unknown,,review_required,domain_inferred,"VB 도메인 기반 분류. image_source 미기록, image_license 미기록. 공식 이용약관 미확인 — 상업 사용 개별 허가 필요."
busan-F-00086,https://www.visitbusan.net/uploadImgs/files/cntnts/20200819143114772_ttiel,www.visitbusan.net,editorial_tourism,https://www.visitbusan.net/kr/index.do?menuCd=DOM_000000201002001000&uc_seq=969&lang_cd=ko,,2026-07-25,"VisitBusan / 부산광역시 (도메인 추정, 미확인)",unknown,unverified,unknown,unknown,unknown,,review_required,domain_inferred,"VB 도메인 기반 분류. image_source 미기록, image_license 미기록. 공식 이용약관 미확인 — 상업 사용 개별 허가 필요."
busan-F-00087,https://www.visitbusan.net/uploadImgs/files/cntnts/20200819161305335_ttiel,www.visitbusan.net,editorial_tourism,https://www.visitbusan.net/kr/index.do?menuCd=DOM_000000201002001000&uc_seq=974&lang_cd=ko,,2026-07-25,"VisitBusan / 부산광역시 (도메인 추정, 미확인)",unknown,unverified,unknown,unknown,unknown,,review_required,domain_inferred,"VB 도메인 기반 분류. image_source 미기록, image_license 미기록. 공식 이용약관 미확인 — 상업 사용 개별 허가 필요."
busan-F-00088,https://www.visitbusan.net/uploadImgs/files/cntnts/20210415134915004_ttiel,www.visitbusan.net,editorial_tourism,https://www.visitbusan.net/kr/index.do?menuCd=DOM_000000201002001000&uc_seq=1065&lang_cd=ko,,2026-07-25,"VisitBusan / 부산광역시 (도메인 추정, 미확인)",unknown,unverified,unknown,unknown,unknown,,review_required,domain_inferred,"VB 도메인 기반 분류. image_source 미기록, image_license 미기록. 공식 이용약관 미확인 — 상업 사용 개별 허가 필요."
busan-F-00089,https://www.visitbusan.net/uploadImgs/files/cntnts/20250515142651174_ttiel,www.visitbusan.net,editorial_tourism,https://www.visitbusan.net/kr/index.do?menuCd=DOM_000000201002001000&uc_seq=1092&lang_cd=ko,,2026-07-25,"VisitBusan / 부산광역시 (도메인 추정, 미확인)",unknown,unverified,unknown,unknown,unknown,,review_required,domain_inferred,"VB 도메인 기반 분류. image_source 미기록, image_license 미기록. 공식 이용약관 미확인 — 상업 사용 개별 허가 필요."
busan-F-00090,https://www.visitbusan.net/uploadImgs/files/cntnts/20230607165446819_ttiel,www.visitbusan.net,editorial_tourism,https://www.visitbusan.net/kr/index.do?menuCd=DOM_000000201002001000&uc_seq=1094&lang_cd=ko,,2026-07-25,"VisitBusan / 부산광역시 (도메인 추정, 미확인)",unknown,unverified,unknown,unknown,unknown,,review_required,domain_inferred,"VB 도메인 기반 분류. image_source 미기록, image_license 미기록. 공식 이용약관 미확인 — 상업 사용 개별 허가 필요."
busan-F-00091,https://www.visitbusan.net/uploadImgs/files/cntnts/20210913100010495_ttiel,www.visitbusan.net,editorial_tourism,https://www.visitbusan.net/kr/index.do?menuCd=DOM_000000201002001000&uc_seq=1099&lang_cd=ko,,2026-07-25,"VisitBusan / 부산광역시 (도메인 추정, 미확인)",unknown,unverified,unknown,unknown,unknown,,review_required,domain_inferred,"VB 도메인 기반 분류. image_source 미기록, image_license 미기록. 공식 이용약관 미확인 — 상업 사용 개별 허가 필요."
busan-F-00092,https://www.visitbusan.net/uploadImgs/files/cntnts/20230601215049360_ttiel,www.visitbusan.net,editorial_tourism,https://www.visitbusan.net/kr/index.do?menuCd=DOM_000000201002001000&uc_seq=1100&lang_cd=ko,,2026-07-25,"VisitBusan / 부산광역시 (도메인 추정, 미확인)",unknown,unverified,unknown,unknown,unknown,,review_required,domain_inferred,"VB 도메인 기반 분류. image_source 미기록, image_license 미기록. 공식 이용약관 미확인 — 상업 사용 개별 허가 필요."
busan-F-00093,https://www.visitbusan.net/uploadImgs/files/cntnts/20210913104329974_ttiel,www.visitbusan.net,editorial_tourism,https://www.visitbusan.net/kr/index.do?menuCd=DOM_000000201002001000&uc_seq=1104&lang_cd=ko,,2026-07-25,"VisitBusan / 부산광역시 (도메인 추정, 미확인)",unknown,unverified,unknown,unknown,unknown,,review_required,domain_inferred,"VB 도메인 기반 분류. image_source 미기록, image_license 미기록. 공식 이용약관 미확인 — 상업 사용 개별 허가 필요."
busan-F-00094,https://www.visitbusan.net/uploadImgs/files/cntnts/20210913110103549_ttiel,www.visitbusan.net,editorial_tourism,https://www.visitbusan.net/kr/index.do?menuCd=DOM_000000201002001000&uc_seq=1106&lang_cd=ko,,2026-07-25,"VisitBusan / 부산광역시 (도메인 추정, 미확인)",unknown,unverified,unknown,unknown,unknown,,review_required,domain_inferred,"VB 도메인 기반 분류. image_source 미기록, image_license 미기록. 공식 이용약관 미확인 — 상업 사용 개별 허가 필요."
busan-F-00095,https://www.visitbusan.net/uploadImgs/files/cntnts/20210913110833421_ttiel,www.visitbusan.net,editorial_tourism,https://www.visitbusan.net/kr/index.do?menuCd=DOM_000000201002001000&uc_seq=1107&lang_cd=ko,,2026-07-25,"VisitBusan / 부산광역시 (도메인 추정, 미확인)",unknown,unverified,unknown,unknown,unknown,,review_required,domain_inferred,"VB 도메인 기반 분류. image_source 미기록, image_license 미기록. 공식 이용약관 미확인 — 상업 사용 개별 허가 필요."
busan-F-00096,https://www.visitbusan.net/uploadImgs/files/cntnts/20210913111405621_ttiel,www.visitbusan.net,editorial_tourism,https://www.visitbusan.net/kr/index.do?menuCd=DOM_000000201002001000&uc_seq=1108&lang_cd=ko,,2026-07-25,"VisitBusan / 부산광역시 (도메인 추정, 미확인)",unknown,unverified,unknown,unknown,unknown,,review_required,domain_inferred,"VB 도메인 기반 분류. image_source 미기록, image_license 미기록. 공식 이용약관 미확인 — 상업 사용 개별 허가 필요."
busan-F-00097,https://www.visitbusan.net/uploadImgs/files/cntnts/20210913112340644_ttiel,www.visitbusan.net,editorial_tourism,https://www.visitbusan.net/kr/index.do?menuCd=DOM_000000201002001000&uc_seq=1110&lang_cd=ko,,2026-07-25,"VisitBusan / 부산광역시 (도메인 추정, 미확인)",unknown,unverified,unknown,unknown,unknown,,review_required,domain_inferred,"VB 도메인 기반 분류. image_source 미기록, image_license 미기록. 공식 이용약관 미확인 — 상업 사용 개별 허가 필요."
busan-F-00098,https://www.visitbusan.net/uploadImgs/files/cntnts/20250523160110075_ttiel,www.visitbusan.net,editorial_tourism,https://www.visitbusan.net/kr/index.do?menuCd=DOM_000000201002001000&uc_seq=1111&lang_cd=ko,,2026-07-25,"VisitBusan / 부산광역시 (도메인 추정, 미확인)",unknown,unverified,unknown,unknown,unknown,,review_required,domain_inferred,"VB 도메인 기반 분류. image_source 미기록, image_license 미기록. 공식 이용약관 미확인 — 상업 사용 개별 허가 필요."
busan-F-00099,https://www.visitbusan.net/uploadImgs/files/cntnts/20210913114940489_ttiel,www.visitbusan.net,editorial_tourism,https://www.visitbusan.net/kr/index.do?menuCd=DOM_000000201002001000&uc_seq=1117&lang_cd=ko,,2026-07-25,"VisitBusan / 부산광역시 (도메인 추정, 미확인)",unknown,unverified,unknown,unknown,unknown,,review_required,domain_inferred,"VB 도메인 기반 분류. image_source 미기록, image_license 미기록. 공식 이용약관 미확인 — 상업 사용 개별 허가 필요."
busan-F-00100,https://www.visitbusan.net/uploadImgs/files/cntnts/20240417165519984_ttiel,www.visitbusan.net,editorial_tourism,https://www.visitbusan.net/kr/index.do?menuCd=DOM_000000201002001000&uc_seq=1118&lang_cd=ko,,2026-07-25,"VisitBusan / 부산광역시 (도메인 추정, 미확인)",unknown,unverified,unknown,unknown,unknown,,review_required,domain_inferred,"VB 도메인 기반 분류. image_source 미기록, image_license 미기록. 공식 이용약관 미확인 — 상업 사용 개별 허가 필요."
busan-F-00101,https://www.visitbusan.net/uploadImgs/files/cntnts/20210913133410983_ttiel,www.visitbusan.net,editorial_tourism,https://www.visitbusan.net/kr/index.do?menuCd=DOM_000000201002001000&uc_seq=1121&lang_cd=ko,,2026-07-25,"VisitBusan / 부산광역시 (도메인 추정, 미확인)",unknown,unverified,unknown,unknown,unknown,,review_required,domain_inferred,"VB 도메인 기반 분류. image_source 미기록, image_license 미기록. 공식 이용약관 미확인 — 상업 사용 개별 허가 필요."
busan-F-00102,https://www.visitbusan.net/uploadImgs/files/cntnts/20210913141552746_ttiel,www.visitbusan.net,editorial_tourism,https://www.visitbusan.net/kr/index.do?menuCd=DOM_000000201002001000&uc_seq=1132&lang_cd=ko,,2026-07-25,"VisitBusan / 부산광역시 (도메인 추정, 미확인)",unknown,unverified,unknown,unknown,unknown,,review_required,domain_inferred,"VB 도메인 기반 분류. image_source 미기록, image_license 미기록. 공식 이용약관 미확인 — 상업 사용 개별 허가 필요."
busan-F-00103,https://www.visitbusan.net/uploadImgs/files/cntnts/20240418141930357_ttiel,www.visitbusan.net,editorial_tourism,,,2026-07-25,"VisitBusan / 부산광역시 (도메인 추정, 미확인)",unknown,unverified,unknown,unknown,unknown,,review_required,domain_inferred,"VB 도메인 기반 분류. image_source 미기록, image_license 미기록. 공식 이용약관 미확인 — 상업 사용 개별 허가 필요."
busan-F-00104,https://www.visitbusan.net/uploadImgs/files/cntnts/20210913152113856_ttiel,www.visitbusan.net,editorial_tourism,https://www.visitbusan.net/kr/index.do?menuCd=DOM_000000201002001000&uc_seq=1135&lang_cd=ko,,2026-07-25,"VisitBusan / 부산광역시 (도메인 추정, 미확인)",unknown,unverified,unknown,unknown,unknown,,review_required,domain_inferred,"VB 도메인 기반 분류. image_source 미기록, image_license 미기록. 공식 이용약관 미확인 — 상업 사용 개별 허가 필요."
busan-F-00105,https://www.visitbusan.net/uploadImgs/files/cntnts/20210913152733413_ttiel,www.visitbusan.net,editorial_tourism,https://www.visitbusan.net/kr/index.do?menuCd=DOM_000000201002001000&uc_seq=1136&lang_cd=ko,,2026-07-25,"VisitBusan / 부산광역시 (도메인 추정, 미확인)",unknown,unverified,unknown,unknown,unknown,,review_required,domain_inferred,"VB 도메인 기반 분류. image_source 미기록, image_license 미기록. 공식 이용약관 미확인 — 상업 사용 개별 허가 필요."
busan-F-00106,https://www.visitbusan.net/uploadImgs/files/cntnts/20240419110909568_ttiel,www.visitbusan.net,editorial_tourism,,,2026-07-25,"VisitBusan / 부산광역시 (도메인 추정, 미확인)",unknown,unverified,unknown,unknown,unknown,,review_required,domain_inferred,"VB 도메인 기반 분류. image_source 미기록, image_license 미기록. 공식 이용약관 미확인 — 상업 사용 개별 허가 필요."
busan-F-00107,https://www.visitbusan.net/uploadImgs/files/cntnts/20210913153737388_ttiel,www.visitbusan.net,editorial_tourism,https://www.visitbusan.net/kr/index.do?menuCd=DOM_000000201002001000&uc_seq=1138&lang_cd=ko,,2026-07-25,"VisitBusan / 부산광역시 (도메인 추정, 미확인)",unknown,unverified,unknown,unknown,unknown,,review_required,domain_inferred,"VB 도메인 기반 분류. image_source 미기록, image_license 미기록. 공식 이용약관 미확인 — 상업 사용 개별 허가 필요."
busan-F-00108,https://www.visitbusan.net/uploadImgs/files/cntnts/20220510145207922_ttiel,www.visitbusan.net,editorial_tourism,https://www.visitbusan.net/kr/index.do?menuCd=DOM_000000201002001000&uc_seq=1219&lang_cd=ko,,2026-07-25,"VisitBusan / 부산광역시 (도메인 추정, 미확인)",unknown,unverified,unknown,unknown,unknown,,review_required,domain_inferred,"VB 도메인 기반 분류. image_source 미기록, image_license 미기록. 공식 이용약관 미확인 — 상업 사용 개별 허가 필요."
busan-F-00109,https://www.visitbusan.net/uploadImgs/files/cntnts/20220510161651267_ttiel,www.visitbusan.net,editorial_tourism,https://www.visitbusan.net/kr/index.do?menuCd=DOM_000000201002001000&uc_seq=1221&lang_cd=ko,,2026-07-25,"VisitBusan / 부산광역시 (도메인 추정, 미확인)",unknown,unverified,unknown,unknown,unknown,,review_required,domain_inferred,"VB 도메인 기반 분류. image_source 미기록, image_license 미기록. 공식 이용약관 미확인 — 상업 사용 개별 허가 필요."
busan-F-00110,https://www.visitbusan.net/uploadImgs/files/cntnts/20220510170244967_ttiel,www.visitbusan.net,editorial_tourism,https://www.visitbusan.net/kr/index.do?menuCd=DOM_000000201002001000&uc_seq=1222&lang_cd=ko,,2026-07-25,"VisitBusan / 부산광역시 (도메인 추정, 미확인)",unknown,unverified,unknown,unknown,unknown,,review_required,domain_inferred,"VB 도메인 기반 분류. image_source 미기록, image_license 미기록. 공식 이용약관 미확인 — 상업 사용 개별 허가 필요."
busan-F-00111,https://www.visitbusan.net/uploadImgs/files/cntnts/20220510173949671_ttiel,www.visitbusan.net,editorial_tourism,https://www.visitbusan.net/kr/index.do?menuCd=DOM_000000201002001000&uc_seq=1223&lang_cd=ko,,2026-07-25,"VisitBusan / 부산광역시 (도메인 추정, 미확인)",unknown,unverified,unknown,unknown,unknown,,review_required,domain_inferred,"VB 도메인 기반 분류. image_source 미기록, image_license 미기록. 공식 이용약관 미확인 — 상업 사용 개별 허가 필요."
busan-F-00112,https://www.visitbusan.net/uploadImgs/files/cntnts/20220510180602206_ttiel,www.visitbusan.net,editorial_tourism,https://www.visitbusan.net/kr/index.do?menuCd=DOM_000000201002001000&uc_seq=1225&lang_cd=ko,,2026-07-25,"VisitBusan / 부산광역시 (도메인 추정, 미확인)",unknown,unverified,unknown,unknown,unknown,,review_required,domain_inferred,"VB 도메인 기반 분류. image_source 미기록, image_license 미기록. 공식 이용약관 미확인 — 상업 사용 개별 허가 필요."
busan-F-00113,https://www.visitbusan.net/uploadImgs/files/cntnts/20220511104527053_ttiel,www.visitbusan.net,editorial_tourism,https://www.visitbusan.net/kr/index.do?menuCd=DOM_000000201002001000&uc_seq=1226&lang_cd=ko,,2026-07-25,"VisitBusan / 부산광역시 (도메인 추정, 미확인)",unknown,unverified,unknown,unknown,unknown,,review_required,domain_inferred,"VB 도메인 기반 분류. image_source 미기록, image_license 미기록. 공식 이용약관 미확인 — 상업 사용 개별 허가 필요."
busan-F-00114,https://www.visitbusan.net/uploadImgs/files/cntnts/20230602160354975_ttiel,www.visitbusan.net,editorial_tourism,https://www.visitbusan.net/kr/index.do?menuCd=DOM_000000201002001000&uc_seq=1227&lang_cd=ko,,2026-07-25,"VisitBusan / 부산광역시 (도메인 추정, 미확인)",unknown,unverified,unknown,unknown,unknown,,review_required,domain_inferred,"VB 도메인 기반 분류. image_source 미기록, image_license 미기록. 공식 이용약관 미확인 — 상업 사용 개별 허가 필요."
busan-F-00115,https://www.visitbusan.net/uploadImgs/files/cntnts/20220511111431528_ttiel,www.visitbusan.net,editorial_tourism,https://www.visitbusan.net/kr/index.do?menuCd=DOM_000000201002001000&uc_seq=1228&lang_cd=ko,,2026-07-25,"VisitBusan / 부산광역시 (도메인 추정, 미확인)",unknown,unverified,unknown,unknown,unknown,,review_required,domain_inferred,"VB 도메인 기반 분류. image_source 미기록, image_license 미기록. 공식 이용약관 미확인 — 상업 사용 개별 허가 필요."
busan-F-00116,https://www.visitbusan.net/uploadImgs/files/cntnts/20240419095246698_ttiel,www.visitbusan.net,editorial_tourism,https://www.visitbusan.net/kr/index.do?menuCd=DOM_000000201002001000&uc_seq=1229&lang_cd=ko,,2026-07-25,"VisitBusan / 부산광역시 (도메인 추정, 미확인)",unknown,unverified,unknown,unknown,unknown,,review_required,domain_inferred,"VB 도메인 기반 분류. image_source 미기록, image_license 미기록. 공식 이용약관 미확인 — 상업 사용 개별 허가 필요."
busan-F-00117,https://www.visitbusan.net/uploadImgs/files/cntnts/20220511113221248_ttiel,www.visitbusan.net,editorial_tourism,https://www.visitbusan.net/kr/index.do?menuCd=DOM_000000201002001000&uc_seq=1230&lang_cd=ko,,2026-07-25,"VisitBusan / 부산광역시 (도메인 추정, 미확인)",unknown,unverified,unknown,unknown,unknown,,review_required,domain_inferred,"VB 도메인 기반 분류. image_source 미기록, image_license 미기록. 공식 이용약관 미확인 — 상업 사용 개별 허가 필요."
busan-F-00118,https://www.visitbusan.net/uploadImgs/files/cntnts/20220511113442878_ttiel,www.visitbusan.net,editorial_tourism,https://www.visitbusan.net/kr/index.do?menuCd=DOM_000000201002001000&uc_seq=1231&lang_cd=ko,,2026-07-25,"VisitBusan / 부산광역시 (도메인 추정, 미확인)",unknown,unverified,unknown,unknown,unknown,,review_required,domain_inferred,"VB 도메인 기반 분류. image_source 미기록, image_license 미기록. 공식 이용약관 미확인 — 상업 사용 개별 허가 필요."
busan-F-00119,https://www.visitbusan.net/uploadImgs/files/cntnts/20220511115114884_ttiel,www.visitbusan.net,editorial_tourism,https://www.visitbusan.net/kr/index.do?menuCd=DOM_000000201002001000&uc_seq=1232&lang_cd=ko,,2026-07-25,"VisitBusan / 부산광역시 (도메인 추정, 미확인)",unknown,unverified,unknown,unknown,unknown,,review_required,domain_inferred,"VB 도메인 기반 분류. image_source 미기록, image_license 미기록. 공식 이용약관 미확인 — 상업 사용 개별 허가 필요."
busan-F-00120,https://www.visitbusan.net/uploadImgs/files/cntnts/20220511131104127_ttiel,www.visitbusan.net,editorial_tourism,https://www.visitbusan.net/kr/index.do?menuCd=DOM_000000201002001000&uc_seq=1236&lang_cd=ko,,2026-07-25,"VisitBusan / 부산광역시 (도메인 추정, 미확인)",unknown,unverified,unknown,unknown,unknown,,review_required,domain_inferred,"VB 도메인 기반 분류. image_source 미기록, image_license 미기록. 공식 이용약관 미확인 — 상업 사용 개별 허가 필요."
busan-F-00121,https://www.visitbusan.net/uploadImgs/files/cntnts/20240419104310358_ttiel,www.visitbusan.net,editorial_tourism,https://www.visitbusan.net/kr/index.do?menuCd=DOM_000000201002001000&uc_seq=1237&lang_cd=ko,,2026-07-25,"VisitBusan / 부산광역시 (도메인 추정, 미확인)",unknown,unverified,unknown,unknown,unknown,,review_required,domain_inferred,"VB 도메인 기반 분류. image_source 미기록, image_license 미기록. 공식 이용약관 미확인 — 상업 사용 개별 허가 필요."
busan-F-00122,https://www.visitbusan.net/uploadImgs/files/cntnts/20220511132220417_ttiel,www.visitbusan.net,editorial_tourism,https://www.visitbusan.net/kr/index.do?menuCd=DOM_000000201002001000&uc_seq=1238&lang_cd=ko,,2026-07-25,"VisitBusan / 부산광역시 (도메인 추정, 미확인)",unknown,unverified,unknown,unknown,unknown,,review_required,domain_inferred,"VB 도메인 기반 분류. image_source 미기록, image_license 미기록. 공식 이용약관 미확인 — 상업 사용 개별 허가 필요."
busan-F-00123,https://www.visitbusan.net/uploadImgs/files/cntnts/20230608133922872_ttiel,www.visitbusan.net,editorial_tourism,https://www.visitbusan.net/kr/index.do?menuCd=DOM_000000201002001000&uc_seq=1239&lang_cd=ko,,2026-07-25,"VisitBusan / 부산광역시 (도메인 추정, 미확인)",unknown,unverified,unknown,unknown,unknown,,review_required,domain_inferred,"VB 도메인 기반 분류. image_source 미기록, image_license 미기록. 공식 이용약관 미확인 — 상업 사용 개별 허가 필요."
busan-F-00124,https://www.visitbusan.net/uploadImgs/files/cntnts/20220511133523476_ttiel,www.visitbusan.net,editorial_tourism,https://www.visitbusan.net/kr/index.do?menuCd=DOM_000000201002001000&uc_seq=1241&lang_cd=ko,,2026-07-25,"VisitBusan / 부산광역시 (도메인 추정, 미확인)",unknown,unverified,unknown,unknown,unknown,,review_required,domain_inferred,"VB 도메인 기반 분류. image_source 미기록, image_license 미기록. 공식 이용약관 미확인 — 상업 사용 개별 허가 필요."
busan-F-00125,https://www.visitbusan.net/uploadImgs/files/cntnts/20220511134126759_ttiel,www.visitbusan.net,editorial_tourism,https://www.visitbusan.net/kr/index.do?menuCd=DOM_000000201002001000&uc_seq=1242&lang_cd=ko,,2026-07-25,"VisitBusan / 부산광역시 (도메인 추정, 미확인)",unknown,unverified,unknown,unknown,unknown,,review_required,domain_inferred,"VB 도메인 기반 분류. image_source 미기록, image_license 미기록. 공식 이용약관 미확인 — 상업 사용 개별 허가 필요."
busan-F-00126,https://www.visitbusan.net/uploadImgs/files/cntnts/20220511135001245_ttiel,www.visitbusan.net,editorial_tourism,https://www.visitbusan.net/kr/index.do?menuCd=DOM_000000201002001000&uc_seq=1243&lang_cd=ko,,2026-07-25,"VisitBusan / 부산광역시 (도메인 추정, 미확인)",unknown,unverified,unknown,unknown,unknown,,review_required,domain_inferred,"VB 도메인 기반 분류. image_source 미기록, image_license 미기록. 공식 이용약관 미확인 — 상업 사용 개별 허가 필요."
busan-F-00127,https://www.visitbusan.net/uploadImgs/files/cntnts/20220511135506636_ttiel,www.visitbusan.net,editorial_tourism,https://www.visitbusan.net/kr/index.do?menuCd=DOM_000000201002001000&uc_seq=1244&lang_cd=ko,,2026-07-25,"VisitBusan / 부산광역시 (도메인 추정, 미확인)",unknown,unverified,unknown,unknown,unknown,,review_required,domain_inferred,"VB 도메인 기반 분류. image_source 미기록, image_license 미기록. 공식 이용약관 미확인 — 상업 사용 개별 허가 필요."
busan-F-00128,https://www.visitbusan.net/uploadImgs/files/cntnts/20220511140134038_ttiel,www.visitbusan.net,editorial_tourism,https://www.visitbusan.net/kr/index.do?menuCd=DOM_000000201002001000&uc_seq=1245&lang_cd=ko,,2026-07-25,"VisitBusan / 부산광역시 (도메인 추정, 미확인)",unknown,unverified,unknown,unknown,unknown,,review_required,domain_inferred,"VB 도메인 기반 분류. image_source 미기록, image_license 미기록. 공식 이용약관 미확인 — 상업 사용 개별 허가 필요."
busan-F-00129,https://www.visitbusan.net/uploadImgs/files/cntnts/20220511140420748_ttiel,www.visitbusan.net,editorial_tourism,https://www.visitbusan.net/kr/index.do?menuCd=DOM_000000201002001000&uc_seq=1246&lang_cd=ko,,2026-07-25,"VisitBusan / 부산광역시 (도메인 추정, 미확인)",unknown,unverified,unknown,unknown,unknown,,review_required,domain_inferred,"VB 도메인 기반 분류. image_source 미기록, image_license 미기록. 공식 이용약관 미확인 — 상업 사용 개별 허가 필요."
busan-F-00130,https://www.visitbusan.net/uploadImgs/files/cntnts/20220511141051338_ttiel,www.visitbusan.net,editorial_tourism,https://www.visitbusan.net/kr/index.do?menuCd=DOM_000000201002001000&uc_seq=1247&lang_cd=ko,,2026-07-25,"VisitBusan / 부산광역시 (도메인 추정, 미확인)",unknown,unverified,unknown,unknown,unknown,,review_required,domain_inferred,"VB 도메인 기반 분류. image_source 미기록, image_license 미기록. 공식 이용약관 미확인 — 상업 사용 개별 허가 필요."
busan-F-00131,https://www.visitbusan.net/uploadImgs/files/cntnts/20220511141322616_ttiel,www.visitbusan.net,editorial_tourism,,,2026-07-25,"VisitBusan / 부산광역시 (도메인 추정, 미확인)",unknown,unverified,unknown,unknown,unknown,,review_required,domain_inferred,"VB 도메인 기반 분류. image_source 미기록, image_license 미기록. 공식 이용약관 미확인 — 상업 사용 개별 허가 필요."
busan-F-00132,https://www.visitbusan.net/uploadImgs/files/cntnts/20220511141556325_ttiel,www.visitbusan.net,editorial_tourism,https://www.visitbusan.net/kr/index.do?menuCd=DOM_000000201002001000&uc_seq=1249&lang_cd=ko,,2026-07-25,"VisitBusan / 부산광역시 (도메인 추정, 미확인)",unknown,unverified,unknown,unknown,unknown,,review_required,domain_inferred,"VB 도메인 기반 분류. image_source 미기록, image_license 미기록. 공식 이용약관 미확인 — 상업 사용 개별 허가 필요."
busan-F-00133,https://www.visitbusan.net/uploadImgs/files/cntnts/20240418142211660_ttiel,www.visitbusan.net,editorial_tourism,https://www.visitbusan.net/kr/index.do?menuCd=DOM_000000201002001000&uc_seq=1250&lang_cd=ko,,2026-07-25,"VisitBusan / 부산광역시 (도메인 추정, 미확인)",unknown,unverified,unknown,unknown,unknown,,review_required,domain_inferred,"VB 도메인 기반 분류. image_source 미기록, image_license 미기록. 공식 이용약관 미확인 — 상업 사용 개별 허가 필요."
busan-F-00134,https://www.visitbusan.net/uploadImgs/files/cntnts/20220511142349184_ttiel,www.visitbusan.net,editorial_tourism,https://www.visitbusan.net/kr/index.do?menuCd=DOM_000000201002001000&uc_seq=1251&lang_cd=ko,,2026-07-25,"VisitBusan / 부산광역시 (도메인 추정, 미확인)",unknown,unverified,unknown,unknown,unknown,,review_required,domain_inferred,"VB 도메인 기반 분류. image_source 미기록, image_license 미기록. 공식 이용약관 미확인 — 상업 사용 개별 허가 필요."
busan-F-00135,https://www.visitbusan.net/uploadImgs/files/cntnts/20240418141051840_ttiel,www.visitbusan.net,editorial_tourism,https://www.visitbusan.net/kr/index.do?menuCd=DOM_000000201002001000&uc_seq=1252&lang_cd=ko,,2026-07-25,"VisitBusan / 부산광역시 (도메인 추정, 미확인)",unknown,unverified,unknown,unknown,unknown,,review_required,domain_inferred,"VB 도메인 기반 분류. image_source 미기록, image_license 미기록. 공식 이용약관 미확인 — 상업 사용 개별 허가 필요."
busan-F-00136,https://www.visitbusan.net/uploadImgs/files/cntnts/20220511153102499_ttiel,www.visitbusan.net,editorial_tourism,https://www.visitbusan.net/kr/index.do?menuCd=DOM_000000201002001000&uc_seq=1255&lang_cd=ko,,2026-07-25,"VisitBusan / 부산광역시 (도메인 추정, 미확인)",unknown,unverified,unknown,unknown,unknown,,review_required,domain_inferred,"VB 도메인 기반 분류. image_source 미기록, image_license 미기록. 공식 이용약관 미확인 — 상업 사용 개별 허가 필요."
busan-F-00137,https://www.visitbusan.net/uploadImgs/files/cntnts/20220511154322467_ttiel,www.visitbusan.net,editorial_tourism,https://www.visitbusan.net/kr/index.do?menuCd=DOM_000000201002001000&uc_seq=1256&lang_cd=ko,,2026-07-25,"VisitBusan / 부산광역시 (도메인 추정, 미확인)",unknown,unverified,unknown,unknown,unknown,,review_required,domain_inferred,"VB 도메인 기반 분류. image_source 미기록, image_license 미기록. 공식 이용약관 미확인 — 상업 사용 개별 허가 필요."
busan-F-00138,https://www.visitbusan.net/uploadImgs/files/cntnts/20220511160051644_ttiel,www.visitbusan.net,editorial_tourism,https://www.visitbusan.net/kr/index.do?menuCd=DOM_000000201002001000&uc_seq=1257&lang_cd=ko,,2026-07-25,"VisitBusan / 부산광역시 (도메인 추정, 미확인)",unknown,unverified,unknown,unknown,unknown,,review_required,domain_inferred,"VB 도메인 기반 분류. image_source 미기록, image_license 미기록. 공식 이용약관 미확인 — 상업 사용 개별 허가 필요."
busan-F-00139,https://www.visitbusan.net/uploadImgs/files/cntnts/20220511163126270_ttiel,www.visitbusan.net,editorial_tourism,https://www.visitbusan.net/kr/index.do?menuCd=DOM_000000201002001000&uc_seq=1260&lang_cd=ko,,2026-07-25,"VisitBusan / 부산광역시 (도메인 추정, 미확인)",unknown,unverified,unknown,unknown,unknown,,review_required,domain_inferred,"VB 도메인 기반 분류. image_source 미기록, image_license 미기록. 공식 이용약관 미확인 — 상업 사용 개별 허가 필요."
busan-F-00140,https://www.visitbusan.net/uploadImgs/files/cntnts/20240416173708292_ttiel,www.visitbusan.net,editorial_tourism,,,2026-07-25,"VisitBusan / 부산광역시 (도메인 추정, 미확인)",unknown,unverified,unknown,unknown,unknown,,review_required,domain_inferred,"VB 도메인 기반 분류. image_source 미기록, image_license 미기록. 공식 이용약관 미확인 — 상업 사용 개별 허가 필요."
busan-F-00141,https://www.visitbusan.net/uploadImgs/files/cntnts/20220511173540705_ttiel,www.visitbusan.net,editorial_tourism,https://www.visitbusan.net/kr/index.do?menuCd=DOM_000000201002001000&uc_seq=1264&lang_cd=ko,,2026-07-25,"VisitBusan / 부산광역시 (도메인 추정, 미확인)",unknown,unverified,unknown,unknown,unknown,,review_required,domain_inferred,"VB 도메인 기반 분류. image_source 미기록, image_license 미기록. 공식 이용약관 미확인 — 상업 사용 개별 허가 필요."
busan-F-00142,https://www.visitbusan.net/uploadImgs/files/cntnts/20240417100446762_ttiel,www.visitbusan.net,editorial_tourism,https://www.visitbusan.net/kr/index.do?menuCd=DOM_000000201002001000&uc_seq=1265&lang_cd=ko,,2026-07-25,"VisitBusan / 부산광역시 (도메인 추정, 미확인)",unknown,unverified,unknown,unknown,unknown,,review_required,domain_inferred,"VB 도메인 기반 분류. image_source 미기록, image_license 미기록. 공식 이용약관 미확인 — 상업 사용 개별 허가 필요."
busan-F-00143,https://www.visitbusan.net/uploadImgs/files/cntnts/20220511175416697_ttiel,www.visitbusan.net,editorial_tourism,https://www.visitbusan.net/kr/index.do?menuCd=DOM_000000201002001000&uc_seq=1266&lang_cd=ko,,2026-07-25,"VisitBusan / 부산광역시 (도메인 추정, 미확인)",unknown,unverified,unknown,unknown,unknown,,review_required,domain_inferred,"VB 도메인 기반 분류. image_source 미기록, image_license 미기록. 공식 이용약관 미확인 — 상업 사용 개별 허가 필요."
busan-F-00144,https://www.visitbusan.net/uploadImgs/files/cntnts/20220512093357835_ttiel,www.visitbusan.net,editorial_tourism,https://www.visitbusan.net/kr/index.do?menuCd=DOM_000000201002001000&uc_seq=1268&lang_cd=ko,,2026-07-25,"VisitBusan / 부산광역시 (도메인 추정, 미확인)",unknown,unverified,unknown,unknown,unknown,,review_required,domain_inferred,"VB 도메인 기반 분류. image_source 미기록, image_license 미기록. 공식 이용약관 미확인 — 상업 사용 개별 허가 필요."
busan-F-00145,https://www.visitbusan.net/uploadImgs/files/cntnts/20220512094717830_ttiel,www.visitbusan.net,editorial_tourism,https://www.visitbusan.net/kr/index.do?menuCd=DOM_000000201002001000&uc_seq=1269&lang_cd=ko,,2026-07-25,"VisitBusan / 부산광역시 (도메인 추정, 미확인)",unknown,unverified,unknown,unknown,unknown,,review_required,domain_inferred,"VB 도메인 기반 분류. image_source 미기록, image_license 미기록. 공식 이용약관 미확인 — 상업 사용 개별 허가 필요."
busan-F-00146,https://www.visitbusan.net/uploadImgs/files/cntnts/20230608101144664_ttiel,www.visitbusan.net,editorial_tourism,https://www.visitbusan.net/kr/index.do?menuCd=DOM_000000201002001000&uc_seq=1270&lang_cd=ko,,2026-07-25,"VisitBusan / 부산광역시 (도메인 추정, 미확인)",unknown,unverified,unknown,unknown,unknown,,review_required,domain_inferred,"VB 도메인 기반 분류. image_source 미기록, image_license 미기록. 공식 이용약관 미확인 — 상업 사용 개별 허가 필요."
busan-F-00147,https://www.visitbusan.net/uploadImgs/files/cntnts/20250515170015997_ttiel,www.visitbusan.net,editorial_tourism,https://www.visitbusan.net/kr/index.do?menuCd=DOM_000000201002001000&uc_seq=1271&lang_cd=ko,,2026-07-25,"VisitBusan / 부산광역시 (도메인 추정, 미확인)",unknown,unverified,unknown,unknown,unknown,,review_required,domain_inferred,"VB 도메인 기반 분류. image_source 미기록, image_license 미기록. 공식 이용약관 미확인 — 상업 사용 개별 허가 필요."
busan-F-00148,https://www.visitbusan.net/uploadImgs/files/cntnts/20220512104118922_ttiel,www.visitbusan.net,editorial_tourism,https://www.visitbusan.net/kr/index.do?menuCd=DOM_000000201002001000&uc_seq=1272&lang_cd=ko,,2026-07-25,"VisitBusan / 부산광역시 (도메인 추정, 미확인)",unknown,unverified,unknown,unknown,unknown,,review_required,domain_inferred,"VB 도메인 기반 분류. image_source 미기록, image_license 미기록. 공식 이용약관 미확인 — 상업 사용 개별 허가 필요."
busan-F-00149,https://www.visitbusan.net/uploadImgs/files/cntnts/20220512105240390_ttiel,www.visitbusan.net,editorial_tourism,https://www.visitbusan.net/kr/index.do?menuCd=DOM_000000201002001000&uc_seq=1273&lang_cd=ko,,2026-07-25,"VisitBusan / 부산광역시 (도메인 추정, 미확인)",unknown,unverified,unknown,unknown,unknown,,review_required,domain_inferred,"VB 도메인 기반 분류. image_source 미기록, image_license 미기록. 공식 이용약관 미확인 — 상업 사용 개별 허가 필요."
busan-F-00150,https://www.visitbusan.net/uploadImgs/files/cntnts/20230602134652545_ttiel,www.visitbusan.net,editorial_tourism,https://www.visitbusan.net/kr/index.do?menuCd=DOM_000000201002001000&uc_seq=1275&lang_cd=ko,,2026-07-25,"VisitBusan / 부산광역시 (도메인 추정, 미확인)",unknown,unverified,unknown,unknown,unknown,,review_required,domain_inferred,"VB 도메인 기반 분류. image_source 미기록, image_license 미기록. 공식 이용약관 미확인 — 상업 사용 개별 허가 필요."
busan-F-00151,https://www.visitbusan.net/uploadImgs/files/cntnts/20220512113115093_ttiel,www.visitbusan.net,editorial_tourism,https://www.visitbusan.net/kr/index.do?menuCd=DOM_000000201002001000&uc_seq=1276&lang_cd=ko,,2026-07-25,"VisitBusan / 부산광역시 (도메인 추정, 미확인)",unknown,unverified,unknown,unknown,unknown,,review_required,domain_inferred,"VB 도메인 기반 분류. image_source 미기록, image_license 미기록. 공식 이용약관 미확인 — 상업 사용 개별 허가 필요."
busan-F-00152,https://www.visitbusan.net/uploadImgs/files/cntnts/20220512114353372_ttiel,www.visitbusan.net,editorial_tourism,https://www.visitbusan.net/kr/index.do?menuCd=DOM_000000201002001000&uc_seq=1277&lang_cd=ko,,2026-07-25,"VisitBusan / 부산광역시 (도메인 추정, 미확인)",unknown,unverified,unknown,unknown,unknown,,review_required,domain_inferred,"VB 도메인 기반 분류. image_source 미기록, image_license 미기록. 공식 이용약관 미확인 — 상업 사용 개별 허가 필요."
busan-F-00153,https://www.visitbusan.net/uploadImgs/files/cntnts/20240417154726545_ttiel,www.visitbusan.net,editorial_tourism,https://www.visitbusan.net/kr/index.do?menuCd=DOM_000000201002001000&uc_seq=1278&lang_cd=ko,,2026-07-25,"VisitBusan / 부산광역시 (도메인 추정, 미확인)",unknown,unverified,unknown,unknown,unknown,,review_required,domain_inferred,"VB 도메인 기반 분류. image_source 미기록, image_license 미기록. 공식 이용약관 미확인 — 상업 사용 개별 허가 필요."
busan-F-00154,https://www.visitbusan.net/uploadImgs/files/cntnts/20220512131313725_ttiel,www.visitbusan.net,editorial_tourism,https://www.visitbusan.net/kr/index.do?menuCd=DOM_000000201002001000&uc_seq=1279&lang_cd=ko,,2026-07-25,"VisitBusan / 부산광역시 (도메인 추정, 미확인)",unknown,unverified,unknown,unknown,unknown,,review_required,domain_inferred,"VB 도메인 기반 분류. image_source 미기록, image_license 미기록. 공식 이용약관 미확인 — 상업 사용 개별 허가 필요."
busan-F-00155,https://www.visitbusan.net/uploadImgs/files/cntnts/20220512143357001_ttiel,www.visitbusan.net,editorial_tourism,https://www.visitbusan.net/kr/index.do?menuCd=DOM_000000201002001000&uc_seq=1281&lang_cd=ko,,2026-07-25,"VisitBusan / 부산광역시 (도메인 추정, 미확인)",unknown,unverified,unknown,unknown,unknown,,review_required,domain_inferred,"VB 도메인 기반 분류. image_source 미기록, image_license 미기록. 공식 이용약관 미확인 — 상업 사용 개별 허가 필요."
busan-F-00156,https://www.visitbusan.net/uploadImgs/files/cntnts/20220512145041261_ttiel,www.visitbusan.net,editorial_tourism,https://www.visitbusan.net/kr/index.do?menuCd=DOM_000000201002001000&uc_seq=1282&lang_cd=ko,,2026-07-25,"VisitBusan / 부산광역시 (도메인 추정, 미확인)",unknown,unverified,unknown,unknown,unknown,,review_required,domain_inferred,"VB 도메인 기반 분류. image_source 미기록, image_license 미기록. 공식 이용약관 미확인 — 상업 사용 개별 허가 필요."
busan-F-00157,https://www.visitbusan.net/uploadImgs/files/cntnts/20220512155859812_ttiel,www.visitbusan.net,editorial_tourism,https://www.visitbusan.net/kr/index.do?menuCd=DOM_000000201002001000&uc_seq=1284&lang_cd=ko,,2026-07-25,"VisitBusan / 부산광역시 (도메인 추정, 미확인)",unknown,unverified,unknown,unknown,unknown,,review_required,domain_inferred,"VB 도메인 기반 분류. image_source 미기록, image_license 미기록. 공식 이용약관 미확인 — 상업 사용 개별 허가 필요."
busan-F-00158,https://www.visitbusan.net/uploadImgs/files/cntnts/20220512164338161_ttiel,www.visitbusan.net,editorial_tourism,https://www.visitbusan.net/kr/index.do?menuCd=DOM_000000201002001000&uc_seq=1286&lang_cd=ko,,2026-07-25,"VisitBusan / 부산광역시 (도메인 추정, 미확인)",unknown,unverified,unknown,unknown,unknown,,review_required,domain_inferred,"VB 도메인 기반 분류. image_source 미기록, image_license 미기록. 공식 이용약관 미확인 — 상업 사용 개별 허가 필요."
busan-F-00159,https://www.visitbusan.net/uploadImgs/files/cntnts/20220512165954952_ttiel,www.visitbusan.net,editorial_tourism,https://www.visitbusan.net/kr/index.do?menuCd=DOM_000000201002001000&uc_seq=1287&lang_cd=ko,,2026-07-25,"VisitBusan / 부산광역시 (도메인 추정, 미확인)",unknown,unverified,unknown,unknown,unknown,,review_required,domain_inferred,"VB 도메인 기반 분류. image_source 미기록, image_license 미기록. 공식 이용약관 미확인 — 상업 사용 개별 허가 필요."
busan-F-00160,https://www.visitbusan.net/uploadImgs/files/cntnts/20220512175424144_ttiel,www.visitbusan.net,editorial_tourism,https://www.visitbusan.net/kr/index.do?menuCd=DOM_000000201002001000&uc_seq=1289&lang_cd=ko,,2026-07-25,"VisitBusan / 부산광역시 (도메인 추정, 미확인)",unknown,unverified,unknown,unknown,unknown,,review_required,domain_inferred,"VB 도메인 기반 분류. image_source 미기록, image_license 미기록. 공식 이용약관 미확인 — 상업 사용 개별 허가 필요."
busan-F-00161,https://www.visitbusan.net/uploadImgs/files/cntnts/20230523140214260_ttiel,www.visitbusan.net,editorial_tourism,https://www.visitbusan.net/kr/index.do?menuCd=DOM_000000201002001000&uc_seq=1436&lang_cd=ko,,2026-07-25,"VisitBusan / 부산광역시 (도메인 추정, 미확인)",unknown,unverified,unknown,unknown,unknown,,review_required,domain_inferred,"VB 도메인 기반 분류. image_source 미기록, image_license 미기록. 공식 이용약관 미확인 — 상업 사용 개별 허가 필요."
busan-F-00162,https://www.visitbusan.net/uploadImgs/files/cntnts/20240418144242123_ttiel,www.visitbusan.net,editorial_tourism,https://www.visitbusan.net/kr/index.do?menuCd=DOM_000000201002001000&uc_seq=1437&lang_cd=ko,,2026-07-25,"VisitBusan / 부산광역시 (도메인 추정, 미확인)",unknown,unverified,unknown,unknown,unknown,,review_required,domain_inferred,"VB 도메인 기반 분류. image_source 미기록, image_license 미기록. 공식 이용약관 미확인 — 상업 사용 개별 허가 필요."
busan-F-00163,https://www.visitbusan.net/uploadImgs/files/cntnts/20230524163636778_ttiel,www.visitbusan.net,editorial_tourism,https://www.visitbusan.net/kr/index.do?menuCd=DOM_000000201002001000&uc_seq=1438&lang_cd=ko,,2026-07-25,"VisitBusan / 부산광역시 (도메인 추정, 미확인)",unknown,unverified,unknown,unknown,unknown,,review_required,domain_inferred,"VB 도메인 기반 분류. image_source 미기록, image_license 미기록. 공식 이용약관 미확인 — 상업 사용 개별 허가 필요."
busan-F-00164,https://www.visitbusan.net/uploadImgs/files/cntnts/20230524164757051_ttiel,www.visitbusan.net,editorial_tourism,https://www.visitbusan.net/kr/index.do?menuCd=DOM_000000201002001000&uc_seq=1439&lang_cd=ko,,2026-07-25,"VisitBusan / 부산광역시 (도메인 추정, 미확인)",unknown,unverified,unknown,unknown,unknown,,review_required,domain_inferred,"VB 도메인 기반 분류. image_source 미기록, image_license 미기록. 공식 이용약관 미확인 — 상업 사용 개별 허가 필요."
busan-F-00165,https://www.visitbusan.net/uploadImgs/files/cntnts/20230525150604270_ttiel,www.visitbusan.net,editorial_tourism,https://www.visitbusan.net/kr/index.do?menuCd=DOM_000000201002001000&uc_seq=1441&lang_cd=ko,,2026-07-25,"VisitBusan / 부산광역시 (도메인 추정, 미확인)",unknown,unverified,unknown,unknown,unknown,,review_required,domain_inferred,"VB 도메인 기반 분류. image_source 미기록, image_license 미기록. 공식 이용약관 미확인 — 상업 사용 개별 허가 필요."
busan-F-00166,https://www.visitbusan.net/uploadImgs/files/cntnts/20250529162311917_ttiel,www.visitbusan.net,editorial_tourism,https://www.visitbusan.net/kr/index.do?menuCd=DOM_000000201002001000&uc_seq=1445&lang_cd=ko,,2026-07-25,"VisitBusan / 부산광역시 (도메인 추정, 미확인)",unknown,unverified,unknown,unknown,unknown,,review_required,domain_inferred,"VB 도메인 기반 분류. image_source 미기록, image_license 미기록. 공식 이용약관 미확인 — 상업 사용 개별 허가 필요."
busan-F-00167,https://www.visitbusan.net/uploadImgs/files/cntnts/20230531124838775_ttiel,www.visitbusan.net,editorial_tourism,https://www.visitbusan.net/kr/index.do?menuCd=DOM_000000201002001000&uc_seq=1446&lang_cd=ko,,2026-07-25,"VisitBusan / 부산광역시 (도메인 추정, 미확인)",unknown,unverified,unknown,unknown,unknown,,review_required,domain_inferred,"VB 도메인 기반 분류. image_source 미기록, image_license 미기록. 공식 이용약관 미확인 — 상업 사용 개별 허가 필요."
busan-F-00168,https://www.visitbusan.net/uploadImgs/files/cntnts/20230531125707807_ttiel,www.visitbusan.net,editorial_tourism,https://www.visitbusan.net/kr/index.do?menuCd=DOM_000000201002001000&uc_seq=1447&lang_cd=ko,,2026-07-25,"VisitBusan / 부산광역시 (도메인 추정, 미확인)",unknown,unverified,unknown,unknown,unknown,,review_required,domain_inferred,"VB 도메인 기반 분류. image_source 미기록, image_license 미기록. 공식 이용약관 미확인 — 상업 사용 개별 허가 필요."
busan-F-00169,https://www.visitbusan.net/uploadImgs/files/cntnts/20240416143959104_ttiel,www.visitbusan.net,editorial_tourism,https://www.visitbusan.net/kr/index.do?menuCd=DOM_000000201002001000&uc_seq=1448&lang_cd=ko,,2026-07-25,"VisitBusan / 부산광역시 (도메인 추정, 미확인)",unknown,unverified,unknown,unknown,unknown,,review_required,domain_inferred,"VB 도메인 기반 분류. image_source 미기록, image_license 미기록. 공식 이용약관 미확인 — 상업 사용 개별 허가 필요."
busan-F-00170,https://www.visitbusan.net/uploadImgs/files/cntnts/20240416173526207_ttiel,www.visitbusan.net,editorial_tourism,https://www.visitbusan.net/kr/index.do?menuCd=DOM_000000201002001000&uc_seq=1450&lang_cd=ko,,2026-07-25,"VisitBusan / 부산광역시 (도메인 추정, 미확인)",unknown,unverified,unknown,unknown,unknown,,review_required,domain_inferred,"VB 도메인 기반 분류. image_source 미기록, image_license 미기록. 공식 이용약관 미확인 — 상업 사용 개별 허가 필요."
busan-F-00171,https://www.visitbusan.net/uploadImgs/files/cntnts/20240419111526831_ttiel,www.visitbusan.net,editorial_tourism,https://www.visitbusan.net/kr/index.do?menuCd=DOM_000000201002001000&uc_seq=1451&lang_cd=ko,,2026-07-25,"VisitBusan / 부산광역시 (도메인 추정, 미확인)",unknown,unverified,unknown,unknown,unknown,,review_required,domain_inferred,"VB 도메인 기반 분류. image_source 미기록, image_license 미기록. 공식 이용약관 미확인 — 상업 사용 개별 허가 필요."
busan-F-00172,https://www.visitbusan.net/uploadImgs/files/cntnts/20240416104103550_ttiel,www.visitbusan.net,editorial_tourism,https://www.visitbusan.net/kr/index.do?menuCd=DOM_000000201002001000&uc_seq=1452&lang_cd=ko,,2026-07-25,"VisitBusan / 부산광역시 (도메인 추정, 미확인)",unknown,unverified,unknown,unknown,unknown,,review_required,domain_inferred,"VB 도메인 기반 분류. image_source 미기록, image_license 미기록. 공식 이용약관 미확인 — 상업 사용 개별 허가 필요."
busan-F-00173,https://www.visitbusan.net/uploadImgs/files/cntnts/20230601144332074_ttiel,www.visitbusan.net,editorial_tourism,https://www.visitbusan.net/kr/index.do?menuCd=DOM_000000201002001000&uc_seq=1453&lang_cd=ko,,2026-07-25,"VisitBusan / 부산광역시 (도메인 추정, 미확인)",unknown,unverified,unknown,unknown,unknown,,review_required,domain_inferred,"VB 도메인 기반 분류. image_source 미기록, image_license 미기록. 공식 이용약관 미확인 — 상업 사용 개별 허가 필요."
busan-F-00174,https://www.visitbusan.net/uploadImgs/files/cntnts/20230601145535123_ttiel,www.visitbusan.net,editorial_tourism,https://www.visitbusan.net/kr/index.do?menuCd=DOM_000000201002001000&uc_seq=1454&lang_cd=ko,,2026-07-25,"VisitBusan / 부산광역시 (도메인 추정, 미확인)",unknown,unverified,unknown,unknown,unknown,,review_required,domain_inferred,"VB 도메인 기반 분류. image_source 미기록, image_license 미기록. 공식 이용약관 미확인 — 상업 사용 개별 허가 필요."
busan-F-00175,https://www.visitbusan.net/uploadImgs/files/cntnts/20230601150706501_ttiel,www.visitbusan.net,editorial_tourism,https://www.visitbusan.net/kr/index.do?menuCd=DOM_000000201002001000&uc_seq=1455&lang_cd=ko,,2026-07-25,"VisitBusan / 부산광역시 (도메인 추정, 미확인)",unknown,unverified,unknown,unknown,unknown,,review_required,domain_inferred,"VB 도메인 기반 분류. image_source 미기록, image_license 미기록. 공식 이용약관 미확인 — 상업 사용 개별 허가 필요."
busan-F-00176,https://www.visitbusan.net/uploadImgs/files/cntnts/20240416143826363_ttiel,www.visitbusan.net,editorial_tourism,https://www.visitbusan.net/kr/index.do?menuCd=DOM_000000201002001000&uc_seq=1456&lang_cd=ko,,2026-07-25,"VisitBusan / 부산광역시 (도메인 추정, 미확인)",unknown,unverified,unknown,unknown,unknown,,review_required,domain_inferred,"VB 도메인 기반 분류. image_source 미기록, image_license 미기록. 공식 이용약관 미확인 — 상업 사용 개별 허가 필요."
busan-F-00177,https://www.visitbusan.net/uploadImgs/files/cntnts/20240418144007166_ttiel,www.visitbusan.net,editorial_tourism,https://www.visitbusan.net/kr/index.do?menuCd=DOM_000000201002001000&uc_seq=1457&lang_cd=ko,,2026-07-25,"VisitBusan / 부산광역시 (도메인 추정, 미확인)",unknown,unverified,unknown,unknown,unknown,,review_required,domain_inferred,"VB 도메인 기반 분류. image_source 미기록, image_license 미기록. 공식 이용약관 미확인 — 상업 사용 개별 허가 필요."
busan-F-00178,https://www.visitbusan.net/uploadImgs/files/cntnts/20230601155348503_ttiel,www.visitbusan.net,editorial_tourism,https://www.visitbusan.net/kr/index.do?menuCd=DOM_000000201002001000&uc_seq=1458&lang_cd=ko,,2026-07-25,"VisitBusan / 부산광역시 (도메인 추정, 미확인)",unknown,unverified,unknown,unknown,unknown,,review_required,domain_inferred,"VB 도메인 기반 분류. image_source 미기록, image_license 미기록. 공식 이용약관 미확인 — 상업 사용 개별 허가 필요."
busan-F-00179,https://www.visitbusan.net/uploadImgs/files/cntnts/20230601183719085_ttiel,www.visitbusan.net,editorial_tourism,https://www.visitbusan.net/kr/index.do?menuCd=DOM_000000201002001000&uc_seq=1459&lang_cd=ko,,2026-07-25,"VisitBusan / 부산광역시 (도메인 추정, 미확인)",unknown,unverified,unknown,unknown,unknown,,review_required,domain_inferred,"VB 도메인 기반 분류. image_source 미기록, image_license 미기록. 공식 이용약관 미확인 — 상업 사용 개별 허가 필요."
busan-F-00180,https://www.visitbusan.net/uploadImgs/files/cntnts/20240419175034497_ttiel,www.visitbusan.net,editorial_tourism,https://www.visitbusan.net/kr/index.do?menuCd=DOM_000000201002001000&uc_seq=1460&lang_cd=ko,,2026-07-25,"VisitBusan / 부산광역시 (도메인 추정, 미확인)",unknown,unverified,unknown,unknown,unknown,,review_required,domain_inferred,"VB 도메인 기반 분류. image_source 미기록, image_license 미기록. 공식 이용약관 미확인 — 상업 사용 개별 허가 필요."
busan-F-00181,https://www.visitbusan.net/uploadImgs/files/cntnts/20230601205022576_ttiel,www.visitbusan.net,editorial_tourism,https://www.visitbusan.net/kr/index.do?menuCd=DOM_000000201002001000&uc_seq=1461&lang_cd=ko,,2026-07-25,"VisitBusan / 부산광역시 (도메인 추정, 미확인)",unknown,unverified,unknown,unknown,unknown,,review_required,domain_inferred,"VB 도메인 기반 분류. image_source 미기록, image_license 미기록. 공식 이용약관 미확인 — 상업 사용 개별 허가 필요."
busan-F-00182,https://www.visitbusan.net/uploadImgs/files/cntnts/20230601205653276_ttiel,www.visitbusan.net,editorial_tourism,https://www.visitbusan.net/kr/index.do?menuCd=DOM_000000201002001000&uc_seq=1462&lang_cd=ko,,2026-07-25,"VisitBusan / 부산광역시 (도메인 추정, 미확인)",unknown,unverified,unknown,unknown,unknown,,review_required,domain_inferred,"VB 도메인 기반 분류. image_source 미기록, image_license 미기록. 공식 이용약관 미확인 — 상업 사용 개별 허가 필요."
busan-F-00183,https://www.visitbusan.net/uploadImgs/files/cntnts/20230601210303799_ttiel,www.visitbusan.net,editorial_tourism,https://www.visitbusan.net/kr/index.do?menuCd=DOM_000000201002001000&uc_seq=1463&lang_cd=ko,,2026-07-25,"VisitBusan / 부산광역시 (도메인 추정, 미확인)",unknown,unverified,unknown,unknown,unknown,,review_required,domain_inferred,"VB 도메인 기반 분류. image_source 미기록, image_license 미기록. 공식 이용약관 미확인 — 상업 사용 개별 허가 필요."
busan-F-00184,https://www.visitbusan.net/uploadImgs/files/cntnts/20230601210950063_ttiel,www.visitbusan.net,editorial_tourism,https://www.visitbusan.net/kr/index.do?menuCd=DOM_000000201002001000&uc_seq=1464&lang_cd=ko,,2026-07-25,"VisitBusan / 부산광역시 (도메인 추정, 미확인)",unknown,unverified,unknown,unknown,unknown,,review_required,domain_inferred,"VB 도메인 기반 분류. image_source 미기록, image_license 미기록. 공식 이용약관 미확인 — 상업 사용 개별 허가 필요."
busan-F-00185,https://www.visitbusan.net/uploadImgs/files/cntnts/20230601211556571_ttiel,www.visitbusan.net,editorial_tourism,https://www.visitbusan.net/kr/index.do?menuCd=DOM_000000201002001000&uc_seq=1465&lang_cd=ko,,2026-07-25,"VisitBusan / 부산광역시 (도메인 추정, 미확인)",unknown,unverified,unknown,unknown,unknown,,review_required,domain_inferred,"VB 도메인 기반 분류. image_source 미기록, image_license 미기록. 공식 이용약관 미확인 — 상업 사용 개별 허가 필요."
busan-F-00186,https://www.visitbusan.net/uploadImgs/files/cntnts/20230601212247424_ttiel,www.visitbusan.net,editorial_tourism,https://www.visitbusan.net/kr/index.do?menuCd=DOM_000000201002001000&uc_seq=1466&lang_cd=ko,,2026-07-25,"VisitBusan / 부산광역시 (도메인 추정, 미확인)",unknown,unverified,unknown,unknown,unknown,,review_required,domain_inferred,"VB 도메인 기반 분류. image_source 미기록, image_license 미기록. 공식 이용약관 미확인 — 상업 사용 개별 허가 필요."
busan-F-00187,https://www.visitbusan.net/uploadImgs/files/cntnts/20240419095023870_ttiel,www.visitbusan.net,editorial_tourism,https://www.visitbusan.net/kr/index.do?menuCd=DOM_000000201002001000&uc_seq=1467&lang_cd=ko,,2026-07-25,"VisitBusan / 부산광역시 (도메인 추정, 미확인)",unknown,unverified,unknown,unknown,unknown,,review_required,domain_inferred,"VB 도메인 기반 분류. image_source 미기록, image_license 미기록. 공식 이용약관 미확인 — 상업 사용 개별 허가 필요."
busan-F-00188,https://www.visitbusan.net/uploadImgs/files/cntnts/20240416103220485_ttiel,www.visitbusan.net,editorial_tourism,https://www.visitbusan.net/kr/index.do?menuCd=DOM_000000201002001000&uc_seq=1474&lang_cd=ko,,2026-07-25,"VisitBusan / 부산광역시 (도메인 추정, 미확인)",unknown,unverified,unknown,unknown,unknown,,review_required,domain_inferred,"VB 도메인 기반 분류. image_source 미기록, image_license 미기록. 공식 이용약관 미확인 — 상업 사용 개별 허가 필요."
busan-F-00189,https://www.visitbusan.net/uploadImgs/files/cntnts/20230602135143501_ttiel,www.visitbusan.net,editorial_tourism,https://www.visitbusan.net/kr/index.do?menuCd=DOM_000000201002001000&uc_seq=1475&lang_cd=ko,,2026-07-25,"VisitBusan / 부산광역시 (도메인 추정, 미확인)",unknown,unverified,unknown,unknown,unknown,,review_required,domain_inferred,"VB 도메인 기반 분류. image_source 미기록, image_license 미기록. 공식 이용약관 미확인 — 상업 사용 개별 허가 필요."
busan-F-00190,https://www.visitbusan.net/uploadImgs/files/cntnts/20230602135638172_ttiel,www.visitbusan.net,editorial_tourism,https://www.visitbusan.net/kr/index.do?menuCd=DOM_000000201002001000&uc_seq=1476&lang_cd=ko,,2026-07-25,"VisitBusan / 부산광역시 (도메인 추정, 미확인)",unknown,unverified,unknown,unknown,unknown,,review_required,domain_inferred,"VB 도메인 기반 분류. image_source 미기록, image_license 미기록. 공식 이용약관 미확인 — 상업 사용 개별 허가 필요."
busan-F-00191,https://www.visitbusan.net/uploadImgs/files/cntnts/20240419173453394_ttiel,www.visitbusan.net,editorial_tourism,https://www.visitbusan.net/kr/index.do?menuCd=DOM_000000201002001000&uc_seq=1477&lang_cd=ko,,2026-07-25,"VisitBusan / 부산광역시 (도메인 추정, 미확인)",unknown,unverified,unknown,unknown,unknown,,review_required,domain_inferred,"VB 도메인 기반 분류. image_source 미기록, image_license 미기록. 공식 이용약관 미확인 — 상업 사용 개별 허가 필요."
busan-F-00192,https://www.visitbusan.net/uploadImgs/files/cntnts/20240418125531238_ttiel,www.visitbusan.net,editorial_tourism,https://www.visitbusan.net/kr/index.do?menuCd=DOM_000000201002001000&uc_seq=1478&lang_cd=ko,,2026-07-25,"VisitBusan / 부산광역시 (도메인 추정, 미확인)",unknown,unverified,unknown,unknown,unknown,,review_required,domain_inferred,"VB 도메인 기반 분류. image_source 미기록, image_license 미기록. 공식 이용약관 미확인 — 상업 사용 개별 허가 필요."
busan-F-00193,https://www.visitbusan.net/uploadImgs/files/cntnts/20230602141753998_ttiel,www.visitbusan.net,editorial_tourism,https://www.visitbusan.net/kr/index.do?menuCd=DOM_000000201002001000&uc_seq=1479&lang_cd=ko,,2026-07-25,"VisitBusan / 부산광역시 (도메인 추정, 미확인)",unknown,unverified,unknown,unknown,unknown,,review_required,domain_inferred,"VB 도메인 기반 분류. image_source 미기록, image_license 미기록. 공식 이용약관 미확인 — 상업 사용 개별 허가 필요."
busan-F-00194,https://www.visitbusan.net/uploadImgs/files/cntnts/20230602142611057_ttiel,www.visitbusan.net,editorial_tourism,https://www.visitbusan.net/kr/index.do?menuCd=DOM_000000201002001000&uc_seq=1480&lang_cd=ko,,2026-07-25,"VisitBusan / 부산광역시 (도메인 추정, 미확인)",unknown,unverified,unknown,unknown,unknown,,review_required,domain_inferred,"VB 도메인 기반 분류. image_source 미기록, image_license 미기록. 공식 이용약관 미확인 — 상업 사용 개별 허가 필요."
busan-F-00195,https://www.visitbusan.net/uploadImgs/files/cntnts/20240419153525824_ttiel,www.visitbusan.net,editorial_tourism,https://www.visitbusan.net/kr/index.do?menuCd=DOM_000000201002001000&uc_seq=1481&lang_cd=ko,,2026-07-25,"VisitBusan / 부산광역시 (도메인 추정, 미확인)",unknown,unverified,unknown,unknown,unknown,,review_required,domain_inferred,"VB 도메인 기반 분류. image_source 미기록, image_license 미기록. 공식 이용약관 미확인 — 상업 사용 개별 허가 필요."
busan-F-00196,https://www.visitbusan.net/uploadImgs/files/cntnts/20230602143250533_ttiel,www.visitbusan.net,editorial_tourism,https://www.visitbusan.net/kr/index.do?menuCd=DOM_000000201002001000&uc_seq=1482&lang_cd=ko,,2026-07-25,"VisitBusan / 부산광역시 (도메인 추정, 미확인)",unknown,unverified,unknown,unknown,unknown,,review_required,domain_inferred,"VB 도메인 기반 분류. image_source 미기록, image_license 미기록. 공식 이용약관 미확인 — 상업 사용 개별 허가 필요."
busan-F-00197,https://www.visitbusan.net/uploadImgs/files/cntnts/20240417164934040_ttiel,www.visitbusan.net,editorial_tourism,https://www.visitbusan.net/kr/index.do?menuCd=DOM_000000201002001000&uc_seq=1483&lang_cd=ko,,2026-07-25,"VisitBusan / 부산광역시 (도메인 추정, 미확인)",unknown,unverified,unknown,unknown,unknown,,review_required,domain_inferred,"VB 도메인 기반 분류. image_source 미기록, image_license 미기록. 공식 이용약관 미확인 — 상업 사용 개별 허가 필요."
busan-F-00198,https://www.visitbusan.net/uploadImgs/files/cntnts/20250530161709953_ttiel,www.visitbusan.net,editorial_tourism,https://www.visitbusan.net/kr/index.do?menuCd=DOM_000000201002001000&uc_seq=1484&lang_cd=ko,,2026-07-25,"VisitBusan / 부산광역시 (도메인 추정, 미확인)",unknown,unverified,unknown,unknown,unknown,,review_required,domain_inferred,"VB 도메인 기반 분류. image_source 미기록, image_license 미기록. 공식 이용약관 미확인 — 상업 사용 개별 허가 필요."
busan-F-00199,https://www.visitbusan.net/uploadImgs/files/cntnts/20230602145152107_ttiel,www.visitbusan.net,editorial_tourism,https://www.visitbusan.net/kr/index.do?menuCd=DOM_000000201002001000&uc_seq=1485&lang_cd=ko,,2026-07-25,"VisitBusan / 부산광역시 (도메인 추정, 미확인)",unknown,unverified,unknown,unknown,unknown,,review_required,domain_inferred,"VB 도메인 기반 분류. image_source 미기록, image_license 미기록. 공식 이용약관 미확인 — 상업 사용 개별 허가 필요."
busan-F-00200,https://www.visitbusan.net/uploadImgs/files/cntnts/20230602145719327_ttiel,www.visitbusan.net,editorial_tourism,https://www.visitbusan.net/kr/index.do?menuCd=DOM_000000201002001000&uc_seq=1486&lang_cd=ko,,2026-07-25,"VisitBusan / 부산광역시 (도메인 추정, 미확인)",unknown,unverified,unknown,unknown,unknown,,review_required,domain_inferred,"VB 도메인 기반 분류. image_source 미기록, image_license 미기록. 공식 이용약관 미확인 — 상업 사용 개별 허가 필요."
busan-F-00201,https://www.visitbusan.net/uploadImgs/files/cntnts/20230602145733245_ttiel,www.visitbusan.net,editorial_tourism,https://www.visitbusan.net/kr/index.do?menuCd=DOM_000000201002001000&uc_seq=1487&lang_cd=ko,,2026-07-25,"VisitBusan / 부산광역시 (도메인 추정, 미확인)",unknown,unverified,unknown,unknown,unknown,,review_required,domain_inferred,"VB 도메인 기반 분류. image_source 미기록, image_license 미기록. 공식 이용약관 미확인 — 상업 사용 개별 허가 필요."
busan-F-00202,https://www.visitbusan.net/uploadImgs/files/cntnts/20230602150346849_ttiel,www.visitbusan.net,editorial_tourism,https://www.visitbusan.net/kr/index.do?menuCd=DOM_000000201002001000&uc_seq=1488&lang_cd=ko,,2026-07-25,"VisitBusan / 부산광역시 (도메인 추정, 미확인)",unknown,unverified,unknown,unknown,unknown,,review_required,domain_inferred,"VB 도메인 기반 분류. image_source 미기록, image_license 미기록. 공식 이용약관 미확인 — 상업 사용 개별 허가 필요."
busan-F-00203,https://www.visitbusan.net/uploadImgs/files/cntnts/20240419105032027_ttiel,www.visitbusan.net,editorial_tourism,,,2026-07-25,"VisitBusan / 부산광역시 (도메인 추정, 미확인)",unknown,unverified,unknown,unknown,unknown,,review_required,domain_inferred,"VB 도메인 기반 분류. image_source 미기록, image_license 미기록. 공식 이용약관 미확인 — 상업 사용 개별 허가 필요."
busan-F-00204,https://www.visitbusan.net/uploadImgs/files/cntnts/20231109183734515_ttiel,www.visitbusan.net,editorial_tourism,https://www.visitbusan.net/kr/index.do?menuCd=DOM_000000201002001000&uc_seq=1490&lang_cd=ko,,2026-07-25,"VisitBusan / 부산광역시 (도메인 추정, 미확인)",unknown,unverified,unknown,unknown,unknown,,review_required,domain_inferred,"VB 도메인 기반 분류. image_source 미기록, image_license 미기록. 공식 이용약관 미확인 — 상업 사용 개별 허가 필요."
busan-F-00205,https://www.visitbusan.net/uploadImgs/files/cntnts/20230602153447605_ttiel,www.visitbusan.net,editorial_tourism,https://www.visitbusan.net/kr/index.do?menuCd=DOM_000000201002001000&uc_seq=1491&lang_cd=ko,,2026-07-25,"VisitBusan / 부산광역시 (도메인 추정, 미확인)",unknown,unverified,unknown,unknown,unknown,,review_required,domain_inferred,"VB 도메인 기반 분류. image_source 미기록, image_license 미기록. 공식 이용약관 미확인 — 상업 사용 개별 허가 필요."
busan-F-00206,https://www.visitbusan.net/uploadImgs/files/cntnts/20240418094044725_ttiel,www.visitbusan.net,editorial_tourism,https://www.visitbusan.net/kr/index.do?menuCd=DOM_000000201002001000&uc_seq=1492&lang_cd=ko,,2026-07-25,"VisitBusan / 부산광역시 (도메인 추정, 미확인)",unknown,unverified,unknown,unknown,unknown,,review_required,domain_inferred,"VB 도메인 기반 분류. image_source 미기록, image_license 미기록. 공식 이용약관 미확인 — 상업 사용 개별 허가 필요."
busan-F-00207,https://www.visitbusan.net/uploadImgs/files/cntnts/20230602175414282_ttiel,www.visitbusan.net,editorial_tourism,https://www.visitbusan.net/kr/index.do?menuCd=DOM_000000201002001000&uc_seq=1493&lang_cd=ko,,2026-07-25,"VisitBusan / 부산광역시 (도메인 추정, 미확인)",unknown,unverified,unknown,unknown,unknown,,review_required,domain_inferred,"VB 도메인 기반 분류. image_source 미기록, image_license 미기록. 공식 이용약관 미확인 — 상업 사용 개별 허가 필요."
busan-F-00208,https://www.visitbusan.net/uploadImgs/files/cntnts/20230603140846612_ttiel,www.visitbusan.net,editorial_tourism,https://www.visitbusan.net/kr/index.do?menuCd=DOM_000000201002001000&uc_seq=1494&lang_cd=ko,,2026-07-25,"VisitBusan / 부산광역시 (도메인 추정, 미확인)",unknown,unverified,unknown,unknown,unknown,,review_required,domain_inferred,"VB 도메인 기반 분류. image_source 미기록, image_license 미기록. 공식 이용약관 미확인 — 상업 사용 개별 허가 필요."
busan-F-00209,https://www.visitbusan.net/uploadImgs/files/cntnts/20230605092808009_ttiel,www.visitbusan.net,editorial_tourism,https://www.visitbusan.net/kr/index.do?menuCd=DOM_000000201002001000&uc_seq=1495&lang_cd=ko,,2026-07-25,"VisitBusan / 부산광역시 (도메인 추정, 미확인)",unknown,unverified,unknown,unknown,unknown,,review_required,domain_inferred,"VB 도메인 기반 분류. image_source 미기록, image_license 미기록. 공식 이용약관 미확인 — 상업 사용 개별 허가 필요."
busan-F-00210,https://www.visitbusan.net/uploadImgs/files/cntnts/20240419133053912_ttiel,www.visitbusan.net,editorial_tourism,https://www.visitbusan.net/kr/index.do?menuCd=DOM_000000201002001000&uc_seq=1496&lang_cd=ko,,2026-07-25,"VisitBusan / 부산광역시 (도메인 추정, 미확인)",unknown,unverified,unknown,unknown,unknown,,review_required,domain_inferred,"VB 도메인 기반 분류. image_source 미기록, image_license 미기록. 공식 이용약관 미확인 — 상업 사용 개별 허가 필요."
busan-F-00211,https://www.visitbusan.net/uploadImgs/files/cntnts/20230605094032446_ttiel,www.visitbusan.net,editorial_tourism,https://www.visitbusan.net/kr/index.do?menuCd=DOM_000000201002001000&uc_seq=1497&lang_cd=ko,,2026-07-25,"VisitBusan / 부산광역시 (도메인 추정, 미확인)",unknown,unverified,unknown,unknown,unknown,,review_required,domain_inferred,"VB 도메인 기반 분류. image_source 미기록, image_license 미기록. 공식 이용약관 미확인 — 상업 사용 개별 허가 필요."
busan-F-00212,https://www.visitbusan.net/uploadImgs/files/cntnts/20230605094602155_ttiel,www.visitbusan.net,editorial_tourism,https://www.visitbusan.net/kr/index.do?menuCd=DOM_000000201002001000&uc_seq=1498&lang_cd=ko,,2026-07-25,"VisitBusan / 부산광역시 (도메인 추정, 미확인)",unknown,unverified,unknown,unknown,unknown,,review_required,domain_inferred,"VB 도메인 기반 분류. image_source 미기록, image_license 미기록. 공식 이용약관 미확인 — 상업 사용 개별 허가 필요."
busan-F-00213,https://www.visitbusan.net/uploadImgs/files/cntnts/20230605100447110_ttiel,www.visitbusan.net,editorial_tourism,,,2026-07-25,"VisitBusan / 부산광역시 (도메인 추정, 미확인)",unknown,unverified,unknown,unknown,unknown,,review_required,domain_inferred,"VB 도메인 기반 분류. image_source 미기록, image_license 미기록. 공식 이용약관 미확인 — 상업 사용 개별 허가 필요."
busan-F-00214,https://www.visitbusan.net/uploadImgs/files/cntnts/20240419170216133_ttiel,www.visitbusan.net,editorial_tourism,https://www.visitbusan.net/kr/index.do?menuCd=DOM_000000201002001000&uc_seq=1500&lang_cd=ko,,2026-07-25,"VisitBusan / 부산광역시 (도메인 추정, 미확인)",unknown,unverified,unknown,unknown,unknown,,review_required,domain_inferred,"VB 도메인 기반 분류. image_source 미기록, image_license 미기록. 공식 이용약관 미확인 — 상업 사용 개별 허가 필요."
busan-F-00215,https://www.visitbusan.net/uploadImgs/files/cntnts/20230605101855650_ttiel,www.visitbusan.net,editorial_tourism,https://www.visitbusan.net/kr/index.do?menuCd=DOM_000000201002001000&uc_seq=1501&lang_cd=ko,,2026-07-25,"VisitBusan / 부산광역시 (도메인 추정, 미확인)",unknown,unverified,unknown,unknown,unknown,,review_required,domain_inferred,"VB 도메인 기반 분류. image_source 미기록, image_license 미기록. 공식 이용약관 미확인 — 상업 사용 개별 허가 필요."
busan-F-00216,https://www.visitbusan.net/uploadImgs/files/cntnts/20240417143025804_ttiel,www.visitbusan.net,editorial_tourism,https://www.visitbusan.net/kr/index.do?menuCd=DOM_000000201002001000&uc_seq=1502&lang_cd=ko,,2026-07-25,"VisitBusan / 부산광역시 (도메인 추정, 미확인)",unknown,unverified,unknown,unknown,unknown,,review_required,domain_inferred,"VB 도메인 기반 분류. image_source 미기록, image_license 미기록. 공식 이용약관 미확인 — 상업 사용 개별 허가 필요."
busan-F-00217,https://www.visitbusan.net/uploadImgs/files/cntnts/20240419113634712_ttiel,www.visitbusan.net,editorial_tourism,https://www.visitbusan.net/kr/index.do?menuCd=DOM_000000201002001000&uc_seq=1503&lang_cd=ko,,2026-07-25,"VisitBusan / 부산광역시 (도메인 추정, 미확인)",unknown,unverified,unknown,unknown,unknown,,review_required,domain_inferred,"VB 도메인 기반 분류. image_source 미기록, image_license 미기록. 공식 이용약관 미확인 — 상업 사용 개별 허가 필요."
busan-F-00218,https://www.visitbusan.net/uploadImgs/files/cntnts/20230605105014796_ttiel,www.visitbusan.net,editorial_tourism,https://www.visitbusan.net/kr/index.do?menuCd=DOM_000000201002001000&uc_seq=1504&lang_cd=ko,,2026-07-25,"VisitBusan / 부산광역시 (도메인 추정, 미확인)",unknown,unverified,unknown,unknown,unknown,,review_required,domain_inferred,"VB 도메인 기반 분류. image_source 미기록, image_license 미기록. 공식 이용약관 미확인 — 상업 사용 개별 허가 필요."
busan-F-00219,https://www.visitbusan.net/uploadImgs/files/cntnts/20230605114432846_ttiel,www.visitbusan.net,editorial_tourism,https://www.visitbusan.net/kr/index.do?menuCd=DOM_000000201002001000&uc_seq=1505&lang_cd=ko,,2026-07-25,"VisitBusan / 부산광역시 (도메인 추정, 미확인)",unknown,unverified,unknown,unknown,unknown,,review_required,domain_inferred,"VB 도메인 기반 분류. image_source 미기록, image_license 미기록. 공식 이용약관 미확인 — 상업 사용 개별 허가 필요."
busan-F-00220,https://www.visitbusan.net/uploadImgs/files/cntnts/20240416105423031_ttiel,www.visitbusan.net,editorial_tourism,https://www.visitbusan.net/kr/index.do?menuCd=DOM_000000201002001000&uc_seq=1506&lang_cd=ko,,2026-07-25,"VisitBusan / 부산광역시 (도메인 추정, 미확인)",unknown,unverified,unknown,unknown,unknown,,review_required,domain_inferred,"VB 도메인 기반 분류. image_source 미기록, image_license 미기록. 공식 이용약관 미확인 — 상업 사용 개별 허가 필요."
busan-F-00221,https://www.visitbusan.net/uploadImgs/files/cntnts/20240417141426032_ttiel,www.visitbusan.net,editorial_tourism,https://www.visitbusan.net/kr/index.do?menuCd=DOM_000000201002001000&uc_seq=1507&lang_cd=ko,,2026-07-25,"VisitBusan / 부산광역시 (도메인 추정, 미확인)",unknown,unverified,unknown,unknown,unknown,,review_required,domain_inferred,"VB 도메인 기반 분류. image_source 미기록, image_license 미기록. 공식 이용약관 미확인 — 상업 사용 개별 허가 필요."
busan-F-00222,https://www.visitbusan.net/uploadImgs/files/cntnts/20230605160757154_ttiel,www.visitbusan.net,editorial_tourism,,,2026-07-25,"VisitBusan / 부산광역시 (도메인 추정, 미확인)",unknown,unverified,unknown,unknown,unknown,,review_required,domain_inferred,"VB 도메인 기반 분류. image_source 미기록, image_license 미기록. 공식 이용약관 미확인 — 상업 사용 개별 허가 필요."
busan-F-00223,https://www.visitbusan.net/uploadImgs/files/cntnts/20230605162454973_ttiel,www.visitbusan.net,editorial_tourism,https://www.visitbusan.net/kr/index.do?menuCd=DOM_000000201002001000&uc_seq=1509&lang_cd=ko,,2026-07-25,"VisitBusan / 부산광역시 (도메인 추정, 미확인)",unknown,unverified,unknown,unknown,unknown,,review_required,domain_inferred,"VB 도메인 기반 분류. image_source 미기록, image_license 미기록. 공식 이용약관 미확인 — 상업 사용 개별 허가 필요."
busan-F-00224,https://www.visitbusan.net/uploadImgs/files/cntnts/20230605163059829_ttiel,www.visitbusan.net,editorial_tourism,https://www.visitbusan.net/kr/index.do?menuCd=DOM_000000201002001000&uc_seq=1510&lang_cd=ko,,2026-07-25,"VisitBusan / 부산광역시 (도메인 추정, 미확인)",unknown,unverified,unknown,unknown,unknown,,review_required,domain_inferred,"VB 도메인 기반 분류. image_source 미기록, image_license 미기록. 공식 이용약관 미확인 — 상업 사용 개별 허가 필요."
busan-F-00225,https://www.visitbusan.net/uploadImgs/files/cntnts/20230605171506269_ttiel,www.visitbusan.net,editorial_tourism,https://www.visitbusan.net/kr/index.do?menuCd=DOM_000000201002001000&uc_seq=1511&lang_cd=ko,,2026-07-25,"VisitBusan / 부산광역시 (도메인 추정, 미확인)",unknown,unverified,unknown,unknown,unknown,,review_required,domain_inferred,"VB 도메인 기반 분류. image_source 미기록, image_license 미기록. 공식 이용약관 미확인 — 상업 사용 개별 허가 필요."
busan-F-00226,https://www.visitbusan.net/uploadImgs/files/cntnts/20240417171440711_ttiel,www.visitbusan.net,editorial_tourism,https://www.visitbusan.net/kr/index.do?menuCd=DOM_000000201002001000&uc_seq=1512&lang_cd=ko,,2026-07-25,"VisitBusan / 부산광역시 (도메인 추정, 미확인)",unknown,unverified,unknown,unknown,unknown,,review_required,domain_inferred,"VB 도메인 기반 분류. image_source 미기록, image_license 미기록. 공식 이용약관 미확인 — 상업 사용 개별 허가 필요."
busan-F-00227,https://www.visitbusan.net/uploadImgs/files/cntnts/20230605175347129_ttiel,www.visitbusan.net,editorial_tourism,https://www.visitbusan.net/kr/index.do?menuCd=DOM_000000201002001000&uc_seq=1513&lang_cd=ko,,2026-07-25,"VisitBusan / 부산광역시 (도메인 추정, 미확인)",unknown,unverified,unknown,unknown,unknown,,review_required,domain_inferred,"VB 도메인 기반 분류. image_source 미기록, image_license 미기록. 공식 이용약관 미확인 — 상업 사용 개별 허가 필요."
busan-F-00228,https://www.visitbusan.net/uploadImgs/files/cntnts/20230607101844356_ttiel,www.visitbusan.net,editorial_tourism,https://www.visitbusan.net/kr/index.do?menuCd=DOM_000000201002001000&uc_seq=1515&lang_cd=ko,,2026-07-25,"VisitBusan / 부산광역시 (도메인 추정, 미확인)",unknown,unverified,unknown,unknown,unknown,,review_required,domain_inferred,"VB 도메인 기반 분류. image_source 미기록, image_license 미기록. 공식 이용약관 미확인 — 상업 사용 개별 허가 필요."
busan-F-00229,https://www.visitbusan.net/uploadImgs/files/cntnts/20240419095508857_ttiel,www.visitbusan.net,editorial_tourism,,,2026-07-25,"VisitBusan / 부산광역시 (도메인 추정, 미확인)",unknown,unverified,unknown,unknown,unknown,,review_required,domain_inferred,"VB 도메인 기반 분류. image_source 미기록, image_license 미기록. 공식 이용약관 미확인 — 상업 사용 개별 허가 필요."
busan-F-00230,https://www.visitbusan.net/uploadImgs/files/cntnts/20230607104813073_ttiel,www.visitbusan.net,editorial_tourism,https://www.visitbusan.net/kr/index.do?menuCd=DOM_000000201002001000&uc_seq=1517&lang_cd=ko,,2026-07-25,"VisitBusan / 부산광역시 (도메인 추정, 미확인)",unknown,unverified,unknown,unknown,unknown,,review_required,domain_inferred,"VB 도메인 기반 분류. image_source 미기록, image_license 미기록. 공식 이용약관 미확인 — 상업 사용 개별 허가 필요."
busan-F-00231,https://www.visitbusan.net/uploadImgs/files/cntnts/20240417163101609_ttiel,www.visitbusan.net,editorial_tourism,https://www.visitbusan.net/kr/index.do?menuCd=DOM_000000201002001000&uc_seq=1518&lang_cd=ko,,2026-07-25,"VisitBusan / 부산광역시 (도메인 추정, 미확인)",unknown,unverified,unknown,unknown,unknown,,review_required,domain_inferred,"VB 도메인 기반 분류. image_source 미기록, image_license 미기록. 공식 이용약관 미확인 — 상업 사용 개별 허가 필요."
busan-F-00232,https://www.visitbusan.net/uploadImgs/files/cntnts/20240418131536518_ttiel,www.visitbusan.net,editorial_tourism,https://www.visitbusan.net/kr/index.do?menuCd=DOM_000000201002001000&uc_seq=1519&lang_cd=ko,,2026-07-25,"VisitBusan / 부산광역시 (도메인 추정, 미확인)",unknown,unverified,unknown,unknown,unknown,,review_required,domain_inferred,"VB 도메인 기반 분류. image_source 미기록, image_license 미기록. 공식 이용약관 미확인 — 상업 사용 개별 허가 필요."
busan-F-00233,https://www.visitbusan.net/uploadImgs/files/cntnts/20240417095049087_ttiel,www.visitbusan.net,editorial_tourism,https://www.visitbusan.net/kr/index.do?menuCd=DOM_000000201002001000&uc_seq=1520&lang_cd=ko,,2026-07-25,"VisitBusan / 부산광역시 (도메인 추정, 미확인)",unknown,unverified,unknown,unknown,unknown,,review_required,domain_inferred,"VB 도메인 기반 분류. image_source 미기록, image_license 미기록. 공식 이용약관 미확인 — 상업 사용 개별 허가 필요."
busan-F-00234,https://www.visitbusan.net/uploadImgs/files/cntnts/20230607115106313_ttiel,www.visitbusan.net,editorial_tourism,https://www.visitbusan.net/kr/index.do?menuCd=DOM_000000201002001000&uc_seq=1521&lang_cd=ko,,2026-07-25,"VisitBusan / 부산광역시 (도메인 추정, 미확인)",unknown,unverified,unknown,unknown,unknown,,review_required,domain_inferred,"VB 도메인 기반 분류. image_source 미기록, image_license 미기록. 공식 이용약관 미확인 — 상업 사용 개별 허가 필요."
busan-F-00235,https://www.visitbusan.net/uploadImgs/files/cntnts/20240417104737417_ttiel,www.visitbusan.net,editorial_tourism,https://www.visitbusan.net/kr/index.do?menuCd=DOM_000000201002001000&uc_seq=1522&lang_cd=ko,,2026-07-25,"VisitBusan / 부산광역시 (도메인 추정, 미확인)",unknown,unverified,unknown,unknown,unknown,,review_required,domain_inferred,"VB 도메인 기반 분류. image_source 미기록, image_license 미기록. 공식 이용약관 미확인 — 상업 사용 개별 허가 필요."
busan-F-00236,https://www.visitbusan.net/uploadImgs/files/cntnts/20240417160652816_ttiel,www.visitbusan.net,editorial_tourism,,,2026-07-25,"VisitBusan / 부산광역시 (도메인 추정, 미확인)",unknown,unverified,unknown,unknown,unknown,,review_required,domain_inferred,"VB 도메인 기반 분류. image_source 미기록, image_license 미기록. 공식 이용약관 미확인 — 상업 사용 개별 허가 필요."
busan-F-00237,https://www.visitbusan.net/uploadImgs/files/cntnts/20240417172509146_ttiel,www.visitbusan.net,editorial_tourism,https://www.visitbusan.net/kr/index.do?menuCd=DOM_000000201002001000&uc_seq=1524&lang_cd=ko,,2026-07-25,"VisitBusan / 부산광역시 (도메인 추정, 미확인)",unknown,unverified,unknown,unknown,unknown,,review_required,domain_inferred,"VB 도메인 기반 분류. image_source 미기록, image_license 미기록. 공식 이용약관 미확인 — 상업 사용 개별 허가 필요."
busan-F-00238,https://www.visitbusan.net/uploadImgs/files/cntnts/20230607150107037_ttiel,www.visitbusan.net,editorial_tourism,https://www.visitbusan.net/kr/index.do?menuCd=DOM_000000201002001000&uc_seq=1525&lang_cd=ko,,2026-07-25,"VisitBusan / 부산광역시 (도메인 추정, 미확인)",unknown,unverified,unknown,unknown,unknown,,review_required,domain_inferred,"VB 도메인 기반 분류. image_source 미기록, image_license 미기록. 공식 이용약관 미확인 — 상업 사용 개별 허가 필요."
busan-F-00239,https://www.visitbusan.net/uploadImgs/files/cntnts/20230607152613580_ttiel,www.visitbusan.net,editorial_tourism,https://www.visitbusan.net/kr/index.do?menuCd=DOM_000000201002001000&uc_seq=1526&lang_cd=ko,,2026-07-25,"VisitBusan / 부산광역시 (도메인 추정, 미확인)",unknown,unverified,unknown,unknown,unknown,,review_required,domain_inferred,"VB 도메인 기반 분류. image_source 미기록, image_license 미기록. 공식 이용약관 미확인 — 상업 사용 개별 허가 필요."
busan-F-00240,https://www.visitbusan.net/uploadImgs/files/cntnts/20230607153356051_ttiel,www.visitbusan.net,editorial_tourism,https://www.visitbusan.net/kr/index.do?menuCd=DOM_000000201002001000&uc_seq=1527&lang_cd=ko,,2026-07-25,"VisitBusan / 부산광역시 (도메인 추정, 미확인)",unknown,unverified,unknown,unknown,unknown,,review_required,domain_inferred,"VB 도메인 기반 분류. image_source 미기록, image_license 미기록. 공식 이용약관 미확인 — 상업 사용 개별 허가 필요."
busan-F-00241,https://www.visitbusan.net/uploadImgs/files/cntnts/20230607154228087_ttiel,www.visitbusan.net,editorial_tourism,https://www.visitbusan.net/kr/index.do?menuCd=DOM_000000201002001000&uc_seq=1528&lang_cd=ko,,2026-07-25,"VisitBusan / 부산광역시 (도메인 추정, 미확인)",unknown,unverified,unknown,unknown,unknown,,review_required,domain_inferred,"VB 도메인 기반 분류. image_source 미기록, image_license 미기록. 공식 이용약관 미확인 — 상업 사용 개별 허가 필요."
busan-F-00242,https://www.visitbusan.net/uploadImgs/files/cntnts/20230607170054185_ttiel,www.visitbusan.net,editorial_tourism,https://www.visitbusan.net/kr/index.do?menuCd=DOM_000000201002001000&uc_seq=1529&lang_cd=ko,,2026-07-25,"VisitBusan / 부산광역시 (도메인 추정, 미확인)",unknown,unverified,unknown,unknown,unknown,,review_required,domain_inferred,"VB 도메인 기반 분류. image_source 미기록, image_license 미기록. 공식 이용약관 미확인 — 상업 사용 개별 허가 필요."
busan-F-00243,https://www.visitbusan.net/uploadImgs/files/cntnts/20240417105843962_ttiel,www.visitbusan.net,editorial_tourism,https://www.visitbusan.net/kr/index.do?menuCd=DOM_000000201002001000&uc_seq=1530&lang_cd=ko,,2026-07-25,"VisitBusan / 부산광역시 (도메인 추정, 미확인)",unknown,unverified,unknown,unknown,unknown,,review_required,domain_inferred,"VB 도메인 기반 분류. image_source 미기록, image_license 미기록. 공식 이용약관 미확인 — 상업 사용 개별 허가 필요."
busan-F-00244,https://www.visitbusan.net/uploadImgs/files/cntnts/20240419113933249_ttiel,www.visitbusan.net,editorial_tourism,https://www.visitbusan.net/kr/index.do?menuCd=DOM_000000201002001000&uc_seq=1531&lang_cd=ko,,2026-07-25,"VisitBusan / 부산광역시 (도메인 추정, 미확인)",unknown,unverified,unknown,unknown,unknown,,review_required,domain_inferred,"VB 도메인 기반 분류. image_source 미기록, image_license 미기록. 공식 이용약관 미확인 — 상업 사용 개별 허가 필요."
busan-F-00245,https://www.visitbusan.net/uploadImgs/files/cntnts/20240417133833912_ttiel,www.visitbusan.net,editorial_tourism,https://www.visitbusan.net/kr/index.do?menuCd=DOM_000000201002001000&uc_seq=1533&lang_cd=ko,,2026-07-25,"VisitBusan / 부산광역시 (도메인 추정, 미확인)",unknown,unverified,unknown,unknown,unknown,,review_required,domain_inferred,"VB 도메인 기반 분류. image_source 미기록, image_license 미기록. 공식 이용약관 미확인 — 상업 사용 개별 허가 필요."
busan-F-00246,https://www.visitbusan.net/uploadImgs/files/cntnts/20240419153703944_ttiel,www.visitbusan.net,editorial_tourism,https://www.visitbusan.net/kr/index.do?menuCd=DOM_000000201002001000&uc_seq=1534&lang_cd=ko,,2026-07-25,"VisitBusan / 부산광역시 (도메인 추정, 미확인)",unknown,unverified,unknown,unknown,unknown,,review_required,domain_inferred,"VB 도메인 기반 분류. image_source 미기록, image_license 미기록. 공식 이용약관 미확인 — 상업 사용 개별 허가 필요."
busan-F-00247,https://www.visitbusan.net/uploadImgs/files/cntnts/20230608140120811_ttiel,www.visitbusan.net,editorial_tourism,https://www.visitbusan.net/kr/index.do?menuCd=DOM_000000201002001000&uc_seq=1535&lang_cd=ko,,2026-07-25,"VisitBusan / 부산광역시 (도메인 추정, 미확인)",unknown,unverified,unknown,unknown,unknown,,review_required,domain_inferred,"VB 도메인 기반 분류. image_source 미기록, image_license 미기록. 공식 이용약관 미확인 — 상업 사용 개별 허가 필요."
busan-F-00248,https://www.visitbusan.net/uploadImgs/files/cntnts/20240416171818172_ttiel,www.visitbusan.net,editorial_tourism,https://www.visitbusan.net/kr/index.do?menuCd=DOM_000000201002001000&uc_seq=1536&lang_cd=ko,,2026-07-25,"VisitBusan / 부산광역시 (도메인 추정, 미확인)",unknown,unverified,unknown,unknown,unknown,,review_required,domain_inferred,"VB 도메인 기반 분류. image_source 미기록, image_license 미기록. 공식 이용약관 미확인 — 상업 사용 개별 허가 필요."
busan-F-00249,https://www.visitbusan.net/uploadImgs/files/cntnts/20230608144815779_ttiel,www.visitbusan.net,editorial_tourism,https://www.visitbusan.net/kr/index.do?menuCd=DOM_000000201002001000&uc_seq=1537&lang_cd=ko,,2026-07-25,"VisitBusan / 부산광역시 (도메인 추정, 미확인)",unknown,unverified,unknown,unknown,unknown,,review_required,domain_inferred,"VB 도메인 기반 분류. image_source 미기록, image_license 미기록. 공식 이용약관 미확인 — 상업 사용 개별 허가 필요."
busan-F-00250,https://www.visitbusan.net/uploadImgs/files/cntnts/20230608150916484_ttiel,www.visitbusan.net,editorial_tourism,https://www.visitbusan.net/kr/index.do?menuCd=DOM_000000201002001000&uc_seq=1538&lang_cd=ko,,2026-07-25,"VisitBusan / 부산광역시 (도메인 추정, 미확인)",unknown,unverified,unknown,unknown,unknown,,review_required,domain_inferred,"VB 도메인 기반 분류. image_source 미기록, image_license 미기록. 공식 이용약관 미확인 — 상업 사용 개별 허가 필요."
busan-F-00251,,,,,,2026-07-25,,unknown,unverified,unknown,unknown,unknown,,no_image,unverified,이미지 URL 없음
busan-F-00252,https://www.visitbusan.net/uploadImgs/files/cntnts/20230612125944822_ttiel,www.visitbusan.net,editorial_tourism,,,2026-07-25,"VisitBusan / 부산광역시 (도메인 추정, 미확인)",unknown,unverified,unknown,unknown,unknown,,review_required,domain_inferred,"VB 도메인 기반 분류. image_source 미기록, image_license 미기록. 공식 이용약관 미확인 — 상업 사용 개별 허가 필요."
busan-F-00253,,,,,,2026-07-25,,unknown,unverified,unknown,unknown,unknown,,no_image,unverified,이미지 URL 없음
busan-F-00254,https://www.visitbusan.net/uploadImgs/files/cntnts/20230612130601401_ttiel,www.visitbusan.net,editorial_tourism,,,2026-07-25,"VisitBusan / 부산광역시 (도메인 추정, 미확인)",unknown,unverified,unknown,unknown,unknown,,review_required,domain_inferred,"VB 도메인 기반 분류. image_source 미기록, image_license 미기록. 공식 이용약관 미확인 — 상업 사용 개별 허가 필요."
busan-F-00255,,,,,,2026-07-25,,unknown,unverified,unknown,unknown,unknown,,no_image,unverified,이미지 URL 없음
busan-F-00256,,,,,,2026-07-25,,unknown,unverified,unknown,unknown,unknown,,no_image,unverified,이미지 URL 없음
busan-F-00257,https://www.visitbusan.net/uploadImgs/files/cntnts/20230612131518983_ttiel,www.visitbusan.net,editorial_tourism,,,2026-07-25,"VisitBusan / 부산광역시 (도메인 추정, 미확인)",unknown,unverified,unknown,unknown,unknown,,review_required,domain_inferred,"VB 도메인 기반 분류. image_source 미기록, image_license 미기록. 공식 이용약관 미확인 — 상업 사용 개별 허가 필요."
busan-F-00258,https://www.visitbusan.net/uploadImgs/files/cntnts/20230612133402186_ttiel,www.visitbusan.net,editorial_tourism,,,2026-07-25,"VisitBusan / 부산광역시 (도메인 추정, 미확인)",unknown,unverified,unknown,unknown,unknown,,review_required,domain_inferred,"VB 도메인 기반 분류. image_source 미기록, image_license 미기록. 공식 이용약관 미확인 — 상업 사용 개별 허가 필요."
busan-F-00259,,,,,,2026-07-25,,unknown,unverified,unknown,unknown,unknown,,no_image,unverified,이미지 URL 없음
busan-F-00260,,,,,,2026-07-25,,unknown,unverified,unknown,unknown,unknown,,no_image,unverified,이미지 URL 없음
busan-F-00261,https://www.visitbusan.net/uploadImgs/files/cntnts/20230612134343289_ttiel,www.visitbusan.net,editorial_tourism,,,2026-07-25,"VisitBusan / 부산광역시 (도메인 추정, 미확인)",unknown,unverified,unknown,unknown,unknown,,review_required,domain_inferred,"VB 도메인 기반 분류. image_source 미기록, image_license 미기록. 공식 이용약관 미확인 — 상업 사용 개별 허가 필요."
busan-F-00262,,,,,,2026-07-25,,unknown,unverified,unknown,unknown,unknown,,no_image,unverified,이미지 URL 없음
busan-F-00263,https://www.visitbusan.net/uploadImgs/files/cntnts/20230612135343874_ttiel,www.visitbusan.net,editorial_tourism,,,2026-07-25,"VisitBusan / 부산광역시 (도메인 추정, 미확인)",unknown,unverified,unknown,unknown,unknown,,review_required,domain_inferred,"VB 도메인 기반 분류. image_source 미기록, image_license 미기록. 공식 이용약관 미확인 — 상업 사용 개별 허가 필요."
busan-F-00264,,,,,,2026-07-25,,unknown,unverified,unknown,unknown,unknown,,no_image,unverified,이미지 URL 없음
busan-F-00265,https://www.visitbusan.net/uploadImgs/files/cntnts/20230612140201584_ttiel,www.visitbusan.net,editorial_tourism,,,2026-07-25,"VisitBusan / 부산광역시 (도메인 추정, 미확인)",unknown,unverified,unknown,unknown,unknown,,review_required,domain_inferred,"VB 도메인 기반 분류. image_source 미기록, image_license 미기록. 공식 이용약관 미확인 — 상업 사용 개별 허가 필요."
busan-F-00266,,,,,,2026-07-25,,unknown,unverified,unknown,unknown,unknown,,no_image,unverified,이미지 URL 없음
busan-F-00267,https://www.visitbusan.net/uploadImgs/files/cntnts/20230612142200836_ttiel,www.visitbusan.net,editorial_tourism,,,2026-07-25,"VisitBusan / 부산광역시 (도메인 추정, 미확인)",unknown,unverified,unknown,unknown,unknown,,review_required,domain_inferred,"VB 도메인 기반 분류. image_source 미기록, image_license 미기록. 공식 이용약관 미확인 — 상업 사용 개별 허가 필요."
busan-F-00268,https://www.visitbusan.net/uploadImgs/files/cntnts/20230612142741318_ttiel,www.visitbusan.net,editorial_tourism,,,2026-07-25,"VisitBusan / 부산광역시 (도메인 추정, 미확인)",unknown,unverified,unknown,unknown,unknown,,review_required,domain_inferred,"VB 도메인 기반 분류. image_source 미기록, image_license 미기록. 공식 이용약관 미확인 — 상업 사용 개별 허가 필요."
busan-F-00269,,,,,,2026-07-25,,unknown,unverified,unknown,unknown,unknown,,no_image,unverified,이미지 URL 없음
busan-F-00270,https://www.visitbusan.net/uploadImgs/files/cntnts/20230612143356750_ttiel,www.visitbusan.net,editorial_tourism,,,2026-07-25,"VisitBusan / 부산광역시 (도메인 추정, 미확인)",unknown,unverified,unknown,unknown,unknown,,review_required,domain_inferred,"VB 도메인 기반 분류. image_source 미기록, image_license 미기록. 공식 이용약관 미확인 — 상업 사용 개별 허가 필요."
busan-F-00271,https://www.visitbusan.net/uploadImgs/files/cntnts/20230612143942704_ttiel,www.visitbusan.net,editorial_tourism,,,2026-07-25,"VisitBusan / 부산광역시 (도메인 추정, 미확인)",unknown,unverified,unknown,unknown,unknown,,review_required,domain_inferred,"VB 도메인 기반 분류. image_source 미기록, image_license 미기록. 공식 이용약관 미확인 — 상업 사용 개별 허가 필요."
busan-F-00272,https://www.visitbusan.net/uploadImgs/files/cntnts/20240419165347836,www.visitbusan.net,editorial_tourism,https://www.visitbusan.net/kr/index.do?menuCd=DOM_000000201002001000&uc_seq=1847&lang_cd=ko,,2026-07-25,"VisitBusan / 부산광역시 (도메인 추정, 미확인)",unknown,unverified,unknown,unknown,unknown,,review_required,domain_inferred,VB 도메인 기반 분류. 기존 image_license=all_rights_reserved_visitbusan. 공식 이용약관 미확인 — 상업 사용 개별 허가 필요.
busan-F-00273,,,,,,2026-07-25,,unknown,unverified,unknown,unknown,unknown,,no_image,unverified,이미지 URL 없음
busan-F-00274,https://www.visitbusan.net/uploadImgs/files/cntnts/20230612145045002_ttiel,www.visitbusan.net,editorial_tourism,,,2026-07-25,"VisitBusan / 부산광역시 (도메인 추정, 미확인)",unknown,unverified,unknown,unknown,unknown,,review_required,domain_inferred,"VB 도메인 기반 분류. image_source 미기록, image_license 미기록. 공식 이용약관 미확인 — 상업 사용 개별 허가 필요."
busan-F-00275,,,,,,2026-07-25,,unknown,unverified,unknown,unknown,unknown,,no_image,unverified,이미지 URL 없음
busan-F-00276,https://www.visitbusan.net/uploadImgs/files/cntnts/20240418130407601,www.visitbusan.net,editorial_tourism,https://www.visitbusan.net/kr/index.do?menuCd=DOM_000000201002001000&uc_seq=1835&lang_cd=ko,,2026-07-25,"VisitBusan / 부산광역시 (도메인 추정, 미확인)",unknown,unverified,unknown,unknown,unknown,,review_required,domain_inferred,VB 도메인 기반 분류. 기존 image_license=all_rights_reserved_visitbusan. 공식 이용약관 미확인 — 상업 사용 개별 허가 필요.
busan-F-00277,https://www.visitbusan.net/uploadImgs/files/cntnts/20230612150436417_ttiel,www.visitbusan.net,editorial_tourism,,,2026-07-25,"VisitBusan / 부산광역시 (도메인 추정, 미확인)",unknown,unverified,unknown,unknown,unknown,,review_required,domain_inferred,"VB 도메인 기반 분류. image_source 미기록, image_license 미기록. 공식 이용약관 미확인 — 상업 사용 개별 허가 필요."
busan-F-00278,,,,,,2026-07-25,,unknown,unverified,unknown,unknown,unknown,,no_image,unverified,이미지 URL 없음
busan-F-00279,,,,,,2026-07-25,,unknown,unverified,unknown,unknown,unknown,,no_image,unverified,이미지 URL 없음
busan-F-00280,https://www.visitbusan.net/uploadImgs/files/cntnts/20230612151651185_ttiel,www.visitbusan.net,editorial_tourism,,,2026-07-25,"VisitBusan / 부산광역시 (도메인 추정, 미확인)",unknown,unverified,unknown,unknown,unknown,,review_required,domain_inferred,"VB 도메인 기반 분류. image_source 미기록, image_license 미기록. 공식 이용약관 미확인 — 상업 사용 개별 허가 필요."
busan-F-00281,,,,,,2026-07-25,,unknown,unverified,unknown,unknown,unknown,,no_image,unverified,이미지 URL 없음
busan-F-00282,,,,,,2026-07-25,,unknown,unverified,unknown,unknown,unknown,,no_image,unverified,이미지 URL 없음
busan-F-00283,https://www.visitbusan.net/uploadImgs/files/cntnts/20230612152628930_ttiel,www.visitbusan.net,editorial_tourism,,,2026-07-25,"VisitBusan / 부산광역시 (도메인 추정, 미확인)",unknown,unverified,unknown,unknown,unknown,,review_required,domain_inferred,"VB 도메인 기반 분류. image_source 미기록, image_license 미기록. 공식 이용약관 미확인 — 상업 사용 개별 허가 필요."
busan-F-00284,https://www.visitbusan.net/uploadImgs/files/cntnts/20230612153328501_ttiel,www.visitbusan.net,editorial_tourism,,,2026-07-25,"VisitBusan / 부산광역시 (도메인 추정, 미확인)",unknown,unverified,unknown,unknown,unknown,,review_required,domain_inferred,"VB 도메인 기반 분류. image_source 미기록, image_license 미기록. 공식 이용약관 미확인 — 상업 사용 개별 허가 필요."
busan-F-00285,,,,,,2026-07-25,,unknown,unverified,unknown,unknown,unknown,,no_image,unverified,이미지 URL 없음
busan-F-00286,https://www.visitbusan.net/uploadImgs/files/cntnts/20230612153921763_ttiel,www.visitbusan.net,editorial_tourism,,,2026-07-25,"VisitBusan / 부산광역시 (도메인 추정, 미확인)",unknown,unverified,unknown,unknown,unknown,,review_required,domain_inferred,"VB 도메인 기반 분류. image_source 미기록, image_license 미기록. 공식 이용약관 미확인 — 상업 사용 개별 허가 필요."
busan-F-00287,https://www.visitbusan.net/uploadImgs/files/cntnts/20230612154508334_ttiel,www.visitbusan.net,editorial_tourism,,,2026-07-25,"VisitBusan / 부산광역시 (도메인 추정, 미확인)",unknown,unverified,unknown,unknown,unknown,,review_required,domain_inferred,"VB 도메인 기반 분류. image_source 미기록, image_license 미기록. 공식 이용약관 미확인 — 상업 사용 개별 허가 필요."
busan-F-00288,,,,,,2026-07-25,,unknown,unverified,unknown,unknown,unknown,,no_image,unverified,이미지 URL 없음
busan-F-00289,,,,,,2026-07-25,,unknown,unverified,unknown,unknown,unknown,,no_image,unverified,이미지 URL 없음
busan-F-00290,,,,,,2026-07-25,,unknown,unverified,unknown,unknown,unknown,,no_image,unverified,이미지 URL 없음
busan-F-00291,https://www.visitbusan.net/uploadImgs/files/cntnts/20230612155844697_ttiel,www.visitbusan.net,editorial_tourism,,,2026-07-25,"VisitBusan / 부산광역시 (도메인 추정, 미확인)",unknown,unverified,unknown,unknown,unknown,,review_required,domain_inferred,"VB 도메인 기반 분류. image_source 미기록, image_license 미기록. 공식 이용약관 미확인 — 상업 사용 개별 허가 필요."
busan-F-00292,,,,,,2026-07-25,,unknown,unverified,unknown,unknown,unknown,,no_image,unverified,이미지 URL 없음
busan-F-00293,https://www.visitbusan.net/uploadImgs/files/cntnts/20230612160716657_ttiel,www.visitbusan.net,editorial_tourism,,,2026-07-25,"VisitBusan / 부산광역시 (도메인 추정, 미확인)",unknown,unverified,unknown,unknown,unknown,,review_required,domain_inferred,"VB 도메인 기반 분류. image_source 미기록, image_license 미기록. 공식 이용약관 미확인 — 상업 사용 개별 허가 필요."
busan-F-00294,https://www.visitbusan.net/uploadImgs/files/cntnts/20230612161146972_ttiel,www.visitbusan.net,editorial_tourism,,,2026-07-25,"VisitBusan / 부산광역시 (도메인 추정, 미확인)",unknown,unverified,unknown,unknown,unknown,,review_required,domain_inferred,"VB 도메인 기반 분류. image_source 미기록, image_license 미기록. 공식 이용약관 미확인 — 상업 사용 개별 허가 필요."
busan-F-00295,https://www.visitbusan.net/uploadImgs/files/cntnts/20230612161538543_ttiel,www.visitbusan.net,editorial_tourism,,,2026-07-25,"VisitBusan / 부산광역시 (도메인 추정, 미확인)",unknown,unverified,unknown,unknown,unknown,,review_required,domain_inferred,"VB 도메인 기반 분류. image_source 미기록, image_license 미기록. 공식 이용약관 미확인 — 상업 사용 개별 허가 필요."
busan-F-00296,https://www.visitbusan.net/uploadImgs/files/cntnts/20230612162233926_ttiel,www.visitbusan.net,editorial_tourism,,,2026-07-25,"VisitBusan / 부산광역시 (도메인 추정, 미확인)",unknown,unverified,unknown,unknown,unknown,,review_required,domain_inferred,"VB 도메인 기반 분류. image_source 미기록, image_license 미기록. 공식 이용약관 미확인 — 상업 사용 개별 허가 필요."
busan-F-00297,,,,,,2026-07-25,,unknown,unverified,unknown,unknown,unknown,,no_image,unverified,이미지 URL 없음
busan-F-00298,https://www.visitbusan.net/uploadImgs/files/cntnts/20230612163040120_ttiel,www.visitbusan.net,editorial_tourism,,,2026-07-25,"VisitBusan / 부산광역시 (도메인 추정, 미확인)",unknown,unverified,unknown,unknown,unknown,,review_required,domain_inferred,"VB 도메인 기반 분류. image_source 미기록, image_license 미기록. 공식 이용약관 미확인 — 상업 사용 개별 허가 필요."
busan-F-00299,https://www.visitbusan.net/uploadImgs/files/cntnts/20230612163348599_ttiel,www.visitbusan.net,editorial_tourism,https://www.visitbusan.net/kr/index.do?menuCd=DOM_000000201002001000&uc_seq=1842&lang_cd=ko,,2026-07-25,"VisitBusan / 부산광역시 (도메인 추정, 미확인)",unknown,unverified,unknown,unknown,unknown,,review_required,domain_inferred,"VB 도메인 기반 분류. image_source 미기록, image_license 미기록. 공식 이용약관 미확인 — 상업 사용 개별 허가 필요."
busan-F-00300,https://www.visitbusan.net/uploadImgs/files/cntnts/20240419135826203,www.visitbusan.net,editorial_tourism,https://www.visitbusan.net/kr/index.do?menuCd=DOM_000000201002001000&uc_seq=1843&lang_cd=ko,,2026-07-25,"VisitBusan / 부산광역시 (도메인 추정, 미확인)",unknown,unverified,unknown,unknown,unknown,,review_required,domain_inferred,VB 도메인 기반 분류. 기존 image_license=all_rights_reserved_visitbusan. 공식 이용약관 미확인 — 상업 사용 개별 허가 필요.
busan-F-00301,https://www.visitbusan.net/uploadImgs/files/cntnts/20230612165530398_ttiel,www.visitbusan.net,editorial_tourism,,,2026-07-25,"VisitBusan / 부산광역시 (도메인 추정, 미확인)",unknown,unverified,unknown,unknown,unknown,,review_required,domain_inferred,"VB 도메인 기반 분류. image_source 미기록, image_license 미기록. 공식 이용약관 미확인 — 상업 사용 개별 허가 필요."
busan-F-00302,https://www.visitbusan.net/uploadImgs/files/cntnts/20240419140242960,www.visitbusan.net,editorial_tourism,https://www.visitbusan.net/kr/index.do?menuCd=DOM_000000201002001000&uc_seq=1844&lang_cd=ko,,2026-07-25,"VisitBusan / 부산광역시 (도메인 추정, 미확인)",unknown,unverified,unknown,unknown,unknown,,review_required,domain_inferred,VB 도메인 기반 분류. 기존 image_license=all_rights_reserved_visitbusan. 공식 이용약관 미확인 — 상업 사용 개별 허가 필요.
busan-F-00303,,,,,,2026-07-25,,unknown,unverified,unknown,unknown,unknown,,no_image,unverified,이미지 URL 없음
busan-F-00304,https://www.visitbusan.net/uploadImgs/files/cntnts/20230612170609406_ttiel,www.visitbusan.net,editorial_tourism,,,2026-07-25,"VisitBusan / 부산광역시 (도메인 추정, 미확인)",unknown,unverified,unknown,unknown,unknown,,review_required,domain_inferred,"VB 도메인 기반 분류. image_source 미기록, image_license 미기록. 공식 이용약관 미확인 — 상업 사용 개별 허가 필요."
busan-F-00305,,,,,,2026-07-25,,unknown,unverified,unknown,unknown,unknown,,no_image,unverified,이미지 URL 없음
busan-F-00306,https://www.visitbusan.net/uploadImgs/files/cntnts/20230612171254815_ttiel,www.visitbusan.net,editorial_tourism,,,2026-07-25,"VisitBusan / 부산광역시 (도메인 추정, 미확인)",unknown,unverified,unknown,unknown,unknown,,review_required,domain_inferred,"VB 도메인 기반 분류. image_source 미기록, image_license 미기록. 공식 이용약관 미확인 — 상업 사용 개별 허가 필요."
busan-F-00307,,,,,,2026-07-25,,unknown,unverified,unknown,unknown,unknown,,no_image,unverified,이미지 URL 없음
busan-F-00308,https://www.visitbusan.net/uploadImgs/files/cntnts/20230612175041562_ttiel,www.visitbusan.net,editorial_tourism,,,2026-07-25,"VisitBusan / 부산광역시 (도메인 추정, 미확인)",unknown,unverified,unknown,unknown,unknown,,review_required,domain_inferred,"VB 도메인 기반 분류. image_source 미기록, image_license 미기록. 공식 이용약관 미확인 — 상업 사용 개별 허가 필요."
busan-F-00309,,,,,,2026-07-25,,unknown,unverified,unknown,unknown,unknown,,no_image,unverified,이미지 URL 없음
busan-F-00310,,,,,,2026-07-25,,unknown,unverified,unknown,unknown,unknown,,no_image,unverified,이미지 URL 없음
busan-F-00311,https://www.visitbusan.net/uploadImgs/files/cntnts/20240416154834100,www.visitbusan.net,editorial_tourism,https://www.visitbusan.net/kr/index.do?menuCd=DOM_000000201002001000&uc_seq=1811&lang_cd=ko,,2026-07-25,"VisitBusan / 부산광역시 (도메인 추정, 미확인)",unknown,unverified,unknown,unknown,unknown,,review_required,domain_inferred,VB 도메인 기반 분류. 기존 image_license=all_rights_reserved_visitbusan. 공식 이용약관 미확인 — 상업 사용 개별 허가 필요.
busan-F-00312,https://www.visitbusan.net/uploadImgs/files/cntnts/20230613092152629_ttiel,www.visitbusan.net,editorial_tourism,https://www.visitbusan.net/kr/index.do?menuCd=DOM_000000201002001000&uc_seq=1851&lang_cd=ko,,2026-07-25,"VisitBusan / 부산광역시 (도메인 추정, 미확인)",unknown,unverified,unknown,unknown,unknown,,review_required,domain_inferred,"VB 도메인 기반 분류. image_source 미기록, image_license 미기록. 공식 이용약관 미확인 — 상업 사용 개별 허가 필요."
busan-F-00313,https://www.visitbusan.net/uploadImgs/files/cntnts/20230613093228255_ttiel,www.visitbusan.net,editorial_tourism,,,2026-07-25,"VisitBusan / 부산광역시 (도메인 추정, 미확인)",unknown,unverified,unknown,unknown,unknown,,review_required,domain_inferred,"VB 도메인 기반 분류. image_source 미기록, image_license 미기록. 공식 이용약관 미확인 — 상업 사용 개별 허가 필요."
busan-F-00314,https://www.visitbusan.net/uploadImgs/files/cntnts/20230613095016120_ttiel,www.visitbusan.net,editorial_tourism,,,2026-07-25,"VisitBusan / 부산광역시 (도메인 추정, 미확인)",unknown,unverified,unknown,unknown,unknown,,review_required,domain_inferred,"VB 도메인 기반 분류. image_source 미기록, image_license 미기록. 공식 이용약관 미확인 — 상업 사용 개별 허가 필요."
busan-F-00315,,,,,,2026-07-25,,unknown,unverified,unknown,unknown,unknown,,no_image,unverified,이미지 URL 없음
busan-F-00316,https://www.visitbusan.net/uploadImgs/files/cntnts/20230613095933451_ttiel,www.visitbusan.net,editorial_tourism,,,2026-07-25,"VisitBusan / 부산광역시 (도메인 추정, 미확인)",unknown,unverified,unknown,unknown,unknown,,review_required,domain_inferred,"VB 도메인 기반 분류. image_source 미기록, image_license 미기록. 공식 이용약관 미확인 — 상업 사용 개별 허가 필요."
busan-F-00317,,,,,,2026-07-25,,unknown,unverified,unknown,unknown,unknown,,no_image,unverified,이미지 URL 없음
busan-F-00318,,,,,,2026-07-25,,unknown,unverified,unknown,unknown,unknown,,no_image,unverified,이미지 URL 없음
busan-F-00319,https://www.visitbusan.net/uploadImgs/files/cntnts/20230613102734246_ttiel,www.visitbusan.net,editorial_tourism,,,2026-07-25,"VisitBusan / 부산광역시 (도메인 추정, 미확인)",unknown,unverified,unknown,unknown,unknown,,review_required,domain_inferred,"VB 도메인 기반 분류. image_source 미기록, image_license 미기록. 공식 이용약관 미확인 — 상업 사용 개별 허가 필요."
busan-F-00320,https://www.visitbusan.net/uploadImgs/files/cntnts/20230613103828538_ttiel,www.visitbusan.net,editorial_tourism,,,2026-07-25,"VisitBusan / 부산광역시 (도메인 추정, 미확인)",unknown,unverified,unknown,unknown,unknown,,review_required,domain_inferred,"VB 도메인 기반 분류. image_source 미기록, image_license 미기록. 공식 이용약관 미확인 — 상업 사용 개별 허가 필요."
busan-F-00321,https://www.visitbusan.net/uploadImgs/files/cntnts/20230613104626061_ttiel,www.visitbusan.net,editorial_tourism,,,2026-07-25,"VisitBusan / 부산광역시 (도메인 추정, 미확인)",unknown,unverified,unknown,unknown,unknown,,review_required,domain_inferred,"VB 도메인 기반 분류. image_source 미기록, image_license 미기록. 공식 이용약관 미확인 — 상업 사용 개별 허가 필요."
busan-F-00322,https://www.visitbusan.net/uploadImgs/files/cntnts/20240417101857747,www.visitbusan.net,editorial_tourism,https://www.visitbusan.net/kr/index.do?menuCd=DOM_000000201002001000&uc_seq=1813&lang_cd=ko,,2026-07-25,"VisitBusan / 부산광역시 (도메인 추정, 미확인)",unknown,unverified,unknown,unknown,unknown,,review_required,domain_inferred,VB 도메인 기반 분류. 기존 image_license=all_rights_reserved_visitbusan. 공식 이용약관 미확인 — 상업 사용 개별 허가 필요.
busan-F-00323,https://www.visitbusan.net/uploadImgs/files/cntnts/20230613105612900_ttiel,www.visitbusan.net,editorial_tourism,,,2026-07-25,"VisitBusan / 부산광역시 (도메인 추정, 미확인)",unknown,unverified,unknown,unknown,unknown,,review_required,domain_inferred,"VB 도메인 기반 분류. image_source 미기록, image_license 미기록. 공식 이용약관 미확인 — 상업 사용 개별 허가 필요."
busan-F-00324,https://www.visitbusan.net/uploadImgs/files/cntnts/20230613131233567_ttiel,www.visitbusan.net,editorial_tourism,,,2026-07-25,"VisitBusan / 부산광역시 (도메인 추정, 미확인)",unknown,unverified,unknown,unknown,unknown,,review_required,domain_inferred,"VB 도메인 기반 분류. image_source 미기록, image_license 미기록. 공식 이용약관 미확인 — 상업 사용 개별 허가 필요."
busan-F-00325,https://www.visitbusan.net/uploadImgs/files/cntnts/20230613132128202_ttiel,www.visitbusan.net,editorial_tourism,,,2026-07-25,"VisitBusan / 부산광역시 (도메인 추정, 미확인)",unknown,unverified,unknown,unknown,unknown,,review_required,domain_inferred,"VB 도메인 기반 분류. image_source 미기록, image_license 미기록. 공식 이용약관 미확인 — 상업 사용 개별 허가 필요."
busan-F-00326,,,,,,2026-07-25,,unknown,unverified,unknown,unknown,unknown,,no_image,unverified,이미지 URL 없음
busan-F-00327,https://www.visitbusan.net/uploadImgs/files/cntnts/20230613132725801_ttiel,www.visitbusan.net,editorial_tourism,,,2026-07-25,"VisitBusan / 부산광역시 (도메인 추정, 미확인)",unknown,unverified,unknown,unknown,unknown,,review_required,domain_inferred,"VB 도메인 기반 분류. image_source 미기록, image_license 미기록. 공식 이용약관 미확인 — 상업 사용 개별 허가 필요."
busan-F-00328,,,,,,2026-07-25,,unknown,unverified,unknown,unknown,unknown,,no_image,unverified,이미지 URL 없음
busan-F-00329,https://www.visitbusan.net/uploadImgs/files/cntnts/20230613133243687_ttiel,www.visitbusan.net,editorial_tourism,,,2026-07-25,"VisitBusan / 부산광역시 (도메인 추정, 미확인)",unknown,unverified,unknown,unknown,unknown,,review_required,domain_inferred,"VB 도메인 기반 분류. image_source 미기록, image_license 미기록. 공식 이용약관 미확인 — 상업 사용 개별 허가 필요."
busan-F-00330,https://www.visitbusan.net/uploadImgs/files/cntnts/20230613133632663_ttiel,www.visitbusan.net,editorial_tourism,,,2026-07-25,"VisitBusan / 부산광역시 (도메인 추정, 미확인)",unknown,unverified,unknown,unknown,unknown,,review_required,domain_inferred,"VB 도메인 기반 분류. image_source 미기록, image_license 미기록. 공식 이용약관 미확인 — 상업 사용 개별 허가 필요."
busan-F-00331,https://www.visitbusan.net/uploadImgs/files/cntnts/20230613134515049_ttiel,www.visitbusan.net,editorial_tourism,,,2026-07-25,"VisitBusan / 부산광역시 (도메인 추정, 미확인)",unknown,unverified,unknown,unknown,unknown,,review_required,domain_inferred,"VB 도메인 기반 분류. image_source 미기록, image_license 미기록. 공식 이용약관 미확인 — 상업 사용 개별 허가 필요."
busan-F-00332,https://www.visitbusan.net/uploadImgs/files/cntnts/20230613135150498_ttiel,www.visitbusan.net,editorial_tourism,,,2026-07-25,"VisitBusan / 부산광역시 (도메인 추정, 미확인)",unknown,unverified,unknown,unknown,unknown,,review_required,domain_inferred,"VB 도메인 기반 분류. image_source 미기록, image_license 미기록. 공식 이용약관 미확인 — 상업 사용 개별 허가 필요."
busan-F-00333,,,,,,2026-07-25,,unknown,unverified,unknown,unknown,unknown,,no_image,unverified,이미지 URL 없음
busan-F-00334,https://www.visitbusan.net/uploadImgs/files/cntnts/20230613135851405_ttiel,www.visitbusan.net,editorial_tourism,,,2026-07-25,"VisitBusan / 부산광역시 (도메인 추정, 미확인)",unknown,unverified,unknown,unknown,unknown,,review_required,domain_inferred,"VB 도메인 기반 분류. image_source 미기록, image_license 미기록. 공식 이용약관 미확인 — 상업 사용 개별 허가 필요."
busan-F-00335,https://www.visitbusan.net/uploadImgs/files/cntnts/20230613144231653_ttiel,www.visitbusan.net,editorial_tourism,,,2026-07-25,"VisitBusan / 부산광역시 (도메인 추정, 미확인)",unknown,unverified,unknown,unknown,unknown,,review_required,domain_inferred,"VB 도메인 기반 분류. image_source 미기록, image_license 미기록. 공식 이용약관 미확인 — 상업 사용 개별 허가 필요."
busan-F-00336,,,,,,2026-07-25,,unknown,unverified,unknown,unknown,unknown,,no_image,unverified,이미지 URL 없음
busan-F-00337,https://www.visitbusan.net/uploadImgs/files/cntnts/20230613165118483_ttiel,www.visitbusan.net,editorial_tourism,,,2026-07-25,"VisitBusan / 부산광역시 (도메인 추정, 미확인)",unknown,unverified,unknown,unknown,unknown,,review_required,domain_inferred,"VB 도메인 기반 분류. image_source 미기록, image_license 미기록. 공식 이용약관 미확인 — 상업 사용 개별 허가 필요."
busan-F-00338,,,,,,2026-07-25,,unknown,unverified,unknown,unknown,unknown,,no_image,unverified,이미지 URL 없음
busan-F-00339,https://www.visitbusan.net/uploadImgs/files/cntnts/20230613165701228_ttiel,www.visitbusan.net,editorial_tourism,,,2026-07-25,"VisitBusan / 부산광역시 (도메인 추정, 미확인)",unknown,unverified,unknown,unknown,unknown,,review_required,domain_inferred,"VB 도메인 기반 분류. image_source 미기록, image_license 미기록. 공식 이용약관 미확인 — 상업 사용 개별 허가 필요."
busan-F-00340,https://www.visitbusan.net/uploadImgs/files/cntnts/20240418112726853,www.visitbusan.net,editorial_tourism,https://www.visitbusan.net/kr/index.do?menuCd=DOM_000000201002001000&uc_seq=1831&lang_cd=ko,,2026-07-25,"VisitBusan / 부산광역시 (도메인 추정, 미확인)",unknown,unverified,unknown,unknown,unknown,,review_required,domain_inferred,VB 도메인 기반 분류. 기존 image_license=all_rights_reserved_visitbusan. 공식 이용약관 미확인 — 상업 사용 개별 허가 필요.
busan-F-00341,,,,,,2026-07-25,,unknown,unverified,unknown,unknown,unknown,,no_image,unverified,이미지 URL 없음
busan-F-00342,,,,,,2026-07-25,,unknown,unverified,unknown,unknown,unknown,,no_image,unverified,이미지 URL 없음
busan-F-00343,https://www.visitbusan.net/uploadImgs/files/cntnts/20230613171951255_ttiel,www.visitbusan.net,editorial_tourism,,,2026-07-25,"VisitBusan / 부산광역시 (도메인 추정, 미확인)",unknown,unverified,unknown,unknown,unknown,,review_required,domain_inferred,"VB 도메인 기반 분류. image_source 미기록, image_license 미기록. 공식 이용약관 미확인 — 상업 사용 개별 허가 필요."
busan-F-00344,,,,,,2026-07-25,,unknown,unverified,unknown,unknown,unknown,,no_image,unverified,이미지 URL 없음
busan-F-00345,https://www.visitbusan.net/uploadImgs/files/cntnts/20230613173346368_ttiel,www.visitbusan.net,editorial_tourism,,,2026-07-25,"VisitBusan / 부산광역시 (도메인 추정, 미확인)",unknown,unverified,unknown,unknown,unknown,,review_required,domain_inferred,"VB 도메인 기반 분류. image_source 미기록, image_license 미기록. 공식 이용약관 미확인 — 상업 사용 개별 허가 필요."
busan-F-00346,https://www.visitbusan.net/uploadImgs/files/cntnts/20230613174142673_ttiel,www.visitbusan.net,editorial_tourism,https://www.visitbusan.net/kr/index.do?menuCd=DOM_000000201002001000&uc_seq=1819&lang_cd=ko,,2026-07-25,"VisitBusan / 부산광역시 (도메인 추정, 미확인)",unknown,unverified,unknown,unknown,unknown,,review_required,domain_inferred,"VB 도메인 기반 분류. image_source 미기록, image_license 미기록. 공식 이용약관 미확인 — 상업 사용 개별 허가 필요."
busan-F-00347,https://www.visitbusan.net/uploadImgs/files/cntnts/20230613174426706_ttiel,www.visitbusan.net,editorial_tourism,,,2026-07-25,"VisitBusan / 부산광역시 (도메인 추정, 미확인)",unknown,unverified,unknown,unknown,unknown,,review_required,domain_inferred,"VB 도메인 기반 분류. image_source 미기록, image_license 미기록. 공식 이용약관 미확인 — 상업 사용 개별 허가 필요."
busan-F-00348,https://www.visitbusan.net/uploadImgs/files/cntnts/20230613175240521_ttiel,www.visitbusan.net,editorial_tourism,,,2026-07-25,"VisitBusan / 부산광역시 (도메인 추정, 미확인)",unknown,unverified,unknown,unknown,unknown,,review_required,domain_inferred,"VB 도메인 기반 분류. image_source 미기록, image_license 미기록. 공식 이용약관 미확인 — 상업 사용 개별 허가 필요."
busan-F-00349,,,,,,2026-07-25,,unknown,unverified,unknown,unknown,unknown,,no_image,unverified,이미지 URL 없음
busan-F-00350,,,,,,2026-07-25,,unknown,unverified,unknown,unknown,unknown,,no_image,unverified,이미지 URL 없음
busan-F-00351,https://www.visitbusan.net/uploadImgs/files/cntnts/20240415173022243_ttiel,www.visitbusan.net,editorial_tourism,https://www.visitbusan.net/kr/index.do?menuCd=DOM_000000201002001000&uc_seq=1802&lang_cd=ko,,2026-07-25,"VisitBusan / 부산광역시 (도메인 추정, 미확인)",unknown,unverified,unknown,unknown,unknown,,review_required,domain_inferred,"VB 도메인 기반 분류. image_source 미기록, image_license 미기록. 공식 이용약관 미확인 — 상업 사용 개별 허가 필요."
busan-F-00352,https://www.visitbusan.net/uploadImgs/files/cntnts/20240416104638891_ttiel,www.visitbusan.net,editorial_tourism,https://www.visitbusan.net/kr/index.do?menuCd=DOM_000000201002001000&uc_seq=1803&lang_cd=ko,,2026-07-25,"VisitBusan / 부산광역시 (도메인 추정, 미확인)",unknown,unverified,unknown,unknown,unknown,,review_required,domain_inferred,"VB 도메인 기반 분류. image_source 미기록, image_license 미기록. 공식 이용약관 미확인 — 상업 사용 개별 허가 필요."
busan-F-00353,https://www.visitbusan.net/uploadImgs/files/cntnts/20240416105926870_ttiel,www.visitbusan.net,editorial_tourism,https://www.visitbusan.net/kr/index.do?menuCd=DOM_000000201002001000&uc_seq=1804&lang_cd=ko,,2026-07-25,"VisitBusan / 부산광역시 (도메인 추정, 미확인)",unknown,unverified,unknown,unknown,unknown,,review_required,domain_inferred,"VB 도메인 기반 분류. image_source 미기록, image_license 미기록. 공식 이용약관 미확인 — 상업 사용 개별 허가 필요."
busan-F-00354,https://www.visitbusan.net/uploadImgs/files/cntnts/20240416111045673_ttiel,www.visitbusan.net,editorial_tourism,https://www.visitbusan.net/kr/index.do?menuCd=DOM_000000201002001000&uc_seq=1805&lang_cd=ko,,2026-07-25,"VisitBusan / 부산광역시 (도메인 추정, 미확인)",unknown,unverified,unknown,unknown,unknown,,review_required,domain_inferred,"VB 도메인 기반 분류. image_source 미기록, image_license 미기록. 공식 이용약관 미확인 — 상업 사용 개별 허가 필요."
busan-F-00355,https://www.visitbusan.net/uploadImgs/files/cntnts/20240416111916488_ttiel,www.visitbusan.net,editorial_tourism,https://www.visitbusan.net/kr/index.do?menuCd=DOM_000000201002001000&uc_seq=1806&lang_cd=ko,,2026-07-25,"VisitBusan / 부산광역시 (도메인 추정, 미확인)",unknown,unverified,unknown,unknown,unknown,,review_required,domain_inferred,"VB 도메인 기반 분류. image_source 미기록, image_license 미기록. 공식 이용약관 미확인 — 상업 사용 개별 허가 필요."
busan-F-00356,https://www.visitbusan.net/uploadImgs/files/cntnts/20240416142348310_ttiel,www.visitbusan.net,editorial_tourism,,,2026-07-25,"VisitBusan / 부산광역시 (도메인 추정, 미확인)",unknown,unverified,unknown,unknown,unknown,,review_required,domain_inferred,"VB 도메인 기반 분류. image_source 미기록, image_license 미기록. 공식 이용약관 미확인 — 상업 사용 개별 허가 필요."
busan-F-00357,https://www.visitbusan.net/uploadImgs/files/cntnts/20240416152751004_ttiel,www.visitbusan.net,editorial_tourism,https://www.visitbusan.net/kr/index.do?menuCd=DOM_000000201002001000&uc_seq=1809&lang_cd=ko,,2026-07-25,"VisitBusan / 부산광역시 (도메인 추정, 미확인)",unknown,unverified,unknown,unknown,unknown,,review_required,domain_inferred,"VB 도메인 기반 분류. image_source 미기록, image_license 미기록. 공식 이용약관 미확인 — 상업 사용 개별 허가 필요."
busan-F-00358,https://www.visitbusan.net/uploadImgs/files/cntnts/20240416153901728_ttiel,www.visitbusan.net,editorial_tourism,https://www.visitbusan.net/kr/index.do?menuCd=DOM_000000201002001000&uc_seq=1810&lang_cd=ko,,2026-07-25,"VisitBusan / 부산광역시 (도메인 추정, 미확인)",unknown,unverified,unknown,unknown,unknown,,review_required,domain_inferred,"VB 도메인 기반 분류. image_source 미기록, image_license 미기록. 공식 이용약관 미확인 — 상업 사용 개별 허가 필요."
busan-F-00359,https://www.visitbusan.net/uploadImgs/files/cntnts/20240416154834100_ttiel,www.visitbusan.net,editorial_tourism,,,2026-07-25,"VisitBusan / 부산광역시 (도메인 추정, 미확인)",unknown,unverified,unknown,unknown,unknown,,review_required,domain_inferred,"VB 도메인 기반 분류. image_source 미기록, image_license 미기록. 공식 이용약관 미확인 — 상업 사용 개별 허가 필요."
busan-F-00360,https://www.visitbusan.net/uploadImgs/files/cntnts/20240417091749698_ttiel,www.visitbusan.net,editorial_tourism,https://www.visitbusan.net/kr/index.do?menuCd=DOM_000000201002001000&uc_seq=1812&lang_cd=ko,,2026-07-25,"VisitBusan / 부산광역시 (도메인 추정, 미확인)",unknown,unverified,unknown,unknown,unknown,,review_required,domain_inferred,"VB 도메인 기반 분류. image_source 미기록, image_license 미기록. 공식 이용약관 미확인 — 상업 사용 개별 허가 필요."
busan-F-00361,https://www.visitbusan.net/uploadImgs/files/cntnts/20240417101857747_ttiel,www.visitbusan.net,editorial_tourism,,,2026-07-25,"VisitBusan / 부산광역시 (도메인 추정, 미확인)",unknown,unverified,unknown,unknown,unknown,,review_required,domain_inferred,"VB 도메인 기반 분류. image_source 미기록, image_license 미기록. 공식 이용약관 미확인 — 상업 사용 개별 허가 필요."
busan-F-00362,https://www.visitbusan.net/uploadImgs/files/cntnts/20240417103903563_ttiel,www.visitbusan.net,editorial_tourism,https://www.visitbusan.net/kr/index.do?menuCd=DOM_000000201002001000&uc_seq=1814&lang_cd=ko,,2026-07-25,"VisitBusan / 부산광역시 (도메인 추정, 미확인)",unknown,unverified,unknown,unknown,unknown,,review_required,domain_inferred,"VB 도메인 기반 분류. image_source 미기록, image_license 미기록. 공식 이용약관 미확인 — 상업 사용 개별 허가 필요."
busan-F-00363,https://www.visitbusan.net/uploadImgs/files/cntnts/20240417110222327_ttiel,www.visitbusan.net,editorial_tourism,https://www.visitbusan.net/kr/index.do?menuCd=DOM_000000201002001000&uc_seq=1815&lang_cd=ko,,2026-07-25,"VisitBusan / 부산광역시 (도메인 추정, 미확인)",unknown,unverified,unknown,unknown,unknown,,review_required,domain_inferred,"VB 도메인 기반 분류. image_source 미기록, image_license 미기록. 공식 이용약관 미확인 — 상업 사용 개별 허가 필요."
busan-F-00364,https://www.visitbusan.net/uploadImgs/files/cntnts/20240417113010113_ttiel,www.visitbusan.net,editorial_tourism,https://www.visitbusan.net/kr/index.do?menuCd=DOM_000000201002001000&uc_seq=1816&lang_cd=ko,,2026-07-25,"VisitBusan / 부산광역시 (도메인 추정, 미확인)",unknown,unverified,unknown,unknown,unknown,,review_required,domain_inferred,"VB 도메인 기반 분류. image_source 미기록, image_license 미기록. 공식 이용약관 미확인 — 상업 사용 개별 허가 필요."
busan-F-00365,https://www.visitbusan.net/uploadImgs/files/cntnts/20240417130710913_ttiel,www.visitbusan.net,editorial_tourism,https://www.visitbusan.net/kr/index.do?menuCd=DOM_000000201002001000&uc_seq=1817&lang_cd=ko,,2026-07-25,"VisitBusan / 부산광역시 (도메인 추정, 미확인)",unknown,unverified,unknown,unknown,unknown,,review_required,domain_inferred,"VB 도메인 기반 분류. image_source 미기록, image_license 미기록. 공식 이용약관 미확인 — 상업 사용 개별 허가 필요."
busan-F-00366,https://www.visitbusan.net/uploadImgs/files/cntnts/20240417134039028_ttiel,www.visitbusan.net,editorial_tourism,https://www.visitbusan.net/kr/index.do?menuCd=DOM_000000201002001000&uc_seq=1818&lang_cd=ko,,2026-07-25,"VisitBusan / 부산광역시 (도메인 추정, 미확인)",unknown,unverified,unknown,unknown,unknown,,review_required,domain_inferred,"VB 도메인 기반 분류. image_source 미기록, image_license 미기록. 공식 이용약관 미확인 — 상업 사용 개별 허가 필요."
busan-F-00367,https://www.visitbusan.net/uploadImgs/files/cntnts/20240417134640835_ttiel,www.visitbusan.net,editorial_tourism,,,2026-07-25,"VisitBusan / 부산광역시 (도메인 추정, 미확인)",unknown,unverified,unknown,unknown,unknown,,review_required,domain_inferred,"VB 도메인 기반 분류. image_source 미기록, image_license 미기록. 공식 이용약관 미확인 — 상업 사용 개별 허가 필요."
busan-F-00368,https://www.visitbusan.net/uploadImgs/files/cntnts/20240417145812364_ttiel,www.visitbusan.net,editorial_tourism,https://www.visitbusan.net/kr/index.do?menuCd=DOM_000000201002001000&uc_seq=1820&lang_cd=ko,,2026-07-25,"VisitBusan / 부산광역시 (도메인 추정, 미확인)",unknown,unverified,unknown,unknown,unknown,,review_required,domain_inferred,"VB 도메인 기반 분류. image_source 미기록, image_license 미기록. 공식 이용약관 미확인 — 상업 사용 개별 허가 필요."
busan-F-00369,https://www.visitbusan.net/uploadImgs/files/cntnts/20240417160043995_ttiel,www.visitbusan.net,editorial_tourism,https://www.visitbusan.net/kr/index.do?menuCd=DOM_000000201002001000&uc_seq=1822&lang_cd=ko,,2026-07-25,"VisitBusan / 부산광역시 (도메인 추정, 미확인)",unknown,unverified,unknown,unknown,unknown,,review_required,domain_inferred,"VB 도메인 기반 분류. image_source 미기록, image_license 미기록. 공식 이용약관 미확인 — 상업 사용 개별 허가 필요."
busan-F-00370,https://www.visitbusan.net/uploadImgs/files/cntnts/20240418091923719_ttiel,www.visitbusan.net,editorial_tourism,https://www.visitbusan.net/kr/index.do?menuCd=DOM_000000201002001000&uc_seq=1824&lang_cd=ko,,2026-07-25,"VisitBusan / 부산광역시 (도메인 추정, 미확인)",unknown,unverified,unknown,unknown,unknown,,review_required,domain_inferred,"VB 도메인 기반 분류. image_source 미기록, image_license 미기록. 공식 이용약관 미확인 — 상업 사용 개별 허가 필요."
busan-F-00371,https://www.visitbusan.net/uploadImgs/files/cntnts/20240418095202742_ttiel,www.visitbusan.net,editorial_tourism,https://www.visitbusan.net/kr/index.do?menuCd=DOM_000000201002001000&uc_seq=1825&lang_cd=ko,,2026-07-25,"VisitBusan / 부산광역시 (도메인 추정, 미확인)",unknown,unverified,unknown,unknown,unknown,,review_required,domain_inferred,"VB 도메인 기반 분류. image_source 미기록, image_license 미기록. 공식 이용약관 미확인 — 상업 사용 개별 허가 필요."
busan-F-00372,https://www.visitbusan.net/uploadImgs/files/cntnts/20240418103340192_ttiel,www.visitbusan.net,editorial_tourism,https://www.visitbusan.net/kr/index.do?menuCd=DOM_000000201002001000&uc_seq=1826&lang_cd=ko,,2026-07-25,"VisitBusan / 부산광역시 (도메인 추정, 미확인)",unknown,unverified,unknown,unknown,unknown,,review_required,domain_inferred,"VB 도메인 기반 분류. image_source 미기록, image_license 미기록. 공식 이용약관 미확인 — 상업 사용 개별 허가 필요."
busan-F-00373,https://www.visitbusan.net/uploadImgs/files/cntnts/20240418110041026_ttiel,www.visitbusan.net,editorial_tourism,https://www.visitbusan.net/kr/index.do?menuCd=DOM_000000201002001000&uc_seq=1827&lang_cd=ko,,2026-07-25,"VisitBusan / 부산광역시 (도메인 추정, 미확인)",unknown,unverified,unknown,unknown,unknown,,review_required,domain_inferred,"VB 도메인 기반 분류. image_source 미기록, image_license 미기록. 공식 이용약관 미확인 — 상업 사용 개별 허가 필요."
busan-F-00374,https://www.visitbusan.net/uploadImgs/files/cntnts/20240418110738039_ttiel,www.visitbusan.net,editorial_tourism,https://www.visitbusan.net/kr/index.do?menuCd=DOM_000000201002001000&uc_seq=1828&lang_cd=ko,,2026-07-25,"VisitBusan / 부산광역시 (도메인 추정, 미확인)",unknown,unverified,unknown,unknown,unknown,,review_required,domain_inferred,"VB 도메인 기반 분류. image_source 미기록, image_license 미기록. 공식 이용약관 미확인 — 상업 사용 개별 허가 필요."
busan-F-00375,https://www.visitbusan.net/uploadImgs/files/cntnts/20250529125315121_ttiel,www.visitbusan.net,editorial_tourism,https://www.visitbusan.net/kr/index.do?menuCd=DOM_000000201002001000&uc_seq=1829&lang_cd=ko,,2026-07-25,"VisitBusan / 부산광역시 (도메인 추정, 미확인)",unknown,unverified,unknown,unknown,unknown,,review_required,domain_inferred,"VB 도메인 기반 분류. image_source 미기록, image_license 미기록. 공식 이용약관 미확인 — 상업 사용 개별 허가 필요."
busan-F-00376,https://www.visitbusan.net/uploadImgs/files/cntnts/20240418112726853_ttiel,www.visitbusan.net,editorial_tourism,,,2026-07-25,"VisitBusan / 부산광역시 (도메인 추정, 미확인)",unknown,unverified,unknown,unknown,unknown,,review_required,domain_inferred,"VB 도메인 기반 분류. image_source 미기록, image_license 미기록. 공식 이용약관 미확인 — 상업 사용 개별 허가 필요."
busan-F-00377,https://www.visitbusan.net/uploadImgs/files/cntnts/20240418113753614_ttiel,www.visitbusan.net,editorial_tourism,https://www.visitbusan.net/kr/index.do?menuCd=DOM_000000201002001000&uc_seq=1833&lang_cd=ko,,2026-07-25,"VisitBusan / 부산광역시 (도메인 추정, 미확인)",unknown,unverified,unknown,unknown,unknown,,review_required,domain_inferred,"VB 도메인 기반 분류. image_source 미기록, image_license 미기록. 공식 이용약관 미확인 — 상업 사용 개별 허가 필요."
busan-F-00378,https://www.visitbusan.net/uploadImgs/files/cntnts/20240418114912249_ttiel,www.visitbusan.net,editorial_tourism,https://www.visitbusan.net/kr/index.do?menuCd=DOM_000000201002001000&uc_seq=1834&lang_cd=ko,,2026-07-25,"VisitBusan / 부산광역시 (도메인 추정, 미확인)",unknown,unverified,unknown,unknown,unknown,,review_required,domain_inferred,"VB 도메인 기반 분류. image_source 미기록, image_license 미기록. 공식 이용약관 미확인 — 상업 사용 개별 허가 필요."
busan-F-00379,https://www.visitbusan.net/uploadImgs/files/cntnts/20240418130407601_ttiel,www.visitbusan.net,editorial_tourism,,,2026-07-25,"VisitBusan / 부산광역시 (도메인 추정, 미확인)",unknown,unverified,unknown,unknown,unknown,,review_required,domain_inferred,"VB 도메인 기반 분류. image_source 미기록, image_license 미기록. 공식 이용약관 미확인 — 상업 사용 개별 허가 필요."
busan-F-00380,https://www.visitbusan.net/uploadImgs/files/cntnts/20240418132720308_ttiel,www.visitbusan.net,editorial_tourism,https://www.visitbusan.net/kr/index.do?menuCd=DOM_000000201002001000&uc_seq=1836&lang_cd=ko,,2026-07-25,"VisitBusan / 부산광역시 (도메인 추정, 미확인)",unknown,unverified,unknown,unknown,unknown,,review_required,domain_inferred,"VB 도메인 기반 분류. image_source 미기록, image_license 미기록. 공식 이용약관 미확인 — 상업 사용 개별 허가 필요."
busan-F-00381,https://www.visitbusan.net/uploadImgs/files/cntnts/20240418143354206_ttiel,www.visitbusan.net,editorial_tourism,https://www.visitbusan.net/kr/index.do?menuCd=DOM_000000201002001000&uc_seq=1837&lang_cd=ko,,2026-07-25,"VisitBusan / 부산광역시 (도메인 추정, 미확인)",unknown,unverified,unknown,unknown,unknown,,review_required,domain_inferred,"VB 도메인 기반 분류. image_source 미기록, image_license 미기록. 공식 이용약관 미확인 — 상업 사용 개별 허가 필요."
busan-F-00382,https://www.visitbusan.net/uploadImgs/files/cntnts/20240419090634454_ttiel,www.visitbusan.net,editorial_tourism,https://www.visitbusan.net/kr/index.do?menuCd=DOM_000000201002001000&uc_seq=1838&lang_cd=ko,,2026-07-25,"VisitBusan / 부산광역시 (도메인 추정, 미확인)",unknown,unverified,unknown,unknown,unknown,,review_required,domain_inferred,"VB 도메인 기반 분류. image_source 미기록, image_license 미기록. 공식 이용약관 미확인 — 상업 사용 개별 허가 필요."
busan-F-00383,https://www.visitbusan.net/uploadImgs/files/cntnts/20240419093503992_ttiel,www.visitbusan.net,editorial_tourism,https://www.visitbusan.net/kr/index.do?menuCd=DOM_000000201002001000&uc_seq=1839&lang_cd=ko,,2026-07-25,"VisitBusan / 부산광역시 (도메인 추정, 미확인)",unknown,unverified,unknown,unknown,unknown,,review_required,domain_inferred,"VB 도메인 기반 분류. image_source 미기록, image_license 미기록. 공식 이용약관 미확인 — 상업 사용 개별 허가 필요."
busan-F-00384,https://www.visitbusan.net/uploadImgs/files/cntnts/20240419110121584_ttiel,www.visitbusan.net,editorial_tourism,https://www.visitbusan.net/kr/index.do?menuCd=DOM_000000201002001000&uc_seq=1840&lang_cd=ko,,2026-07-25,"VisitBusan / 부산광역시 (도메인 추정, 미확인)",unknown,unverified,unknown,unknown,unknown,,review_required,domain_inferred,"VB 도메인 기반 분류. image_source 미기록, image_license 미기록. 공식 이용약관 미확인 — 상업 사용 개별 허가 필요."
busan-F-00385,https://www.visitbusan.net/uploadImgs/files/cntnts/20240419131021388_ttiel,www.visitbusan.net,editorial_tourism,https://www.visitbusan.net/kr/index.do?menuCd=DOM_000000201002001000&uc_seq=1841&lang_cd=ko,,2026-07-25,"VisitBusan / 부산광역시 (도메인 추정, 미확인)",unknown,unverified,unknown,unknown,unknown,,review_required,domain_inferred,"VB 도메인 기반 분류. image_source 미기록, image_license 미기록. 공식 이용약관 미확인 — 상업 사용 개별 허가 필요."
busan-F-00386,https://www.visitbusan.net/uploadImgs/files/cntnts/20240419135409622_ttiel,www.visitbusan.net,editorial_tourism,,,2026-07-25,"VisitBusan / 부산광역시 (도메인 추정, 미확인)",unknown,unverified,unknown,unknown,unknown,,review_required,domain_inferred,"VB 도메인 기반 분류. image_source 미기록, image_license 미기록. 공식 이용약관 미확인 — 상업 사용 개별 허가 필요."
busan-F-00387,https://www.visitbusan.net/uploadImgs/files/cntnts/20240419135826203_ttiel,www.visitbusan.net,editorial_tourism,,,2026-07-25,"VisitBusan / 부산광역시 (도메인 추정, 미확인)",unknown,unverified,unknown,unknown,unknown,,review_required,domain_inferred,"VB 도메인 기반 분류. image_source 미기록, image_license 미기록. 공식 이용약관 미확인 — 상업 사용 개별 허가 필요."
busan-F-00388,https://www.visitbusan.net/uploadImgs/files/cntnts/20240419140242960_ttiel,www.visitbusan.net,editorial_tourism,,,2026-07-25,"VisitBusan / 부산광역시 (도메인 추정, 미확인)",unknown,unverified,unknown,unknown,unknown,,review_required,domain_inferred,"VB 도메인 기반 분류. image_source 미기록, image_license 미기록. 공식 이용약관 미확인 — 상업 사용 개별 허가 필요."
busan-F-00389,https://www.visitbusan.net/uploadImgs/files/cntnts/20240419155611699_ttiel,www.visitbusan.net,editorial_tourism,https://www.visitbusan.net/kr/index.do?menuCd=DOM_000000201002001000&uc_seq=1845&lang_cd=ko,,2026-07-25,"VisitBusan / 부산광역시 (도메인 추정, 미확인)",unknown,unverified,unknown,unknown,unknown,,review_required,domain_inferred,"VB 도메인 기반 분류. image_source 미기록, image_license 미기록. 공식 이용약관 미확인 — 상업 사용 개별 허가 필요."
busan-F-00390,https://www.visitbusan.net/uploadImgs/files/cntnts/20240419164740169_ttiel,www.visitbusan.net,editorial_tourism,https://www.visitbusan.net/kr/index.do?menuCd=DOM_000000201002001000&uc_seq=1846&lang_cd=ko,,2026-07-25,"VisitBusan / 부산광역시 (도메인 추정, 미확인)",unknown,unverified,unknown,unknown,unknown,,review_required,domain_inferred,"VB 도메인 기반 분류. image_source 미기록, image_license 미기록. 공식 이용약관 미확인 — 상업 사용 개별 허가 필요."
busan-F-00391,https://www.visitbusan.net/uploadImgs/files/cntnts/20240419165347836_ttiel,www.visitbusan.net,editorial_tourism,,,2026-07-25,"VisitBusan / 부산광역시 (도메인 추정, 미확인)",unknown,unverified,unknown,unknown,unknown,,review_required,domain_inferred,"VB 도메인 기반 분류. image_source 미기록, image_license 미기록. 공식 이용약관 미확인 — 상업 사용 개별 허가 필요."
busan-F-00392,https://www.visitbusan.net/uploadImgs/files/cntnts/20240419175312314_ttiel,www.visitbusan.net,editorial_tourism,https://www.visitbusan.net/kr/index.do?menuCd=DOM_000000201002001000&uc_seq=1849&lang_cd=ko,,2026-07-25,"VisitBusan / 부산광역시 (도메인 추정, 미확인)",unknown,unverified,unknown,unknown,unknown,,review_required,domain_inferred,"VB 도메인 기반 분류. image_source 미기록, image_license 미기록. 공식 이용약관 미확인 — 상업 사용 개별 허가 필요."
busan-F-00393,https://www.visitbusan.net/uploadImgs/files/cntnts/20240422093323560_ttiel,www.visitbusan.net,editorial_tourism,https://www.visitbusan.net/kr/index.do?menuCd=DOM_000000201002001000&uc_seq=1850&lang_cd=ko,,2026-07-25,"VisitBusan / 부산광역시 (도메인 추정, 미확인)",unknown,unverified,unknown,unknown,unknown,,review_required,domain_inferred,"VB 도메인 기반 분류. image_source 미기록, image_license 미기록. 공식 이용약관 미확인 — 상업 사용 개별 허가 필요."
busan-F-00394,https://www.visitbusan.net/uploadImgs/files/cntnts/20240422100016453_ttiel,www.visitbusan.net,editorial_tourism,,,2026-07-25,"VisitBusan / 부산광역시 (도메인 추정, 미확인)",unknown,unverified,unknown,unknown,unknown,,review_required,domain_inferred,"VB 도메인 기반 분류. image_source 미기록, image_license 미기록. 공식 이용약관 미확인 — 상업 사용 개별 허가 필요."
busan-F-00395,https://www.visitbusan.net/uploadImgs/files/cntnts/20250408092958955_ttiel,www.visitbusan.net,editorial_tourism,https://www.visitbusan.net/kr/index.do?menuCd=DOM_000000201002001000&uc_seq=2324&lang_cd=ko,,2026-07-25,"VisitBusan / 부산광역시 (도메인 추정, 미확인)",unknown,unverified,unknown,unknown,unknown,,review_required,domain_inferred,"VB 도메인 기반 분류. image_source 미기록, image_license 미기록. 공식 이용약관 미확인 — 상업 사용 개별 허가 필요."
busan-F-00396,https://www.visitbusan.net/uploadImgs/files/cntnts/20250408093648041_ttiel,www.visitbusan.net,editorial_tourism,https://www.visitbusan.net/kr/index.do?menuCd=DOM_000000201002001000&uc_seq=2325&lang_cd=ko,,2026-07-25,"VisitBusan / 부산광역시 (도메인 추정, 미확인)",unknown,unverified,unknown,unknown,unknown,,review_required,domain_inferred,"VB 도메인 기반 분류. image_source 미기록, image_license 미기록. 공식 이용약관 미확인 — 상업 사용 개별 허가 필요."
busan-F-00397,https://www.visitbusan.net/uploadImgs/files/cntnts/20250408094027003_ttiel,www.visitbusan.net,editorial_tourism,https://www.visitbusan.net/kr/index.do?menuCd=DOM_000000201002001000&uc_seq=2326&lang_cd=ko,,2026-07-25,"VisitBusan / 부산광역시 (도메인 추정, 미확인)",unknown,unverified,unknown,unknown,unknown,,review_required,domain_inferred,"VB 도메인 기반 분류. image_source 미기록, image_license 미기록. 공식 이용약관 미확인 — 상업 사용 개별 허가 필요."
busan-F-00398,https://www.visitbusan.net/uploadImgs/files/cntnts/20250408094429754_ttiel,www.visitbusan.net,editorial_tourism,https://www.visitbusan.net/kr/index.do?menuCd=DOM_000000201002001000&uc_seq=2327&lang_cd=ko,,2026-07-25,"VisitBusan / 부산광역시 (도메인 추정, 미확인)",unknown,unverified,unknown,unknown,unknown,,review_required,domain_inferred,"VB 도메인 기반 분류. image_source 미기록, image_license 미기록. 공식 이용약관 미확인 — 상업 사용 개별 허가 필요."
busan-F-00399,https://www.visitbusan.net/uploadImgs/files/cntnts/20250408095539103_ttiel,www.visitbusan.net,editorial_tourism,https://www.visitbusan.net/kr/index.do?menuCd=DOM_000000201002001000&uc_seq=2328&lang_cd=ko,,2026-07-25,"VisitBusan / 부산광역시 (도메인 추정, 미확인)",unknown,unverified,unknown,unknown,unknown,,review_required,domain_inferred,"VB 도메인 기반 분류. image_source 미기록, image_license 미기록. 공식 이용약관 미확인 — 상업 사용 개별 허가 필요."
busan-F-00400,https://www.visitbusan.net/uploadImgs/files/cntnts/20250408095705335_ttiel,www.visitbusan.net,editorial_tourism,https://www.visitbusan.net/kr/index.do?menuCd=DOM_000000201002001000&uc_seq=2329&lang_cd=ko,,2026-07-25,"VisitBusan / 부산광역시 (도메인 추정, 미확인)",unknown,unverified,unknown,unknown,unknown,,review_required,domain_inferred,"VB 도메인 기반 분류. image_source 미기록, image_license 미기록. 공식 이용약관 미확인 — 상업 사용 개별 허가 필요."
busan-F-00401,https://www.visitbusan.net/uploadImgs/files/cntnts/20250408095935004_ttiel,www.visitbusan.net,editorial_tourism,https://www.visitbusan.net/kr/index.do?menuCd=DOM_000000201002001000&uc_seq=2330&lang_cd=ko,,2026-07-25,"VisitBusan / 부산광역시 (도메인 추정, 미확인)",unknown,unverified,unknown,unknown,unknown,,review_required,domain_inferred,"VB 도메인 기반 분류. image_source 미기록, image_license 미기록. 공식 이용약관 미확인 — 상업 사용 개별 허가 필요."
busan-F-00402,https://www.visitbusan.net/uploadImgs/files/cntnts/20250408100151107_ttiel,www.visitbusan.net,editorial_tourism,https://www.visitbusan.net/kr/index.do?menuCd=DOM_000000201002001000&uc_seq=2332&lang_cd=ko,,2026-07-25,"VisitBusan / 부산광역시 (도메인 추정, 미확인)",unknown,unverified,unknown,unknown,unknown,,review_required,domain_inferred,"VB 도메인 기반 분류. image_source 미기록, image_license 미기록. 공식 이용약관 미확인 — 상업 사용 개별 허가 필요."
busan-F-00403,https://www.visitbusan.net/uploadImgs/files/cntnts/20250408100308119_ttiel,www.visitbusan.net,editorial_tourism,https://www.visitbusan.net/kr/index.do?menuCd=DOM_000000201002001000&uc_seq=2334&lang_cd=ko,,2026-07-25,"VisitBusan / 부산광역시 (도메인 추정, 미확인)",unknown,unverified,unknown,unknown,unknown,,review_required,domain_inferred,"VB 도메인 기반 분류. image_source 미기록, image_license 미기록. 공식 이용약관 미확인 — 상업 사용 개별 허가 필요."
busan-F-00404,https://www.visitbusan.net/uploadImgs/files/cntnts/20250408100525344_ttiel,www.visitbusan.net,editorial_tourism,https://www.visitbusan.net/kr/index.do?menuCd=DOM_000000201002001000&uc_seq=2336&lang_cd=ko,,2026-07-25,"VisitBusan / 부산광역시 (도메인 추정, 미확인)",unknown,unverified,unknown,unknown,unknown,,review_required,domain_inferred,"VB 도메인 기반 분류. image_source 미기록, image_license 미기록. 공식 이용약관 미확인 — 상업 사용 개별 허가 필요."
busan-F-00405,https://www.visitbusan.net/uploadImgs/files/cntnts/20250408102722301_ttiel,www.visitbusan.net,editorial_tourism,https://www.visitbusan.net/kr/index.do?menuCd=DOM_000000201002001000&uc_seq=2337&lang_cd=ko,,2026-07-25,"VisitBusan / 부산광역시 (도메인 추정, 미확인)",unknown,unverified,unknown,unknown,unknown,,review_required,domain_inferred,"VB 도메인 기반 분류. image_source 미기록, image_license 미기록. 공식 이용약관 미확인 — 상업 사용 개별 허가 필요."
busan-F-00406,https://www.visitbusan.net/uploadImgs/files/cntnts/20250408103219387_ttiel,www.visitbusan.net,editorial_tourism,https://www.visitbusan.net/kr/index.do?menuCd=DOM_000000201002001000&uc_seq=2339&lang_cd=ko,,2026-07-25,"VisitBusan / 부산광역시 (도메인 추정, 미확인)",unknown,unverified,unknown,unknown,unknown,,review_required,domain_inferred,"VB 도메인 기반 분류. image_source 미기록, image_license 미기록. 공식 이용약관 미확인 — 상업 사용 개별 허가 필요."
busan-F-00407,https://www.visitbusan.net/uploadImgs/files/cntnts/20250408103617676_ttiel,www.visitbusan.net,editorial_tourism,https://www.visitbusan.net/kr/index.do?menuCd=DOM_000000201002001000&uc_seq=2340&lang_cd=ko,,2026-07-25,"VisitBusan / 부산광역시 (도메인 추정, 미확인)",unknown,unverified,unknown,unknown,unknown,,review_required,domain_inferred,"VB 도메인 기반 분류. image_source 미기록, image_license 미기록. 공식 이용약관 미확인 — 상업 사용 개별 허가 필요."
busan-F-00408,https://www.visitbusan.net/uploadImgs/files/cntnts/20250408104140736_ttiel,www.visitbusan.net,editorial_tourism,https://www.visitbusan.net/kr/index.do?menuCd=DOM_000000201002001000&uc_seq=2341&lang_cd=ko,,2026-07-25,"VisitBusan / 부산광역시 (도메인 추정, 미확인)",unknown,unverified,unknown,unknown,unknown,,review_required,domain_inferred,"VB 도메인 기반 분류. image_source 미기록, image_license 미기록. 공식 이용약관 미확인 — 상업 사용 개별 허가 필요."
busan-F-00409,https://www.visitbusan.net/uploadImgs/files/cntnts/20250408104843726_ttiel,www.visitbusan.net,editorial_tourism,https://www.visitbusan.net/kr/index.do?menuCd=DOM_000000201002001000&uc_seq=2342&lang_cd=ko,,2026-07-25,"VisitBusan / 부산광역시 (도메인 추정, 미확인)",unknown,unverified,unknown,unknown,unknown,,review_required,domain_inferred,"VB 도메인 기반 분류. image_source 미기록, image_license 미기록. 공식 이용약관 미확인 — 상업 사용 개별 허가 필요."
busan-F-00410,https://www.visitbusan.net/uploadImgs/files/cntnts/20250408111911870_ttiel,www.visitbusan.net,editorial_tourism,https://www.visitbusan.net/kr/index.do?menuCd=DOM_000000201002001000&uc_seq=2344&lang_cd=ko,,2026-07-25,"VisitBusan / 부산광역시 (도메인 추정, 미확인)",unknown,unverified,unknown,unknown,unknown,,review_required,domain_inferred,"VB 도메인 기반 분류. image_source 미기록, image_license 미기록. 공식 이용약관 미확인 — 상업 사용 개별 허가 필요."
busan-F-00411,https://www.visitbusan.net/uploadImgs/files/cntnts/20250408112548429_ttiel,www.visitbusan.net,editorial_tourism,https://www.visitbusan.net/kr/index.do?menuCd=DOM_000000201002001000&uc_seq=2345&lang_cd=ko,,2026-07-25,"VisitBusan / 부산광역시 (도메인 추정, 미확인)",unknown,unverified,unknown,unknown,unknown,,review_required,domain_inferred,"VB 도메인 기반 분류. image_source 미기록, image_license 미기록. 공식 이용약관 미확인 — 상업 사용 개별 허가 필요."
busan-F-00412,https://www.visitbusan.net/uploadImgs/files/cntnts/20250408113257860_ttiel,www.visitbusan.net,editorial_tourism,https://www.visitbusan.net/kr/index.do?menuCd=DOM_000000201002001000&uc_seq=2346&lang_cd=ko,,2026-07-25,"VisitBusan / 부산광역시 (도메인 추정, 미확인)",unknown,unverified,unknown,unknown,unknown,,review_required,domain_inferred,"VB 도메인 기반 분류. image_source 미기록, image_license 미기록. 공식 이용약관 미확인 — 상업 사용 개별 허가 필요."
busan-F-00413,https://www.visitbusan.net/uploadImgs/files/cntnts/20250408113919836_ttiel,www.visitbusan.net,editorial_tourism,https://www.visitbusan.net/kr/index.do?menuCd=DOM_000000201002001000&uc_seq=2347&lang_cd=ko,,2026-07-25,"VisitBusan / 부산광역시 (도메인 추정, 미확인)",unknown,unverified,unknown,unknown,unknown,,review_required,domain_inferred,"VB 도메인 기반 분류. image_source 미기록, image_license 미기록. 공식 이용약관 미확인 — 상업 사용 개별 허가 필요."
busan-F-00414,https://www.visitbusan.net/uploadImgs/files/cntnts/20250408114718754_ttiel,www.visitbusan.net,editorial_tourism,https://www.visitbusan.net/kr/index.do?menuCd=DOM_000000201002001000&uc_seq=2348&lang_cd=ko,,2026-07-25,"VisitBusan / 부산광역시 (도메인 추정, 미확인)",unknown,unverified,unknown,unknown,unknown,,review_required,domain_inferred,"VB 도메인 기반 분류. image_source 미기록, image_license 미기록. 공식 이용약관 미확인 — 상업 사용 개별 허가 필요."
busan-F-00415,https://www.visitbusan.net/uploadImgs/files/cntnts/20250408114844827_ttiel,www.visitbusan.net,editorial_tourism,https://www.visitbusan.net/kr/index.do?menuCd=DOM_000000201002001000&uc_seq=2349&lang_cd=ko,,2026-07-25,"VisitBusan / 부산광역시 (도메인 추정, 미확인)",unknown,unverified,unknown,unknown,unknown,,review_required,domain_inferred,"VB 도메인 기반 분류. image_source 미기록, image_license 미기록. 공식 이용약관 미확인 — 상업 사용 개별 허가 필요."
busan-F-00416,https://www.visitbusan.net/uploadImgs/files/cntnts/20250408115051503_ttiel,www.visitbusan.net,editorial_tourism,https://www.visitbusan.net/kr/index.do?menuCd=DOM_000000201002001000&uc_seq=2350&lang_cd=ko,,2026-07-25,"VisitBusan / 부산광역시 (도메인 추정, 미확인)",unknown,unverified,unknown,unknown,unknown,,review_required,domain_inferred,"VB 도메인 기반 분류. image_source 미기록, image_license 미기록. 공식 이용약관 미확인 — 상업 사용 개별 허가 필요."
busan-F-00417,https://www.visitbusan.net/uploadImgs/files/cntnts/20250408115525042_ttiel,www.visitbusan.net,editorial_tourism,https://www.visitbusan.net/kr/index.do?menuCd=DOM_000000201002001000&uc_seq=2351&lang_cd=ko,,2026-07-25,"VisitBusan / 부산광역시 (도메인 추정, 미확인)",unknown,unverified,unknown,unknown,unknown,,review_required,domain_inferred,"VB 도메인 기반 분류. image_source 미기록, image_license 미기록. 공식 이용약관 미확인 — 상업 사용 개별 허가 필요."
busan-F-00418,https://www.visitbusan.net/uploadImgs/files/cntnts/20250408122426619_ttiel,www.visitbusan.net,editorial_tourism,https://www.visitbusan.net/kr/index.do?menuCd=DOM_000000201002001000&uc_seq=2353&lang_cd=ko,,2026-07-25,"VisitBusan / 부산광역시 (도메인 추정, 미확인)",unknown,unverified,unknown,unknown,unknown,,review_required,domain_inferred,"VB 도메인 기반 분류. image_source 미기록, image_license 미기록. 공식 이용약관 미확인 — 상업 사용 개별 허가 필요."
busan-F-00419,https://www.visitbusan.net/uploadImgs/files/cntnts/20250408123831370_ttiel,www.visitbusan.net,editorial_tourism,https://www.visitbusan.net/kr/index.do?menuCd=DOM_000000201002001000&uc_seq=2354&lang_cd=ko,,2026-07-25,"VisitBusan / 부산광역시 (도메인 추정, 미확인)",unknown,unverified,unknown,unknown,unknown,,review_required,domain_inferred,"VB 도메인 기반 분류. image_source 미기록, image_license 미기록. 공식 이용약관 미확인 — 상업 사용 개별 허가 필요."
busan-F-00420,https://www.visitbusan.net/uploadImgs/files/cntnts/20250408131231343_ttiel,www.visitbusan.net,editorial_tourism,https://www.visitbusan.net/kr/index.do?menuCd=DOM_000000201002001000&uc_seq=2356&lang_cd=ko,,2026-07-25,"VisitBusan / 부산광역시 (도메인 추정, 미확인)",unknown,unverified,unknown,unknown,unknown,,review_required,domain_inferred,"VB 도메인 기반 분류. image_source 미기록, image_license 미기록. 공식 이용약관 미확인 — 상업 사용 개별 허가 필요."
busan-F-00421,https://www.visitbusan.net/uploadImgs/files/cntnts/20250408131658485_ttiel,www.visitbusan.net,editorial_tourism,https://www.visitbusan.net/kr/index.do?menuCd=DOM_000000201002001000&uc_seq=2357&lang_cd=ko,,2026-07-25,"VisitBusan / 부산광역시 (도메인 추정, 미확인)",unknown,unverified,unknown,unknown,unknown,,review_required,domain_inferred,"VB 도메인 기반 분류. image_source 미기록, image_license 미기록. 공식 이용약관 미확인 — 상업 사용 개별 허가 필요."
busan-F-00422,https://www.visitbusan.net/uploadImgs/files/cntnts/20250408132244401_ttiel,www.visitbusan.net,editorial_tourism,https://www.visitbusan.net/kr/index.do?menuCd=DOM_000000201002001000&uc_seq=2358&lang_cd=ko,,2026-07-25,"VisitBusan / 부산광역시 (도메인 추정, 미확인)",unknown,unverified,unknown,unknown,unknown,,review_required,domain_inferred,"VB 도메인 기반 분류. image_source 미기록, image_license 미기록. 공식 이용약관 미확인 — 상업 사용 개별 허가 필요."
busan-F-00423,https://www.visitbusan.net/uploadImgs/files/cntnts/20250408132935773_ttiel,www.visitbusan.net,editorial_tourism,https://www.visitbusan.net/kr/index.do?menuCd=DOM_000000201002001000&uc_seq=2359&lang_cd=ko,,2026-07-25,"VisitBusan / 부산광역시 (도메인 추정, 미확인)",unknown,unverified,unknown,unknown,unknown,,review_required,domain_inferred,"VB 도메인 기반 분류. image_source 미기록, image_license 미기록. 공식 이용약관 미확인 — 상업 사용 개별 허가 필요."
busan-F-00424,https://www.visitbusan.net/uploadImgs/files/cntnts/20250408133516752_ttiel,www.visitbusan.net,editorial_tourism,https://www.visitbusan.net/kr/index.do?menuCd=DOM_000000201002001000&uc_seq=2360&lang_cd=ko,,2026-07-25,"VisitBusan / 부산광역시 (도메인 추정, 미확인)",unknown,unverified,unknown,unknown,unknown,,review_required,domain_inferred,"VB 도메인 기반 분류. image_source 미기록, image_license 미기록. 공식 이용약관 미확인 — 상업 사용 개별 허가 필요."
busan-F-00425,https://www.visitbusan.net/uploadImgs/files/cntnts/20250408134146562_ttiel,www.visitbusan.net,editorial_tourism,https://www.visitbusan.net/kr/index.do?menuCd=DOM_000000201002001000&uc_seq=2361&lang_cd=ko,,2026-07-25,"VisitBusan / 부산광역시 (도메인 추정, 미확인)",unknown,unverified,unknown,unknown,unknown,,review_required,domain_inferred,"VB 도메인 기반 분류. image_source 미기록, image_license 미기록. 공식 이용약관 미확인 — 상업 사용 개별 허가 필요."
busan-F-00426,https://www.visitbusan.net/uploadImgs/files/cntnts/20250408135037039_ttiel,www.visitbusan.net,editorial_tourism,https://www.visitbusan.net/kr/index.do?menuCd=DOM_000000201002001000&uc_seq=2362&lang_cd=ko,,2026-07-25,"VisitBusan / 부산광역시 (도메인 추정, 미확인)",unknown,unverified,unknown,unknown,unknown,,review_required,domain_inferred,"VB 도메인 기반 분류. image_source 미기록, image_license 미기록. 공식 이용약관 미확인 — 상업 사용 개별 허가 필요."
busan-F-00427,https://www.visitbusan.net/uploadImgs/files/cntnts/20250408135630428_ttiel,www.visitbusan.net,editorial_tourism,https://www.visitbusan.net/kr/index.do?menuCd=DOM_000000201002001000&uc_seq=2363&lang_cd=ko,,2026-07-25,"VisitBusan / 부산광역시 (도메인 추정, 미확인)",unknown,unverified,unknown,unknown,unknown,,review_required,domain_inferred,"VB 도메인 기반 분류. image_source 미기록, image_license 미기록. 공식 이용약관 미확인 — 상업 사용 개별 허가 필요."
busan-F-00428,https://www.visitbusan.net/uploadImgs/files/cntnts/20250408140215924_ttiel,www.visitbusan.net,editorial_tourism,https://www.visitbusan.net/kr/index.do?menuCd=DOM_000000201002001000&uc_seq=2364&lang_cd=ko,,2026-07-25,"VisitBusan / 부산광역시 (도메인 추정, 미확인)",unknown,unverified,unknown,unknown,unknown,,review_required,domain_inferred,"VB 도메인 기반 분류. image_source 미기록, image_license 미기록. 공식 이용약관 미확인 — 상업 사용 개별 허가 필요."
busan-F-00429,https://www.visitbusan.net/uploadImgs/files/cntnts/20250408142939682_ttiel,www.visitbusan.net,editorial_tourism,https://www.visitbusan.net/kr/index.do?menuCd=DOM_000000201002001000&uc_seq=2365&lang_cd=ko,,2026-07-25,"VisitBusan / 부산광역시 (도메인 추정, 미확인)",unknown,unverified,unknown,unknown,unknown,,review_required,domain_inferred,"VB 도메인 기반 분류. image_source 미기록, image_license 미기록. 공식 이용약관 미확인 — 상업 사용 개별 허가 필요."
busan-F-00430,https://www.visitbusan.net/uploadImgs/files/cntnts/20250408143450330_ttiel,www.visitbusan.net,editorial_tourism,https://www.visitbusan.net/kr/index.do?menuCd=DOM_000000201002001000&uc_seq=2366&lang_cd=ko,,2026-07-25,"VisitBusan / 부산광역시 (도메인 추정, 미확인)",unknown,unverified,unknown,unknown,unknown,,review_required,domain_inferred,"VB 도메인 기반 분류. image_source 미기록, image_license 미기록. 공식 이용약관 미확인 — 상업 사용 개별 허가 필요."
busan-F-00431,https://www.visitbusan.net/uploadImgs/files/cntnts/20250408144017778_ttiel,www.visitbusan.net,editorial_tourism,https://www.visitbusan.net/kr/index.do?menuCd=DOM_000000201002001000&uc_seq=2367&lang_cd=ko,,2026-07-25,"VisitBusan / 부산광역시 (도메인 추정, 미확인)",unknown,unverified,unknown,unknown,unknown,,review_required,domain_inferred,"VB 도메인 기반 분류. image_source 미기록, image_license 미기록. 공식 이용약관 미확인 — 상업 사용 개별 허가 필요."
busan-F-00432,https://www.visitbusan.net/uploadImgs/files/cntnts/20250507154200232_ttiel,www.visitbusan.net,editorial_tourism,https://www.visitbusan.net/kr/index.do?menuCd=DOM_000000201002001000&uc_seq=2370&lang_cd=ko,,2026-07-25,"VisitBusan / 부산광역시 (도메인 추정, 미확인)",unknown,unverified,unknown,unknown,unknown,,review_required,domain_inferred,"VB 도메인 기반 분류. image_source 미기록, image_license 미기록. 공식 이용약관 미확인 — 상업 사용 개별 허가 필요."
busan-F-00433,https://www.visitbusan.net/uploadImgs/files/cntnts/20250507155421924_ttiel,www.visitbusan.net,editorial_tourism,https://www.visitbusan.net/kr/index.do?menuCd=DOM_000000201002001000&uc_seq=2371&lang_cd=ko,,2026-07-25,"VisitBusan / 부산광역시 (도메인 추정, 미확인)",unknown,unverified,unknown,unknown,unknown,,review_required,domain_inferred,"VB 도메인 기반 분류. image_source 미기록, image_license 미기록. 공식 이용약관 미확인 — 상업 사용 개별 허가 필요."
busan-F-00434,https://www.visitbusan.net/uploadImgs/files/cntnts/20250516132502489_ttiel,www.visitbusan.net,editorial_tourism,https://www.visitbusan.net/kr/index.do?menuCd=DOM_000000201002001000&uc_seq=2379&lang_cd=ko,,2026-07-25,"VisitBusan / 부산광역시 (도메인 추정, 미확인)",unknown,unverified,unknown,unknown,unknown,,review_required,domain_inferred,"VB 도메인 기반 분류. image_source 미기록, image_license 미기록. 공식 이용약관 미확인 — 상업 사용 개별 허가 필요."
busan-F-00435,https://www.visitbusan.net/uploadImgs/files/cntnts/20250516162239090_ttiel,www.visitbusan.net,editorial_tourism,https://www.visitbusan.net/kr/index.do?menuCd=DOM_000000201002001000&uc_seq=2381&lang_cd=ko,,2026-07-25,"VisitBusan / 부산광역시 (도메인 추정, 미확인)",unknown,unverified,unknown,unknown,unknown,,review_required,domain_inferred,"VB 도메인 기반 분류. image_source 미기록, image_license 미기록. 공식 이용약관 미확인 — 상업 사용 개별 허가 필요."
busan-F-00436,https://www.visitbusan.net/uploadImgs/files/cntnts/20250522162933740_ttiel,www.visitbusan.net,editorial_tourism,https://www.visitbusan.net/kr/index.do?menuCd=DOM_000000201002001000&uc_seq=2384&lang_cd=ko,,2026-07-25,"VisitBusan / 부산광역시 (도메인 추정, 미확인)",unknown,unverified,unknown,unknown,unknown,,review_required,domain_inferred,"VB 도메인 기반 분류. image_source 미기록, image_license 미기록. 공식 이용약관 미확인 — 상업 사용 개별 허가 필요."
busan-F-00437,https://www.visitbusan.net/uploadImgs/files/cntnts/20250523164409148_ttiel,www.visitbusan.net,editorial_tourism,https://www.visitbusan.net/kr/index.do?menuCd=DOM_000000201002001000&uc_seq=2386&lang_cd=ko,,2026-07-25,"VisitBusan / 부산광역시 (도메인 추정, 미확인)",unknown,unverified,unknown,unknown,unknown,,review_required,domain_inferred,"VB 도메인 기반 분류. image_source 미기록, image_license 미기록. 공식 이용약관 미확인 — 상업 사용 개별 허가 필요."
busan-K-00001,http://tong.visitkorea.or.kr/cms/resource/44/3575744_image2_1.jpg,tong.visitkorea.or.kr,tourapi_cdn,,https://www.kogl.or.kr/info/licenseType1.do,2026-07-26,KTO / 한국관광공사 또는 원저작자 (미확인),kogl_1,verified,allowed,allowed,true,,usable,item_verified,KTO raw API의 cpyrhtDivCd=Type1 확인. source_record=126028. 공공누리 1유형 — 출처표시 조건 충족 시 상업·수정 허용.
busan-K-00002,http://tong.visitkorea.or.kr/cms/resource/17/3026517_image2_1.JPG,tong.visitkorea.or.kr,tourapi_cdn,,https://www.kogl.or.kr/info/licenseType3.do,2026-07-26,KTO / 한국관광공사 또는 원저작자 (미확인),kogl_3,verified,allowed,prohibited,true,,usable,item_verified,"KTO raw API의 cpyrhtDivCd=Type3 확인. source_record=126108. 공공누리 3유형 — 출처표시 조건 충족 시 상업 허용, 수정 금지."
busan-K-00003,http://tong.visitkorea.or.kr/cms/resource/86/2504686_image2_1.jpg,tong.visitkorea.or.kr,tourapi_cdn,,https://www.kogl.or.kr/info/licenseType3.do,2026-07-26,KTO / 한국관광공사 또는 원저작자 (미확인),kogl_3,verified,allowed,prohibited,true,,usable,item_verified,"KTO raw API의 cpyrhtDivCd=Type3 확인. source_record=126122. 공공누리 3유형 — 출처표시 조건 충족 시 상업 허용, 수정 금지."
busan-K-00004,http://tong.visitkorea.or.kr/cms/resource/69/3070669_image2_1.JPG,tong.visitkorea.or.kr,tourapi_cdn,,https://www.kogl.or.kr/info/licenseType3.do,2026-07-26,KTO / 한국관광공사 또는 원저작자 (미확인),kogl_3,verified,allowed,prohibited,true,,usable,item_verified,"KTO raw API의 cpyrhtDivCd=Type3 확인. source_record=126147. 공공누리 3유형 — 출처표시 조건 충족 시 상업 허용, 수정 금지."
busan-K-00005,,,,,,2026-07-25,,unknown,unverified,unknown,unknown,unknown,,no_image,unverified,이미지 URL 없음
busan-K-00006,http://tong.visitkorea.or.kr/cms/resource/87/2754987_image2_1.jpg,tong.visitkorea.or.kr,tourapi_cdn,,https://www.kogl.or.kr/info/licenseType3.do,2026-07-26,KTO / 한국관광공사 또는 원저작자 (미확인),kogl_3,verified,allowed,prohibited,true,,usable,item_verified,"KTO raw API의 cpyrhtDivCd=Type3 확인. source_record=126856. 공공누리 3유형 — 출처표시 조건 충족 시 상업 허용, 수정 금지."
busan-K-00007,http://tong.visitkorea.or.kr/cms/resource/11/3049611_image2_1.JPG,tong.visitkorea.or.kr,tourapi_cdn,,https://www.kogl.or.kr/info/licenseType3.do,2026-07-26,KTO / 한국관광공사 또는 원저작자 (미확인),kogl_3,verified,allowed,prohibited,true,,usable,item_verified,"KTO raw API의 cpyrhtDivCd=Type3 확인. source_record=126857. 공공누리 3유형 — 출처표시 조건 충족 시 상업 허용, 수정 금지."
busan-K-00009,http://tong.visitkorea.or.kr/cms/resource/47/3498447_image2_1.jpg,tong.visitkorea.or.kr,tourapi_cdn,,https://www.kogl.or.kr/info/licenseType1.do,2026-07-26,KTO / 한국관광공사 또는 원저작자 (미확인),kogl_1,verified,allowed,allowed,true,,usable,item_verified,KTO raw API의 cpyrhtDivCd=Type1 확인. source_record=127149. 공공누리 1유형 — 출처표시 조건 충족 시 상업·수정 허용.
busan-K-00010,http://tong.visitkorea.or.kr/cms/resource/85/3547085_image2_1.jpg,tong.visitkorea.or.kr,tourapi_cdn,,https://www.kogl.or.kr/info/licenseType1.do,2026-07-26,KTO / 한국관광공사 또는 원저작자 (미확인),kogl_1,verified,allowed,allowed,true,,usable,item_verified,KTO raw API의 cpyrhtDivCd=Type1 확인. source_record=127752. 공공누리 1유형 — 출처표시 조건 충족 시 상업·수정 허용.
busan-K-00011,http://tong.visitkorea.or.kr/cms/resource/60/3476760_image2_1.jpg,tong.visitkorea.or.kr,tourapi_cdn,,https://www.kogl.or.kr/info/licenseType3.do,2026-07-26,KTO / 한국관광공사 또는 원저작자 (미확인),kogl_3,verified,allowed,prohibited,true,,usable,item_verified,"KTO raw API의 cpyrhtDivCd=Type3 확인. source_record=127891. 공공누리 3유형 — 출처표시 조건 충족 시 상업 허용, 수정 금지."
busan-K-00012,http://tong.visitkorea.or.kr/cms/resource/42/3071042_image2_1.JPG,tong.visitkorea.or.kr,tourapi_cdn,,https://www.kogl.or.kr/info/licenseType3.do,2026-07-26,KTO / 한국관광공사 또는 원저작자 (미확인),kogl_3,verified,allowed,prohibited,true,,usable,item_verified,"KTO raw API의 cpyrhtDivCd=Type3 확인. source_record=127925. 공공누리 3유형 — 출처표시 조건 충족 시 상업 허용, 수정 금지."
busan-K-00015,http://tong.visitkorea.or.kr/cms/resource/25/3409925_image2_1.jpg,tong.visitkorea.or.kr,tourapi_cdn,,https://www.kogl.or.kr/info/licenseType1.do,2026-07-26,KTO / 한국관광공사 또는 원저작자 (미확인),kogl_1,verified,allowed,allowed,true,,usable,item_verified,KTO raw API의 cpyrhtDivCd=Type1 확인. source_record=128108. 공공누리 1유형 — 출처표시 조건 충족 시 상업·수정 허용.
busan-K-00016,http://tong.visitkorea.or.kr/cms/resource/58/3589758_image2_1.jpg,tong.visitkorea.or.kr,tourapi_cdn,,https://www.kogl.or.kr/info/licenseType1.do,2026-07-26,KTO / 한국관광공사 또는 원저작자 (미확인),kogl_1,verified,allowed,allowed,true,,usable,item_verified,KTO raw API의 cpyrhtDivCd=Type1 확인. source_record=128134. 공공누리 1유형 — 출처표시 조건 충족 시 상업·수정 허용.
busan-K-00017,http://tong.visitkorea.or.kr/cms/resource/77/3368477_image2_1.jpg,tong.visitkorea.or.kr,tourapi_cdn,,https://www.kogl.or.kr/info/licenseType1.do,2026-07-26,KTO / 한국관광공사 또는 원저작자 (미확인),kogl_1,verified,allowed,allowed,true,,usable,item_verified,KTO raw API의 cpyrhtDivCd=Type1 확인. source_record=128164. 공공누리 1유형 — 출처표시 조건 충족 시 상업·수정 허용.
busan-K-00019,http://tong.visitkorea.or.kr/cms/resource/26/2607126_image2_1.bmp,tong.visitkorea.or.kr,tourapi_cdn,,https://www.kogl.or.kr/info/licenseType3.do,2026-07-26,KTO / 한국관광공사 또는 원저작자 (미확인),kogl_3,verified,allowed,prohibited,true,,usable,item_verified,"KTO raw API의 cpyrhtDivCd=Type3 확인. source_record=128564. 공공누리 3유형 — 출처표시 조건 충족 시 상업 허용, 수정 금지."
busan-K-00020,http://tong.visitkorea.or.kr/cms/resource/32/2504632_image2_1.jpg,tong.visitkorea.or.kr,tourapi_cdn,,https://www.kogl.or.kr/info/licenseType3.do,2026-07-26,KTO / 한국관광공사 또는 원저작자 (미확인),kogl_3,verified,allowed,prohibited,true,,usable,item_verified,"KTO raw API의 cpyrhtDivCd=Type3 확인. source_record=128610. 공공누리 3유형 — 출처표시 조건 충족 시 상업 허용, 수정 금지."
busan-K-00021,http://tong.visitkorea.or.kr/cms/resource/62/3575962_image2_1.jpg,tong.visitkorea.or.kr,tourapi_cdn,,https://www.kogl.or.kr/info/licenseType1.do,2026-07-26,KTO / 한국관광공사 또는 원저작자 (미확인),kogl_1,verified,allowed,allowed,true,,usable,item_verified,KTO raw API의 cpyrhtDivCd=Type1 확인. source_record=128810. 공공누리 1유형 — 출처표시 조건 충족 시 상업·수정 허용.
busan-K-00022,http://tong.visitkorea.or.kr/cms/resource/04/3070504_image2_1.JPG,tong.visitkorea.or.kr,tourapi_cdn,,https://www.kogl.or.kr/info/licenseType3.do,2026-07-26,KTO / 한국관광공사 또는 원저작자 (미확인),kogl_3,verified,allowed,prohibited,true,,usable,item_verified,"KTO raw API의 cpyrhtDivCd=Type3 확인. source_record=128830. 공공누리 3유형 — 출처표시 조건 충족 시 상업 허용, 수정 금지."
busan-K-00023,http://tong.visitkorea.or.kr/cms/resource/87/3561487_image2_1.jpg,tong.visitkorea.or.kr,tourapi_cdn,,https://www.kogl.or.kr/info/licenseType1.do,2026-07-26,KTO / 한국관광공사 또는 원저작자 (미확인),kogl_1,verified,allowed,allowed,true,,usable,item_verified,KTO raw API의 cpyrhtDivCd=Type1 확인. source_record=128886. 공공누리 1유형 — 출처표시 조건 충족 시 상업·수정 허용.
busan-K-00024,http://tong.visitkorea.or.kr/cms/resource/87/3476787_image2_1.jpg,tong.visitkorea.or.kr,tourapi_cdn,,https://www.kogl.or.kr/info/licenseType3.do,2026-07-26,KTO / 한국관광공사 또는 원저작자 (미확인),kogl_3,verified,allowed,prohibited,true,,usable,item_verified,"KTO raw API의 cpyrhtDivCd=Type3 확인. source_record=129093. 공공누리 3유형 — 출처표시 조건 충족 시 상업 허용, 수정 금지."
busan-K-00025,http://tong.visitkorea.or.kr/cms/resource/43/3589743_image2_1.jpg,tong.visitkorea.or.kr,tourapi_cdn,,https://www.kogl.or.kr/info/licenseType1.do,2026-07-26,KTO / 한국관광공사 또는 원저작자 (미확인),kogl_1,verified,allowed,allowed,true,,usable,item_verified,KTO raw API의 cpyrhtDivCd=Type1 확인. source_record=129140. 공공누리 1유형 — 출처표시 조건 충족 시 상업·수정 허용.
busan-K-00026,http://tong.visitkorea.or.kr/cms/resource/81/3342781_image2_1.jpg,tong.visitkorea.or.kr,tourapi_cdn,,https://www.kogl.or.kr/info/licenseType3.do,2026-07-26,KTO / 한국관광공사 또는 원저작자 (미확인),kogl_3,verified,allowed,prohibited,true,,usable,item_verified,"KTO raw API의 cpyrhtDivCd=Type3 확인. source_record=129156. 공공누리 3유형 — 출처표시 조건 충족 시 상업 허용, 수정 금지."
busan-K-00027,http://tong.visitkorea.or.kr/cms/resource/88/3019388_image2_1.JPG,tong.visitkorea.or.kr,tourapi_cdn,,https://www.kogl.or.kr/info/licenseType3.do,2026-07-26,KTO / 한국관광공사 또는 원저작자 (미확인),kogl_3,verified,allowed,prohibited,true,,usable,item_verified,"KTO raw API의 cpyrhtDivCd=Type3 확인. source_record=129597. 공공누리 3유형 — 출처표시 조건 충족 시 상업 허용, 수정 금지."
busan-K-00028,http://tong.visitkorea.or.kr/cms/resource/02/3476802_image2_1.jpg,tong.visitkorea.or.kr,tourapi_cdn,,https://www.kogl.or.kr/info/licenseType3.do,2026-07-26,KTO / 한국관광공사 또는 원저작자 (미확인),kogl_3,verified,allowed,prohibited,true,,usable,item_verified,"KTO raw API의 cpyrhtDivCd=Type3 확인. source_record=129631. 공공누리 3유형 — 출처표시 조건 충족 시 상업 허용, 수정 금지."
busan-K-00029,http://tong.visitkorea.or.kr/cms/resource/68/3332668_image2_1.jpg,tong.visitkorea.or.kr,tourapi_cdn,,https://www.kogl.or.kr/info/licenseType3.do,2026-07-26,KTO / 한국관광공사 또는 원저작자 (미확인),kogl_3,verified,allowed,prohibited,true,,usable,item_verified,"KTO raw API의 cpyrhtDivCd=Type3 확인. source_record=129725. 공공누리 3유형 — 출처표시 조건 충족 시 상업 허용, 수정 금지."
busan-K-00031,http://tong.visitkorea.or.kr/cms/resource/42/2649742_image2_1.jpg,tong.visitkorea.or.kr,tourapi_cdn,,https://www.kogl.or.kr/info/licenseType3.do,2026-07-26,KTO / 한국관광공사 또는 원저작자 (미확인),kogl_3,verified,allowed,prohibited,true,,usable,item_verified,"KTO raw API의 cpyrhtDivCd=Type3 확인. source_record=130200. 공공누리 3유형 — 출처표시 조건 충족 시 상업 허용, 수정 금지."
busan-K-00032,http://tong.visitkorea.or.kr/cms/resource/88/3336488_image2_1.jpg,tong.visitkorea.or.kr,tourapi_cdn,,https://www.kogl.or.kr/info/licenseType3.do,2026-07-26,KTO / 한국관광공사 또는 원저작자 (미확인),kogl_3,verified,allowed,prohibited,true,,usable,item_verified,"KTO raw API의 cpyrhtDivCd=Type3 확인. source_record=130216. 공공누리 3유형 — 출처표시 조건 충족 시 상업 허용, 수정 금지."
busan-K-00033,http://tong.visitkorea.or.kr/cms/resource/82/3476682_image2_1.jpg,tong.visitkorea.or.kr,tourapi_cdn,,https://www.kogl.or.kr/info/licenseType3.do,2026-07-26,KTO / 한국관광공사 또는 원저작자 (미확인),kogl_3,verified,allowed,prohibited,true,,usable,item_verified,"KTO raw API의 cpyrhtDivCd=Type3 확인. source_record=130380. 공공누리 3유형 — 출처표시 조건 충족 시 상업 허용, 수정 금지."
busan-K-00034,http://tong.visitkorea.or.kr/cms/resource/41/3476741_image2_1.jpg,tong.visitkorea.or.kr,tourapi_cdn,,https://www.kogl.or.kr/info/licenseType3.do,2026-07-26,KTO / 한국관광공사 또는 원저작자 (미확인),kogl_3,verified,allowed,prohibited,true,,usable,item_verified,"KTO raw API의 cpyrhtDivCd=Type3 확인. source_record=130381. 공공누리 3유형 — 출처표시 조건 충족 시 상업 허용, 수정 금지."
busan-K-00035,,,,,,2026-07-25,,unknown,unverified,unknown,unknown,unknown,,no_image,unverified,이미지 URL 없음
busan-K-00036,http://tong.visitkorea.or.kr/cms/resource/52/3336552_image2_1.jpg,tong.visitkorea.or.kr,tourapi_cdn,,https://www.kogl.or.kr/info/licenseType3.do,2026-07-26,KTO / 한국관광공사 또는 원저작자 (미확인),kogl_3,verified,allowed,prohibited,true,,usable,item_verified,"KTO raw API의 cpyrhtDivCd=Type3 확인. source_record=130383. 공공누리 3유형 — 출처표시 조건 충족 시 상업 허용, 수정 금지."
busan-K-00037,http://tong.visitkorea.or.kr/cms/resource/85/3568585_image2_1.jpg,tong.visitkorea.or.kr,tourapi_cdn,,https://www.kogl.or.kr/info/licenseType3.do,2026-07-26,KTO / 한국관광공사 또는 원저작자 (미확인),kogl_3,verified,allowed,prohibited,true,,usable,item_verified,"KTO raw API의 cpyrhtDivCd=Type3 확인. source_record=130642. 공공누리 3유형 — 출처표시 조건 충족 시 상업 허용, 수정 금지."
busan-K-00039,http://tong.visitkorea.or.kr/cms/resource/42/3032342_image2_1.JPG,tong.visitkorea.or.kr,tourapi_cdn,,https://www.kogl.or.kr/info/licenseType3.do,2026-07-26,KTO / 한국관광공사 또는 원저작자 (미확인),kogl_3,verified,allowed,prohibited,true,,usable,item_verified,"KTO raw API의 cpyrhtDivCd=Type3 확인. source_record=130737. 공공누리 3유형 — 출처표시 조건 충족 시 상업 허용, 수정 금지."
busan-K-00040,http://tong.visitkorea.or.kr/cms/resource/28/3476728_image2_1.jpg,tong.visitkorea.or.kr,tourapi_cdn,,https://www.kogl.or.kr/info/licenseType3.do,2026-07-26,KTO / 한국관광공사 또는 원저작자 (미확인),kogl_3,verified,allowed,prohibited,true,,usable,item_verified,"KTO raw API의 cpyrhtDivCd=Type3 확인. source_record=130749. 공공누리 3유형 — 출처표시 조건 충족 시 상업 허용, 수정 금지."
busan-K-00041,http://tong.visitkorea.or.kr/cms/resource/01/3336501_image2_1.jpg,tong.visitkorea.or.kr,tourapi_cdn,,https://www.kogl.or.kr/info/licenseType3.do,2026-07-26,KTO / 한국관광공사 또는 원저작자 (미확인),kogl_3,verified,allowed,prohibited,true,,usable,item_verified,"KTO raw API의 cpyrhtDivCd=Type3 확인. source_record=130752. 공공누리 3유형 — 출처표시 조건 충족 시 상업 허용, 수정 금지."
busan-K-00043,http://tong.visitkorea.or.kr/cms/resource/44/3032044_image2_1.JPG,tong.visitkorea.or.kr,tourapi_cdn,,https://www.kogl.or.kr/info/licenseType3.do,2026-07-26,KTO / 한국관광공사 또는 원저작자 (미확인),kogl_3,verified,allowed,prohibited,true,,usable,item_verified,"KTO raw API의 cpyrhtDivCd=Type3 확인. source_record=130793. 공공누리 3유형 — 출처표시 조건 충족 시 상업 허용, 수정 금지."
busan-K-00044,http://tong.visitkorea.or.kr/cms/resource/29/3049829_image2_1.JPG,tong.visitkorea.or.kr,tourapi_cdn,,https://www.kogl.or.kr/info/licenseType3.do,2026-07-26,KTO / 한국관광공사 또는 원저작자 (미확인),kogl_3,verified,allowed,prohibited,true,,usable,item_verified,"KTO raw API의 cpyrhtDivCd=Type3 확인. source_record=130795. 공공누리 3유형 — 출처표시 조건 충족 시 상업 허용, 수정 금지."
busan-K-00045,http://tong.visitkorea.or.kr/cms/resource/30/3081430_image2_1.JPG,tong.visitkorea.or.kr,tourapi_cdn,,https://www.kogl.or.kr/info/licenseType3.do,2026-07-26,KTO / 한국관광공사 또는 원저작자 (미확인),kogl_3,verified,allowed,prohibited,true,,usable,item_verified,"KTO raw API의 cpyrhtDivCd=Type3 확인. source_record=130796. 공공누리 3유형 — 출처표시 조건 충족 시 상업 허용, 수정 금지."
busan-K-00046,http://tong.visitkorea.or.kr/cms/resource/05/3343405_image2_1.jpg,tong.visitkorea.or.kr,tourapi_cdn,,https://www.kogl.or.kr/info/licenseType3.do,2026-07-26,KTO / 한국관광공사 또는 원저작자 (미확인),kogl_3,verified,allowed,prohibited,true,,usable,item_verified,"KTO raw API의 cpyrhtDivCd=Type3 확인. source_record=130797. 공공누리 3유형 — 출처표시 조건 충족 시 상업 허용, 수정 금지."
busan-K-00047,http://tong.visitkorea.or.kr/cms/resource/48/3343348_image2_1.jpg,tong.visitkorea.or.kr,tourapi_cdn,,https://www.kogl.or.kr/info/licenseType3.do,2026-07-26,KTO / 한국관광공사 또는 원저작자 (미확인),kogl_3,verified,allowed,prohibited,true,,usable,item_verified,"KTO raw API의 cpyrhtDivCd=Type3 확인. source_record=130798. 공공누리 3유형 — 출처표시 조건 충족 시 상업 허용, 수정 금지."
busan-K-00048,http://tong.visitkorea.or.kr/cms/resource/87/3476687_image2_1.jpg,tong.visitkorea.or.kr,tourapi_cdn,,https://www.kogl.or.kr/info/licenseType3.do,2026-07-26,KTO / 한국관광공사 또는 원저작자 (미확인),kogl_3,verified,allowed,prohibited,true,,usable,item_verified,"KTO raw API의 cpyrhtDivCd=Type3 확인. source_record=130799. 공공누리 3유형 — 출처표시 조건 충족 시 상업 허용, 수정 금지."
busan-K-00049,http://tong.visitkorea.or.kr/cms/resource/53/3338053_image2_1.jpg,tong.visitkorea.or.kr,tourapi_cdn,,https://www.kogl.or.kr/info/licenseType3.do,2026-07-26,KTO / 한국관광공사 또는 원저작자 (미확인),kogl_3,verified,allowed,prohibited,true,,usable,item_verified,"KTO raw API의 cpyrhtDivCd=Type3 확인. source_record=130834. 공공누리 3유형 — 출처표시 조건 충족 시 상업 허용, 수정 금지."
busan-K-00050,http://tong.visitkorea.or.kr/cms/resource/86/3496786_image2_1.jpg,tong.visitkorea.or.kr,tourapi_cdn,,https://www.kogl.or.kr/info/licenseType1.do,2026-07-26,KTO / 한국관광공사 또는 원저작자 (미확인),kogl_1,verified,allowed,allowed,true,,usable,item_verified,KTO raw API의 cpyrhtDivCd=Type1 확인. source_record=131087. 공공누리 1유형 — 출처표시 조건 충족 시 상업·수정 허용.
busan-K-00051,http://tong.visitkorea.or.kr/cms/resource/61/2445261_image2_1.jpg,tong.visitkorea.or.kr,tourapi_cdn,,https://www.kogl.or.kr/info/licenseType3.do,2026-07-26,KTO / 한국관광공사 또는 원저작자 (미확인),kogl_3,verified,allowed,prohibited,true,,usable,item_verified,"KTO raw API의 cpyrhtDivCd=Type3 확인. source_record=131146. 공공누리 3유형 — 출처표시 조건 충족 시 상업 허용, 수정 금지."
busan-K-00052,,,,,,2026-07-25,,unknown,unverified,unknown,unknown,unknown,,no_image,unverified,이미지 URL 없음
busan-K-00053,,,,,,2026-07-25,,unknown,unverified,unknown,unknown,unknown,,no_image,unverified,이미지 URL 없음
busan-K-00054,http://tong.visitkorea.or.kr/cms/resource/25/3561825_image2_1.jpg,tong.visitkorea.or.kr,tourapi_cdn,,https://www.kogl.or.kr/info/licenseType1.do,2026-07-26,KTO / 한국관광공사 또는 원저작자 (미확인),kogl_1,verified,allowed,allowed,true,,usable,item_verified,KTO raw API의 cpyrhtDivCd=Type1 확인. source_record=132187. 공공누리 1유형 — 출처표시 조건 충족 시 상업·수정 허용.
busan-K-00055,http://tong.visitkorea.or.kr/cms/resource/04/3070904_image2_1.JPG,tong.visitkorea.or.kr,tourapi_cdn,,https://www.kogl.or.kr/info/licenseType3.do,2026-07-26,KTO / 한국관광공사 또는 원저작자 (미확인),kogl_3,verified,allowed,prohibited,true,,usable,item_verified,"KTO raw API의 cpyrhtDivCd=Type3 확인. source_record=132188. 공공누리 3유형 — 출처표시 조건 충족 시 상업 허용, 수정 금지."
busan-K-00056,http://tong.visitkorea.or.kr/cms/resource/33/3561833_image2_1.jpg,tong.visitkorea.or.kr,tourapi_cdn,,https://www.kogl.or.kr/info/licenseType1.do,2026-07-26,KTO / 한국관광공사 또는 원저작자 (미확인),kogl_1,verified,allowed,allowed,true,,usable,item_verified,KTO raw API의 cpyrhtDivCd=Type1 확인. source_record=132189. 공공누리 1유형 — 출처표시 조건 충족 시 상업·수정 허용.
busan-K-00057,http://tong.visitkorea.or.kr/cms/resource/13/2941313_image2_1.bmp,tong.visitkorea.or.kr,tourapi_cdn,,https://www.kogl.or.kr/info/licenseType1.do,2026-07-26,KTO / 한국관광공사 또는 원저작자 (미확인),kogl_1,verified,allowed,allowed,true,,usable,item_verified,KTO raw API의 cpyrhtDivCd=Type1 확인. source_record=132190. 공공누리 1유형 — 출처표시 조건 충족 시 상업·수정 허용.
busan-K-00058,,,,,,2026-07-25,,unknown,unverified,unknown,unknown,unknown,,no_image,unverified,이미지 URL 없음
busan-K-00059,http://tong.visitkorea.or.kr/cms/resource/44/3561844_image2_1.jpg,tong.visitkorea.or.kr,tourapi_cdn,,https://www.kogl.or.kr/info/licenseType1.do,2026-07-26,KTO / 한국관광공사 또는 원저작자 (미확인),kogl_1,verified,allowed,allowed,true,,usable,item_verified,KTO raw API의 cpyrhtDivCd=Type1 확인. source_record=132499. 공공누리 1유형 — 출처표시 조건 충족 시 상업·수정 허용.
busan-K-00060,http://tong.visitkorea.or.kr/cms/resource/02/3071002_image2_1.JPG,tong.visitkorea.or.kr,tourapi_cdn,,https://www.kogl.or.kr/info/licenseType3.do,2026-07-26,KTO / 한국관광공사 또는 원저작자 (미확인),kogl_3,verified,allowed,prohibited,true,,usable,item_verified,"KTO raw API의 cpyrhtDivCd=Type3 확인. source_record=132524. 공공누리 3유형 — 출처표시 조건 충족 시 상업 허용, 수정 금지."
busan-K-00061,http://tong.visitkorea.or.kr/cms/resource/44/3476844_image2_1.jpg,tong.visitkorea.or.kr,tourapi_cdn,,https://www.kogl.or.kr/info/licenseType3.do,2026-07-26,KTO / 한국관광공사 또는 원저작자 (미확인),kogl_3,verified,allowed,prohibited,true,,usable,item_verified,"KTO raw API의 cpyrhtDivCd=Type3 확인. source_record=132550. 공공누리 3유형 — 출처표시 조건 충족 시 상업 허용, 수정 금지."
busan-K-00062,http://tong.visitkorea.or.kr/cms/resource/23/3070923_image2_1.JPG,tong.visitkorea.or.kr,tourapi_cdn,,https://www.kogl.or.kr/info/licenseType3.do,2026-07-26,KTO / 한국관광공사 또는 원저작자 (미확인),kogl_3,verified,allowed,prohibited,true,,usable,item_verified,"KTO raw API의 cpyrhtDivCd=Type3 확인. source_record=132572. 공공누리 3유형 — 출처표시 조건 충족 시 상업 허용, 수정 금지."
busan-K-00063,http://tong.visitkorea.or.kr/cms/resource/55/3561855_image2_1.jpg,tong.visitkorea.or.kr,tourapi_cdn,,https://www.kogl.or.kr/info/licenseType1.do,2026-07-26,KTO / 한국관광공사 또는 원저작자 (미확인),kogl_1,verified,allowed,allowed,true,,usable,item_verified,KTO raw API의 cpyrhtDivCd=Type1 확인. source_record=132574. 공공누리 1유형 — 출처표시 조건 충족 시 상업·수정 허용.
busan-K-00064,http://tong.visitkorea.or.kr/cms/resource/63/3561863_image2_1.jpg,tong.visitkorea.or.kr,tourapi_cdn,,https://www.kogl.or.kr/info/licenseType1.do,2026-07-26,KTO / 한국관광공사 또는 원저작자 (미확인),kogl_1,verified,allowed,allowed,true,,usable,item_verified,KTO raw API의 cpyrhtDivCd=Type1 확인. source_record=132576. 공공누리 1유형 — 출처표시 조건 충족 시 상업·수정 허용.
busan-K-00068,,,,,,2026-07-25,,unknown,unverified,unknown,unknown,unknown,,no_image,unverified,이미지 URL 없음
busan-K-00070,,,,,,2026-07-25,,unknown,unverified,unknown,unknown,unknown,,no_image,unverified,이미지 URL 없음
busan-K-00072,,,,,,2026-07-25,,unknown,unverified,unknown,unknown,unknown,,no_image,unverified,이미지 URL 없음
busan-K-00073,,,,,,2026-07-25,,unknown,unverified,unknown,unknown,unknown,,no_image,unverified,이미지 URL 없음
busan-K-00074,,,,,,2026-07-25,,unknown,unverified,unknown,unknown,unknown,,no_image,unverified,이미지 URL 없음
busan-K-00075,,,,,,2026-07-25,,unknown,unverified,unknown,unknown,unknown,,no_image,unverified,이미지 URL 없음
busan-K-00077,http://tong.visitkorea.or.kr/cms/resource/49/2722649_image2_1.JPG,tong.visitkorea.or.kr,tourapi_cdn,,https://www.kogl.or.kr/info/licenseType3.do,2026-07-26,KTO / 한국관광공사 또는 원저작자 (미확인),kogl_3,verified,allowed,prohibited,true,,usable,item_verified,"KTO raw API의 cpyrhtDivCd=Type3 확인. source_record=142852. 공공누리 3유형 — 출처표시 조건 충족 시 상업 허용, 수정 금지."
busan-K-00078,http://tong.visitkorea.or.kr/cms/resource/55/3510355_image2_1.jpg,tong.visitkorea.or.kr,tourapi_cdn,,https://www.kogl.or.kr/info/licenseType3.do,2026-07-26,KTO / 한국관광공사 또는 원저작자 (미확인),kogl_3,verified,allowed,prohibited,true,,usable,item_verified,"KTO raw API의 cpyrhtDivCd=Type3 확인. source_record=142853. 공공누리 3유형 — 출처표시 조건 충족 시 상업 허용, 수정 금지."
busan-K-00079,http://tong.visitkorea.or.kr/cms/resource/71/3592171_image2_1.jpg,tong.visitkorea.or.kr,tourapi_cdn,,https://www.kogl.or.kr/info/licenseType3.do,2026-07-26,KTO / 한국관광공사 또는 원저작자 (미확인),kogl_3,verified,allowed,prohibited,true,,usable,item_verified,"KTO raw API의 cpyrhtDivCd=Type3 확인. source_record=142861. 공공누리 3유형 — 출처표시 조건 충족 시 상업 허용, 수정 금지."
busan-K-00080,http://tong.visitkorea.or.kr/cms/resource/37/3012137_image2_1.jpg,tong.visitkorea.or.kr,tourapi_cdn,,https://www.kogl.or.kr/info/licenseType3.do,2026-07-26,KTO / 한국관광공사 또는 원저작자 (미확인),kogl_3,verified,allowed,prohibited,true,,usable,item_verified,"KTO raw API의 cpyrhtDivCd=Type3 확인. source_record=142978. 공공누리 3유형 — 출처표시 조건 충족 시 상업 허용, 수정 금지."
busan-K-00081,http://tong.visitkorea.or.kr/cms/resource/02/3019302_image2_1.jpg,tong.visitkorea.or.kr,tourapi_cdn,,https://www.kogl.or.kr/info/licenseType3.do,2026-07-26,KTO / 한국관광공사 또는 원저작자 (미확인),kogl_3,verified,allowed,prohibited,true,,usable,item_verified,"KTO raw API의 cpyrhtDivCd=Type3 확인. source_record=142998. 공공누리 3유형 — 출처표시 조건 충족 시 상업 허용, 수정 금지."
busan-K-00082,http://tong.visitkorea.or.kr/cms/resource/09/3020609_image2_1.jpg,tong.visitkorea.or.kr,tourapi_cdn,,https://www.kogl.or.kr/info/licenseType3.do,2026-07-26,KTO / 한국관광공사 또는 원저작자 (미확인),kogl_3,verified,allowed,prohibited,true,,usable,item_verified,"KTO raw API의 cpyrhtDivCd=Type3 확인. source_record=229912. 공공누리 3유형 — 출처표시 조건 충족 시 상업 허용, 수정 금지."
busan-K-00083,http://tong.visitkorea.or.kr/cms/resource/94/3083494_image2_1.JPG,tong.visitkorea.or.kr,tourapi_cdn,,https://www.kogl.or.kr/info/licenseType3.do,2026-07-26,KTO / 한국관광공사 또는 원저작자 (미확인),kogl_3,verified,allowed,prohibited,true,,usable,item_verified,"KTO raw API의 cpyrhtDivCd=Type3 확인. source_record=231945. 공공누리 3유형 — 출처표시 조건 충족 시 상업 허용, 수정 금지."
busan-K-00084,http://tong.visitkorea.or.kr/cms/resource/91/3031391_image2_1.JPG,tong.visitkorea.or.kr,tourapi_cdn,,https://www.kogl.or.kr/info/licenseType3.do,2026-07-26,KTO / 한국관광공사 또는 원저작자 (미확인),kogl_3,verified,allowed,prohibited,true,,usable,item_verified,"KTO raw API의 cpyrhtDivCd=Type3 확인. source_record=250424. 공공누리 3유형 — 출처표시 조건 충족 시 상업 허용, 수정 금지."
busan-K-00086,,,,,,2026-07-25,,unknown,unverified,unknown,unknown,unknown,,no_image,unverified,이미지 URL 없음
busan-K-00087,http://tong.visitkorea.or.kr/cms/resource/75/3031875_image2_1.JPG,tong.visitkorea.or.kr,tourapi_cdn,,https://www.kogl.or.kr/info/licenseType3.do,2026-07-26,KTO / 한국관광공사 또는 원저작자 (미확인),kogl_3,verified,allowed,prohibited,true,,usable,item_verified,"KTO raw API의 cpyrhtDivCd=Type3 확인. source_record=252562. 공공누리 3유형 — 출처표시 조건 충족 시 상업 허용, 수정 금지."
busan-K-00088,http://tong.visitkorea.or.kr/cms/resource/20/3476820_image2_1.jpg,tong.visitkorea.or.kr,tourapi_cdn,,https://www.kogl.or.kr/info/licenseType3.do,2026-07-26,KTO / 한국관광공사 또는 원저작자 (미확인),kogl_3,verified,allowed,prohibited,true,,usable,item_verified,"KTO raw API의 cpyrhtDivCd=Type3 확인. source_record=294452. 공공누리 3유형 — 출처표시 조건 충족 시 상업 허용, 수정 금지."
busan-K-00089,http://tong.visitkorea.or.kr/cms/resource/82/3552382_image2_1.jpg,tong.visitkorea.or.kr,tourapi_cdn,,https://www.kogl.or.kr/info/licenseType1.do,2026-07-26,KTO / 한국관광공사 또는 원저작자 (미확인),kogl_1,verified,allowed,allowed,true,,usable,item_verified,KTO raw API의 cpyrhtDivCd=Type1 확인. source_record=298099. 공공누리 1유형 — 출처표시 조건 충족 시 상업·수정 허용.
busan-K-00090,http://tong.visitkorea.or.kr/cms/resource/04/3561504_image2_1.jpg,tong.visitkorea.or.kr,tourapi_cdn,,https://www.kogl.or.kr/info/licenseType1.do,2026-07-26,KTO / 한국관광공사 또는 원저작자 (미확인),kogl_1,verified,allowed,allowed,true,,usable,item_verified,KTO raw API의 cpyrhtDivCd=Type1 확인. source_record=298111. 공공누리 1유형 — 출처표시 조건 충족 시 상업·수정 허용.
busan-K-00091,http://tong.visitkorea.or.kr/cms/resource/77/3031277_image2_1.JPG,tong.visitkorea.or.kr,tourapi_cdn,,https://www.kogl.or.kr/info/licenseType3.do,2026-07-26,KTO / 한국관광공사 또는 원저작자 (미확인),kogl_3,verified,allowed,prohibited,true,,usable,item_verified,"KTO raw API의 cpyrhtDivCd=Type3 확인. source_record=298112. 공공누리 3유형 — 출처표시 조건 충족 시 상업 허용, 수정 금지."
busan-K-00092,http://tong.visitkorea.or.kr/cms/resource/32/3031232_image2_1.JPG,tong.visitkorea.or.kr,tourapi_cdn,,https://www.kogl.or.kr/info/licenseType3.do,2026-07-26,KTO / 한국관광공사 또는 원저작자 (미확인),kogl_3,verified,allowed,prohibited,true,,usable,item_verified,"KTO raw API의 cpyrhtDivCd=Type3 확인. source_record=304695. 공공누리 3유형 — 출처표시 조건 충족 시 상업 허용, 수정 금지."
busan-K-00093,http://tong.visitkorea.or.kr/cms/resource/32/3343332_image2_1.jpg,tong.visitkorea.or.kr,tourapi_cdn,,https://www.kogl.or.kr/info/licenseType3.do,2026-07-26,KTO / 한국관광공사 또는 원저작자 (미확인),kogl_3,verified,allowed,prohibited,true,,usable,item_verified,"KTO raw API의 cpyrhtDivCd=Type3 확인. source_record=304811. 공공누리 3유형 — 출처표시 조건 충족 시 상업 허용, 수정 금지."
busan-K-00094,http://tong.visitkorea.or.kr/cms/resource/99/2687599_image2_1.jpg,tong.visitkorea.or.kr,tourapi_cdn,,https://www.kogl.or.kr/info/licenseType3.do,2026-07-26,KTO / 한국관광공사 또는 원저작자 (미확인),kogl_3,verified,allowed,prohibited,true,,usable,item_verified,"KTO raw API의 cpyrhtDivCd=Type3 확인. source_record=309293. 공공누리 3유형 — 출처표시 조건 충족 시 상업 허용, 수정 금지."
busan-K-00095,http://tong.visitkorea.or.kr/cms/resource/97/3081197_image2_1.JPG,tong.visitkorea.or.kr,tourapi_cdn,,https://www.kogl.or.kr/info/licenseType3.do,2026-07-26,KTO / 한국관광공사 또는 원저작자 (미확인),kogl_3,verified,allowed,prohibited,true,,usable,item_verified,"KTO raw API의 cpyrhtDivCd=Type3 확인. source_record=309338. 공공누리 3유형 — 출처표시 조건 충족 시 상업 허용, 수정 금지."
busan-K-00096,http://tong.visitkorea.or.kr/cms/resource/32/3070632_image2_1.JPG,tong.visitkorea.or.kr,tourapi_cdn,,https://www.kogl.or.kr/info/licenseType3.do,2026-07-26,KTO / 한국관광공사 또는 원저작자 (미확인),kogl_3,verified,allowed,prohibited,true,,usable,item_verified,"KTO raw API의 cpyrhtDivCd=Type3 확인. source_record=319563. 공공누리 3유형 — 출처표시 조건 충족 시 상업 허용, 수정 금지."
busan-K-00097,http://tong.visitkorea.or.kr/cms/resource/81/3561181_image2_1.jpg,tong.visitkorea.or.kr,tourapi_cdn,,https://www.kogl.or.kr/info/licenseType1.do,2026-07-26,KTO / 한국관광공사 또는 원저작자 (미확인),kogl_1,verified,allowed,allowed,true,,usable,item_verified,KTO raw API의 cpyrhtDivCd=Type1 확인. source_record=337415. 공공누리 1유형 — 출처표시 조건 충족 시 상업·수정 허용.
busan-K-00098,http://tong.visitkorea.or.kr/cms/resource/80/3342880_image2_1.jpg,tong.visitkorea.or.kr,tourapi_cdn,,https://www.kogl.or.kr/info/licenseType3.do,2026-07-26,KTO / 한국관광공사 또는 원저작자 (미확인),kogl_3,verified,allowed,prohibited,true,,usable,item_verified,"KTO raw API의 cpyrhtDivCd=Type3 확인. source_record=337435. 공공누리 3유형 — 출처표시 조건 충족 시 상업 허용, 수정 금지."
busan-K-00099,http://tong.visitkorea.or.kr/cms/resource/17/3032417_image2_1.JPG,tong.visitkorea.or.kr,tourapi_cdn,,https://www.kogl.or.kr/info/licenseType3.do,2026-07-26,KTO / 한국관광공사 또는 원저작자 (미확인),kogl_3,verified,allowed,prohibited,true,,usable,item_verified,"KTO raw API의 cpyrhtDivCd=Type3 확인. source_record=337532. 공공누리 3유형 — 출처표시 조건 충족 시 상업 허용, 수정 금지."
busan-K-00101,http://tong.visitkorea.or.kr/cms/resource/89/3561189_image2_1.jpg,tong.visitkorea.or.kr,tourapi_cdn,,https://www.kogl.or.kr/info/licenseType1.do,2026-07-26,KTO / 한국관광공사 또는 원저작자 (미확인),kogl_1,verified,allowed,allowed,true,,usable,item_verified,KTO raw API의 cpyrhtDivCd=Type1 확인. source_record=347229. 공공누리 1유형 — 출처표시 조건 충족 시 상업·수정 허용.
busan-K-00102,,,,,,2026-07-25,,unknown,unverified,unknown,unknown,unknown,,no_image,unverified,이미지 URL 없음
busan-K-00105,http://tong.visitkorea.or.kr/cms/resource/85/3041185_image2_1.JPG,tong.visitkorea.or.kr,tourapi_cdn,,https://www.kogl.or.kr/info/licenseType3.do,2026-07-26,KTO / 한국관광공사 또는 원저작자 (미확인),kogl_3,verified,allowed,prohibited,true,,usable,item_verified,"KTO raw API의 cpyrhtDivCd=Type3 확인. source_record=482123. 공공누리 3유형 — 출처표시 조건 충족 시 상업 허용, 수정 금지."
busan-K-00106,http://tong.visitkorea.or.kr/cms/resource/82/1982682_image2_1.jpg,tong.visitkorea.or.kr,tourapi_cdn,,https://www.kogl.or.kr/info/licenseType3.do,2026-07-26,KTO / 한국관광공사 또는 원저작자 (미확인),kogl_3,verified,allowed,prohibited,true,,usable,item_verified,"KTO raw API의 cpyrhtDivCd=Type3 확인. source_record=574250. 공공누리 3유형 — 출처표시 조건 충족 시 상업 허용, 수정 금지."
busan-K-00107,http://tong.visitkorea.or.kr/cms/resource/78/2444978_image2_1.jpg,tong.visitkorea.or.kr,tourapi_cdn,,https://www.kogl.or.kr/info/licenseType3.do,2026-07-26,KTO / 한국관광공사 또는 원저작자 (미확인),kogl_3,verified,allowed,prohibited,true,,usable,item_verified,"KTO raw API의 cpyrhtDivCd=Type3 확인. source_record=576732. 공공누리 3유형 — 출처표시 조건 충족 시 상업 허용, 수정 금지."
busan-K-00109,,,,,,2026-07-25,,unknown,unverified,unknown,unknown,unknown,,no_image,unverified,이미지 URL 없음
busan-K-00110,http://tong.visitkorea.or.kr/cms/resource/17/3026417_image2_1.JPG,tong.visitkorea.or.kr,tourapi_cdn,,https://www.kogl.or.kr/info/licenseType3.do,2026-07-26,KTO / 한국관광공사 또는 원저작자 (미확인),kogl_3,verified,allowed,prohibited,true,,usable,item_verified,"KTO raw API의 cpyrhtDivCd=Type3 확인. source_record=767084. 공공누리 3유형 — 출처표시 조건 충족 시 상업 허용, 수정 금지."
busan-K-00111,http://tong.visitkorea.or.kr/cms/resource/08/3506208_image2_1.jpg,tong.visitkorea.or.kr,tourapi_cdn,,https://www.kogl.or.kr/info/licenseType1.do,2026-07-26,KTO / 한국관광공사 또는 원저작자 (미확인),kogl_1,verified,allowed,allowed,true,,usable,item_verified,KTO raw API의 cpyrhtDivCd=Type1 확인. source_record=769761. 공공누리 1유형 — 출처표시 조건 충족 시 상업·수정 허용.
busan-K-00114,http://tong.visitkorea.or.kr/cms/resource/35/3585635_image2_1.jpg,tong.visitkorea.or.kr,tourapi_cdn,,https://www.kogl.or.kr/info/licenseType1.do,2026-07-26,KTO / 한국관광공사 또는 원저작자 (미확인),kogl_1,verified,allowed,allowed,true,,usable,item_verified,KTO raw API의 cpyrhtDivCd=Type1 확인. source_record=843489. 공공누리 1유형 — 출처표시 조건 충족 시 상업·수정 허용.
busan-K-00117,,,,,,2026-07-25,,unknown,unverified,unknown,unknown,unknown,,no_image,unverified,이미지 URL 없음
busan-K-00118,http://tong.visitkorea.or.kr/cms/resource/75/1902175_image2_1.jpg,tong.visitkorea.or.kr,tourapi_cdn,,https://www.kogl.or.kr/info/licenseType3.do,2026-07-26,KTO / 한국관광공사 또는 원저작자 (미확인),kogl_3,verified,allowed,prohibited,true,,usable,item_verified,"KTO raw API의 cpyrhtDivCd=Type3 확인. source_record=850121. 공공누리 3유형 — 출처표시 조건 충족 시 상업 허용, 수정 금지."
busan-K-00119,,,,,,2026-07-25,,unknown,unverified,unknown,unknown,unknown,,no_image,unverified,이미지 URL 없음
busan-K-00120,,,,,,2026-07-25,,unknown,unverified,unknown,unknown,unknown,,no_image,unverified,이미지 URL 없음
busan-K-00121,,,,,,2026-07-25,,unknown,unverified,unknown,unknown,unknown,,no_image,unverified,이미지 URL 없음
busan-K-00122,,,,,,2026-07-25,,unknown,unverified,unknown,unknown,unknown,,no_image,unverified,이미지 URL 없음
busan-K-00123,,,,,,2026-07-25,,unknown,unverified,unknown,unknown,unknown,,no_image,unverified,이미지 URL 없음
busan-K-00124,,,,,,2026-07-25,,unknown,unverified,unknown,unknown,unknown,,no_image,unverified,이미지 URL 없음
busan-K-00125,,,,,,2026-07-25,,unknown,unverified,unknown,unknown,unknown,,no_image,unverified,이미지 URL 없음
busan-K-00126,,,,,,2026-07-25,,unknown,unverified,unknown,unknown,unknown,,no_image,unverified,이미지 URL 없음
busan-K-00127,http://tong.visitkorea.or.kr/cms/resource/60/3048860_image2_1.JPG,tong.visitkorea.or.kr,tourapi_cdn,,https://www.kogl.or.kr/info/licenseType3.do,2026-07-26,KTO / 한국관광공사 또는 원저작자 (미확인),kogl_3,verified,allowed,prohibited,true,,usable,item_verified,"KTO raw API의 cpyrhtDivCd=Type3 확인. source_record=851104. 공공누리 3유형 — 출처표시 조건 충족 시 상업 허용, 수정 금지."
busan-K-00128,,,,,,2026-07-25,,unknown,unverified,unknown,unknown,unknown,,no_image,unverified,이미지 URL 없음
busan-K-00129,http://tong.visitkorea.or.kr/cms/resource/65/1867165_image2_1.jpg,tong.visitkorea.or.kr,tourapi_cdn,,https://www.kogl.or.kr/info/licenseType3.do,2026-07-26,KTO / 한국관광공사 또는 원저작자 (미확인),kogl_3,verified,allowed,prohibited,true,,usable,item_verified,"KTO raw API의 cpyrhtDivCd=Type3 확인. source_record=851832. 공공누리 3유형 — 출처표시 조건 충족 시 상업 허용, 수정 금지."
busan-K-00130,,,,,,2026-07-25,,unknown,unverified,unknown,unknown,unknown,,no_image,unverified,이미지 URL 없음
busan-K-00131,,,,,,2026-07-25,,unknown,unverified,unknown,unknown,unknown,,no_image,unverified,이미지 URL 없음
busan-K-00133,http://tong.visitkorea.or.kr/cms/resource/89/3552989_image2_1.jpg,tong.visitkorea.or.kr,tourapi_cdn,,https://www.kogl.or.kr/info/licenseType1.do,2026-07-26,KTO / 한국관광공사 또는 원저작자 (미확인),kogl_1,verified,allowed,allowed,true,,usable,item_verified,KTO raw API의 cpyrhtDivCd=Type1 확인. source_record=985921. 공공누리 1유형 — 출처표시 조건 충족 시 상업·수정 허용.
busan-K-00134,http://tong.visitkorea.or.kr/cms/resource/14/3561914_image2_1.jpg,tong.visitkorea.or.kr,tourapi_cdn,,https://www.kogl.or.kr/info/licenseType1.do,2026-07-26,KTO / 한국관광공사 또는 원저작자 (미확인),kogl_1,verified,allowed,allowed,true,,usable,item_verified,KTO raw API의 cpyrhtDivCd=Type1 확인. source_record=986063. 공공누리 1유형 — 출처표시 조건 충족 시 상업·수정 허용.
busan-K-00135,http://tong.visitkorea.or.kr/cms/resource/47/3350847_image2_1.jpg,tong.visitkorea.or.kr,tourapi_cdn,,https://www.kogl.or.kr/info/licenseType3.do,2026-07-26,KTO / 한국관광공사 또는 원저작자 (미확인),kogl_3,verified,allowed,prohibited,true,,usable,item_verified,"KTO raw API의 cpyrhtDivCd=Type3 확인. source_record=987810. 공공누리 3유형 — 출처표시 조건 충족 시 상업 허용, 수정 금지."
busan-K-00136,http://tong.visitkorea.or.kr/cms/resource/53/1016353_image2_1.jpg,tong.visitkorea.or.kr,tourapi_cdn,,https://www.kogl.or.kr/info/licenseType3.do,2026-07-26,KTO / 한국관광공사 또는 원저작자 (미확인),kogl_3,verified,allowed,prohibited,true,,usable,item_verified,"KTO raw API의 cpyrhtDivCd=Type3 확인. source_record=1013112. 공공누리 3유형 — 출처표시 조건 충족 시 상업 허용, 수정 금지."
busan-K-00137,http://tong.visitkorea.or.kr/cms/resource/87/1015987_image2_1.jpg,tong.visitkorea.or.kr,tourapi_cdn,,https://www.kogl.or.kr/info/licenseType3.do,2026-07-26,KTO / 한국관광공사 또는 원저작자 (미확인),kogl_3,verified,allowed,prohibited,true,,usable,item_verified,"KTO raw API의 cpyrhtDivCd=Type3 확인. source_record=1013461. 공공누리 3유형 — 출처표시 조건 충족 시 상업 허용, 수정 금지."
busan-K-00138,http://tong.visitkorea.or.kr/cms/resource/19/3561919_image2_1.jpg,tong.visitkorea.or.kr,tourapi_cdn,,https://www.kogl.or.kr/info/licenseType1.do,2026-07-26,KTO / 한국관광공사 또는 원저작자 (미확인),kogl_1,verified,allowed,allowed,true,,usable,item_verified,KTO raw API의 cpyrhtDivCd=Type1 확인. source_record=1013694. 공공누리 1유형 — 출처표시 조건 충족 시 상업·수정 허용.
busan-K-00139,http://tong.visitkorea.or.kr/cms/resource/26/3561926_image2_1.jpg,tong.visitkorea.or.kr,tourapi_cdn,,https://www.kogl.or.kr/info/licenseType1.do,2026-07-26,KTO / 한국관광공사 또는 원저작자 (미확인),kogl_1,verified,allowed,allowed,true,,usable,item_verified,KTO raw API의 cpyrhtDivCd=Type1 확인. source_record=1013709. 공공누리 1유형 — 출처표시 조건 충족 시 상업·수정 허용.
busan-K-00140,http://tong.visitkorea.or.kr/cms/resource/33/3561933_image2_1.jpg,tong.visitkorea.or.kr,tourapi_cdn,,https://www.kogl.or.kr/info/licenseType1.do,2026-07-26,KTO / 한국관광공사 또는 원저작자 (미확인),kogl_1,verified,allowed,allowed,true,,usable,item_verified,KTO raw API의 cpyrhtDivCd=Type1 확인. source_record=1013721. 공공누리 1유형 — 출처표시 조건 충족 시 상업·수정 허용.
busan-K-00141,http://tong.visitkorea.or.kr/cms/resource/30/3476830_image2_1.jpg,tong.visitkorea.or.kr,tourapi_cdn,,https://www.kogl.or.kr/info/licenseType3.do,2026-07-26,KTO / 한국관광공사 또는 원저작자 (미확인),kogl_3,verified,allowed,prohibited,true,,usable,item_verified,"KTO raw API의 cpyrhtDivCd=Type3 확인. source_record=1018702. 공공누리 3유형 — 출처표시 조건 충족 시 상업 허용, 수정 금지."
busan-K-00142,http://tong.visitkorea.or.kr/cms/resource/63/3544863_image2_1.JPEG,tong.visitkorea.or.kr,tourapi_cdn,,https://www.kogl.or.kr/info/licenseType3.do,2026-07-26,KTO / 한국관광공사 또는 원저작자 (미확인),kogl_3,verified,allowed,prohibited,true,,usable,item_verified,"KTO raw API의 cpyrhtDivCd=Type3 확인. source_record=1019616. 공공누리 3유형 — 출처표시 조건 충족 시 상업 허용, 수정 금지."
busan-K-00143,http://tong.visitkorea.or.kr/cms/resource/90/3561790_image2_1.jpg,tong.visitkorea.or.kr,tourapi_cdn,,https://www.kogl.or.kr/info/licenseType3.do,2026-07-26,KTO / 한국관광공사 또는 원저작자 (미확인),kogl_3,verified,allowed,prohibited,true,,usable,item_verified,"KTO raw API의 cpyrhtDivCd=Type3 확인. source_record=1080734. 공공누리 3유형 — 출처표시 조건 충족 시 상업 허용, 수정 금지."
busan-K-00144,http://tong.visitkorea.or.kr/cms/resource/12/2504712_image2_1.jpg,tong.visitkorea.or.kr,tourapi_cdn,,https://www.kogl.or.kr/info/licenseType3.do,2026-07-26,KTO / 한국관광공사 또는 원저작자 (미확인),kogl_3,verified,allowed,prohibited,true,,usable,item_verified,"KTO raw API의 cpyrhtDivCd=Type3 확인. source_record=1082315. 공공누리 3유형 — 출처표시 조건 충족 시 상업 허용, 수정 금지."
busan-K-00145,http://tong.visitkorea.or.kr/cms/resource/24/3070624_image2_1.JPG,tong.visitkorea.or.kr,tourapi_cdn,,https://www.kogl.or.kr/info/licenseType3.do,2026-07-26,KTO / 한국관광공사 또는 원저작자 (미확인),kogl_3,verified,allowed,prohibited,true,,usable,item_verified,"KTO raw API의 cpyrhtDivCd=Type3 확인. source_record=1117817. 공공누리 3유형 — 출처표시 조건 충족 시 상업 허용, 수정 금지."
busan-K-00146,http://tong.visitkorea.or.kr/cms/resource/49/3476749_image2_1.jpg,tong.visitkorea.or.kr,tourapi_cdn,,https://www.kogl.or.kr/info/licenseType3.do,2026-07-26,KTO / 한국관광공사 또는 원저작자 (미확인),kogl_3,verified,allowed,prohibited,true,,usable,item_verified,"KTO raw API의 cpyrhtDivCd=Type3 확인. source_record=1162526. 공공누리 3유형 — 출처표시 조건 충족 시 상업 허용, 수정 금지."
busan-K-00147,http://tong.visitkorea.or.kr/cms/resource/01/2640501_image2_1.jpg,tong.visitkorea.or.kr,tourapi_cdn,,https://www.kogl.or.kr/info/licenseType3.do,2026-07-26,KTO / 한국관광공사 또는 원저작자 (미확인),kogl_3,verified,allowed,prohibited,true,,usable,item_verified,"KTO raw API의 cpyrhtDivCd=Type3 확인. source_record=1215432. 공공누리 3유형 — 출처표시 조건 충족 시 상업 허용, 수정 금지."
busan-K-00148,http://tong.visitkorea.or.kr/cms/resource/38/3081238_image2_1.JPG,tong.visitkorea.or.kr,tourapi_cdn,,https://www.kogl.or.kr/info/licenseType3.do,2026-07-26,KTO / 한국관광공사 또는 원저작자 (미확인),kogl_3,verified,allowed,prohibited,true,,usable,item_verified,"KTO raw API의 cpyrhtDivCd=Type3 확인. source_record=1250885. 공공누리 3유형 — 출처표시 조건 충족 시 상업 허용, 수정 금지."
busan-K-00150,,,,,,2026-07-25,,unknown,unverified,unknown,unknown,unknown,,no_image,unverified,이미지 URL 없음
busan-K-00151,http://tong.visitkorea.or.kr/cms/resource/72/3476772_image2_1.jpg,tong.visitkorea.or.kr,tourapi_cdn,,https://www.kogl.or.kr/info/licenseType3.do,2026-07-26,KTO / 한국관광공사 또는 원저작자 (미확인),kogl_3,verified,allowed,prohibited,true,,usable,item_verified,"KTO raw API의 cpyrhtDivCd=Type3 확인. source_record=1303697. 공공누리 3유형 — 출처표시 조건 충족 시 상업 허용, 수정 금지."
busan-K-00152,http://tong.visitkorea.or.kr/cms/resource/75/1982175_image2_1.jpg,tong.visitkorea.or.kr,tourapi_cdn,,https://www.kogl.or.kr/info/licenseType3.do,2026-07-26,KTO / 한국관광공사 또는 원저작자 (미확인),kogl_3,verified,allowed,prohibited,true,,usable,item_verified,"KTO raw API의 cpyrhtDivCd=Type3 확인. source_record=1303759. 공공누리 3유형 — 출처표시 조건 충족 시 상업 허용, 수정 금지."
busan-K-00153,http://tong.visitkorea.or.kr/cms/resource/58/3071058_image2_1.JPG,tong.visitkorea.or.kr,tourapi_cdn,,https://www.kogl.or.kr/info/licenseType3.do,2026-07-26,KTO / 한국관광공사 또는 원저작자 (미확인),kogl_3,verified,allowed,prohibited,true,,usable,item_verified,"KTO raw API의 cpyrhtDivCd=Type3 확인. source_record=1303784. 공공누리 3유형 — 출처표시 조건 충족 시 상업 허용, 수정 금지."
busan-K-00154,http://tong.visitkorea.or.kr/cms/resource/95/3032195_image2_1.JPG,tong.visitkorea.or.kr,tourapi_cdn,,https://www.kogl.or.kr/info/licenseType3.do,2026-07-26,KTO / 한국관광공사 또는 원저작자 (미확인),kogl_3,verified,allowed,prohibited,true,,usable,item_verified,"KTO raw API의 cpyrhtDivCd=Type3 확인. source_record=1304431. 공공누리 3유형 — 출처표시 조건 충족 시 상업 허용, 수정 금지."
busan-K-00155,http://tong.visitkorea.or.kr/cms/resource/13/3552613_image2_1.jpg,tong.visitkorea.or.kr,tourapi_cdn,,https://www.kogl.or.kr/info/licenseType1.do,2026-07-26,KTO / 한국관광공사 또는 원저작자 (미확인),kogl_1,verified,allowed,allowed,true,,usable,item_verified,KTO raw API의 cpyrhtDivCd=Type1 확인. source_record=1304515. 공공누리 1유형 — 출처표시 조건 충족 시 상업·수정 허용.
busan-K-00157,http://tong.visitkorea.or.kr/cms/resource/36/3547136_image2_1.jpg,tong.visitkorea.or.kr,tourapi_cdn,,https://www.kogl.or.kr/info/licenseType3.do,2026-07-26,KTO / 한국관광공사 또는 원저작자 (미확인),kogl_3,verified,allowed,prohibited,true,,usable,item_verified,"KTO raw API의 cpyrhtDivCd=Type3 확인. source_record=1399532. 공공누리 3유형 — 출처표시 조건 충족 시 상업 허용, 수정 금지."
busan-K-00158,http://tong.visitkorea.or.kr/cms/resource/99/3509899_image2_1.png,tong.visitkorea.or.kr,tourapi_cdn,,https://www.kogl.or.kr/info/licenseType3.do,2026-07-26,KTO / 한국관광공사 또는 원저작자 (미확인),kogl_3,verified,allowed,prohibited,true,,usable,item_verified,"KTO raw API의 cpyrhtDivCd=Type3 확인. source_record=1428723. 공공누리 3유형 — 출처표시 조건 충족 시 상업 허용, 수정 금지."
busan-K-00159,http://tong.visitkorea.or.kr/cms/resource/13/3332613_image2_1.jpg,tong.visitkorea.or.kr,tourapi_cdn,,https://www.kogl.or.kr/info/licenseType3.do,2026-07-26,KTO / 한국관광공사 또는 원저작자 (미확인),kogl_3,verified,allowed,prohibited,true,,usable,item_verified,"KTO raw API의 cpyrhtDivCd=Type3 확인. source_record=1607138. 공공누리 3유형 — 출처표시 조건 충족 시 상업 허용, 수정 금지."
busan-K-00160,http://tong.visitkorea.or.kr/cms/resource/04/3552504_image2_1.jpg,tong.visitkorea.or.kr,tourapi_cdn,,https://www.kogl.or.kr/info/licenseType1.do,2026-07-26,KTO / 한국관광공사 또는 원저작자 (미확인),kogl_1,verified,allowed,allowed,true,,usable,item_verified,KTO raw API의 cpyrhtDivCd=Type1 확인. source_record=1607242. 공공누리 1유형 — 출처표시 조건 충족 시 상업·수정 허용.
busan-K-00161,http://tong.visitkorea.or.kr/cms/resource/09/3561509_image2_1.jpg,tong.visitkorea.or.kr,tourapi_cdn,,https://www.kogl.or.kr/info/licenseType1.do,2026-07-26,KTO / 한국관광공사 또는 원저작자 (미확인),kogl_1,verified,allowed,allowed,true,,usable,item_verified,KTO raw API의 cpyrhtDivCd=Type1 확인. source_record=1607335. 공공누리 1유형 — 출처표시 조건 충족 시 상업·수정 허용.
busan-K-00163,http://tong.visitkorea.or.kr/cms/resource/14/3561514_image2_1.jpg,tong.visitkorea.or.kr,tourapi_cdn,,https://www.kogl.or.kr/info/licenseType1.do,2026-07-26,KTO / 한국관광공사 또는 원저작자 (미확인),kogl_1,verified,allowed,allowed,true,,usable,item_verified,KTO raw API의 cpyrhtDivCd=Type1 확인. source_record=1607440. 공공누리 1유형 — 출처표시 조건 충족 시 상업·수정 허용.
busan-K-00164,http://tong.visitkorea.or.kr/cms/resource/87/3552687_image2_1.jpg,tong.visitkorea.or.kr,tourapi_cdn,,https://www.kogl.or.kr/info/licenseType1.do,2026-07-26,KTO / 한국관광공사 또는 원저작자 (미확인),kogl_1,verified,allowed,allowed,true,,usable,item_verified,KTO raw API의 cpyrhtDivCd=Type1 확인. source_record=1608751. 공공누리 1유형 — 출처표시 조건 충족 시 상업·수정 허용.
busan-K-00165,http://tong.visitkorea.or.kr/cms/resource/87/3343387_image2_1.jpg,tong.visitkorea.or.kr,tourapi_cdn,,https://www.kogl.or.kr/info/licenseType3.do,2026-07-26,KTO / 한국관광공사 또는 원저작자 (미확인),kogl_3,verified,allowed,prohibited,true,,usable,item_verified,"KTO raw API의 cpyrhtDivCd=Type3 확인. source_record=1747913. 공공누리 3유형 — 출처표시 조건 충족 시 상업 허용, 수정 금지."
busan-K-00166,http://tong.visitkorea.or.kr/cms/resource/99/3029299_image2_1.JPG,tong.visitkorea.or.kr,tourapi_cdn,,https://www.kogl.or.kr/info/licenseType3.do,2026-07-26,KTO / 한국관광공사 또는 원저작자 (미확인),kogl_3,verified,allowed,prohibited,true,,usable,item_verified,"KTO raw API의 cpyrhtDivCd=Type3 확인. source_record=1748028. 공공누리 3유형 — 출처표시 조건 충족 시 상업 허용, 수정 금지."
busan-K-00167,http://tong.visitkorea.or.kr/cms/resource/27/3026627_image2_1.JPG,tong.visitkorea.or.kr,tourapi_cdn,,https://www.kogl.or.kr/info/licenseType3.do,2026-07-26,KTO / 한국관광공사 또는 원저작자 (미확인),kogl_3,verified,allowed,prohibited,true,,usable,item_verified,"KTO raw API의 cpyrhtDivCd=Type3 확인. source_record=1748157. 공공누리 3유형 — 출처표시 조건 충족 시 상업 허용, 수정 금지."
busan-K-00169,,,,,,2026-07-25,,unknown,unverified,unknown,unknown,unknown,,no_image,unverified,이미지 URL 없음
busan-K-00170,,,,,,2026-07-25,,unknown,unverified,unknown,unknown,unknown,,no_image,unverified,이미지 URL 없음
busan-K-00171,,,,,,2026-07-25,,unknown,unverified,unknown,unknown,unknown,,no_image,unverified,이미지 URL 없음
busan-K-00172,http://tong.visitkorea.or.kr/cms/resource/88/3049888_image2_1.JPG,tong.visitkorea.or.kr,tourapi_cdn,,https://www.kogl.or.kr/info/licenseType3.do,2026-07-26,KTO / 한국관광공사 또는 원저작자 (미확인),kogl_3,verified,allowed,prohibited,true,,usable,item_verified,"KTO raw API의 cpyrhtDivCd=Type3 확인. source_record=1805861. 공공누리 3유형 — 출처표시 조건 충족 시 상업 허용, 수정 금지."
busan-K-00173,,,,,,2026-07-25,,unknown,unverified,unknown,unknown,unknown,,no_image,unverified,이미지 URL 없음
busan-K-00174,http://tong.visitkorea.or.kr/cms/resource/78/3070878_image2_1.JPG,tong.visitkorea.or.kr,tourapi_cdn,,https://www.kogl.or.kr/info/licenseType3.do,2026-07-26,KTO / 한국관광공사 또는 원저작자 (미확인),kogl_3,verified,allowed,prohibited,true,,usable,item_verified,"KTO raw API의 cpyrhtDivCd=Type3 확인. source_record=1846830. 공공누리 3유형 — 출처표시 조건 충족 시 상업 허용, 수정 금지."
busan-K-00175,,,,,,2026-07-25,,unknown,unverified,unknown,unknown,unknown,,no_image,unverified,이미지 URL 없음
busan-K-00176,http://tong.visitkorea.or.kr/cms/resource/70/3561970_image2_1.jpg,tong.visitkorea.or.kr,tourapi_cdn,,https://www.kogl.or.kr/info/licenseType1.do,2026-07-26,KTO / 한국관광공사 또는 원저작자 (미확인),kogl_1,verified,allowed,allowed,true,,usable,item_verified,KTO raw API의 cpyrhtDivCd=Type1 확인. source_record=1878218. 공공누리 1유형 — 출처표시 조건 충족 시 상업·수정 허용.
busan-K-00177,http://tong.visitkorea.or.kr/cms/resource/12/3575912_image2_1.jpg,tong.visitkorea.or.kr,tourapi_cdn,,https://www.kogl.or.kr/info/licenseType1.do,2026-07-26,KTO / 한국관광공사 또는 원저작자 (미확인),kogl_1,verified,allowed,allowed,true,,usable,item_verified,KTO raw API의 cpyrhtDivCd=Type1 확인. source_record=1878262. 공공누리 1유형 — 출처표시 조건 충족 시 상업·수정 허용.
busan-K-00186,http://tong.visitkorea.or.kr/cms/resource/44/3552344_image2_1.jpg,tong.visitkorea.or.kr,tourapi_cdn,,https://www.kogl.or.kr/info/licenseType1.do,2026-07-26,KTO / 한국관광공사 또는 원저작자 (미확인),kogl_1,verified,allowed,allowed,true,,usable,item_verified,KTO raw API의 cpyrhtDivCd=Type1 확인. source_record=1935608. 공공누리 1유형 — 출처표시 조건 충족 시 상업·수정 허용.
busan-K-00187,http://tong.visitkorea.or.kr/cms/resource/39/3049439_image2_1.JPG,tong.visitkorea.or.kr,tourapi_cdn,,https://www.kogl.or.kr/info/licenseType3.do,2026-07-26,KTO / 한국관광공사 또는 원저작자 (미확인),kogl_3,verified,allowed,prohibited,true,,usable,item_verified,"KTO raw API의 cpyrhtDivCd=Type3 확인. source_record=1942233. 공공누리 3유형 — 출처표시 조건 충족 시 상업 허용, 수정 금지."
busan-K-00188,http://tong.visitkorea.or.kr/cms/resource/14/3343314_image2_1.jpg,tong.visitkorea.or.kr,tourapi_cdn,,https://www.kogl.or.kr/info/licenseType3.do,2026-07-26,KTO / 한국관광공사 또는 원저작자 (미확인),kogl_3,verified,allowed,prohibited,true,,usable,item_verified,"KTO raw API의 cpyrhtDivCd=Type3 확인. source_record=1942239. 공공누리 3유형 — 출처표시 조건 충족 시 상업 허용, 수정 금지."
busan-K-00189,http://tong.visitkorea.or.kr/cms/resource/19/3031919_image2_1.JPG,tong.visitkorea.or.kr,tourapi_cdn,,https://www.kogl.or.kr/info/licenseType3.do,2026-07-26,KTO / 한국관광공사 또는 원저작자 (미확인),kogl_3,verified,allowed,prohibited,true,,usable,item_verified,"KTO raw API의 cpyrhtDivCd=Type3 확인. source_record=1942253. 공공누리 3유형 — 출처표시 조건 충족 시 상업 허용, 수정 금지."
busan-K-00190,http://tong.visitkorea.or.kr/cms/resource/45/3026245_image2_1.JPG,tong.visitkorea.or.kr,tourapi_cdn,,https://www.kogl.or.kr/info/licenseType3.do,2026-07-26,KTO / 한국관광공사 또는 원저작자 (미확인),kogl_3,verified,allowed,prohibited,true,,usable,item_verified,"KTO raw API의 cpyrhtDivCd=Type3 확인. source_record=1942298. 공공누리 3유형 — 출처표시 조건 충족 시 상업 허용, 수정 금지."
busan-K-00191,http://tong.visitkorea.or.kr/cms/resource/79/3070879_image2_1.JPG,tong.visitkorea.or.kr,tourapi_cdn,,https://www.kogl.or.kr/info/licenseType3.do,2026-07-26,KTO / 한국관광공사 또는 원저작자 (미확인),kogl_3,verified,allowed,prohibited,true,,usable,item_verified,"KTO raw API의 cpyrhtDivCd=Type3 확인. source_record=1942299. 공공누리 3유형 — 출처표시 조건 충족 시 상업 허용, 수정 금지."
busan-K-00192,http://tong.visitkorea.or.kr/cms/resource/29/2735629_image2_1.jpg,tong.visitkorea.or.kr,tourapi_cdn,,https://www.kogl.or.kr/info/licenseType3.do,2026-07-26,KTO / 한국관광공사 또는 원저작자 (미확인),kogl_3,verified,allowed,prohibited,true,,usable,item_verified,"KTO raw API의 cpyrhtDivCd=Type3 확인. source_record=1942314. 공공누리 3유형 — 출처표시 조건 충족 시 상업 허용, 수정 금지."
busan-K-00193,http://tong.visitkorea.or.kr/cms/resource/73/3026273_image2_1.JPG,tong.visitkorea.or.kr,tourapi_cdn,,https://www.kogl.or.kr/info/licenseType3.do,2026-07-26,KTO / 한국관광공사 또는 원저작자 (미확인),kogl_3,verified,allowed,prohibited,true,,usable,item_verified,"KTO raw API의 cpyrhtDivCd=Type3 확인. source_record=1942316. 공공누리 3유형 — 출처표시 조건 충족 시 상업 허용, 수정 금지."
busan-K-00194,http://tong.visitkorea.or.kr/cms/resource/24/3049224_image2_1.JPG,tong.visitkorea.or.kr,tourapi_cdn,,https://www.kogl.or.kr/info/licenseType3.do,2026-07-26,KTO / 한국관광공사 또는 원저작자 (미확인),kogl_3,verified,allowed,prohibited,true,,usable,item_verified,"KTO raw API의 cpyrhtDivCd=Type3 확인. source_record=1942348. 공공누리 3유형 — 출처표시 조건 충족 시 상업 허용, 수정 금지."
busan-K-00199,http://tong.visitkorea.or.kr/cms/resource/67/3070867_image2_1.JPG,tong.visitkorea.or.kr,tourapi_cdn,,https://www.kogl.or.kr/info/licenseType3.do,2026-07-26,KTO / 한국관광공사 또는 원저작자 (미확인),kogl_3,verified,allowed,prohibited,true,,usable,item_verified,"KTO raw API의 cpyrhtDivCd=Type3 확인. source_record=1945293. 공공누리 3유형 — 출처표시 조건 충족 시 상업 허용, 수정 금지."
busan-K-00200,http://tong.visitkorea.or.kr/cms/resource/38/3534938_image2_1.png,tong.visitkorea.or.kr,tourapi_cdn,,https://www.kogl.or.kr/info/licenseType3.do,2026-07-26,KTO / 한국관광공사 또는 원저작자 (미확인),kogl_3,verified,allowed,prohibited,true,,usable,item_verified,"KTO raw API의 cpyrhtDivCd=Type3 확인. source_record=1953936. 공공누리 3유형 — 출처표시 조건 충족 시 상업 허용, 수정 금지."
busan-K-00201,http://tong.visitkorea.or.kr/cms/resource/46/3049246_image2_1.JPG,tong.visitkorea.or.kr,tourapi_cdn,,https://www.kogl.or.kr/info/licenseType3.do,2026-07-26,KTO / 한국관광공사 또는 원저작자 (미확인),kogl_3,verified,allowed,prohibited,true,,usable,item_verified,"KTO raw API의 cpyrhtDivCd=Type3 확인. source_record=1957694. 공공누리 3유형 — 출처표시 조건 충족 시 상업 허용, 수정 금지."
busan-K-00202,http://tong.visitkorea.or.kr/cms/resource/37/3049537_image2_1.JPG,tong.visitkorea.or.kr,tourapi_cdn,,https://www.kogl.or.kr/info/licenseType3.do,2026-07-26,KTO / 한국관광공사 또는 원저작자 (미확인),kogl_3,verified,allowed,prohibited,true,,usable,item_verified,"KTO raw API의 cpyrhtDivCd=Type3 확인. source_record=1960620. 공공누리 3유형 — 출처표시 조건 충족 시 상업 허용, 수정 금지."
busan-K-00203,http://tong.visitkorea.or.kr/cms/resource/51/3070551_image2_1.JPG,tong.visitkorea.or.kr,tourapi_cdn,,https://www.kogl.or.kr/info/licenseType3.do,2026-07-26,KTO / 한국관광공사 또는 원저작자 (미확인),kogl_3,verified,allowed,prohibited,true,,usable,item_verified,"KTO raw API의 cpyrhtDivCd=Type3 확인. source_record=1993017. 공공누리 3유형 — 출처표시 조건 충족 시 상업 허용, 수정 금지."
busan-K-00204,http://tong.visitkorea.or.kr/cms/resource/21/2553821_image2_1.jpg,tong.visitkorea.or.kr,tourapi_cdn,,https://www.kogl.or.kr/info/licenseType3.do,2026-07-26,KTO / 한국관광공사 또는 원저작자 (미확인),kogl_3,verified,allowed,prohibited,true,,usable,item_verified,"KTO raw API의 cpyrhtDivCd=Type3 확인. source_record=2019366. 공공누리 3유형 — 출처표시 조건 충족 시 상업 허용, 수정 금지."
busan-K-00206,http://tong.visitkorea.or.kr/cms/resource/40/3539740_image2_1.png,tong.visitkorea.or.kr,tourapi_cdn,,https://www.kogl.or.kr/info/licenseType3.do,2026-07-26,KTO / 한국관광공사 또는 원저작자 (미확인),kogl_3,verified,allowed,prohibited,true,,usable,item_verified,"KTO raw API의 cpyrhtDivCd=Type3 확인. source_record=2032436. 공공누리 3유형 — 출처표시 조건 충족 시 상업 허용, 수정 금지."
busan-K-00210,http://tong.visitkorea.or.kr/cms/resource/09/3544809_image2_1.jpg,tong.visitkorea.or.kr,tourapi_cdn,,https://www.kogl.or.kr/info/licenseType3.do,2026-07-26,KTO / 한국관광공사 또는 원저작자 (미확인),kogl_3,verified,allowed,prohibited,true,,usable,item_verified,"KTO raw API의 cpyrhtDivCd=Type3 확인. source_record=2039866. 공공누리 3유형 — 출처표시 조건 충족 시 상업 허용, 수정 금지."
busan-K-00211,http://tong.visitkorea.or.kr/cms/resource/12/3576412_image2_1.jpg,tong.visitkorea.or.kr,tourapi_cdn,,https://www.kogl.or.kr/info/licenseType3.do,2026-07-26,KTO / 한국관광공사 또는 원저작자 (미확인),kogl_3,verified,allowed,prohibited,true,,usable,item_verified,"KTO raw API의 cpyrhtDivCd=Type3 확인. source_record=2048902. 공공누리 3유형 — 출처표시 조건 충족 시 상업 허용, 수정 금지."
busan-K-00213,http://tong.visitkorea.or.kr/cms/resource/39/3095139_image2_1.jpg,tong.visitkorea.or.kr,tourapi_cdn,,https://www.kogl.or.kr/info/licenseType3.do,2026-07-26,KTO / 한국관광공사 또는 원저작자 (미확인),kogl_3,verified,allowed,prohibited,true,,usable,item_verified,"KTO raw API의 cpyrhtDivCd=Type3 확인. source_record=2378912. 공공누리 3유형 — 출처표시 조건 충족 시 상업 허용, 수정 금지."
busan-K-00215,http://tong.visitkorea.or.kr/cms/resource/73/3337973_image2_1.jpg,tong.visitkorea.or.kr,tourapi_cdn,,https://www.kogl.or.kr/info/licenseType3.do,2026-07-26,KTO / 한국관광공사 또는 원저작자 (미확인),kogl_3,verified,allowed,prohibited,true,,usable,item_verified,"KTO raw API의 cpyrhtDivCd=Type3 확인. source_record=2381553. 공공누리 3유형 — 출처표시 조건 충족 시 상업 허용, 수정 금지."
busan-K-00216,http://tong.visitkorea.or.kr/cms/resource/35/3575935_image2_1.jpg,tong.visitkorea.or.kr,tourapi_cdn,,https://www.kogl.or.kr/info/licenseType1.do,2026-07-26,KTO / 한국관광공사 또는 원저작자 (미확인),kogl_1,verified,allowed,allowed,true,,usable,item_verified,KTO raw API의 cpyrhtDivCd=Type1 확인. source_record=2381567. 공공누리 1유형 — 출처표시 조건 충족 시 상업·수정 허용.
busan-K-00218,http://tong.visitkorea.or.kr/cms/resource/91/3309791_image2_1.jpg,tong.visitkorea.or.kr,tourapi_cdn,,https://www.kogl.or.kr/info/licenseType1.do,2026-07-26,KTO / 한국관광공사 또는 원저작자 (미확인),kogl_1,verified,allowed,allowed,true,,usable,item_verified,KTO raw API의 cpyrhtDivCd=Type1 확인. source_record=2385686. 공공누리 1유형 — 출처표시 조건 충족 시 상업·수정 허용.
busan-K-00220,http://tong.visitkorea.or.kr/cms/resource/39/3350939_image2_1.jpg,tong.visitkorea.or.kr,tourapi_cdn,,https://www.kogl.or.kr/info/licenseType3.do,2026-07-26,KTO / 한국관광공사 또는 원저작자 (미확인),kogl_3,verified,allowed,prohibited,true,,usable,item_verified,"KTO raw API의 cpyrhtDivCd=Type3 확인. source_record=2456224. 공공누리 3유형 — 출처표시 조건 충족 시 상업 허용, 수정 금지."
busan-K-00221,http://tong.visitkorea.or.kr/cms/resource/52/3035052_image2_1.jpg,tong.visitkorea.or.kr,tourapi_cdn,,https://www.kogl.or.kr/info/licenseType3.do,2026-07-26,KTO / 한국관광공사 또는 원저작자 (미확인),kogl_3,verified,allowed,prohibited,true,,usable,item_verified,"KTO raw API의 cpyrhtDivCd=Type3 확인. source_record=2456837. 공공누리 3유형 — 출처표시 조건 충족 시 상업 허용, 수정 금지."
busan-K-00222,http://tong.visitkorea.or.kr/cms/resource/64/3399264_image2_1.jpg,tong.visitkorea.or.kr,tourapi_cdn,,https://www.kogl.or.kr/info/licenseType3.do,2026-07-26,KTO / 한국관광공사 또는 원저작자 (미확인),kogl_3,verified,allowed,prohibited,true,,usable,item_verified,"KTO raw API의 cpyrhtDivCd=Type3 확인. source_record=2470024. 공공누리 3유형 — 출처표시 조건 충족 시 상업 허용, 수정 금지."
busan-K-00223,http://tong.visitkorea.or.kr/cms/resource/33/3526933_image2_1.jpg,tong.visitkorea.or.kr,tourapi_cdn,,https://www.kogl.or.kr/info/licenseType3.do,2026-07-26,KTO / 한국관광공사 또는 원저작자 (미확인),kogl_3,verified,allowed,prohibited,true,,usable,item_verified,"KTO raw API의 cpyrhtDivCd=Type3 확인. source_record=2496023. 공공누리 3유형 — 출처표시 조건 충족 시 상업 허용, 수정 금지."
busan-K-00224,http://tong.visitkorea.or.kr/cms/resource/21/3512521_image2_1.jpg,tong.visitkorea.or.kr,tourapi_cdn,,https://www.kogl.or.kr/info/licenseType3.do,2026-07-26,KTO / 한국관광공사 또는 원저작자 (미확인),kogl_3,verified,allowed,prohibited,true,,usable,item_verified,"KTO raw API의 cpyrhtDivCd=Type3 확인. source_record=2503780. 공공누리 3유형 — 출처표시 조건 충족 시 상업 허용, 수정 금지."
busan-K-00225,http://tong.visitkorea.or.kr/cms/resource/11/3413711_image2_1.jpg,tong.visitkorea.or.kr,tourapi_cdn,,https://www.kogl.or.kr/info/licenseType3.do,2026-07-26,KTO / 한국관광공사 또는 원저작자 (미확인),kogl_3,verified,allowed,prohibited,true,,usable,item_verified,"KTO raw API의 cpyrhtDivCd=Type3 확인. source_record=2504464. 공공누리 3유형 — 출처표시 조건 충족 시 상업 허용, 수정 금지."
busan-K-00226,http://tong.visitkorea.or.kr/cms/resource/83/2808383_image2_1.png,tong.visitkorea.or.kr,tourapi_cdn,,https://www.kogl.or.kr/info/licenseType3.do,2026-07-26,KTO / 한국관광공사 또는 원저작자 (미확인),kogl_3,verified,allowed,prohibited,true,,usable,item_verified,"KTO raw API의 cpyrhtDivCd=Type3 확인. source_record=2509838. 공공누리 3유형 — 출처표시 조건 충족 시 상업 허용, 수정 금지."
busan-K-00227,,,,,,2026-07-25,,unknown,unverified,unknown,unknown,unknown,,no_image,unverified,이미지 URL 없음
busan-K-00228,http://tong.visitkorea.or.kr/cms/resource/59/2557359_image2_1.jpg,tong.visitkorea.or.kr,tourapi_cdn,,https://www.kogl.or.kr/info/licenseType3.do,2026-07-26,KTO / 한국관광공사 또는 원저작자 (미확인),kogl_3,verified,allowed,prohibited,true,,usable,item_verified,"KTO raw API의 cpyrhtDivCd=Type3 확인. source_record=2531399. 공공누리 3유형 — 출처표시 조건 충족 시 상업 허용, 수정 금지."
busan-K-00229,http://tong.visitkorea.or.kr/cms/resource/90/3542590_image2_1.jpg,tong.visitkorea.or.kr,tourapi_cdn,,https://www.kogl.or.kr/info/licenseType3.do,2026-07-26,KTO / 한국관광공사 또는 원저작자 (미확인),kogl_3,verified,allowed,prohibited,true,,usable,item_verified,"KTO raw API의 cpyrhtDivCd=Type3 확인. source_record=2532877. 공공누리 3유형 — 출처표시 조건 충족 시 상업 허용, 수정 금지."
busan-K-00230,http://tong.visitkorea.or.kr/cms/resource/81/3081181_image2_1.JPG,tong.visitkorea.or.kr,tourapi_cdn,,https://www.kogl.or.kr/info/licenseType3.do,2026-07-26,KTO / 한국관광공사 또는 원저작자 (미확인),kogl_3,verified,allowed,prohibited,true,,usable,item_verified,"KTO raw API의 cpyrhtDivCd=Type3 확인. source_record=2550799. 공공누리 3유형 — 출처표시 조건 충족 시 상업 허용, 수정 금지."
busan-K-00232,http://tong.visitkorea.or.kr/cms/resource/26/2672726_image2_1.jpg,tong.visitkorea.or.kr,tourapi_cdn,,https://www.kogl.or.kr/info/licenseType3.do,2026-07-26,KTO / 한국관광공사 또는 원저작자 (미확인),kogl_3,verified,allowed,prohibited,true,,usable,item_verified,"KTO raw API의 cpyrhtDivCd=Type3 확인. source_record=2554070. 공공누리 3유형 — 출처표시 조건 충족 시 상업 허용, 수정 금지."
busan-K-00233,http://tong.visitkorea.or.kr/cms/resource/18/3342818_image2_1.jpg,tong.visitkorea.or.kr,tourapi_cdn,,https://www.kogl.or.kr/info/licenseType3.do,2026-07-26,KTO / 한국관광공사 또는 원저작자 (미확인),kogl_3,verified,allowed,prohibited,true,,usable,item_verified,"KTO raw API의 cpyrhtDivCd=Type3 확인. source_record=2554111. 공공누리 3유형 — 출처표시 조건 충족 시 상업 허용, 수정 금지."
busan-K-00234,http://tong.visitkorea.or.kr/cms/resource/22/3337322_image2_1.jpg,tong.visitkorea.or.kr,tourapi_cdn,,https://www.kogl.or.kr/info/licenseType3.do,2026-07-26,KTO / 한국관광공사 또는 원저작자 (미확인),kogl_3,verified,allowed,prohibited,true,,usable,item_verified,"KTO raw API의 cpyrhtDivCd=Type3 확인. source_record=2554141. 공공누리 3유형 — 출처표시 조건 충족 시 상업 허용, 수정 금지."
busan-K-00235,http://tong.visitkorea.or.kr/cms/resource/91/3541891_image2_1.jpg,tong.visitkorea.or.kr,tourapi_cdn,,https://www.kogl.or.kr/info/licenseType3.do,2026-07-26,KTO / 한국관광공사 또는 원저작자 (미확인),kogl_3,verified,allowed,prohibited,true,,usable,item_verified,"KTO raw API의 cpyrhtDivCd=Type3 확인. source_record=2556598. 공공누리 3유형 — 출처표시 조건 충족 시 상업 허용, 수정 금지."
busan-K-00236,http://tong.visitkorea.or.kr/cms/resource/65/2687365_image2_1.jpg,tong.visitkorea.or.kr,tourapi_cdn,,https://www.kogl.or.kr/info/licenseType3.do,2026-07-26,KTO / 한국관광공사 또는 원저작자 (미확인),kogl_3,verified,allowed,prohibited,true,,usable,item_verified,"KTO raw API의 cpyrhtDivCd=Type3 확인. source_record=2557807. 공공누리 3유형 — 출처표시 조건 충족 시 상업 허용, 수정 금지."
busan-K-00237,http://tong.visitkorea.or.kr/cms/resource/24/3534524_image2_1.jpg,tong.visitkorea.or.kr,tourapi_cdn,,https://www.kogl.or.kr/info/licenseType3.do,2026-07-26,KTO / 한국관광공사 또는 원저작자 (미확인),kogl_3,verified,allowed,prohibited,true,,usable,item_verified,"KTO raw API의 cpyrhtDivCd=Type3 확인. source_record=2558735. 공공누리 3유형 — 출처표시 조건 충족 시 상업 허용, 수정 금지."
busan-K-00238,http://tong.visitkorea.or.kr/cms/resource/93/3525493_image2_1.png,tong.visitkorea.or.kr,tourapi_cdn,,https://www.kogl.or.kr/info/licenseType3.do,2026-07-26,KTO / 한국관광공사 또는 원저작자 (미확인),kogl_3,verified,allowed,prohibited,true,,usable,item_verified,"KTO raw API의 cpyrhtDivCd=Type3 확인. source_record=2560161. 공공누리 3유형 — 출처표시 조건 충족 시 상업 허용, 수정 금지."
busan-K-00239,,,,,,2026-07-25,,unknown,unverified,unknown,unknown,unknown,,no_image,unverified,이미지 URL 없음
busan-K-00240,http://tong.visitkorea.or.kr/cms/resource/61/2567961_image2_1.jpg,tong.visitkorea.or.kr,tourapi_cdn,,https://www.kogl.or.kr/info/licenseType3.do,2026-07-26,KTO / 한국관광공사 또는 원저작자 (미확인),kogl_3,verified,allowed,prohibited,true,,usable,item_verified,"KTO raw API의 cpyrhtDivCd=Type3 확인. source_record=2569922. 공공누리 3유형 — 출처표시 조건 충족 시 상업 허용, 수정 금지."
busan-K-00241,http://tong.visitkorea.or.kr/cms/resource/64/2568064_image2_1.jpg,tong.visitkorea.or.kr,tourapi_cdn,,https://www.kogl.or.kr/info/licenseType3.do,2026-07-26,KTO / 한국관광공사 또는 원저작자 (미확인),kogl_3,verified,allowed,prohibited,true,,usable,item_verified,"KTO raw API의 cpyrhtDivCd=Type3 확인. source_record=2570213. 공공누리 3유형 — 출처표시 조건 충족 시 상업 허용, 수정 금지."
busan-K-00242,http://tong.visitkorea.or.kr/cms/resource/96/2571096_image2_1.jpg,tong.visitkorea.or.kr,tourapi_cdn,,https://www.kogl.or.kr/info/licenseType3.do,2026-07-26,KTO / 한국관광공사 또는 원저작자 (미확인),kogl_3,verified,allowed,prohibited,true,,usable,item_verified,"KTO raw API의 cpyrhtDivCd=Type3 확인. source_record=2571959. 공공누리 3유형 — 출처표시 조건 충족 시 상업 허용, 수정 금지."
busan-K-00243,http://tong.visitkorea.or.kr/cms/resource/58/2571658_image2_1.jpg,tong.visitkorea.or.kr,tourapi_cdn,,https://www.kogl.or.kr/info/licenseType3.do,2026-07-26,KTO / 한국관광공사 또는 원저작자 (미확인),kogl_3,verified,allowed,prohibited,true,,usable,item_verified,"KTO raw API의 cpyrhtDivCd=Type3 확인. source_record=2572851. 공공누리 3유형 — 출처표시 조건 충족 시 상업 허용, 수정 금지."
busan-K-00244,http://tong.visitkorea.or.kr/cms/resource/06/2573206_image2_1.jpg,tong.visitkorea.or.kr,tourapi_cdn,,https://www.kogl.or.kr/info/licenseType3.do,2026-07-26,KTO / 한국관광공사 또는 원저작자 (미확인),kogl_3,verified,allowed,prohibited,true,,usable,item_verified,"KTO raw API의 cpyrhtDivCd=Type3 확인. source_record=2574073. 공공누리 3유형 — 출처표시 조건 충족 시 상업 허용, 수정 금지."
busan-K-00245,http://tong.visitkorea.or.kr/cms/resource/64/2686464_image2_1.jpg,tong.visitkorea.or.kr,tourapi_cdn,,https://www.kogl.or.kr/info/licenseType3.do,2026-07-26,KTO / 한국관광공사 또는 원저작자 (미확인),kogl_3,verified,allowed,prohibited,true,,usable,item_verified,"KTO raw API의 cpyrhtDivCd=Type3 확인. source_record=2595879. 공공누리 3유형 — 출처표시 조건 충족 시 상업 허용, 수정 금지."
busan-K-00246,http://tong.visitkorea.or.kr/cms/resource/55/2595455_image2_1.jpg,tong.visitkorea.or.kr,tourapi_cdn,,https://www.kogl.or.kr/info/licenseType3.do,2026-07-26,KTO / 한국관광공사 또는 원저작자 (미확인),kogl_3,verified,allowed,prohibited,true,,usable,item_verified,"KTO raw API의 cpyrhtDivCd=Type3 확인. source_record=2596750. 공공누리 3유형 — 출처표시 조건 충족 시 상업 허용, 수정 금지."
busan-K-00247,http://tong.visitkorea.or.kr/cms/resource/03/3342803_image2_1.jpg,tong.visitkorea.or.kr,tourapi_cdn,,https://www.kogl.or.kr/info/licenseType3.do,2026-07-26,KTO / 한국관광공사 또는 원저작자 (미확인),kogl_3,verified,allowed,prohibited,true,,usable,item_verified,"KTO raw API의 cpyrhtDivCd=Type3 확인. source_record=2605602. 공공누리 3유형 — 출처표시 조건 충족 시 상업 허용, 수정 금지."
busan-K-00249,,,,,,2026-07-25,,unknown,unverified,unknown,unknown,unknown,,no_image,unverified,이미지 URL 없음
busan-K-00251,http://tong.visitkorea.or.kr/cms/resource/89/2608289_image2_1.JPG,tong.visitkorea.or.kr,tourapi_cdn,,https://www.kogl.or.kr/info/licenseType3.do,2026-07-26,KTO / 한국관광공사 또는 원저작자 (미확인),kogl_3,verified,allowed,prohibited,true,,usable,item_verified,"KTO raw API의 cpyrhtDivCd=Type3 확인. source_record=2608181. 공공누리 3유형 — 출처표시 조건 충족 시 상업 허용, 수정 금지."
busan-K-00252,http://tong.visitkorea.or.kr/cms/resource/93/2608593_image2_1.JPG,tong.visitkorea.or.kr,tourapi_cdn,,https://www.kogl.or.kr/info/licenseType3.do,2026-07-26,KTO / 한국관광공사 또는 원저작자 (미확인),kogl_3,verified,allowed,prohibited,true,,usable,item_verified,"KTO raw API의 cpyrhtDivCd=Type3 확인. source_record=2608459. 공공누리 3유형 — 출처표시 조건 충족 시 상업 허용, 수정 금지."
busan-K-00253,http://tong.visitkorea.or.kr/cms/resource/11/2608611_image2_1.JPG,tong.visitkorea.or.kr,tourapi_cdn,,https://www.kogl.or.kr/info/licenseType3.do,2026-07-26,KTO / 한국관광공사 또는 원저작자 (미확인),kogl_3,verified,allowed,prohibited,true,,usable,item_verified,"KTO raw API의 cpyrhtDivCd=Type3 확인. source_record=2608470. 공공누리 3유형 — 출처표시 조건 충족 시 상업 허용, 수정 금지."
busan-K-00255,,,,,,2026-07-25,,unknown,unverified,unknown,unknown,unknown,,no_image,unverified,이미지 URL 없음
busan-K-00256,,,,,,2026-07-25,,unknown,unverified,unknown,unknown,unknown,,no_image,unverified,이미지 URL 없음
busan-K-00257,http://tong.visitkorea.or.kr/cms/resource/37/3029337_image2_1.jpg,tong.visitkorea.or.kr,tourapi_cdn,,https://www.kogl.or.kr/info/licenseType1.do,2026-07-26,KTO / 한국관광공사 또는 원저작자 (미확인),kogl_1,verified,allowed,allowed,true,,usable,item_verified,KTO raw API의 cpyrhtDivCd=Type1 확인. source_record=2614714. 공공누리 1유형 — 출처표시 조건 충족 시 상업·수정 허용.
busan-K-00258,http://tong.visitkorea.or.kr/cms/resource/28/3589728_image2_1.jpg,tong.visitkorea.or.kr,tourapi_cdn,,https://www.kogl.or.kr/info/licenseType1.do,2026-07-26,KTO / 한국관광공사 또는 원저작자 (미확인),kogl_1,verified,allowed,allowed,true,,usable,item_verified,KTO raw API의 cpyrhtDivCd=Type1 확인. source_record=2614716. 공공누리 1유형 — 출처표시 조건 충족 시 상업·수정 허용.
busan-K-00259,http://tong.visitkorea.or.kr/cms/resource/24/2614724_image2_1.bmp,tong.visitkorea.or.kr,tourapi_cdn,,https://www.kogl.or.kr/info/licenseType3.do,2026-07-26,KTO / 한국관광공사 또는 원저작자 (미확인),kogl_3,verified,allowed,prohibited,true,,usable,item_verified,"KTO raw API의 cpyrhtDivCd=Type3 확인. source_record=2614725. 공공누리 3유형 — 출처표시 조건 충족 시 상업 허용, 수정 금지."
busan-K-00260,http://tong.visitkorea.or.kr/cms/resource/66/2661666_image2_1.jpg,tong.visitkorea.or.kr,tourapi_cdn,,https://www.kogl.or.kr/info/licenseType3.do,2026-07-26,KTO / 한국관광공사 또는 원저작자 (미확인),kogl_3,verified,allowed,prohibited,true,,usable,item_verified,"KTO raw API의 cpyrhtDivCd=Type3 확인. source_record=2614727. 공공누리 3유형 — 출처표시 조건 충족 시 상업 허용, 수정 금지."
busan-K-00261,http://tong.visitkorea.or.kr/cms/resource/10/2616410_image2_1.jpg,tong.visitkorea.or.kr,tourapi_cdn,,https://www.kogl.or.kr/info/licenseType3.do,2026-07-26,KTO / 한국관광공사 또는 원저작자 (미확인),kogl_3,verified,allowed,prohibited,true,,usable,item_verified,"KTO raw API의 cpyrhtDivCd=Type3 확인. source_record=2616370. 공공누리 3유형 — 출처표시 조건 충족 시 상업 허용, 수정 금지."
busan-K-00262,http://tong.visitkorea.or.kr/cms/resource/16/2616416_image2_1.jpg,tong.visitkorea.or.kr,tourapi_cdn,,https://www.kogl.or.kr/info/licenseType3.do,2026-07-26,KTO / 한국관광공사 또는 원저작자 (미확인),kogl_3,verified,allowed,prohibited,true,,usable,item_verified,"KTO raw API의 cpyrhtDivCd=Type3 확인. source_record=2616371. 공공누리 3유형 — 출처표시 조건 충족 시 상업 허용, 수정 금지."
busan-K-00263,http://tong.visitkorea.or.kr/cms/resource/89/3575989_image2_1.jpg,tong.visitkorea.or.kr,tourapi_cdn,,https://www.kogl.or.kr/info/licenseType1.do,2026-07-26,KTO / 한국관광공사 또는 원저작자 (미확인),kogl_1,verified,allowed,allowed,true,,usable,item_verified,KTO raw API의 cpyrhtDivCd=Type1 확인. source_record=2617724. 공공누리 1유형 — 출처표시 조건 충족 시 상업·수정 허용.
busan-K-00264,,,,,,2026-07-25,,unknown,unverified,unknown,unknown,unknown,,no_image,unverified,이미지 URL 없음
busan-K-00265,,,,,,2026-07-25,,unknown,unverified,unknown,unknown,unknown,,no_image,unverified,이미지 URL 없음
busan-K-00266,,,,,,2026-07-25,,unknown,unverified,unknown,unknown,unknown,,no_image,unverified,이미지 URL 없음
busan-K-00267,,,,,,2026-07-25,,unknown,unverified,unknown,unknown,unknown,,no_image,unverified,이미지 URL 없음
busan-K-00268,http://tong.visitkorea.or.kr/cms/resource/90/3423190_image2_1.png,tong.visitkorea.or.kr,tourapi_cdn,,https://www.kogl.or.kr/info/licenseType3.do,2026-07-26,KTO / 한국관광공사 또는 원저작자 (미확인),kogl_3,verified,allowed,prohibited,true,,usable,item_verified,"KTO raw API의 cpyrhtDivCd=Type3 확인. source_record=2642681. 공공누리 3유형 — 출처표시 조건 충족 시 상업 허용, 수정 금지."
busan-K-00269,http://tong.visitkorea.or.kr/cms/resource/01/3336601_image2_1.jpg,tong.visitkorea.or.kr,tourapi_cdn,,https://www.kogl.or.kr/info/licenseType3.do,2026-07-26,KTO / 한국관광공사 또는 원저작자 (미확인),kogl_3,verified,allowed,prohibited,true,,usable,item_verified,"KTO raw API의 cpyrhtDivCd=Type3 확인. source_record=2643387. 공공누리 3유형 — 출처표시 조건 충족 시 상업 허용, 수정 금지."
busan-K-00270,http://tong.visitkorea.or.kr/cms/resource/82/3561482_image2_1.jpg,tong.visitkorea.or.kr,tourapi_cdn,,https://www.kogl.or.kr/info/licenseType1.do,2026-07-26,KTO / 한국관광공사 또는 원저작자 (미확인),kogl_1,verified,allowed,allowed,true,,usable,item_verified,KTO raw API의 cpyrhtDivCd=Type1 확인. source_record=2643873. 공공누리 1유형 — 출처표시 조건 충족 시 상업·수정 허용.
busan-K-00271,http://tong.visitkorea.or.kr/cms/resource/16/3343716_image2_1.jpg,tong.visitkorea.or.kr,tourapi_cdn,,https://www.kogl.or.kr/info/licenseType3.do,2026-07-26,KTO / 한국관광공사 또는 원저작자 (미확인),kogl_3,verified,allowed,prohibited,true,,usable,item_verified,"KTO raw API의 cpyrhtDivCd=Type3 확인. source_record=2650232. 공공누리 3유형 — 출처표시 조건 충족 시 상업 허용, 수정 금지."
busan-K-00272,http://tong.visitkorea.or.kr/cms/resource/06/2720806_image2_1.jpg,tong.visitkorea.or.kr,tourapi_cdn,,https://www.kogl.or.kr/info/licenseType3.do,2026-07-26,KTO / 한국관광공사 또는 원저작자 (미확인),kogl_3,verified,allowed,prohibited,true,,usable,item_verified,"KTO raw API의 cpyrhtDivCd=Type3 확인. source_record=2656194. 공공누리 3유형 — 출처표시 조건 충족 시 상업 허용, 수정 금지."
busan-K-00273,http://tong.visitkorea.or.kr/cms/resource/48/2659248_image2_1.jpg,tong.visitkorea.or.kr,tourapi_cdn,,https://www.kogl.or.kr/info/licenseType3.do,2026-07-26,KTO / 한국관광공사 또는 원저작자 (미확인),kogl_3,verified,allowed,prohibited,true,,usable,item_verified,"KTO raw API의 cpyrhtDivCd=Type3 확인. source_record=2659244. 공공누리 3유형 — 출처표시 조건 충족 시 상업 허용, 수정 금지."
busan-K-00275,http://tong.visitkorea.or.kr/cms/resource/61/2795861_image2_1.jpg,tong.visitkorea.or.kr,tourapi_cdn,,https://www.kogl.or.kr/info/licenseType3.do,2026-07-26,KTO / 한국관광공사 또는 원저작자 (미확인),kogl_3,verified,allowed,prohibited,true,,usable,item_verified,"KTO raw API의 cpyrhtDivCd=Type3 확인. source_record=2661452. 공공누리 3유형 — 출처표시 조건 충족 시 상업 허용, 수정 금지."
busan-K-00276,http://tong.visitkorea.or.kr/cms/resource/72/2661472_image2_1.jpg,tong.visitkorea.or.kr,tourapi_cdn,,https://www.kogl.or.kr/info/licenseType3.do,2026-07-26,KTO / 한국관광공사 또는 원저작자 (미확인),kogl_3,verified,allowed,prohibited,true,,usable,item_verified,"KTO raw API의 cpyrhtDivCd=Type3 확인. source_record=2661475. 공공누리 3유형 — 출처표시 조건 충족 시 상업 허용, 수정 금지."
busan-K-00278,http://tong.visitkorea.or.kr/cms/resource/53/3552453_image2_1.jpg,tong.visitkorea.or.kr,tourapi_cdn,,https://www.kogl.or.kr/info/licenseType1.do,2026-07-26,KTO / 한국관광공사 또는 원저작자 (미확인),kogl_1,verified,allowed,allowed,true,,usable,item_verified,KTO raw API의 cpyrhtDivCd=Type1 확인. source_record=2663187. 공공누리 1유형 — 출처표시 조건 충족 시 상업·수정 허용.
busan-K-00279,http://tong.visitkorea.or.kr/cms/resource/14/2719514_image2_1.jpg,tong.visitkorea.or.kr,tourapi_cdn,,https://www.kogl.or.kr/info/licenseType3.do,2026-07-26,KTO / 한국관광공사 또는 원저작자 (미확인),kogl_3,verified,allowed,prohibited,true,,usable,item_verified,"KTO raw API의 cpyrhtDivCd=Type3 확인. source_record=2663379. 공공누리 3유형 — 출처표시 조건 충족 시 상업 허용, 수정 금지."
busan-K-00280,,,,,,2026-07-25,,unknown,unverified,unknown,unknown,unknown,,no_image,unverified,이미지 URL 없음
busan-K-00281,,,,,,2026-07-25,,unknown,unverified,unknown,unknown,unknown,,no_image,unverified,이미지 URL 없음
busan-K-00283,http://tong.visitkorea.or.kr/cms/resource/93/2668993_image2_1.jpg,tong.visitkorea.or.kr,tourapi_cdn,,https://www.kogl.or.kr/info/licenseType3.do,2026-07-26,KTO / 한국관광공사 또는 원저작자 (미확인),kogl_3,verified,allowed,prohibited,true,,usable,item_verified,"KTO raw API의 cpyrhtDivCd=Type3 확인. source_record=2670518. 공공누리 3유형 — 출처표시 조건 충족 시 상업 허용, 수정 금지."
busan-K-00284,http://tong.visitkorea.or.kr/cms/resource/91/2668991_image2_1.jpg,tong.visitkorea.or.kr,tourapi_cdn,,https://www.kogl.or.kr/info/licenseType3.do,2026-07-26,KTO / 한국관광공사 또는 원저작자 (미확인),kogl_3,verified,allowed,prohibited,true,,usable,item_verified,"KTO raw API의 cpyrhtDivCd=Type3 확인. source_record=2670566. 공공누리 3유형 — 출처표시 조건 충족 시 상업 허용, 수정 금지."
busan-K-00285,http://tong.visitkorea.or.kr/cms/resource/97/2670697_image2_1.jpg,tong.visitkorea.or.kr,tourapi_cdn,,https://www.kogl.or.kr/info/licenseType3.do,2026-07-26,KTO / 한국관광공사 또는 원저작자 (미확인),kogl_3,verified,allowed,prohibited,true,,usable,item_verified,"KTO raw API의 cpyrhtDivCd=Type3 확인. source_record=2670611. 공공누리 3유형 — 출처표시 조건 충족 시 상업 허용, 수정 금지."
busan-K-00286,http://tong.visitkorea.or.kr/cms/resource/46/3029246_image2_1.jpg,tong.visitkorea.or.kr,tourapi_cdn,,https://www.kogl.or.kr/info/licenseType1.do,2026-07-26,KTO / 한국관광공사 또는 원저작자 (미확인),kogl_1,verified,allowed,allowed,true,,usable,item_verified,KTO raw API의 cpyrhtDivCd=Type1 확인. source_record=2674974. 공공누리 1유형 — 출처표시 조건 충족 시 상업·수정 허용.
busan-K-00287,http://tong.visitkorea.or.kr/cms/resource/30/3552430_image2_1.jpg,tong.visitkorea.or.kr,tourapi_cdn,,https://www.kogl.or.kr/info/licenseType1.do,2026-07-26,KTO / 한국관광공사 또는 원저작자 (미확인),kogl_1,verified,allowed,allowed,true,,usable,item_verified,KTO raw API의 cpyrhtDivCd=Type1 확인. source_record=2675011. 공공누리 1유형 — 출처표시 조건 충족 시 상업·수정 허용.
busan-K-00288,http://tong.visitkorea.or.kr/cms/resource/04/3575804_image2_1.jpg,tong.visitkorea.or.kr,tourapi_cdn,,https://www.kogl.or.kr/info/licenseType1.do,2026-07-26,KTO / 한국관광공사 또는 원저작자 (미확인),kogl_1,verified,allowed,allowed,true,,usable,item_verified,KTO raw API의 cpyrhtDivCd=Type1 확인. source_record=2677748. 공공누리 1유형 — 출처표시 조건 충족 시 상업·수정 허용.
busan-K-00289,,,,,,2026-07-25,,unknown,unverified,unknown,unknown,unknown,,no_image,unverified,이미지 URL 없음
busan-K-00290,,,,,,2026-07-25,,unknown,unverified,unknown,unknown,unknown,,no_image,unverified,이미지 URL 없음
busan-K-00291,,,,,,2026-07-25,,unknown,unverified,unknown,unknown,unknown,,no_image,unverified,이미지 URL 없음
busan-K-00292,,,,,,2026-07-25,,unknown,unverified,unknown,unknown,unknown,,no_image,unverified,이미지 URL 없음
busan-K-00293,http://tong.visitkorea.or.kr/cms/resource/32/2698332_image2_1.jpg,tong.visitkorea.or.kr,tourapi_cdn,,https://www.kogl.or.kr/info/licenseType3.do,2026-07-26,KTO / 한국관광공사 또는 원저작자 (미확인),kogl_3,verified,allowed,prohibited,true,,usable,item_verified,"KTO raw API의 cpyrhtDivCd=Type3 확인. source_record=2701011. 공공누리 3유형 — 출처표시 조건 충족 시 상업 허용, 수정 금지."
busan-K-00294,http://tong.visitkorea.or.kr/cms/resource/64/3579164_image2_1.png,tong.visitkorea.or.kr,tourapi_cdn,,https://www.kogl.or.kr/info/licenseType3.do,2026-07-26,KTO / 한국관광공사 또는 원저작자 (미확인),kogl_3,verified,allowed,prohibited,true,,usable,item_verified,"KTO raw API의 cpyrhtDivCd=Type3 확인. source_record=2702333. 공공누리 3유형 — 출처표시 조건 충족 시 상업 허용, 수정 금지."
busan-K-00295,http://tong.visitkorea.or.kr/cms/resource/80/2642780_image2_1.jpg,tong.visitkorea.or.kr,tourapi_cdn,,https://www.kogl.or.kr/info/licenseType3.do,2026-07-26,KTO / 한국관광공사 또는 원저작자 (미확인),kogl_3,verified,allowed,prohibited,true,,usable,item_verified,"KTO raw API의 cpyrhtDivCd=Type3 확인. source_record=2704645. 공공누리 3유형 — 출처표시 조건 충족 시 상업 허용, 수정 금지."
busan-K-00296,http://tong.visitkorea.or.kr/cms/resource/26/3041326_image2_1.JPG,tong.visitkorea.or.kr,tourapi_cdn,,https://www.kogl.or.kr/info/licenseType3.do,2026-07-26,KTO / 한국관광공사 또는 원저작자 (미확인),kogl_3,verified,allowed,prohibited,true,,usable,item_verified,"KTO raw API의 cpyrhtDivCd=Type3 확인. source_record=2705325. 공공누리 3유형 — 출처표시 조건 충족 시 상업 허용, 수정 금지."
busan-K-00297,http://tong.visitkorea.or.kr/cms/resource/20/2705420_image2_1.jpg,tong.visitkorea.or.kr,tourapi_cdn,,https://www.kogl.or.kr/info/licenseType3.do,2026-07-26,KTO / 한국관광공사 또는 원저작자 (미확인),kogl_3,verified,allowed,prohibited,true,,usable,item_verified,"KTO raw API의 cpyrhtDivCd=Type3 확인. source_record=2705418. 공공누리 3유형 — 출처표시 조건 충족 시 상업 허용, 수정 금지."
busan-K-00298,http://tong.visitkorea.or.kr/cms/resource/32/2709432_image2_1.jpg,tong.visitkorea.or.kr,tourapi_cdn,,https://www.kogl.or.kr/info/licenseType3.do,2026-07-26,KTO / 한국관광공사 또는 원저작자 (미확인),kogl_3,verified,allowed,prohibited,true,,usable,item_verified,"KTO raw API의 cpyrhtDivCd=Type3 확인. source_record=2706774. 공공누리 3유형 — 출처표시 조건 충족 시 상업 허용, 수정 금지."
busan-K-00299,,,,,,2026-07-25,,unknown,unverified,unknown,unknown,unknown,,no_image,unverified,이미지 URL 없음
busan-K-00300,http://tong.visitkorea.or.kr/cms/resource/71/3552571_image2_1.jpg,tong.visitkorea.or.kr,tourapi_cdn,,https://www.kogl.or.kr/info/licenseType1.do,2026-07-26,KTO / 한국관광공사 또는 원저작자 (미확인),kogl_1,verified,allowed,allowed,true,,usable,item_verified,KTO raw API의 cpyrhtDivCd=Type1 확인. source_record=2708108. 공공누리 1유형 — 출처표시 조건 충족 시 상업·수정 허용.
busan-K-00301,http://tong.visitkorea.or.kr/cms/resource/00/2646400_image2_1.jpg,tong.visitkorea.or.kr,tourapi_cdn,,https://www.kogl.or.kr/info/licenseType3.do,2026-07-26,KTO / 한국관광공사 또는 원저작자 (미확인),kogl_3,verified,allowed,prohibited,true,,usable,item_verified,"KTO raw API의 cpyrhtDivCd=Type3 확인. source_record=2708164. 공공누리 3유형 — 출처표시 조건 충족 시 상업 허용, 수정 금지."
busan-K-00302,http://tong.visitkorea.or.kr/cms/resource/00/2708500_image2_1.jpg,tong.visitkorea.or.kr,tourapi_cdn,,https://www.kogl.or.kr/info/licenseType3.do,2026-07-26,KTO / 한국관광공사 또는 원저작자 (미확인),kogl_3,verified,allowed,prohibited,true,,usable,item_verified,"KTO raw API의 cpyrhtDivCd=Type3 확인. source_record=2708667. 공공누리 3유형 — 출처표시 조건 충족 시 상업 허용, 수정 금지."
busan-K-00303,http://tong.visitkorea.or.kr/cms/resource/53/2709453_image2_1.jpg,tong.visitkorea.or.kr,tourapi_cdn,,https://www.kogl.or.kr/info/licenseType3.do,2026-07-26,KTO / 한국관광공사 또는 원저작자 (미확인),kogl_3,verified,allowed,prohibited,true,,usable,item_verified,"KTO raw API의 cpyrhtDivCd=Type3 확인. source_record=2708705. 공공누리 3유형 — 출처표시 조건 충족 시 상업 허용, 수정 금지."
busan-K-00304,http://tong.visitkorea.or.kr/cms/resource/10/2714410_image2_1.jpg,tong.visitkorea.or.kr,tourapi_cdn,,https://www.kogl.or.kr/info/licenseType3.do,2026-07-26,KTO / 한국관광공사 또는 원저작자 (미확인),kogl_3,verified,allowed,prohibited,true,,usable,item_verified,"KTO raw API의 cpyrhtDivCd=Type3 확인. source_record=2714406. 공공누리 3유형 — 출처표시 조건 충족 시 상업 허용, 수정 금지."
busan-K-00305,,,,,,2026-07-25,,unknown,unverified,unknown,unknown,unknown,,no_image,unverified,이미지 URL 없음
busan-K-00306,,,,,,2026-07-25,,unknown,unverified,unknown,unknown,unknown,,no_image,unverified,이미지 URL 없음
busan-K-00309,http://tong.visitkorea.or.kr/cms/resource/57/2726957_image2_1.jpg,tong.visitkorea.or.kr,tourapi_cdn,,https://www.kogl.or.kr/info/licenseType3.do,2026-07-26,KTO / 한국관광공사 또는 원저작자 (미확인),kogl_3,verified,allowed,prohibited,true,,usable,item_verified,"KTO raw API의 cpyrhtDivCd=Type3 확인. source_record=2726803. 공공누리 3유형 — 출처표시 조건 충족 시 상업 허용, 수정 금지."
busan-K-00310,,,,,,2026-07-25,,unknown,unverified,unknown,unknown,unknown,,no_image,unverified,이미지 URL 없음
busan-K-00311,http://tong.visitkorea.or.kr/cms/resource/74/2729374_image2_1.jpg,tong.visitkorea.or.kr,tourapi_cdn,,https://www.kogl.or.kr/info/licenseType3.do,2026-07-26,KTO / 한국관광공사 또는 원저작자 (미확인),kogl_3,verified,allowed,prohibited,true,,usable,item_verified,"KTO raw API의 cpyrhtDivCd=Type3 확인. source_record=2729157. 공공누리 3유형 — 출처표시 조건 충족 시 상업 허용, 수정 금지."
busan-K-00312,http://tong.visitkorea.or.kr/cms/resource/69/2816269_image2_1.jpg,tong.visitkorea.or.kr,tourapi_cdn,,https://www.kogl.or.kr/info/licenseType3.do,2026-07-26,KTO / 한국관광공사 또는 원저작자 (미확인),kogl_3,verified,allowed,prohibited,true,,usable,item_verified,"KTO raw API의 cpyrhtDivCd=Type3 확인. source_record=2731553. 공공누리 3유형 — 출처표시 조건 충족 시 상업 허용, 수정 금지."
busan-K-00313,http://tong.visitkorea.or.kr/cms/resource/64/3491264_image2_1.jpg,tong.visitkorea.or.kr,tourapi_cdn,,https://www.kogl.or.kr/info/licenseType3.do,2026-07-26,KTO / 한국관광공사 또는 원저작자 (미확인),kogl_3,verified,allowed,prohibited,true,,usable,item_verified,"KTO raw API의 cpyrhtDivCd=Type3 확인. source_record=2732397. 공공누리 3유형 — 출처표시 조건 충족 시 상업 허용, 수정 금지."
busan-K-00314,,,,,,2026-07-25,,unknown,unverified,unknown,unknown,unknown,,no_image,unverified,이미지 URL 없음
busan-K-00315,http://tong.visitkorea.or.kr/cms/resource/79/2799379_image2_1.png,tong.visitkorea.or.kr,tourapi_cdn,,https://www.kogl.or.kr/info/licenseType3.do,2026-07-26,KTO / 한국관광공사 또는 원저작자 (미확인),kogl_3,verified,allowed,prohibited,true,,usable,item_verified,"KTO raw API의 cpyrhtDivCd=Type3 확인. source_record=2734175. 공공누리 3유형 — 출처표시 조건 충족 시 상업 허용, 수정 금지."
busan-K-00316,http://tong.visitkorea.or.kr/cms/resource/55/2735855_image2_1.JPG,tong.visitkorea.or.kr,tourapi_cdn,,https://www.kogl.or.kr/info/licenseType3.do,2026-07-26,KTO / 한국관광공사 또는 원저작자 (미확인),kogl_3,verified,allowed,prohibited,true,,usable,item_verified,"KTO raw API의 cpyrhtDivCd=Type3 확인. source_record=2734243. 공공누리 3유형 — 출처표시 조건 충족 시 상업 허용, 수정 금지."
busan-K-00317,http://tong.visitkorea.or.kr/cms/resource/80/2735780_image2_1.JPG,tong.visitkorea.or.kr,tourapi_cdn,,https://www.kogl.or.kr/info/licenseType3.do,2026-07-26,KTO / 한국관광공사 또는 원저작자 (미확인),kogl_3,verified,allowed,prohibited,true,,usable,item_verified,"KTO raw API의 cpyrhtDivCd=Type3 확인. source_record=2734674. 공공누리 3유형 — 출처표시 조건 충족 시 상업 허용, 수정 금지."
busan-K-00318,http://tong.visitkorea.or.kr/cms/resource/74/2736074_image2_1.png,tong.visitkorea.or.kr,tourapi_cdn,,https://www.kogl.or.kr/info/licenseType3.do,2026-07-26,KTO / 한국관광공사 또는 원저작자 (미확인),kogl_3,verified,allowed,prohibited,true,,usable,item_verified,"KTO raw API의 cpyrhtDivCd=Type3 확인. source_record=2736088. 공공누리 3유형 — 출처표시 조건 충족 시 상업 허용, 수정 금지."
busan-K-00319,http://tong.visitkorea.or.kr/cms/resource/30/3080230_image2_1.JPG,tong.visitkorea.or.kr,tourapi_cdn,,https://www.kogl.or.kr/info/licenseType3.do,2026-07-26,KTO / 한국관광공사 또는 원저작자 (미확인),kogl_3,verified,allowed,prohibited,true,,usable,item_verified,"KTO raw API의 cpyrhtDivCd=Type3 확인. source_record=2736392. 공공누리 3유형 — 출처표시 조건 충족 시 상업 허용, 수정 금지."
busan-K-00320,http://tong.visitkorea.or.kr/cms/resource/98/2741698_image2_1.jpg,tong.visitkorea.or.kr,tourapi_cdn,,https://www.kogl.or.kr/info/licenseType3.do,2026-07-26,KTO / 한국관광공사 또는 원저작자 (미확인),kogl_3,verified,allowed,prohibited,true,,usable,item_verified,"KTO raw API의 cpyrhtDivCd=Type3 확인. source_record=2741526. 공공누리 3유형 — 출처표시 조건 충족 시 상업 허용, 수정 금지."
busan-K-00321,,,,,,2026-07-25,,unknown,unverified,unknown,unknown,unknown,,no_image,unverified,이미지 URL 없음
busan-K-00322,,,,,,2026-07-25,,unknown,unverified,unknown,unknown,unknown,,no_image,unverified,이미지 URL 없음
busan-K-00323,http://tong.visitkorea.or.kr/cms/resource/30/2744930_image2_1.jpg,tong.visitkorea.or.kr,tourapi_cdn,,https://www.kogl.or.kr/info/licenseType3.do,2026-07-26,KTO / 한국관광공사 또는 원저작자 (미확인),kogl_3,verified,allowed,prohibited,true,,usable,item_verified,"KTO raw API의 cpyrhtDivCd=Type3 확인. source_record=2744582. 공공누리 3유형 — 출처표시 조건 충족 시 상업 허용, 수정 금지."
busan-K-00325,http://tong.visitkorea.or.kr/cms/resource/81/2748081_image2_1.jpg,tong.visitkorea.or.kr,tourapi_cdn,,https://www.kogl.or.kr/info/licenseType3.do,2026-07-26,KTO / 한국관광공사 또는 원저작자 (미확인),kogl_3,verified,allowed,prohibited,true,,usable,item_verified,"KTO raw API의 cpyrhtDivCd=Type3 확인. source_record=2747589. 공공누리 3유형 — 출처표시 조건 충족 시 상업 허용, 수정 금지."
busan-K-00326,http://tong.visitkorea.or.kr/cms/resource/83/3516183_image2_1.jpeg,tong.visitkorea.or.kr,tourapi_cdn,,https://www.kogl.or.kr/info/licenseType3.do,2026-07-26,KTO / 한국관광공사 또는 원저작자 (미확인),kogl_3,verified,allowed,prohibited,true,,usable,item_verified,"KTO raw API의 cpyrhtDivCd=Type3 확인. source_record=2749611. 공공누리 3유형 — 출처표시 조건 충족 시 상업 허용, 수정 금지."
busan-K-00327,,,,,,2026-07-25,,unknown,unverified,unknown,unknown,unknown,,no_image,unverified,이미지 URL 없음
busan-K-00329,http://tong.visitkorea.or.kr/cms/resource/15/2753515_image2_1.jpg,tong.visitkorea.or.kr,tourapi_cdn,,https://www.kogl.or.kr/info/licenseType3.do,2026-07-26,KTO / 한국관광공사 또는 원저작자 (미확인),kogl_3,verified,allowed,prohibited,true,,usable,item_verified,"KTO raw API의 cpyrhtDivCd=Type3 확인. source_record=2752996. 공공누리 3유형 — 출처표시 조건 충족 시 상업 허용, 수정 금지."
busan-K-00330,http://tong.visitkorea.or.kr/cms/resource/18/2753518_image2_1.jpg,tong.visitkorea.or.kr,tourapi_cdn,,https://www.kogl.or.kr/info/licenseType3.do,2026-07-26,KTO / 한국관광공사 또는 원저작자 (미확인),kogl_3,verified,allowed,prohibited,true,,usable,item_verified,"KTO raw API의 cpyrhtDivCd=Type3 확인. source_record=2753006. 공공누리 3유형 — 출처표시 조건 충족 시 상업 허용, 수정 금지."
busan-K-00331,http://tong.visitkorea.or.kr/cms/resource/16/2754616_image2_1.jpg,tong.visitkorea.or.kr,tourapi_cdn,,https://www.kogl.or.kr/info/licenseType3.do,2026-07-26,KTO / 한국관광공사 또는 원저작자 (미확인),kogl_3,verified,allowed,prohibited,true,,usable,item_verified,"KTO raw API의 cpyrhtDivCd=Type3 확인. source_record=2754601. 공공누리 3유형 — 출처표시 조건 충족 시 상업 허용, 수정 금지."
busan-K-00333,http://tong.visitkorea.or.kr/cms/resource/80/2755680_image2_1.jpg,tong.visitkorea.or.kr,tourapi_cdn,,https://www.kogl.or.kr/info/licenseType3.do,2026-07-26,KTO / 한국관광공사 또는 원저작자 (미확인),kogl_3,verified,allowed,prohibited,true,,usable,item_verified,"KTO raw API의 cpyrhtDivCd=Type3 확인. source_record=2755696. 공공누리 3유형 — 출처표시 조건 충족 시 상업 허용, 수정 금지."
busan-K-00334,http://tong.visitkorea.or.kr/cms/resource/96/2756896_image2_1.jpg,tong.visitkorea.or.kr,tourapi_cdn,,https://www.kogl.or.kr/info/licenseType3.do,2026-07-26,KTO / 한국관광공사 또는 원저작자 (미확인),kogl_3,verified,allowed,prohibited,true,,usable,item_verified,"KTO raw API의 cpyrhtDivCd=Type3 확인. source_record=2756678. 공공누리 3유형 — 출처표시 조건 충족 시 상업 허용, 수정 금지."
busan-K-00336,http://tong.visitkorea.or.kr/cms/resource/41/3497041_image2_1.jpg,tong.visitkorea.or.kr,tourapi_cdn,,https://www.kogl.or.kr/info/licenseType1.do,2026-07-26,KTO / 한국관광공사 또는 원저작자 (미확인),kogl_1,verified,allowed,allowed,true,,usable,item_verified,KTO raw API의 cpyrhtDivCd=Type1 확인. source_record=2756696. 공공누리 1유형 — 출처표시 조건 충족 시 상업·수정 허용.
busan-K-00337,http://tong.visitkorea.or.kr/cms/resource/54/2756954_image2_1.jpg,tong.visitkorea.or.kr,tourapi_cdn,,https://www.kogl.or.kr/info/licenseType3.do,2026-07-26,KTO / 한국관광공사 또는 원저작자 (미확인),kogl_3,verified,allowed,prohibited,true,,usable,item_verified,"KTO raw API의 cpyrhtDivCd=Type3 확인. source_record=2756707. 공공누리 3유형 — 출처표시 조건 충족 시 상업 허용, 수정 금지."
busan-K-00338,http://tong.visitkorea.or.kr/cms/resource/82/3336582_image2_1.jpg,tong.visitkorea.or.kr,tourapi_cdn,,https://www.kogl.or.kr/info/licenseType3.do,2026-07-26,KTO / 한국관광공사 또는 원저작자 (미확인),kogl_3,verified,allowed,prohibited,true,,usable,item_verified,"KTO raw API의 cpyrhtDivCd=Type3 확인. source_record=2758469. 공공누리 3유형 — 출처표시 조건 충족 시 상업 허용, 수정 금지."
busan-K-00339,http://tong.visitkorea.or.kr/cms/resource/46/3342846_image2_1.jpg,tong.visitkorea.or.kr,tourapi_cdn,,https://www.kogl.or.kr/info/licenseType3.do,2026-07-26,KTO / 한국관광공사 또는 원저작자 (미확인),kogl_3,verified,allowed,prohibited,true,,usable,item_verified,"KTO raw API의 cpyrhtDivCd=Type3 확인. source_record=2758489. 공공누리 3유형 — 출처표시 조건 충족 시 상업 허용, 수정 금지."
busan-K-00340,http://tong.visitkorea.or.kr/cms/resource/36/3342836_image2_1.jpg,tong.visitkorea.or.kr,tourapi_cdn,,https://www.kogl.or.kr/info/licenseType3.do,2026-07-26,KTO / 한국관광공사 또는 원저작자 (미확인),kogl_3,verified,allowed,prohibited,true,,usable,item_verified,"KTO raw API의 cpyrhtDivCd=Type3 확인. source_record=2758498. 공공누리 3유형 — 출처표시 조건 충족 시 상업 허용, 수정 금지."
busan-K-00341,http://tong.visitkorea.or.kr/cms/resource/56/2759656_image2_1.jpg,tong.visitkorea.or.kr,tourapi_cdn,,https://www.kogl.or.kr/info/licenseType3.do,2026-07-26,KTO / 한국관광공사 또는 원저작자 (미확인),kogl_3,verified,allowed,prohibited,true,,usable,item_verified,"KTO raw API의 cpyrhtDivCd=Type3 확인. source_record=2759593. 공공누리 3유형 — 출처표시 조건 충족 시 상업 허용, 수정 금지."
busan-K-00343,http://tong.visitkorea.or.kr/cms/resource/64/2759664_image2_1.jpg,tong.visitkorea.or.kr,tourapi_cdn,,https://www.kogl.or.kr/info/licenseType3.do,2026-07-26,KTO / 한국관광공사 또는 원저작자 (미확인),kogl_3,verified,allowed,prohibited,true,,usable,item_verified,"KTO raw API의 cpyrhtDivCd=Type3 확인. source_record=2759611. 공공누리 3유형 — 출처표시 조건 충족 시 상업 허용, 수정 금지."
busan-K-00346,http://tong.visitkorea.or.kr/cms/resource/66/2761266_image2_1.jpg,tong.visitkorea.or.kr,tourapi_cdn,,https://www.kogl.or.kr/info/licenseType3.do,2026-07-26,KTO / 한국관광공사 또는 원저작자 (미확인),kogl_3,verified,allowed,prohibited,true,,usable,item_verified,"KTO raw API의 cpyrhtDivCd=Type3 확인. source_record=2760773. 공공누리 3유형 — 출처표시 조건 충족 시 상업 허용, 수정 금지."
busan-K-00347,http://tong.visitkorea.or.kr/cms/resource/77/3343377_image2_1.jpg,tong.visitkorea.or.kr,tourapi_cdn,,https://www.kogl.or.kr/info/licenseType3.do,2026-07-26,KTO / 한국관광공사 또는 원저작자 (미확인),kogl_3,verified,allowed,prohibited,true,,usable,item_verified,"KTO raw API의 cpyrhtDivCd=Type3 확인. source_record=2763856. 공공누리 3유형 — 출처표시 조건 충족 시 상업 허용, 수정 금지."
busan-K-00348,http://tong.visitkorea.or.kr/cms/resource/95/3561995_image2_1.jpg,tong.visitkorea.or.kr,tourapi_cdn,,https://www.kogl.or.kr/info/licenseType1.do,2026-07-26,KTO / 한국관광공사 또는 원저작자 (미확인),kogl_1,verified,allowed,allowed,true,,usable,item_verified,KTO raw API의 cpyrhtDivCd=Type1 확인. source_record=2763881. 공공누리 1유형 — 출처표시 조건 충족 시 상업·수정 허용.
busan-K-00349,http://tong.visitkorea.or.kr/cms/resource/76/3561476_image2_1.jpg,tong.visitkorea.or.kr,tourapi_cdn,,https://www.kogl.or.kr/info/licenseType1.do,2026-07-26,KTO / 한국관광공사 또는 원저작자 (미확인),kogl_1,verified,allowed,allowed,true,,usable,item_verified,KTO raw API의 cpyrhtDivCd=Type1 확인. source_record=2763981. 공공누리 1유형 — 출처표시 조건 충족 시 상업·수정 허용.
busan-K-00350,http://tong.visitkorea.or.kr/cms/resource/61/3342761_image2_1.jpg,tong.visitkorea.or.kr,tourapi_cdn,,https://www.kogl.or.kr/info/licenseType3.do,2026-07-26,KTO / 한국관광공사 또는 원저작자 (미확인),kogl_3,verified,allowed,prohibited,true,,usable,item_verified,"KTO raw API의 cpyrhtDivCd=Type3 확인. source_record=2764008. 공공누리 3유형 — 출처표시 조건 충족 시 상업 허용, 수정 금지."
busan-K-00352,http://tong.visitkorea.or.kr/cms/resource/73/3561273_image2_1.jpg,tong.visitkorea.or.kr,tourapi_cdn,,https://www.kogl.or.kr/info/licenseType1.do,2026-07-26,KTO / 한국관광공사 또는 원저작자 (미확인),kogl_1,verified,allowed,allowed,true,,usable,item_verified,KTO raw API의 cpyrhtDivCd=Type1 확인. source_record=2775495. 공공누리 1유형 — 출처표시 조건 충족 시 상업·수정 허용.
busan-K-00354,,,,,,2026-07-25,,unknown,unverified,unknown,unknown,unknown,,no_image,unverified,이미지 URL 없음
busan-K-00356,http://tong.visitkorea.or.kr/cms/resource/27/3334627_image2_1.jpg,tong.visitkorea.or.kr,tourapi_cdn,,https://www.kogl.or.kr/info/licenseType3.do,2026-07-26,KTO / 한국관광공사 또는 원저작자 (미확인),kogl_3,verified,allowed,prohibited,true,,usable,item_verified,"KTO raw API의 cpyrhtDivCd=Type3 확인. source_record=2775565. 공공누리 3유형 — 출처표시 조건 충족 시 상업 허용, 수정 금지."
busan-K-00357,http://tong.visitkorea.or.kr/cms/resource/02/3561302_image2_1.jpg,tong.visitkorea.or.kr,tourapi_cdn,,https://www.kogl.or.kr/info/licenseType1.do,2026-07-26,KTO / 한국관광공사 또는 원저작자 (미확인),kogl_1,verified,allowed,allowed,true,,usable,item_verified,KTO raw API의 cpyrhtDivCd=Type1 확인. source_record=2776276. 공공누리 1유형 — 출처표시 조건 충족 시 상업·수정 허용.
busan-K-00358,http://tong.visitkorea.or.kr/cms/resource/98/3561498_image2_1.jpg,tong.visitkorea.or.kr,tourapi_cdn,,https://www.kogl.or.kr/info/licenseType1.do,2026-07-26,KTO / 한국관광공사 또는 원저작자 (미확인),kogl_1,verified,allowed,allowed,true,,usable,item_verified,KTO raw API의 cpyrhtDivCd=Type1 확인. source_record=2776286. 공공누리 1유형 — 출처표시 조건 충족 시 상업·수정 허용.
busan-K-00362,,,,,,2026-07-25,,unknown,unverified,unknown,unknown,unknown,,no_image,unverified,이미지 URL 없음
busan-K-00363,http://tong.visitkorea.or.kr/cms/resource/65/2778665_image2_1.jpg,tong.visitkorea.or.kr,tourapi_cdn,,https://www.kogl.or.kr/info/licenseType3.do,2026-07-26,KTO / 한국관광공사 또는 원저작자 (미확인),kogl_3,verified,allowed,prohibited,true,,usable,item_verified,"KTO raw API의 cpyrhtDivCd=Type3 확인. source_record=2778476. 공공누리 3유형 — 출처표시 조건 충족 시 상업 허용, 수정 금지."
busan-K-00365,,,,,,2026-07-25,,unknown,unverified,unknown,unknown,unknown,,no_image,unverified,이미지 URL 없음
busan-K-00366,http://tong.visitkorea.or.kr/cms/resource/37/2781837_image2_1.jpg,tong.visitkorea.or.kr,tourapi_cdn,,https://www.kogl.or.kr/info/licenseType3.do,2026-07-26,KTO / 한국관광공사 또는 원저작자 (미확인),kogl_3,verified,allowed,prohibited,true,,usable,item_verified,"KTO raw API의 cpyrhtDivCd=Type3 확인. source_record=2781598. 공공누리 3유형 — 출처표시 조건 충족 시 상업 허용, 수정 금지."
busan-K-00367,http://tong.visitkorea.or.kr/cms/resource/28/2782128_image2_1.jpg,tong.visitkorea.or.kr,tourapi_cdn,,https://www.kogl.or.kr/info/licenseType3.do,2026-07-26,KTO / 한국관광공사 또는 원저작자 (미확인),kogl_3,verified,allowed,prohibited,true,,usable,item_verified,"KTO raw API의 cpyrhtDivCd=Type3 확인. source_record=2781799. 공공누리 3유형 — 출처표시 조건 충족 시 상업 허용, 수정 금지."
busan-K-00368,http://tong.visitkorea.or.kr/cms/resource/38/3575838_image2_1.jpg,tong.visitkorea.or.kr,tourapi_cdn,,https://www.kogl.or.kr/info/licenseType1.do,2026-07-26,KTO / 한국관광공사 또는 원저작자 (미확인),kogl_1,verified,allowed,allowed,true,,usable,item_verified,KTO raw API의 cpyrhtDivCd=Type1 확인. source_record=2782626. 공공누리 1유형 — 출처표시 조건 충족 시 상업·수정 허용.
busan-K-00369,http://tong.visitkorea.or.kr/cms/resource/53/2800253_image2_1.jpg,tong.visitkorea.or.kr,tourapi_cdn,,https://www.kogl.or.kr/info/licenseType3.do,2026-07-26,KTO / 한국관광공사 또는 원저작자 (미확인),kogl_3,verified,allowed,prohibited,true,,usable,item_verified,"KTO raw API의 cpyrhtDivCd=Type3 확인. source_record=2782628. 공공누리 3유형 — 출처표시 조건 충족 시 상업 허용, 수정 금지."
busan-K-00370,http://tong.visitkorea.or.kr/cms/resource/29/2795729_image2_1.png,tong.visitkorea.or.kr,tourapi_cdn,,https://www.kogl.or.kr/info/licenseType3.do,2026-07-26,KTO / 한국관광공사 또는 원저작자 (미확인),kogl_3,verified,allowed,prohibited,true,,usable,item_verified,"KTO raw API의 cpyrhtDivCd=Type3 확인. source_record=2782695. 공공누리 3유형 — 출처표시 조건 충족 시 상업 허용, 수정 금지."
busan-K-00371,http://tong.visitkorea.or.kr/cms/resource/74/2795674_image2_1.jpg,tong.visitkorea.or.kr,tourapi_cdn,,https://www.kogl.or.kr/info/licenseType3.do,2026-07-26,KTO / 한국관광공사 또는 원저작자 (미확인),kogl_3,verified,allowed,prohibited,true,,usable,item_verified,"KTO raw API의 cpyrhtDivCd=Type3 확인. source_record=2782699. 공공누리 3유형 — 출처표시 조건 충족 시 상업 허용, 수정 금지."
busan-K-00372,http://tong.visitkorea.or.kr/cms/resource/54/2795954_image2_1.png,tong.visitkorea.or.kr,tourapi_cdn,,https://www.kogl.or.kr/info/licenseType3.do,2026-07-26,KTO / 한국관광공사 또는 원저작자 (미확인),kogl_3,verified,allowed,prohibited,true,,usable,item_verified,"KTO raw API의 cpyrhtDivCd=Type3 확인. source_record=2782714. 공공누리 3유형 — 출처표시 조건 충족 시 상업 허용, 수정 금지."
busan-K-00373,http://tong.visitkorea.or.kr/cms/resource/94/2794294_image2_1.jpg,tong.visitkorea.or.kr,tourapi_cdn,,https://www.kogl.or.kr/info/licenseType3.do,2026-07-26,KTO / 한국관광공사 또는 원저작자 (미확인),kogl_3,verified,allowed,prohibited,true,,usable,item_verified,"KTO raw API의 cpyrhtDivCd=Type3 확인. source_record=2782747. 공공누리 3유형 — 출처표시 조건 충족 시 상업 허용, 수정 금지."
busan-K-00374,http://tong.visitkorea.or.kr/cms/resource/38/2794238_image2_1.jpg,tong.visitkorea.or.kr,tourapi_cdn,,https://www.kogl.or.kr/info/licenseType3.do,2026-07-26,KTO / 한국관광공사 또는 원저작자 (미확인),kogl_3,verified,allowed,prohibited,true,,usable,item_verified,"KTO raw API의 cpyrhtDivCd=Type3 확인. source_record=2782750. 공공누리 3유형 — 출처표시 조건 충족 시 상업 허용, 수정 금지."
busan-K-00375,http://tong.visitkorea.or.kr/cms/resource/97/2795997_image2_1.jpg,tong.visitkorea.or.kr,tourapi_cdn,,https://www.kogl.or.kr/info/licenseType3.do,2026-07-26,KTO / 한국관광공사 또는 원저작자 (미확인),kogl_3,verified,allowed,prohibited,true,,usable,item_verified,"KTO raw API의 cpyrhtDivCd=Type3 확인. source_record=2782757. 공공누리 3유형 — 출처표시 조건 충족 시 상업 허용, 수정 금지."
busan-K-00376,http://tong.visitkorea.or.kr/cms/resource/58/2794158_image2_1.jpg,tong.visitkorea.or.kr,tourapi_cdn,,https://www.kogl.or.kr/info/licenseType3.do,2026-07-26,KTO / 한국관광공사 또는 원저작자 (미확인),kogl_3,verified,allowed,prohibited,true,,usable,item_verified,"KTO raw API의 cpyrhtDivCd=Type3 확인. source_record=2782765. 공공누리 3유형 — 출처표시 조건 충족 시 상업 허용, 수정 금지."
busan-K-00377,http://tong.visitkorea.or.kr/cms/resource/08/2796008_image2_1.jpg,tong.visitkorea.or.kr,tourapi_cdn,,https://www.kogl.or.kr/info/licenseType3.do,2026-07-26,KTO / 한국관광공사 또는 원저작자 (미확인),kogl_3,verified,allowed,prohibited,true,,usable,item_verified,"KTO raw API의 cpyrhtDivCd=Type3 확인. source_record=2782794. 공공누리 3유형 — 출처표시 조건 충족 시 상업 허용, 수정 금지."
busan-K-00378,http://tong.visitkorea.or.kr/cms/resource/87/3500487_image2_1.jpg,tong.visitkorea.or.kr,tourapi_cdn,,https://www.kogl.or.kr/info/licenseType3.do,2026-07-26,KTO / 한국관광공사 또는 원저작자 (미확인),kogl_3,verified,allowed,prohibited,true,,usable,item_verified,"KTO raw API의 cpyrhtDivCd=Type3 확인. source_record=2783308. 공공누리 3유형 — 출처표시 조건 충족 시 상업 허용, 수정 금지."
busan-K-00379,http://tong.visitkorea.or.kr/cms/resource/51/2787651_image2_1.jpg,tong.visitkorea.or.kr,tourapi_cdn,,https://www.kogl.or.kr/info/licenseType3.do,2026-07-26,KTO / 한국관광공사 또는 원저작자 (미확인),kogl_3,verified,allowed,prohibited,true,,usable,item_verified,"KTO raw API의 cpyrhtDivCd=Type3 확인. source_record=2783344. 공공누리 3유형 — 출처표시 조건 충족 시 상업 허용, 수정 금지."
busan-K-00380,http://tong.visitkorea.or.kr/cms/resource/27/2795627_image2_1.jpg,tong.visitkorea.or.kr,tourapi_cdn,,https://www.kogl.or.kr/info/licenseType3.do,2026-07-26,KTO / 한국관광공사 또는 원저작자 (미확인),kogl_3,verified,allowed,prohibited,true,,usable,item_verified,"KTO raw API의 cpyrhtDivCd=Type3 확인. source_record=2783360. 공공누리 3유형 — 출처표시 조건 충족 시 상업 허용, 수정 금지."
busan-K-00381,http://tong.visitkorea.or.kr/cms/resource/56/2795656_image2_1.jpg,tong.visitkorea.or.kr,tourapi_cdn,,https://www.kogl.or.kr/info/licenseType3.do,2026-07-26,KTO / 한국관광공사 또는 원저작자 (미확인),kogl_3,verified,allowed,prohibited,true,,usable,item_verified,"KTO raw API의 cpyrhtDivCd=Type3 확인. source_record=2783380. 공공누리 3유형 — 출처표시 조건 충족 시 상업 허용, 수정 금지."
busan-K-00382,http://tong.visitkorea.or.kr/cms/resource/15/2795715_image2_1.jpg,tong.visitkorea.or.kr,tourapi_cdn,,https://www.kogl.or.kr/info/licenseType3.do,2026-07-26,KTO / 한국관광공사 또는 원저작자 (미확인),kogl_3,verified,allowed,prohibited,true,,usable,item_verified,"KTO raw API의 cpyrhtDivCd=Type3 확인. source_record=2783646. 공공누리 3유형 — 출처표시 조건 충족 시 상업 허용, 수정 금지."
busan-K-00383,http://tong.visitkorea.or.kr/cms/resource/72/2787972_image2_1.jpg,tong.visitkorea.or.kr,tourapi_cdn,,https://www.kogl.or.kr/info/licenseType3.do,2026-07-26,KTO / 한국관광공사 또는 원저작자 (미확인),kogl_3,verified,allowed,prohibited,true,,usable,item_verified,"KTO raw API의 cpyrhtDivCd=Type3 확인. source_record=2784112. 공공누리 3유형 — 출처표시 조건 충족 시 상업 허용, 수정 금지."
busan-K-00386,http://tong.visitkorea.or.kr/cms/resource/98/2787498_image2_1.jpg,tong.visitkorea.or.kr,tourapi_cdn,,https://www.kogl.or.kr/info/licenseType3.do,2026-07-26,KTO / 한국관광공사 또는 원저작자 (미확인),kogl_3,verified,allowed,prohibited,true,,usable,item_verified,"KTO raw API의 cpyrhtDivCd=Type3 확인. source_record=2784325. 공공누리 3유형 — 출처표시 조건 충족 시 상업 허용, 수정 금지."
busan-K-00387,http://tong.visitkorea.or.kr/cms/resource/22/3336622_image2_1.jpg,tong.visitkorea.or.kr,tourapi_cdn,,https://www.kogl.or.kr/info/licenseType3.do,2026-07-26,KTO / 한국관광공사 또는 원저작자 (미확인),kogl_3,verified,allowed,prohibited,true,,usable,item_verified,"KTO raw API의 cpyrhtDivCd=Type3 확인. source_record=2784330. 공공누리 3유형 — 출처표시 조건 충족 시 상업 허용, 수정 금지."
busan-K-00388,http://tong.visitkorea.or.kr/cms/resource/60/2787660_image2_1.jpg,tong.visitkorea.or.kr,tourapi_cdn,,https://www.kogl.or.kr/info/licenseType3.do,2026-07-26,KTO / 한국관광공사 또는 원저작자 (미확인),kogl_3,verified,allowed,prohibited,true,,usable,item_verified,"KTO raw API의 cpyrhtDivCd=Type3 확인. source_record=2784351. 공공누리 3유형 — 출처표시 조건 충족 시 상업 허용, 수정 금지."
busan-K-00389,http://tong.visitkorea.or.kr/cms/resource/04/2787704_image2_1.jpg,tong.visitkorea.or.kr,tourapi_cdn,,https://www.kogl.or.kr/info/licenseType3.do,2026-07-26,KTO / 한국관광공사 또는 원저작자 (미확인),kogl_3,verified,allowed,prohibited,true,,usable,item_verified,"KTO raw API의 cpyrhtDivCd=Type3 확인. source_record=2784356. 공공누리 3유형 — 출처표시 조건 충족 시 상업 허용, 수정 금지."
busan-K-00391,http://tong.visitkorea.or.kr/cms/resource/10/2790710_image2_1.JPG,tong.visitkorea.or.kr,tourapi_cdn,,https://www.kogl.or.kr/info/licenseType3.do,2026-07-26,KTO / 한국관광공사 또는 원저작자 (미확인),kogl_3,verified,allowed,prohibited,true,,usable,item_verified,"KTO raw API의 cpyrhtDivCd=Type3 확인. source_record=2785265. 공공누리 3유형 — 출처표시 조건 충족 시 상업 허용, 수정 금지."
busan-K-00393,http://tong.visitkorea.or.kr/cms/resource/90/2785290_image2_1.jpg,tong.visitkorea.or.kr,tourapi_cdn,,https://www.kogl.or.kr/info/licenseType3.do,2026-07-26,KTO / 한국관광공사 또는 원저작자 (미확인),kogl_3,verified,allowed,prohibited,true,,usable,item_verified,"KTO raw API의 cpyrhtDivCd=Type3 확인. source_record=2785267. 공공누리 3유형 — 출처표시 조건 충족 시 상업 허용, 수정 금지."
busan-K-00394,http://tong.visitkorea.or.kr/cms/resource/03/2785303_image2_1.jpg,tong.visitkorea.or.kr,tourapi_cdn,,https://www.kogl.or.kr/info/licenseType3.do,2026-07-26,KTO / 한국관광공사 또는 원저작자 (미확인),kogl_3,verified,allowed,prohibited,true,,usable,item_verified,"KTO raw API의 cpyrhtDivCd=Type3 확인. source_record=2785269. 공공누리 3유형 — 출처표시 조건 충족 시 상업 허용, 수정 금지."
busan-K-00397,http://tong.visitkorea.or.kr/cms/resource/03/2797503_image2_1.JPG,tong.visitkorea.or.kr,tourapi_cdn,,https://www.kogl.or.kr/info/licenseType3.do,2026-07-26,KTO / 한국관광공사 또는 원저작자 (미확인),kogl_3,verified,allowed,prohibited,true,,usable,item_verified,"KTO raw API의 cpyrhtDivCd=Type3 확인. source_record=2785275. 공공누리 3유형 — 출처표시 조건 충족 시 상업 허용, 수정 금지."
busan-K-00399,http://tong.visitkorea.or.kr/cms/resource/93/2790693_image2_1.JPG,tong.visitkorea.or.kr,tourapi_cdn,,https://www.kogl.or.kr/info/licenseType3.do,2026-07-26,KTO / 한국관광공사 또는 원저작자 (미확인),kogl_3,verified,allowed,prohibited,true,,usable,item_verified,"KTO raw API의 cpyrhtDivCd=Type3 확인. source_record=2785277. 공공누리 3유형 — 출처표시 조건 충족 시 상업 허용, 수정 금지."
busan-K-00400,,,,,,2026-07-25,,unknown,unverified,unknown,unknown,unknown,,no_image,unverified,이미지 URL 없음
busan-K-00401,http://tong.visitkorea.or.kr/cms/resource/56/2790956_image2_1.JPG,tong.visitkorea.or.kr,tourapi_cdn,,https://www.kogl.or.kr/info/licenseType3.do,2026-07-26,KTO / 한국관광공사 또는 원저작자 (미확인),kogl_3,verified,allowed,prohibited,true,,usable,item_verified,"KTO raw API의 cpyrhtDivCd=Type3 확인. source_record=2785611. 공공누리 3유형 — 출처표시 조건 충족 시 상업 허용, 수정 금지."
busan-K-00402,http://tong.visitkorea.or.kr/cms/resource/07/3370707_image2_1.jpg,tong.visitkorea.or.kr,tourapi_cdn,,https://www.kogl.or.kr/info/licenseType1.do,2026-07-26,KTO / 한국관광공사 또는 원저작자 (미확인),kogl_1,verified,allowed,allowed,true,,usable,item_verified,KTO raw API의 cpyrhtDivCd=Type1 확인. source_record=2785762. 공공누리 1유형 — 출처표시 조건 충족 시 상업·수정 허용.
busan-K-00403,http://tong.visitkorea.or.kr/cms/resource/24/2800524_image2_1.jpg,tong.visitkorea.or.kr,tourapi_cdn,,https://www.kogl.or.kr/info/licenseType3.do,2026-07-26,KTO / 한국관광공사 또는 원저작자 (미확인),kogl_3,verified,allowed,prohibited,true,,usable,item_verified,"KTO raw API의 cpyrhtDivCd=Type3 확인. source_record=2785956. 공공누리 3유형 — 출처표시 조건 충족 시 상업 허용, 수정 금지."
busan-K-00404,http://tong.visitkorea.or.kr/cms/resource/49/2800449_image2_1.JPG,tong.visitkorea.or.kr,tourapi_cdn,,https://www.kogl.or.kr/info/licenseType3.do,2026-07-26,KTO / 한국관광공사 또는 원저작자 (미확인),kogl_3,verified,allowed,prohibited,true,,usable,item_verified,"KTO raw API의 cpyrhtDivCd=Type3 확인. source_record=2785965. 공공누리 3유형 — 출처표시 조건 충족 시 상업 허용, 수정 금지."
busan-K-00405,http://tong.visitkorea.or.kr/cms/resource/62/2800462_image2_1.jpg,tong.visitkorea.or.kr,tourapi_cdn,,https://www.kogl.or.kr/info/licenseType3.do,2026-07-26,KTO / 한국관광공사 또는 원저작자 (미확인),kogl_3,verified,allowed,prohibited,true,,usable,item_verified,"KTO raw API의 cpyrhtDivCd=Type3 확인. source_record=2785970. 공공누리 3유형 — 출처표시 조건 충족 시 상업 허용, 수정 금지."
busan-K-00406,http://tong.visitkorea.or.kr/cms/resource/23/2792523_image2_1.jpg,tong.visitkorea.or.kr,tourapi_cdn,,https://www.kogl.or.kr/info/licenseType3.do,2026-07-26,KTO / 한국관광공사 또는 원저작자 (미확인),kogl_3,verified,allowed,prohibited,true,,usable,item_verified,"KTO raw API의 cpyrhtDivCd=Type3 확인. source_record=2786008. 공공누리 3유형 — 출처표시 조건 충족 시 상업 허용, 수정 금지."
busan-K-00407,http://tong.visitkorea.or.kr/cms/resource/14/2797514_image2_1.JPG,tong.visitkorea.or.kr,tourapi_cdn,,https://www.kogl.or.kr/info/licenseType3.do,2026-07-26,KTO / 한국관광공사 또는 원저작자 (미확인),kogl_3,verified,allowed,prohibited,true,,usable,item_verified,"KTO raw API의 cpyrhtDivCd=Type3 확인. source_record=2786742. 공공누리 3유형 — 출처표시 조건 충족 시 상업 허용, 수정 금지."
busan-K-00408,http://tong.visitkorea.or.kr/cms/resource/45/2797545_image2_1.JPG,tong.visitkorea.or.kr,tourapi_cdn,,https://www.kogl.or.kr/info/licenseType3.do,2026-07-26,KTO / 한국관광공사 또는 원저작자 (미확인),kogl_3,verified,allowed,prohibited,true,,usable,item_verified,"KTO raw API의 cpyrhtDivCd=Type3 확인. source_record=2786766. 공공누리 3유형 — 출처표시 조건 충족 시 상업 허용, 수정 금지."
busan-K-00409,http://tong.visitkorea.or.kr/cms/resource/66/2797566_image2_1.JPG,tong.visitkorea.or.kr,tourapi_cdn,,https://www.kogl.or.kr/info/licenseType3.do,2026-07-26,KTO / 한국관광공사 또는 원저작자 (미확인),kogl_3,verified,allowed,prohibited,true,,usable,item_verified,"KTO raw API의 cpyrhtDivCd=Type3 확인. source_record=2786779. 공공누리 3유형 — 출처표시 조건 충족 시 상업 허용, 수정 금지."
busan-K-00410,http://tong.visitkorea.or.kr/cms/resource/18/2798218_image2_1.JPG,tong.visitkorea.or.kr,tourapi_cdn,,https://www.kogl.or.kr/info/licenseType3.do,2026-07-26,KTO / 한국관광공사 또는 원저작자 (미확인),kogl_3,verified,allowed,prohibited,true,,usable,item_verified,"KTO raw API의 cpyrhtDivCd=Type3 확인. source_record=2787109. 공공누리 3유형 — 출처표시 조건 충족 시 상업 허용, 수정 금지."
busan-K-00411,http://tong.visitkorea.or.kr/cms/resource/28/2790928_image2_1.JPG,tong.visitkorea.or.kr,tourapi_cdn,,https://www.kogl.or.kr/info/licenseType3.do,2026-07-26,KTO / 한국관광공사 또는 원저작자 (미확인),kogl_3,verified,allowed,prohibited,true,,usable,item_verified,"KTO raw API의 cpyrhtDivCd=Type3 확인. source_record=2787128. 공공누리 3유형 — 출처표시 조건 충족 시 상업 허용, 수정 금지."
busan-K-00412,http://tong.visitkorea.or.kr/cms/resource/79/2791979_image2_1.jpg,tong.visitkorea.or.kr,tourapi_cdn,,https://www.kogl.or.kr/info/licenseType3.do,2026-07-26,KTO / 한국관광공사 또는 원저작자 (미확인),kogl_3,verified,allowed,prohibited,true,,usable,item_verified,"KTO raw API의 cpyrhtDivCd=Type3 확인. source_record=2787137. 공공누리 3유형 — 출처표시 조건 충족 시 상업 허용, 수정 금지."
busan-K-00413,http://tong.visitkorea.or.kr/cms/resource/53/2792153_image2_1.jpg,tong.visitkorea.or.kr,tourapi_cdn,,https://www.kogl.or.kr/info/licenseType3.do,2026-07-26,KTO / 한국관광공사 또는 원저작자 (미확인),kogl_3,verified,allowed,prohibited,true,,usable,item_verified,"KTO raw API의 cpyrhtDivCd=Type3 확인. source_record=2787408. 공공누리 3유형 — 출처표시 조건 충족 시 상업 허용, 수정 금지."
busan-K-00414,http://tong.visitkorea.or.kr/cms/resource/31/3587431_image2_1.jpg,tong.visitkorea.or.kr,tourapi_cdn,,https://www.kogl.or.kr/info/licenseType3.do,2026-07-26,KTO / 한국관광공사 또는 원저작자 (미확인),kogl_3,verified,allowed,prohibited,true,,usable,item_verified,"KTO raw API의 cpyrhtDivCd=Type3 확인. source_record=2788392. 공공누리 3유형 — 출처표시 조건 충족 시 상업 허용, 수정 금지."
busan-K-00416,http://tong.visitkorea.or.kr/cms/resource/25/3561525_image2_1.jpg,tong.visitkorea.or.kr,tourapi_cdn,,https://www.kogl.or.kr/info/licenseType1.do,2026-07-26,KTO / 한국관광공사 또는 원저작자 (미확인),kogl_1,verified,allowed,allowed,true,,usable,item_verified,KTO raw API의 cpyrhtDivCd=Type1 확인. source_record=2788444. 공공누리 1유형 — 출처표시 조건 충족 시 상업·수정 허용.
busan-K-00417,http://tong.visitkorea.or.kr/cms/resource/20/3561520_image2_1.jpg,tong.visitkorea.or.kr,tourapi_cdn,,https://www.kogl.or.kr/info/licenseType1.do,2026-07-26,KTO / 한국관광공사 또는 원저작자 (미확인),kogl_1,verified,allowed,allowed,true,,usable,item_verified,KTO raw API의 cpyrhtDivCd=Type1 확인. source_record=2788451. 공공누리 1유형 — 출처표시 조건 충족 시 상업·수정 허용.
busan-K-00418,http://tong.visitkorea.or.kr/cms/resource/11/3562011_image2_1.jpg,tong.visitkorea.or.kr,tourapi_cdn,,https://www.kogl.or.kr/info/licenseType1.do,2026-07-26,KTO / 한국관광공사 또는 원저작자 (미확인),kogl_1,verified,allowed,allowed,true,,usable,item_verified,KTO raw API의 cpyrhtDivCd=Type1 확인. source_record=2788830. 공공누리 1유형 — 출처표시 조건 충족 시 상업·수정 허용.
busan-K-00419,http://tong.visitkorea.or.kr/cms/resource/45/3337845_image2_1.jpg,tong.visitkorea.or.kr,tourapi_cdn,,https://www.kogl.or.kr/info/licenseType3.do,2026-07-26,KTO / 한국관광공사 또는 원저작자 (미확인),kogl_3,verified,allowed,prohibited,true,,usable,item_verified,"KTO raw API의 cpyrhtDivCd=Type3 확인. source_record=2789334. 공공누리 3유형 — 출처표시 조건 충족 시 상업 허용, 수정 금지."
busan-K-00420,,,,,,2026-07-25,,unknown,unverified,unknown,unknown,unknown,,no_image,unverified,이미지 URL 없음
busan-K-00421,http://tong.visitkorea.or.kr/cms/resource/26/2800426_image2_1.jpg,tong.visitkorea.or.kr,tourapi_cdn,,https://www.kogl.or.kr/info/licenseType3.do,2026-07-26,KTO / 한국관광공사 또는 원저작자 (미확인),kogl_3,verified,allowed,prohibited,true,,usable,item_verified,"KTO raw API의 cpyrhtDivCd=Type3 확인. source_record=2789488. 공공누리 3유형 — 출처표시 조건 충족 시 상업 허용, 수정 금지."
busan-K-00422,http://tong.visitkorea.or.kr/cms/resource/71/2790371_image2_1.jpg,tong.visitkorea.or.kr,tourapi_cdn,,https://www.kogl.or.kr/info/licenseType3.do,2026-07-26,KTO / 한국관광공사 또는 원저작자 (미확인),kogl_3,verified,allowed,prohibited,true,,usable,item_verified,"KTO raw API의 cpyrhtDivCd=Type3 확인. source_record=2790332. 공공누리 3유형 — 출처표시 조건 충족 시 상업 허용, 수정 금지."
busan-K-00423,http://tong.visitkorea.or.kr/cms/resource/96/2790996_image2_1.JPG,tong.visitkorea.or.kr,tourapi_cdn,,https://www.kogl.or.kr/info/licenseType3.do,2026-07-26,KTO / 한국관광공사 또는 원저작자 (미확인),kogl_3,verified,allowed,prohibited,true,,usable,item_verified,"KTO raw API의 cpyrhtDivCd=Type3 확인. source_record=2790483. 공공누리 3유형 — 출처표시 조건 충족 시 상업 허용, 수정 금지."
busan-K-00424,http://tong.visitkorea.or.kr/cms/resource/23/2794823_image2_1.jpg,tong.visitkorea.or.kr,tourapi_cdn,,https://www.kogl.or.kr/info/licenseType3.do,2026-07-26,KTO / 한국관광공사 또는 원저작자 (미확인),kogl_3,verified,allowed,prohibited,true,,usable,item_verified,"KTO raw API의 cpyrhtDivCd=Type3 확인. source_record=2793181. 공공누리 3유형 — 출처표시 조건 충족 시 상업 허용, 수정 금지."
busan-K-00425,http://tong.visitkorea.or.kr/cms/resource/11/2794811_image2_1.jpg,tong.visitkorea.or.kr,tourapi_cdn,,https://www.kogl.or.kr/info/licenseType3.do,2026-07-26,KTO / 한국관광공사 또는 원저작자 (미확인),kogl_3,verified,allowed,prohibited,true,,usable,item_verified,"KTO raw API의 cpyrhtDivCd=Type3 확인. source_record=2794743. 공공누리 3유형 — 출처표시 조건 충족 시 상업 허용, 수정 금지."
busan-K-00426,http://tong.visitkorea.or.kr/cms/resource/87/2800387_image2_1.jpg,tong.visitkorea.or.kr,tourapi_cdn,,https://www.kogl.or.kr/info/licenseType3.do,2026-07-26,KTO / 한국관광공사 또는 원저작자 (미확인),kogl_3,verified,allowed,prohibited,true,,usable,item_verified,"KTO raw API의 cpyrhtDivCd=Type3 확인. source_record=2796940. 공공누리 3유형 — 출처표시 조건 충족 시 상업 허용, 수정 금지."
busan-K-00427,http://tong.visitkorea.or.kr/cms/resource/82/2804082_image2_1.jpg,tong.visitkorea.or.kr,tourapi_cdn,,https://www.kogl.or.kr/info/licenseType3.do,2026-07-26,KTO / 한국관광공사 또는 원저작자 (미확인),kogl_3,verified,allowed,prohibited,true,,usable,item_verified,"KTO raw API의 cpyrhtDivCd=Type3 확인. source_record=2804372. 공공누리 3유형 — 출처표시 조건 충족 시 상업 허용, 수정 금지."
busan-K-00430,,,,,,2026-07-25,,unknown,unverified,unknown,unknown,unknown,,no_image,unverified,이미지 URL 없음
busan-K-00431,,,,,,2026-07-25,,unknown,unverified,unknown,unknown,unknown,,no_image,unverified,이미지 URL 없음
busan-K-00432,,,,,,2026-07-25,,unknown,unverified,unknown,unknown,unknown,,no_image,unverified,이미지 URL 없음
busan-K-00434,,,,,,2026-07-25,,unknown,unverified,unknown,unknown,unknown,,no_image,unverified,이미지 URL 없음
busan-K-00435,http://tong.visitkorea.or.kr/cms/resource/28/2808328_image2_1.png,tong.visitkorea.or.kr,tourapi_cdn,,https://www.kogl.or.kr/info/licenseType3.do,2026-07-26,KTO / 한국관광공사 또는 원저작자 (미확인),kogl_3,verified,allowed,prohibited,true,,usable,item_verified,"KTO raw API의 cpyrhtDivCd=Type3 확인. source_record=2811461. 공공누리 3유형 — 출처표시 조건 충족 시 상업 허용, 수정 금지."
busan-K-00437,http://tong.visitkorea.or.kr/cms/resource/61/2815961_image2_1.jpg,tong.visitkorea.or.kr,tourapi_cdn,,https://www.kogl.or.kr/info/licenseType3.do,2026-07-26,KTO / 한국관광공사 또는 원저작자 (미확인),kogl_3,verified,allowed,prohibited,true,,usable,item_verified,"KTO raw API의 cpyrhtDivCd=Type3 확인. source_record=2816102. 공공누리 3유형 — 출처표시 조건 충족 시 상업 허용, 수정 금지."
busan-K-00438,,,,,,2026-07-25,,unknown,unverified,unknown,unknown,unknown,,no_image,unverified,이미지 URL 없음
busan-K-00439,http://tong.visitkorea.or.kr/cms/resource/07/3529807_image2_1.jpg,tong.visitkorea.or.kr,tourapi_cdn,,https://www.kogl.or.kr/info/licenseType3.do,2026-07-26,KTO / 한국관광공사 또는 원저작자 (미확인),kogl_3,verified,allowed,prohibited,true,,usable,item_verified,"KTO raw API의 cpyrhtDivCd=Type3 확인. source_record=2818890. 공공누리 3유형 — 출처표시 조건 충족 시 상업 허용, 수정 금지."
busan-K-00441,http://tong.visitkorea.or.kr/cms/resource/33/2822333_image2_1.png,tong.visitkorea.or.kr,tourapi_cdn,,https://www.kogl.or.kr/info/licenseType1.do,2026-07-26,KTO / 한국관광공사 또는 원저작자 (미확인),kogl_1,verified,allowed,allowed,true,,usable,item_verified,KTO raw API의 cpyrhtDivCd=Type1 확인. source_record=2822334. 공공누리 1유형 — 출처표시 조건 충족 시 상업·수정 허용.
busan-K-00442,http://tong.visitkorea.or.kr/cms/resource/37/2822337_image2_1.png,tong.visitkorea.or.kr,tourapi_cdn,,https://www.kogl.or.kr/info/licenseType1.do,2026-07-26,KTO / 한국관광공사 또는 원저작자 (미확인),kogl_1,verified,allowed,allowed,true,,usable,item_verified,KTO raw API의 cpyrhtDivCd=Type1 확인. source_record=2822343. 공공누리 1유형 — 출처표시 조건 충족 시 상업·수정 허용.
busan-K-00443,http://tong.visitkorea.or.kr/cms/resource/98/2822898_image2_1.jpg,tong.visitkorea.or.kr,tourapi_cdn,,https://www.kogl.or.kr/info/licenseType3.do,2026-07-26,KTO / 한국관광공사 또는 원저작자 (미확인),kogl_3,verified,allowed,prohibited,true,,usable,item_verified,"KTO raw API의 cpyrhtDivCd=Type3 확인. source_record=2822838. 공공누리 3유형 — 출처표시 조건 충족 시 상업 허용, 수정 금지."
busan-K-00445,http://tong.visitkorea.or.kr/cms/resource/67/2822867_image2_1.jpg,tong.visitkorea.or.kr,tourapi_cdn,,https://www.kogl.or.kr/info/licenseType3.do,2026-07-26,KTO / 한국관광공사 또는 원저작자 (미확인),kogl_3,verified,allowed,prohibited,true,,usable,item_verified,"KTO raw API의 cpyrhtDivCd=Type3 확인. source_record=2822910. 공공누리 3유형 — 출처표시 조건 충족 시 상업 허용, 수정 금지."
busan-K-00447,http://tong.visitkorea.or.kr/cms/resource/05/3583005_image2_1.jpg,tong.visitkorea.or.kr,tourapi_cdn,,https://www.kogl.or.kr/info/licenseType3.do,2026-07-26,KTO / 한국관광공사 또는 원저작자 (미확인),kogl_3,verified,allowed,prohibited,true,,usable,item_verified,"KTO raw API의 cpyrhtDivCd=Type3 확인. source_record=2825115. 공공누리 3유형 — 출처표시 조건 충족 시 상업 허용, 수정 금지."
busan-K-00448,http://tong.visitkorea.or.kr/cms/resource/33/2832633_image2_1.jpg,tong.visitkorea.or.kr,tourapi_cdn,,https://www.kogl.or.kr/info/licenseType3.do,2026-07-26,KTO / 한국관광공사 또는 원저작자 (미확인),kogl_3,verified,allowed,prohibited,true,,usable,item_verified,"KTO raw API의 cpyrhtDivCd=Type3 확인. source_record=2832636. 공공누리 3유형 — 출처표시 조건 충족 시 상업 허용, 수정 금지."
busan-K-00449,http://tong.visitkorea.or.kr/cms/resource/39/2832639_image2_1.jpg,tong.visitkorea.or.kr,tourapi_cdn,,https://www.kogl.or.kr/info/licenseType3.do,2026-07-26,KTO / 한국관광공사 또는 원저작자 (미확인),kogl_3,verified,allowed,prohibited,true,,usable,item_verified,"KTO raw API의 cpyrhtDivCd=Type3 확인. source_record=2832642. 공공누리 3유형 — 출처표시 조건 충족 시 상업 허용, 수정 금지."
busan-K-00450,http://tong.visitkorea.or.kr/cms/resource/46/2832646_image2_1.jpg,tong.visitkorea.or.kr,tourapi_cdn,,https://www.kogl.or.kr/info/licenseType3.do,2026-07-26,KTO / 한국관광공사 또는 원저작자 (미확인),kogl_3,verified,allowed,prohibited,true,,usable,item_verified,"KTO raw API의 cpyrhtDivCd=Type3 확인. source_record=2832649. 공공누리 3유형 — 출처표시 조건 충족 시 상업 허용, 수정 금지."
busan-K-00451,http://tong.visitkorea.or.kr/cms/resource/54/2832654_image2_1.jpg,tong.visitkorea.or.kr,tourapi_cdn,,https://www.kogl.or.kr/info/licenseType3.do,2026-07-26,KTO / 한국관광공사 또는 원저작자 (미확인),kogl_3,verified,allowed,prohibited,true,,usable,item_verified,"KTO raw API의 cpyrhtDivCd=Type3 확인. source_record=2832655. 공공누리 3유형 — 출처표시 조건 충족 시 상업 허용, 수정 금지."
busan-K-00453,http://tong.visitkorea.or.kr/cms/resource/94/2832694_image2_1.jpg,tong.visitkorea.or.kr,tourapi_cdn,,https://www.kogl.or.kr/info/licenseType3.do,2026-07-26,KTO / 한국관광공사 또는 원저작자 (미확인),kogl_3,verified,allowed,prohibited,true,,usable,item_verified,"KTO raw API의 cpyrhtDivCd=Type3 확인. source_record=2832700. 공공누리 3유형 — 출처표시 조건 충족 시 상업 허용, 수정 금지."
busan-K-00454,http://tong.visitkorea.or.kr/cms/resource/06/2832706_image2_1.jpg,tong.visitkorea.or.kr,tourapi_cdn,,https://www.kogl.or.kr/info/licenseType3.do,2026-07-26,KTO / 한국관광공사 또는 원저작자 (미확인),kogl_3,verified,allowed,prohibited,true,,usable,item_verified,"KTO raw API의 cpyrhtDivCd=Type3 확인. source_record=2832712. 공공누리 3유형 — 출처표시 조건 충족 시 상업 허용, 수정 금지."
busan-K-00455,http://tong.visitkorea.or.kr/cms/resource/15/2832715_image2_1.jpg,tong.visitkorea.or.kr,tourapi_cdn,,https://www.kogl.or.kr/info/licenseType3.do,2026-07-26,KTO / 한국관광공사 또는 원저작자 (미확인),kogl_3,verified,allowed,prohibited,true,,usable,item_verified,"KTO raw API의 cpyrhtDivCd=Type3 확인. source_record=2832717. 공공누리 3유형 — 출처표시 조건 충족 시 상업 허용, 수정 금지."
busan-K-00456,http://tong.visitkorea.or.kr/cms/resource/22/2832722_image2_1.jpg,tong.visitkorea.or.kr,tourapi_cdn,,https://www.kogl.or.kr/info/licenseType3.do,2026-07-26,KTO / 한국관광공사 또는 원저작자 (미확인),kogl_3,verified,allowed,prohibited,true,,usable,item_verified,"KTO raw API의 cpyrhtDivCd=Type3 확인. source_record=2832723. 공공누리 3유형 — 출처표시 조건 충족 시 상업 허용, 수정 금지."
busan-K-00458,http://tong.visitkorea.or.kr/cms/resource/43/2833243_image2_1.jpg,tong.visitkorea.or.kr,tourapi_cdn,,https://www.kogl.or.kr/info/licenseType3.do,2026-07-26,KTO / 한국관광공사 또는 원저작자 (미확인),kogl_3,verified,allowed,prohibited,true,,usable,item_verified,"KTO raw API의 cpyrhtDivCd=Type3 확인. source_record=2833257. 공공누리 3유형 — 출처표시 조건 충족 시 상업 허용, 수정 금지."
busan-K-00459,http://tong.visitkorea.or.kr/cms/resource/60/2836060_image2_1.jpg,tong.visitkorea.or.kr,tourapi_cdn,,https://www.kogl.or.kr/info/licenseType3.do,2026-07-26,KTO / 한국관광공사 또는 원저작자 (미확인),kogl_3,verified,allowed,prohibited,true,,usable,item_verified,"KTO raw API의 cpyrhtDivCd=Type3 확인. source_record=2834026. 공공누리 3유형 — 출처표시 조건 충족 시 상업 허용, 수정 금지."
busan-K-00460,http://tong.visitkorea.or.kr/cms/resource/98/2836398_image2_1.jpg,tong.visitkorea.or.kr,tourapi_cdn,,https://www.kogl.or.kr/info/licenseType3.do,2026-07-26,KTO / 한국관광공사 또는 원저작자 (미확인),kogl_3,verified,allowed,prohibited,true,,usable,item_verified,"KTO raw API의 cpyrhtDivCd=Type3 확인. source_record=2836405. 공공누리 3유형 — 출처표시 조건 충족 시 상업 허용, 수정 금지."
busan-K-00462,http://tong.visitkorea.or.kr/cms/resource/16/2836416_image2_1.jpg,tong.visitkorea.or.kr,tourapi_cdn,,https://www.kogl.or.kr/info/licenseType3.do,2026-07-26,KTO / 한국관광공사 또는 원저작자 (미확인),kogl_3,verified,allowed,prohibited,true,,usable,item_verified,"KTO raw API의 cpyrhtDivCd=Type3 확인. source_record=2836424. 공공누리 3유형 — 출처표시 조건 충족 시 상업 허용, 수정 금지."
busan-K-00463,http://tong.visitkorea.or.kr/cms/resource/30/2836430_image2_1.jpg,tong.visitkorea.or.kr,tourapi_cdn,,https://www.kogl.or.kr/info/licenseType3.do,2026-07-26,KTO / 한국관광공사 또는 원저작자 (미확인),kogl_3,verified,allowed,prohibited,true,,usable,item_verified,"KTO raw API의 cpyrhtDivCd=Type3 확인. source_record=2836431. 공공누리 3유형 — 출처표시 조건 충족 시 상업 허용, 수정 금지."
busan-K-00466,http://tong.visitkorea.or.kr/cms/resource/04/2838404_image2_1.jpg,tong.visitkorea.or.kr,tourapi_cdn,,https://www.kogl.or.kr/info/licenseType3.do,2026-07-26,KTO / 한국관광공사 또는 원저작자 (미확인),kogl_3,verified,allowed,prohibited,true,,usable,item_verified,"KTO raw API의 cpyrhtDivCd=Type3 확인. source_record=2838418. 공공누리 3유형 — 출처표시 조건 충족 시 상업 허용, 수정 금지."
busan-K-00467,http://tong.visitkorea.or.kr/cms/resource/22/2838422_image2_1.jpg,tong.visitkorea.or.kr,tourapi_cdn,,https://www.kogl.or.kr/info/licenseType3.do,2026-07-26,KTO / 한국관광공사 또는 원저작자 (미확인),kogl_3,verified,allowed,prohibited,true,,usable,item_verified,"KTO raw API의 cpyrhtDivCd=Type3 확인. source_record=2838432. 공공누리 3유형 — 출처표시 조건 충족 시 상업 허용, 수정 금지."
busan-K-00469,,,,,,2026-07-25,,unknown,unverified,unknown,unknown,unknown,,no_image,unverified,이미지 URL 없음
busan-K-00470,http://tong.visitkorea.or.kr/cms/resource/00/2838800_image2_1.jpg,tong.visitkorea.or.kr,tourapi_cdn,,https://www.kogl.or.kr/info/licenseType3.do,2026-07-26,KTO / 한국관광공사 또는 원저작자 (미확인),kogl_3,verified,allowed,prohibited,true,,usable,item_verified,"KTO raw API의 cpyrhtDivCd=Type3 확인. source_record=2838820. 공공누리 3유형 — 출처표시 조건 충족 시 상업 허용, 수정 금지."
busan-K-00472,http://tong.visitkorea.or.kr/cms/resource/63/2838863_image2_1.jpg,tong.visitkorea.or.kr,tourapi_cdn,,https://www.kogl.or.kr/info/licenseType3.do,2026-07-26,KTO / 한국관광공사 또는 원저작자 (미확인),kogl_3,verified,allowed,prohibited,true,,usable,item_verified,"KTO raw API의 cpyrhtDivCd=Type3 확인. source_record=2838872. 공공누리 3유형 — 출처표시 조건 충족 시 상업 허용, 수정 금지."
busan-K-00473,http://tong.visitkorea.or.kr/cms/resource/78/2838878_image2_1.jpg,tong.visitkorea.or.kr,tourapi_cdn,,https://www.kogl.or.kr/info/licenseType3.do,2026-07-26,KTO / 한국관광공사 또는 원저작자 (미확인),kogl_3,verified,allowed,prohibited,true,,usable,item_verified,"KTO raw API의 cpyrhtDivCd=Type3 확인. source_record=2838889. 공공누리 3유형 — 출처표시 조건 충족 시 상업 허용, 수정 금지."
busan-K-00474,http://tong.visitkorea.or.kr/cms/resource/97/2838897_image2_1.jpg,tong.visitkorea.or.kr,tourapi_cdn,,https://www.kogl.or.kr/info/licenseType3.do,2026-07-26,KTO / 한국관광공사 또는 원저작자 (미확인),kogl_3,verified,allowed,prohibited,true,,usable,item_verified,"KTO raw API의 cpyrhtDivCd=Type3 확인. source_record=2838907. 공공누리 3유형 — 출처표시 조건 충족 시 상업 허용, 수정 금지."
busan-K-00475,http://tong.visitkorea.or.kr/cms/resource/29/2838929_image2_1.jpg,tong.visitkorea.or.kr,tourapi_cdn,,https://www.kogl.or.kr/info/licenseType3.do,2026-07-26,KTO / 한국관광공사 또는 원저작자 (미확인),kogl_3,verified,allowed,prohibited,true,,usable,item_verified,"KTO raw API의 cpyrhtDivCd=Type3 확인. source_record=2838935. 공공누리 3유형 — 출처표시 조건 충족 시 상업 허용, 수정 금지."
busan-K-00476,http://tong.visitkorea.or.kr/cms/resource/58/2838958_image2_1.jpg,tong.visitkorea.or.kr,tourapi_cdn,,https://www.kogl.or.kr/info/licenseType3.do,2026-07-26,KTO / 한국관광공사 또는 원저작자 (미확인),kogl_3,verified,allowed,prohibited,true,,usable,item_verified,"KTO raw API의 cpyrhtDivCd=Type3 확인. source_record=2838973. 공공누리 3유형 — 출처표시 조건 충족 시 상업 허용, 수정 금지."
busan-K-00477,http://tong.visitkorea.or.kr/cms/resource/60/2840860_image2_1.jpg,tong.visitkorea.or.kr,tourapi_cdn,,https://www.kogl.or.kr/info/licenseType3.do,2026-07-26,KTO / 한국관광공사 또는 원저작자 (미확인),kogl_3,verified,allowed,prohibited,true,,usable,item_verified,"KTO raw API의 cpyrhtDivCd=Type3 확인. source_record=2840883. 공공누리 3유형 — 출처표시 조건 충족 시 상업 허용, 수정 금지."
busan-K-00478,http://tong.visitkorea.or.kr/cms/resource/87/2840887_image2_1.jpg,tong.visitkorea.or.kr,tourapi_cdn,,https://www.kogl.or.kr/info/licenseType3.do,2026-07-26,KTO / 한국관광공사 또는 원저작자 (미확인),kogl_3,verified,allowed,prohibited,true,,usable,item_verified,"KTO raw API의 cpyrhtDivCd=Type3 확인. source_record=2840901. 공공누리 3유형 — 출처표시 조건 충족 시 상업 허용, 수정 금지."
busan-K-00480,http://tong.visitkorea.or.kr/cms/resource/33/2840933_image2_1.jpg,tong.visitkorea.or.kr,tourapi_cdn,,https://www.kogl.or.kr/info/licenseType3.do,2026-07-26,KTO / 한국관광공사 또는 원저작자 (미확인),kogl_3,verified,allowed,prohibited,true,,usable,item_verified,"KTO raw API의 cpyrhtDivCd=Type3 확인. source_record=2840956. 공공누리 3유형 — 출처표시 조건 충족 시 상업 허용, 수정 금지."
busan-K-00482,http://tong.visitkorea.or.kr/cms/resource/07/2841007_image2_1.jpg,tong.visitkorea.or.kr,tourapi_cdn,,https://www.kogl.or.kr/info/licenseType3.do,2026-07-26,KTO / 한국관광공사 또는 원저작자 (미확인),kogl_3,verified,allowed,prohibited,true,,usable,item_verified,"KTO raw API의 cpyrhtDivCd=Type3 확인. source_record=2841018. 공공누리 3유형 — 출처표시 조건 충족 시 상업 허용, 수정 금지."
busan-K-00483,http://tong.visitkorea.or.kr/cms/resource/24/2841024_image2_1.jpg,tong.visitkorea.or.kr,tourapi_cdn,,https://www.kogl.or.kr/info/licenseType3.do,2026-07-26,KTO / 한국관광공사 또는 원저작자 (미확인),kogl_3,verified,allowed,prohibited,true,,usable,item_verified,"KTO raw API의 cpyrhtDivCd=Type3 확인. source_record=2841029. 공공누리 3유형 — 출처표시 조건 충족 시 상업 허용, 수정 금지."
busan-K-00484,http://tong.visitkorea.or.kr/cms/resource/43/2841043_image2_1.jpg,tong.visitkorea.or.kr,tourapi_cdn,,https://www.kogl.or.kr/info/licenseType3.do,2026-07-26,KTO / 한국관광공사 또는 원저작자 (미확인),kogl_3,verified,allowed,prohibited,true,,usable,item_verified,"KTO raw API의 cpyrhtDivCd=Type3 확인. source_record=2841052. 공공누리 3유형 — 출처표시 조건 충족 시 상업 허용, 수정 금지."
busan-K-00485,http://tong.visitkorea.or.kr/cms/resource/58/2841058_image2_1.jpg,tong.visitkorea.or.kr,tourapi_cdn,,https://www.kogl.or.kr/info/licenseType3.do,2026-07-26,KTO / 한국관광공사 또는 원저작자 (미확인),kogl_3,verified,allowed,prohibited,true,,usable,item_verified,"KTO raw API의 cpyrhtDivCd=Type3 확인. source_record=2841064. 공공누리 3유형 — 출처표시 조건 충족 시 상업 허용, 수정 금지."
busan-K-00486,http://tong.visitkorea.or.kr/cms/resource/98/2841398_image2_1.jpg,tong.visitkorea.or.kr,tourapi_cdn,,https://www.kogl.or.kr/info/licenseType3.do,2026-07-26,KTO / 한국관광공사 또는 원저작자 (미확인),kogl_3,verified,allowed,prohibited,true,,usable,item_verified,"KTO raw API의 cpyrhtDivCd=Type3 확인. source_record=2841417. 공공누리 3유형 — 출처표시 조건 충족 시 상업 허용, 수정 금지."
busan-K-00488,http://tong.visitkorea.or.kr/cms/resource/76/2841476_image2_1.jpg,tong.visitkorea.or.kr,tourapi_cdn,,https://www.kogl.or.kr/info/licenseType3.do,2026-07-26,KTO / 한국관광공사 또는 원저작자 (미확인),kogl_3,verified,allowed,prohibited,true,,usable,item_verified,"KTO raw API의 cpyrhtDivCd=Type3 확인. source_record=2841481. 공공누리 3유형 — 출처표시 조건 충족 시 상업 허용, 수정 금지."
busan-K-00489,http://tong.visitkorea.or.kr/cms/resource/93/2841493_image2_1.jpg,tong.visitkorea.or.kr,tourapi_cdn,,https://www.kogl.or.kr/info/licenseType3.do,2026-07-26,KTO / 한국관광공사 또는 원저작자 (미확인),kogl_3,verified,allowed,prohibited,true,,usable,item_verified,"KTO raw API의 cpyrhtDivCd=Type3 확인. source_record=2841499. 공공누리 3유형 — 출처표시 조건 충족 시 상업 허용, 수정 금지."
busan-K-00490,http://tong.visitkorea.or.kr/cms/resource/09/2841509_image2_1.jpg,tong.visitkorea.or.kr,tourapi_cdn,,https://www.kogl.or.kr/info/licenseType3.do,2026-07-26,KTO / 한국관광공사 또는 원저작자 (미확인),kogl_3,verified,allowed,prohibited,true,,usable,item_verified,"KTO raw API의 cpyrhtDivCd=Type3 확인. source_record=2841524. 공공누리 3유형 — 출처표시 조건 충족 시 상업 허용, 수정 금지."
busan-K-00491,http://tong.visitkorea.or.kr/cms/resource/55/2844255_image2_1.jpg,tong.visitkorea.or.kr,tourapi_cdn,,https://www.kogl.or.kr/info/licenseType3.do,2026-07-26,KTO / 한국관광공사 또는 원저작자 (미확인),kogl_3,verified,allowed,prohibited,true,,usable,item_verified,"KTO raw API의 cpyrhtDivCd=Type3 확인. source_record=2844259. 공공누리 3유형 — 출처표시 조건 충족 시 상업 허용, 수정 금지."
busan-K-00492,http://tong.visitkorea.or.kr/cms/resource/32/2844632_image2_1.jpg,tong.visitkorea.or.kr,tourapi_cdn,,https://www.kogl.or.kr/info/licenseType3.do,2026-07-26,KTO / 한국관광공사 또는 원저작자 (미확인),kogl_3,verified,allowed,prohibited,true,,usable,item_verified,"KTO raw API의 cpyrhtDivCd=Type3 확인. source_record=2844638. 공공누리 3유형 — 출처표시 조건 충족 시 상업 허용, 수정 금지."
busan-K-00493,http://tong.visitkorea.or.kr/cms/resource/41/2844641_image2_1.jpg,tong.visitkorea.or.kr,tourapi_cdn,,https://www.kogl.or.kr/info/licenseType3.do,2026-07-26,KTO / 한국관광공사 또는 원저작자 (미확인),kogl_3,verified,allowed,prohibited,true,,usable,item_verified,"KTO raw API의 cpyrhtDivCd=Type3 확인. source_record=2844643. 공공누리 3유형 — 출처표시 조건 충족 시 상업 허용, 수정 금지."
busan-K-00494,http://tong.visitkorea.or.kr/cms/resource/74/2844674_image2_1.jpg,tong.visitkorea.or.kr,tourapi_cdn,,https://www.kogl.or.kr/info/licenseType3.do,2026-07-26,KTO / 한국관광공사 또는 원저작자 (미확인),kogl_3,verified,allowed,prohibited,true,,usable,item_verified,"KTO raw API의 cpyrhtDivCd=Type3 확인. source_record=2844677. 공공누리 3유형 — 출처표시 조건 충족 시 상업 허용, 수정 금지."
busan-K-00495,http://tong.visitkorea.or.kr/cms/resource/84/2844684_image2_1.jpg,tong.visitkorea.or.kr,tourapi_cdn,,https://www.kogl.or.kr/info/licenseType3.do,2026-07-26,KTO / 한국관광공사 또는 원저작자 (미확인),kogl_3,verified,allowed,prohibited,true,,usable,item_verified,"KTO raw API의 cpyrhtDivCd=Type3 확인. source_record=2844687. 공공누리 3유형 — 출처표시 조건 충족 시 상업 허용, 수정 금지."
busan-K-00496,http://tong.visitkorea.or.kr/cms/resource/96/2844696_image2_1.jpg,tong.visitkorea.or.kr,tourapi_cdn,,https://www.kogl.or.kr/info/licenseType3.do,2026-07-26,KTO / 한국관광공사 또는 원저작자 (미확인),kogl_3,verified,allowed,prohibited,true,,usable,item_verified,"KTO raw API의 cpyrhtDivCd=Type3 확인. source_record=2844698. 공공누리 3유형 — 출처표시 조건 충족 시 상업 허용, 수정 금지."
busan-K-00497,http://tong.visitkorea.or.kr/cms/resource/32/2844732_image2_1.jpg,tong.visitkorea.or.kr,tourapi_cdn,,https://www.kogl.or.kr/info/licenseType3.do,2026-07-26,KTO / 한국관광공사 또는 원저작자 (미확인),kogl_3,verified,allowed,prohibited,true,,usable,item_verified,"KTO raw API의 cpyrhtDivCd=Type3 확인. source_record=2844738. 공공누리 3유형 — 출처표시 조건 충족 시 상업 허용, 수정 금지."
busan-K-00499,http://tong.visitkorea.or.kr/cms/resource/05/2845005_image2_1.jpg,tong.visitkorea.or.kr,tourapi_cdn,,https://www.kogl.or.kr/info/licenseType3.do,2026-07-26,KTO / 한국관광공사 또는 원저작자 (미확인),kogl_3,verified,allowed,prohibited,true,,usable,item_verified,"KTO raw API의 cpyrhtDivCd=Type3 확인. source_record=2845011. 공공누리 3유형 — 출처표시 조건 충족 시 상업 허용, 수정 금지."
busan-K-00500,http://tong.visitkorea.or.kr/cms/resource/18/2845018_image2_1.jpg,tong.visitkorea.or.kr,tourapi_cdn,,https://www.kogl.or.kr/info/licenseType3.do,2026-07-26,KTO / 한국관광공사 또는 원저작자 (미확인),kogl_3,verified,allowed,prohibited,true,,usable,item_verified,"KTO raw API의 cpyrhtDivCd=Type3 확인. source_record=2845027. 공공누리 3유형 — 출처표시 조건 충족 시 상업 허용, 수정 금지."
busan-K-00501,http://tong.visitkorea.or.kr/cms/resource/33/2845033_image2_1.jpg,tong.visitkorea.or.kr,tourapi_cdn,,https://www.kogl.or.kr/info/licenseType3.do,2026-07-26,KTO / 한국관광공사 또는 원저작자 (미확인),kogl_3,verified,allowed,prohibited,true,,usable,item_verified,"KTO raw API의 cpyrhtDivCd=Type3 확인. source_record=2845041. 공공누리 3유형 — 출처표시 조건 충족 시 상업 허용, 수정 금지."
busan-K-00502,http://tong.visitkorea.or.kr/cms/resource/60/2845060_image2_1.jpg,tong.visitkorea.or.kr,tourapi_cdn,,https://www.kogl.or.kr/info/licenseType3.do,2026-07-26,KTO / 한국관광공사 또는 원저작자 (미확인),kogl_3,verified,allowed,prohibited,true,,usable,item_verified,"KTO raw API의 cpyrhtDivCd=Type3 확인. source_record=2845069. 공공누리 3유형 — 출처표시 조건 충족 시 상업 허용, 수정 금지."
busan-K-00503,http://tong.visitkorea.or.kr/cms/resource/78/2845078_image2_1.jpg,tong.visitkorea.or.kr,tourapi_cdn,,https://www.kogl.or.kr/info/licenseType3.do,2026-07-26,KTO / 한국관광공사 또는 원저작자 (미확인),kogl_3,verified,allowed,prohibited,true,,usable,item_verified,"KTO raw API의 cpyrhtDivCd=Type3 확인. source_record=2845094. 공공누리 3유형 — 출처표시 조건 충족 시 상업 허용, 수정 금지."
busan-K-00504,http://tong.visitkorea.or.kr/cms/resource/06/2845106_image2_1.jpg,tong.visitkorea.or.kr,tourapi_cdn,,https://www.kogl.or.kr/info/licenseType3.do,2026-07-26,KTO / 한국관광공사 또는 원저작자 (미확인),kogl_3,verified,allowed,prohibited,true,,usable,item_verified,"KTO raw API의 cpyrhtDivCd=Type3 확인. source_record=2845123. 공공누리 3유형 — 출처표시 조건 충족 시 상업 허용, 수정 금지."
busan-K-00506,http://tong.visitkorea.or.kr/cms/resource/70/2847870_image2_1.jpg,tong.visitkorea.or.kr,tourapi_cdn,,https://www.kogl.or.kr/info/licenseType3.do,2026-07-26,KTO / 한국관광공사 또는 원저작자 (미확인),kogl_3,verified,allowed,prohibited,true,,usable,item_verified,"KTO raw API의 cpyrhtDivCd=Type3 확인. source_record=2847877. 공공누리 3유형 — 출처표시 조건 충족 시 상업 허용, 수정 금지."
busan-K-00507,http://tong.visitkorea.or.kr/cms/resource/82/2847882_image2_1.jpg,tong.visitkorea.or.kr,tourapi_cdn,,https://www.kogl.or.kr/info/licenseType3.do,2026-07-26,KTO / 한국관광공사 또는 원저작자 (미확인),kogl_3,verified,allowed,prohibited,true,,usable,item_verified,"KTO raw API의 cpyrhtDivCd=Type3 확인. source_record=2847893. 공공누리 3유형 — 출처표시 조건 충족 시 상업 허용, 수정 금지."
busan-K-00508,http://tong.visitkorea.or.kr/cms/resource/99/2847899_image2_1.jpg,tong.visitkorea.or.kr,tourapi_cdn,,https://www.kogl.or.kr/info/licenseType3.do,2026-07-26,KTO / 한국관광공사 또는 원저작자 (미확인),kogl_3,verified,allowed,prohibited,true,,usable,item_verified,"KTO raw API의 cpyrhtDivCd=Type3 확인. source_record=2847910. 공공누리 3유형 — 출처표시 조건 충족 시 상업 허용, 수정 금지."
busan-K-00510,http://tong.visitkorea.or.kr/cms/resource/20/2848820_image2_1.jpg,tong.visitkorea.or.kr,tourapi_cdn,,https://www.kogl.or.kr/info/licenseType3.do,2026-07-26,KTO / 한국관광공사 또는 원저작자 (미확인),kogl_3,verified,allowed,prohibited,true,,usable,item_verified,"KTO raw API의 cpyrhtDivCd=Type3 확인. source_record=2848924. 공공누리 3유형 — 출처표시 조건 충족 시 상업 허용, 수정 금지."
busan-K-00511,http://tong.visitkorea.or.kr/cms/resource/93/2848793_image2_1.jpg,tong.visitkorea.or.kr,tourapi_cdn,,https://www.kogl.or.kr/info/licenseType3.do,2026-07-26,KTO / 한국관광공사 또는 원저작자 (미확인),kogl_3,verified,allowed,prohibited,true,,usable,item_verified,"KTO raw API의 cpyrhtDivCd=Type3 확인. source_record=2848930. 공공누리 3유형 — 출처표시 조건 충족 시 상업 허용, 수정 금지."
busan-K-00512,http://tong.visitkorea.or.kr/cms/resource/59/2848759_image2_1.jpg,tong.visitkorea.or.kr,tourapi_cdn,,https://www.kogl.or.kr/info/licenseType3.do,2026-07-26,KTO / 한국관광공사 또는 원저작자 (미확인),kogl_3,verified,allowed,prohibited,true,,usable,item_verified,"KTO raw API의 cpyrhtDivCd=Type3 확인. source_record=2848939. 공공누리 3유형 — 출처표시 조건 충족 시 상업 허용, 수정 금지."
busan-K-00513,http://tong.visitkorea.or.kr/cms/resource/92/2848692_image2_1.jpg,tong.visitkorea.or.kr,tourapi_cdn,,https://www.kogl.or.kr/info/licenseType3.do,2026-07-26,KTO / 한국관광공사 또는 원저작자 (미확인),kogl_3,verified,allowed,prohibited,true,,usable,item_verified,"KTO raw API의 cpyrhtDivCd=Type3 확인. source_record=2848949. 공공누리 3유형 — 출처표시 조건 충족 시 상업 허용, 수정 금지."
busan-K-00514,http://tong.visitkorea.or.kr/cms/resource/63/2848663_image2_1.jpg,tong.visitkorea.or.kr,tourapi_cdn,,https://www.kogl.or.kr/info/licenseType3.do,2026-07-26,KTO / 한국관광공사 또는 원저작자 (미확인),kogl_3,verified,allowed,prohibited,true,,usable,item_verified,"KTO raw API의 cpyrhtDivCd=Type3 확인. source_record=2848952. 공공누리 3유형 — 출처표시 조건 충족 시 상업 허용, 수정 금지."
busan-K-00515,http://tong.visitkorea.or.kr/cms/resource/74/2852174_image2_1.jpg,tong.visitkorea.or.kr,tourapi_cdn,,https://www.kogl.or.kr/info/licenseType3.do,2026-07-26,KTO / 한국관광공사 또는 원저작자 (미확인),kogl_3,verified,allowed,prohibited,true,,usable,item_verified,"KTO raw API의 cpyrhtDivCd=Type3 확인. source_record=2852185. 공공누리 3유형 — 출처표시 조건 충족 시 상업 허용, 수정 금지."
busan-K-00516,http://tong.visitkorea.or.kr/cms/resource/93/3072393_image2_1.jpg,tong.visitkorea.or.kr,tourapi_cdn,,https://www.kogl.or.kr/info/licenseType3.do,2026-07-26,KTO / 한국관광공사 또는 원저작자 (미확인),kogl_3,verified,allowed,prohibited,true,,usable,item_verified,"KTO raw API의 cpyrhtDivCd=Type3 확인. source_record=2852200. 공공누리 3유형 — 출처표시 조건 충족 시 상업 허용, 수정 금지."
busan-K-00517,http://tong.visitkorea.or.kr/cms/resource/30/2852230_image2_1.jpg,tong.visitkorea.or.kr,tourapi_cdn,,https://www.kogl.or.kr/info/licenseType3.do,2026-07-26,KTO / 한국관광공사 또는 원저작자 (미확인),kogl_3,verified,allowed,prohibited,true,,usable,item_verified,"KTO raw API의 cpyrhtDivCd=Type3 확인. source_record=2852238. 공공누리 3유형 — 출처표시 조건 충족 시 상업 허용, 수정 금지."
busan-K-00518,http://tong.visitkorea.or.kr/cms/resource/42/2852242_image2_1.jpg,tong.visitkorea.or.kr,tourapi_cdn,,https://www.kogl.or.kr/info/licenseType3.do,2026-07-26,KTO / 한국관광공사 또는 원저작자 (미확인),kogl_3,verified,allowed,prohibited,true,,usable,item_verified,"KTO raw API의 cpyrhtDivCd=Type3 확인. source_record=2852250. 공공누리 3유형 — 출처표시 조건 충족 시 상업 허용, 수정 금지."
busan-K-00519,http://tong.visitkorea.or.kr/cms/resource/56/2852256_image2_1.jpg,tong.visitkorea.or.kr,tourapi_cdn,,https://www.kogl.or.kr/info/licenseType3.do,2026-07-26,KTO / 한국관광공사 또는 원저작자 (미확인),kogl_3,verified,allowed,prohibited,true,,usable,item_verified,"KTO raw API의 cpyrhtDivCd=Type3 확인. source_record=2852263. 공공누리 3유형 — 출처표시 조건 충족 시 상업 허용, 수정 금지."
busan-K-00520,http://tong.visitkorea.or.kr/cms/resource/69/2852269_image2_1.jpg,tong.visitkorea.or.kr,tourapi_cdn,,https://www.kogl.or.kr/info/licenseType3.do,2026-07-26,KTO / 한국관광공사 또는 원저작자 (미확인),kogl_3,verified,allowed,prohibited,true,,usable,item_verified,"KTO raw API의 cpyrhtDivCd=Type3 확인. source_record=2852277. 공공누리 3유형 — 출처표시 조건 충족 시 상업 허용, 수정 금지."
busan-K-00521,http://tong.visitkorea.or.kr/cms/resource/85/2852285_image2_1.jpg,tong.visitkorea.or.kr,tourapi_cdn,,https://www.kogl.or.kr/info/licenseType3.do,2026-07-26,KTO / 한국관광공사 또는 원저작자 (미확인),kogl_3,verified,allowed,prohibited,true,,usable,item_verified,"KTO raw API의 cpyrhtDivCd=Type3 확인. source_record=2852289. 공공누리 3유형 — 출처표시 조건 충족 시 상업 허용, 수정 금지."
busan-K-00522,http://tong.visitkorea.or.kr/cms/resource/97/2852297_image2_1.jpg,tong.visitkorea.or.kr,tourapi_cdn,,https://www.kogl.or.kr/info/licenseType3.do,2026-07-26,KTO / 한국관광공사 또는 원저작자 (미확인),kogl_3,verified,allowed,prohibited,true,,usable,item_verified,"KTO raw API의 cpyrhtDivCd=Type3 확인. source_record=2852301. 공공누리 3유형 — 출처표시 조건 충족 시 상업 허용, 수정 금지."
busan-K-00523,http://tong.visitkorea.or.kr/cms/resource/08/2852308_image2_1.jpg,tong.visitkorea.or.kr,tourapi_cdn,,https://www.kogl.or.kr/info/licenseType3.do,2026-07-26,KTO / 한국관광공사 또는 원저작자 (미확인),kogl_3,verified,allowed,prohibited,true,,usable,item_verified,"KTO raw API의 cpyrhtDivCd=Type3 확인. source_record=2852312. 공공누리 3유형 — 출처표시 조건 충족 시 상업 허용, 수정 금지."
busan-K-00524,http://tong.visitkorea.or.kr/cms/resource/00/2852400_image2_1.jpg,tong.visitkorea.or.kr,tourapi_cdn,,https://www.kogl.or.kr/info/licenseType3.do,2026-07-26,KTO / 한국관광공사 또는 원저작자 (미확인),kogl_3,verified,allowed,prohibited,true,,usable,item_verified,"KTO raw API의 cpyrhtDivCd=Type3 확인. source_record=2852402. 공공누리 3유형 — 출처표시 조건 충족 시 상업 허용, 수정 금지."
busan-K-00525,http://tong.visitkorea.or.kr/cms/resource/06/2852406_image2_1.jpg,tong.visitkorea.or.kr,tourapi_cdn,,https://www.kogl.or.kr/info/licenseType3.do,2026-07-26,KTO / 한국관광공사 또는 원저작자 (미확인),kogl_3,verified,allowed,prohibited,true,,usable,item_verified,"KTO raw API의 cpyrhtDivCd=Type3 확인. source_record=2852408. 공공누리 3유형 — 출처표시 조건 충족 시 상업 허용, 수정 금지."
busan-K-00527,http://tong.visitkorea.or.kr/cms/resource/93/2852593_image2_1.jpg,tong.visitkorea.or.kr,tourapi_cdn,,https://www.kogl.or.kr/info/licenseType3.do,2026-07-26,KTO / 한국관광공사 또는 원저작자 (미확인),kogl_3,verified,allowed,prohibited,true,,usable,item_verified,"KTO raw API의 cpyrhtDivCd=Type3 확인. source_record=2852602. 공공누리 3유형 — 출처표시 조건 충족 시 상업 허용, 수정 금지."
busan-K-00528,http://tong.visitkorea.or.kr/cms/resource/13/2852613_image2_1.jpg,tong.visitkorea.or.kr,tourapi_cdn,,https://www.kogl.or.kr/info/licenseType3.do,2026-07-26,KTO / 한국관광공사 또는 원저작자 (미확인),kogl_3,verified,allowed,prohibited,true,,usable,item_verified,"KTO raw API의 cpyrhtDivCd=Type3 확인. source_record=2852620. 공공누리 3유형 — 출처표시 조건 충족 시 상업 허용, 수정 금지."
busan-K-00530,http://tong.visitkorea.or.kr/cms/resource/89/2852689_image2_1.jpg,tong.visitkorea.or.kr,tourapi_cdn,,https://www.kogl.or.kr/info/licenseType3.do,2026-07-26,KTO / 한국관광공사 또는 원저작자 (미확인),kogl_3,verified,allowed,prohibited,true,,usable,item_verified,"KTO raw API의 cpyrhtDivCd=Type3 확인. source_record=2852696. 공공누리 3유형 — 출처표시 조건 충족 시 상업 허용, 수정 금지."
busan-K-00531,http://tong.visitkorea.or.kr/cms/resource/02/2853002_image2_1.jpg,tong.visitkorea.or.kr,tourapi_cdn,,https://www.kogl.or.kr/info/licenseType3.do,2026-07-26,KTO / 한국관광공사 또는 원저작자 (미확인),kogl_3,verified,allowed,prohibited,true,,usable,item_verified,"KTO raw API의 cpyrhtDivCd=Type3 확인. source_record=2853012. 공공누리 3유형 — 출처표시 조건 충족 시 상업 허용, 수정 금지."
busan-K-00532,http://tong.visitkorea.or.kr/cms/resource/21/2853021_image2_1.jpg,tong.visitkorea.or.kr,tourapi_cdn,,https://www.kogl.or.kr/info/licenseType3.do,2026-07-26,KTO / 한국관광공사 또는 원저작자 (미확인),kogl_3,verified,allowed,prohibited,true,,usable,item_verified,"KTO raw API의 cpyrhtDivCd=Type3 확인. source_record=2853031. 공공누리 3유형 — 출처표시 조건 충족 시 상업 허용, 수정 금지."
busan-K-00533,http://tong.visitkorea.or.kr/cms/resource/42/2853042_image2_1.jpg,tong.visitkorea.or.kr,tourapi_cdn,,https://www.kogl.or.kr/info/licenseType3.do,2026-07-26,KTO / 한국관광공사 또는 원저작자 (미확인),kogl_3,verified,allowed,prohibited,true,,usable,item_verified,"KTO raw API의 cpyrhtDivCd=Type3 확인. source_record=2853060. 공공누리 3유형 — 출처표시 조건 충족 시 상업 허용, 수정 금지."
busan-K-00534,http://tong.visitkorea.or.kr/cms/resource/67/2853067_image2_1.jpg,tong.visitkorea.or.kr,tourapi_cdn,,https://www.kogl.or.kr/info/licenseType3.do,2026-07-26,KTO / 한국관광공사 또는 원저작자 (미확인),kogl_3,verified,allowed,prohibited,true,,usable,item_verified,"KTO raw API의 cpyrhtDivCd=Type3 확인. source_record=2853079. 공공누리 3유형 — 출처표시 조건 충족 시 상업 허용, 수정 금지."
busan-K-00535,http://tong.visitkorea.or.kr/cms/resource/78/2853078_image2_1.jpg,tong.visitkorea.or.kr,tourapi_cdn,,https://www.kogl.or.kr/info/licenseType3.do,2026-07-26,KTO / 한국관광공사 또는 원저작자 (미확인),kogl_3,verified,allowed,prohibited,true,,usable,item_verified,"KTO raw API의 cpyrhtDivCd=Type3 확인. source_record=2853081. 공공누리 3유형 — 출처표시 조건 충족 시 상업 허용, 수정 금지."
busan-K-00536,http://tong.visitkorea.or.kr/cms/resource/21/2853121_image2_1.jpg,tong.visitkorea.or.kr,tourapi_cdn,,https://www.kogl.or.kr/info/licenseType3.do,2026-07-26,KTO / 한국관광공사 또는 원저작자 (미확인),kogl_3,verified,allowed,prohibited,true,,usable,item_verified,"KTO raw API의 cpyrhtDivCd=Type3 확인. source_record=2853131. 공공누리 3유형 — 출처표시 조건 충족 시 상업 허용, 수정 금지."
busan-K-00539,http://tong.visitkorea.or.kr/cms/resource/52/2853152_image2_1.jpg,tong.visitkorea.or.kr,tourapi_cdn,,https://www.kogl.or.kr/info/licenseType3.do,2026-07-26,KTO / 한국관광공사 또는 원저작자 (미확인),kogl_3,verified,allowed,prohibited,true,,usable,item_verified,"KTO raw API의 cpyrhtDivCd=Type3 확인. source_record=2853163. 공공누리 3유형 — 출처표시 조건 충족 시 상업 허용, 수정 금지."
busan-K-00540,http://tong.visitkorea.or.kr/cms/resource/73/2853173_image2_1.jpg,tong.visitkorea.or.kr,tourapi_cdn,,https://www.kogl.or.kr/info/licenseType3.do,2026-07-26,KTO / 한국관광공사 또는 원저작자 (미확인),kogl_3,verified,allowed,prohibited,true,,usable,item_verified,"KTO raw API의 cpyrhtDivCd=Type3 확인. source_record=2853185. 공공누리 3유형 — 출처표시 조건 충족 시 상업 허용, 수정 금지."
busan-K-00541,http://tong.visitkorea.or.kr/cms/resource/27/2853227_image2_1.jpg,tong.visitkorea.or.kr,tourapi_cdn,,https://www.kogl.or.kr/info/licenseType3.do,2026-07-26,KTO / 한국관광공사 또는 원저작자 (미확인),kogl_3,verified,allowed,prohibited,true,,usable,item_verified,"KTO raw API의 cpyrhtDivCd=Type3 확인. source_record=2853231. 공공누리 3유형 — 출처표시 조건 충족 시 상업 허용, 수정 금지."
busan-K-00542,http://tong.visitkorea.or.kr/cms/resource/41/2853241_image2_1.jpg,tong.visitkorea.or.kr,tourapi_cdn,,https://www.kogl.or.kr/info/licenseType3.do,2026-07-26,KTO / 한국관광공사 또는 원저작자 (미확인),kogl_3,verified,allowed,prohibited,true,,usable,item_verified,"KTO raw API의 cpyrhtDivCd=Type3 확인. source_record=2853243. 공공누리 3유형 — 출처표시 조건 충족 시 상업 허용, 수정 금지."
busan-K-00543,,,,,,2026-07-25,,unknown,unverified,unknown,unknown,unknown,,no_image,unverified,이미지 URL 없음
busan-K-00544,http://tong.visitkorea.or.kr/cms/resource/84/3587884_image2_1.jpg,tong.visitkorea.or.kr,tourapi_cdn,,https://www.kogl.or.kr/info/licenseType3.do,2026-07-26,KTO / 한국관광공사 또는 원저작자 (미확인),kogl_3,verified,allowed,prohibited,true,,usable,item_verified,"KTO raw API의 cpyrhtDivCd=Type3 확인. source_record=2855623. 공공누리 3유형 — 출처표시 조건 충족 시 상업 허용, 수정 금지."
busan-K-00545,http://tong.visitkorea.or.kr/cms/resource/45/2781045_image2_1.jpg,tong.visitkorea.or.kr,tourapi_cdn,,https://www.kogl.or.kr/info/licenseType3.do,2026-07-26,KTO / 한국관광공사 또는 원저작자 (미확인),kogl_3,verified,allowed,prohibited,true,,usable,item_verified,"KTO raw API의 cpyrhtDivCd=Type3 확인. source_record=2855624. 공공누리 3유형 — 출처표시 조건 충족 시 상업 허용, 수정 금지."
busan-K-00546,http://tong.visitkorea.or.kr/cms/resource/53/3536453_image2_1.jpg,tong.visitkorea.or.kr,tourapi_cdn,,https://www.kogl.or.kr/info/licenseType3.do,2026-07-26,KTO / 한국관광공사 또는 원저작자 (미확인),kogl_3,verified,allowed,prohibited,true,,usable,item_verified,"KTO raw API의 cpyrhtDivCd=Type3 확인. source_record=2856938. 공공누리 3유형 — 출처표시 조건 충족 시 상업 허용, 수정 금지."
busan-K-00547,http://tong.visitkorea.or.kr/cms/resource/34/2858934_image2_1.jpg,tong.visitkorea.or.kr,tourapi_cdn,,https://www.kogl.or.kr/info/licenseType3.do,2026-07-26,KTO / 한국관광공사 또는 원저작자 (미확인),kogl_3,verified,allowed,prohibited,true,,usable,item_verified,"KTO raw API의 cpyrhtDivCd=Type3 확인. source_record=2858936. 공공누리 3유형 — 출처표시 조건 충족 시 상업 허용, 수정 금지."
busan-K-00548,http://tong.visitkorea.or.kr/cms/resource/44/2858944_image2_1.jpg,tong.visitkorea.or.kr,tourapi_cdn,,https://www.kogl.or.kr/info/licenseType3.do,2026-07-26,KTO / 한국관광공사 또는 원저작자 (미확인),kogl_3,verified,allowed,prohibited,true,,usable,item_verified,"KTO raw API의 cpyrhtDivCd=Type3 확인. source_record=2858955. 공공누리 3유형 — 출처표시 조건 충족 시 상업 허용, 수정 금지."
busan-K-00550,http://tong.visitkorea.or.kr/cms/resource/70/2859070_image2_1.jpg,tong.visitkorea.or.kr,tourapi_cdn,,https://www.kogl.or.kr/info/licenseType3.do,2026-07-26,KTO / 한국관광공사 또는 원저작자 (미확인),kogl_3,verified,allowed,prohibited,true,,usable,item_verified,"KTO raw API의 cpyrhtDivCd=Type3 확인. source_record=2859073. 공공누리 3유형 — 출처표시 조건 충족 시 상업 허용, 수정 금지."
busan-K-00552,http://tong.visitkorea.or.kr/cms/resource/00/2859100_image2_1.jpg,tong.visitkorea.or.kr,tourapi_cdn,,https://www.kogl.or.kr/info/licenseType3.do,2026-07-26,KTO / 한국관광공사 또는 원저작자 (미확인),kogl_3,verified,allowed,prohibited,true,,usable,item_verified,"KTO raw API의 cpyrhtDivCd=Type3 확인. source_record=2859132. 공공누리 3유형 — 출처표시 조건 충족 시 상업 허용, 수정 금지."
busan-K-00553,http://tong.visitkorea.or.kr/cms/resource/85/2859185_image2_1.jpg,tong.visitkorea.or.kr,tourapi_cdn,,https://www.kogl.or.kr/info/licenseType3.do,2026-07-26,KTO / 한국관광공사 또는 원저작자 (미확인),kogl_3,verified,allowed,prohibited,true,,usable,item_verified,"KTO raw API의 cpyrhtDivCd=Type3 확인. source_record=2859188. 공공누리 3유형 — 출처표시 조건 충족 시 상업 허용, 수정 금지."
busan-K-00554,http://tong.visitkorea.or.kr/cms/resource/43/2860743_image2_1.jpg,tong.visitkorea.or.kr,tourapi_cdn,,https://www.kogl.or.kr/info/licenseType3.do,2026-07-26,KTO / 한국관광공사 또는 원저작자 (미확인),kogl_3,verified,allowed,prohibited,true,,usable,item_verified,"KTO raw API의 cpyrhtDivCd=Type3 확인. source_record=2860755. 공공누리 3유형 — 출처표시 조건 충족 시 상업 허용, 수정 금지."
busan-K-00555,http://tong.visitkorea.or.kr/cms/resource/67/2860767_image2_1.jpg,tong.visitkorea.or.kr,tourapi_cdn,,https://www.kogl.or.kr/info/licenseType3.do,2026-07-26,KTO / 한국관광공사 또는 원저작자 (미확인),kogl_3,verified,allowed,prohibited,true,,usable,item_verified,"KTO raw API의 cpyrhtDivCd=Type3 확인. source_record=2860782. 공공누리 3유형 — 출처표시 조건 충족 시 상업 허용, 수정 금지."
busan-K-00556,http://tong.visitkorea.or.kr/cms/resource/16/2860816_image2_1.jpg,tong.visitkorea.or.kr,tourapi_cdn,,https://www.kogl.or.kr/info/licenseType3.do,2026-07-26,KTO / 한국관광공사 또는 원저작자 (미확인),kogl_3,verified,allowed,prohibited,true,,usable,item_verified,"KTO raw API의 cpyrhtDivCd=Type3 확인. source_record=2860819. 공공누리 3유형 — 출처표시 조건 충족 시 상업 허용, 수정 금지."
busan-K-00557,http://tong.visitkorea.or.kr/cms/resource/22/2860822_image2_1.jpg,tong.visitkorea.or.kr,tourapi_cdn,,https://www.kogl.or.kr/info/licenseType3.do,2026-07-26,KTO / 한국관광공사 또는 원저작자 (미확인),kogl_3,verified,allowed,prohibited,true,,usable,item_verified,"KTO raw API의 cpyrhtDivCd=Type3 확인. source_record=2860823. 공공누리 3유형 — 출처표시 조건 충족 시 상업 허용, 수정 금지."
busan-K-00558,http://tong.visitkorea.or.kr/cms/resource/26/2860826_image2_1.jpg,tong.visitkorea.or.kr,tourapi_cdn,,https://www.kogl.or.kr/info/licenseType3.do,2026-07-26,KTO / 한국관광공사 또는 원저작자 (미확인),kogl_3,verified,allowed,prohibited,true,,usable,item_verified,"KTO raw API의 cpyrhtDivCd=Type3 확인. source_record=2860829. 공공누리 3유형 — 출처표시 조건 충족 시 상업 허용, 수정 금지."
busan-K-00559,http://tong.visitkorea.or.kr/cms/resource/31/2860831_image2_1.jpg,tong.visitkorea.or.kr,tourapi_cdn,,https://www.kogl.or.kr/info/licenseType3.do,2026-07-26,KTO / 한국관광공사 또는 원저작자 (미확인),kogl_3,verified,allowed,prohibited,true,,usable,item_verified,"KTO raw API의 cpyrhtDivCd=Type3 확인. source_record=2860833. 공공누리 3유형 — 출처표시 조건 충족 시 상업 허용, 수정 금지."
busan-K-00560,http://tong.visitkorea.or.kr/cms/resource/37/2860837_image2_1.jpg,tong.visitkorea.or.kr,tourapi_cdn,,https://www.kogl.or.kr/info/licenseType3.do,2026-07-26,KTO / 한국관광공사 또는 원저작자 (미확인),kogl_3,verified,allowed,prohibited,true,,usable,item_verified,"KTO raw API의 cpyrhtDivCd=Type3 확인. source_record=2860839. 공공누리 3유형 — 출처표시 조건 충족 시 상업 허용, 수정 금지."
busan-K-00561,http://tong.visitkorea.or.kr/cms/resource/50/2860850_image2_1.jpg,tong.visitkorea.or.kr,tourapi_cdn,,https://www.kogl.or.kr/info/licenseType3.do,2026-07-26,KTO / 한국관광공사 또는 원저작자 (미확인),kogl_3,verified,allowed,prohibited,true,,usable,item_verified,"KTO raw API의 cpyrhtDivCd=Type3 확인. source_record=2860851. 공공누리 3유형 — 출처표시 조건 충족 시 상업 허용, 수정 금지."
busan-K-00562,http://tong.visitkorea.or.kr/cms/resource/29/3553829_image2_1.JPG,tong.visitkorea.or.kr,tourapi_cdn,,https://www.kogl.or.kr/info/licenseType3.do,2026-07-26,KTO / 한국관광공사 또는 원저작자 (미확인),kogl_3,verified,allowed,prohibited,true,,usable,item_verified,"KTO raw API의 cpyrhtDivCd=Type3 확인. source_record=2860868. 공공누리 3유형 — 출처표시 조건 충족 시 상업 허용, 수정 금지."
busan-K-00564,http://tong.visitkorea.or.kr/cms/resource/90/2861290_image2_1.jpg,tong.visitkorea.or.kr,tourapi_cdn,,https://www.kogl.or.kr/info/licenseType3.do,2026-07-26,KTO / 한국관광공사 또는 원저작자 (미확인),kogl_3,verified,allowed,prohibited,true,,usable,item_verified,"KTO raw API의 cpyrhtDivCd=Type3 확인. source_record=2861291. 공공누리 3유형 — 출처표시 조건 충족 시 상업 허용, 수정 금지."
busan-K-00565,,,,,,2026-07-25,,unknown,unverified,unknown,unknown,unknown,,no_image,unverified,이미지 URL 없음
busan-K-00566,,,,,,2026-07-25,,unknown,unverified,unknown,unknown,unknown,,no_image,unverified,이미지 URL 없음
busan-K-00567,http://tong.visitkorea.or.kr/cms/resource/31/2865231_image2_1.jpg,tong.visitkorea.or.kr,tourapi_cdn,,https://www.kogl.or.kr/info/licenseType3.do,2026-07-26,KTO / 한국관광공사 또는 원저작자 (미확인),kogl_3,verified,allowed,prohibited,true,,usable,item_verified,"KTO raw API의 cpyrhtDivCd=Type3 확인. source_record=2865236. 공공누리 3유형 — 출처표시 조건 충족 시 상업 허용, 수정 금지."
busan-K-00568,http://tong.visitkorea.or.kr/cms/resource/71/2865371_image2_1.jpg,tong.visitkorea.or.kr,tourapi_cdn,,https://www.kogl.or.kr/info/licenseType3.do,2026-07-26,KTO / 한국관광공사 또는 원저작자 (미확인),kogl_3,verified,allowed,prohibited,true,,usable,item_verified,"KTO raw API의 cpyrhtDivCd=Type3 확인. source_record=2865384. 공공누리 3유형 — 출처표시 조건 충족 시 상업 허용, 수정 금지."
busan-K-00569,http://tong.visitkorea.or.kr/cms/resource/88/2865388_image2_1.jpg,tong.visitkorea.or.kr,tourapi_cdn,,https://www.kogl.or.kr/info/licenseType3.do,2026-07-26,KTO / 한국관광공사 또는 원저작자 (미확인),kogl_3,verified,allowed,prohibited,true,,usable,item_verified,"KTO raw API의 cpyrhtDivCd=Type3 확인. source_record=2865403. 공공누리 3유형 — 출처표시 조건 충족 시 상업 허용, 수정 금지."
busan-K-00570,http://tong.visitkorea.or.kr/cms/resource/17/2865417_image2_1.jpg,tong.visitkorea.or.kr,tourapi_cdn,,https://www.kogl.or.kr/info/licenseType3.do,2026-07-26,KTO / 한국관광공사 또는 원저작자 (미확인),kogl_3,verified,allowed,prohibited,true,,usable,item_verified,"KTO raw API의 cpyrhtDivCd=Type3 확인. source_record=2865435. 공공누리 3유형 — 출처표시 조건 충족 시 상업 허용, 수정 금지."
busan-K-00571,http://tong.visitkorea.or.kr/cms/resource/16/2865916_image2_1.jpg,tong.visitkorea.or.kr,tourapi_cdn,,https://www.kogl.or.kr/info/licenseType3.do,2026-07-26,KTO / 한국관광공사 또는 원저작자 (미확인),kogl_3,verified,allowed,prohibited,true,,usable,item_verified,"KTO raw API의 cpyrhtDivCd=Type3 확인. source_record=2865941. 공공누리 3유형 — 출처표시 조건 충족 시 상업 허용, 수정 금지."
busan-K-00572,http://tong.visitkorea.or.kr/cms/resource/50/2865950_image2_1.jpg,tong.visitkorea.or.kr,tourapi_cdn,,https://www.kogl.or.kr/info/licenseType3.do,2026-07-26,KTO / 한국관광공사 또는 원저작자 (미확인),kogl_3,verified,allowed,prohibited,true,,usable,item_verified,"KTO raw API의 cpyrhtDivCd=Type3 확인. source_record=2865975. 공공누리 3유형 — 출처표시 조건 충족 시 상업 허용, 수정 금지."
busan-K-00573,http://tong.visitkorea.or.kr/cms/resource/60/2867160_image2_1.JPG,tong.visitkorea.or.kr,tourapi_cdn,,https://www.kogl.or.kr/info/licenseType3.do,2026-07-26,KTO / 한국관광공사 또는 원저작자 (미확인),kogl_3,verified,allowed,prohibited,true,,usable,item_verified,"KTO raw API의 cpyrhtDivCd=Type3 확인. source_record=2867167. 공공누리 3유형 — 출처표시 조건 충족 시 상업 허용, 수정 금지."
busan-K-00574,http://tong.visitkorea.or.kr/cms/resource/07/2867207_image2_1.JPG,tong.visitkorea.or.kr,tourapi_cdn,,https://www.kogl.or.kr/info/licenseType3.do,2026-07-26,KTO / 한국관광공사 또는 원저작자 (미확인),kogl_3,verified,allowed,prohibited,true,,usable,item_verified,"KTO raw API의 cpyrhtDivCd=Type3 확인. source_record=2867215. 공공누리 3유형 — 출처표시 조건 충족 시 상업 허용, 수정 금지."
busan-K-00575,http://tong.visitkorea.or.kr/cms/resource/11/2867511_image2_1.JPG,tong.visitkorea.or.kr,tourapi_cdn,,https://www.kogl.or.kr/info/licenseType3.do,2026-07-26,KTO / 한국관광공사 또는 원저작자 (미확인),kogl_3,verified,allowed,prohibited,true,,usable,item_verified,"KTO raw API의 cpyrhtDivCd=Type3 확인. source_record=2867517. 공공누리 3유형 — 출처표시 조건 충족 시 상업 허용, 수정 금지."
busan-K-00576,http://tong.visitkorea.or.kr/cms/resource/24/2867524_image2_1.JPG,tong.visitkorea.or.kr,tourapi_cdn,,https://www.kogl.or.kr/info/licenseType3.do,2026-07-26,KTO / 한국관광공사 또는 원저작자 (미확인),kogl_3,verified,allowed,prohibited,true,,usable,item_verified,"KTO raw API의 cpyrhtDivCd=Type3 확인. source_record=2867542. 공공누리 3유형 — 출처표시 조건 충족 시 상업 허용, 수정 금지."
busan-K-00577,http://tong.visitkorea.or.kr/cms/resource/90/2867590_image2_1.JPG,tong.visitkorea.or.kr,tourapi_cdn,,https://www.kogl.or.kr/info/licenseType3.do,2026-07-26,KTO / 한국관광공사 또는 원저작자 (미확인),kogl_3,verified,allowed,prohibited,true,,usable,item_verified,"KTO raw API의 cpyrhtDivCd=Type3 확인. source_record=2867598. 공공누리 3유형 — 출처표시 조건 충족 시 상업 허용, 수정 금지."
busan-K-00578,http://tong.visitkorea.or.kr/cms/resource/07/2867607_image2_1.JPG,tong.visitkorea.or.kr,tourapi_cdn,,https://www.kogl.or.kr/info/licenseType3.do,2026-07-26,KTO / 한국관광공사 또는 원저작자 (미확인),kogl_3,verified,allowed,prohibited,true,,usable,item_verified,"KTO raw API의 cpyrhtDivCd=Type3 확인. source_record=2867626. 공공누리 3유형 — 출처표시 조건 충족 시 상업 허용, 수정 금지."
busan-K-00581,http://tong.visitkorea.or.kr/cms/resource/89/2867689_image2_1.JPG,tong.visitkorea.or.kr,tourapi_cdn,,https://www.kogl.or.kr/info/licenseType3.do,2026-07-26,KTO / 한국관광공사 또는 원저작자 (미확인),kogl_3,verified,allowed,prohibited,true,,usable,item_verified,"KTO raw API의 cpyrhtDivCd=Type3 확인. source_record=2867692. 공공누리 3유형 — 출처표시 조건 충족 시 상업 허용, 수정 금지."
busan-K-00582,http://tong.visitkorea.or.kr/cms/resource/02/2867702_image2_1.JPG,tong.visitkorea.or.kr,tourapi_cdn,,https://www.kogl.or.kr/info/licenseType3.do,2026-07-26,KTO / 한국관광공사 또는 원저작자 (미확인),kogl_3,verified,allowed,prohibited,true,,usable,item_verified,"KTO raw API의 cpyrhtDivCd=Type3 확인. source_record=2867715. 공공누리 3유형 — 출처표시 조건 충족 시 상업 허용, 수정 금지."
busan-K-00583,http://tong.visitkorea.or.kr/cms/resource/29/2867729_image2_1.JPG,tong.visitkorea.or.kr,tourapi_cdn,,https://www.kogl.or.kr/info/licenseType3.do,2026-07-26,KTO / 한국관광공사 또는 원저작자 (미확인),kogl_3,verified,allowed,prohibited,true,,usable,item_verified,"KTO raw API의 cpyrhtDivCd=Type3 확인. source_record=2867734. 공공누리 3유형 — 출처표시 조건 충족 시 상업 허용, 수정 금지."
busan-K-00584,http://tong.visitkorea.or.kr/cms/resource/48/2867748_image2_1.JPG,tong.visitkorea.or.kr,tourapi_cdn,,https://www.kogl.or.kr/info/licenseType3.do,2026-07-26,KTO / 한국관광공사 또는 원저작자 (미확인),kogl_3,verified,allowed,prohibited,true,,usable,item_verified,"KTO raw API의 cpyrhtDivCd=Type3 확인. source_record=2867762. 공공누리 3유형 — 출처표시 조건 충족 시 상업 허용, 수정 금지."
busan-K-00585,http://tong.visitkorea.or.kr/cms/resource/01/2867901_image2_1.JPG,tong.visitkorea.or.kr,tourapi_cdn,,https://www.kogl.or.kr/info/licenseType3.do,2026-07-26,KTO / 한국관광공사 또는 원저작자 (미확인),kogl_3,verified,allowed,prohibited,true,,usable,item_verified,"KTO raw API의 cpyrhtDivCd=Type3 확인. source_record=2867903. 공공누리 3유형 — 출처표시 조건 충족 시 상업 허용, 수정 금지."
busan-K-00586,http://tong.visitkorea.or.kr/cms/resource/14/2867914_image2_1.JPG,tong.visitkorea.or.kr,tourapi_cdn,,https://www.kogl.or.kr/info/licenseType3.do,2026-07-26,KTO / 한국관광공사 또는 원저작자 (미확인),kogl_3,verified,allowed,prohibited,true,,usable,item_verified,"KTO raw API의 cpyrhtDivCd=Type3 확인. source_record=2867934. 공공누리 3유형 — 출처표시 조건 충족 시 상업 허용, 수정 금지."
busan-K-00587,http://tong.visitkorea.or.kr/cms/resource/48/2868348_image2_1.jpg,tong.visitkorea.or.kr,tourapi_cdn,,https://www.kogl.or.kr/info/licenseType3.do,2026-07-26,KTO / 한국관광공사 또는 원저작자 (미확인),kogl_3,verified,allowed,prohibited,true,,usable,item_verified,"KTO raw API의 cpyrhtDivCd=Type3 확인. source_record=2868448. 공공누리 3유형 — 출처표시 조건 충족 시 상업 허용, 수정 금지."
busan-K-00588,http://tong.visitkorea.or.kr/cms/resource/99/2868499_image2_1.jpg,tong.visitkorea.or.kr,tourapi_cdn,,https://www.kogl.or.kr/info/licenseType3.do,2026-07-26,KTO / 한국관광공사 또는 원저작자 (미확인),kogl_3,verified,allowed,prohibited,true,,usable,item_verified,"KTO raw API의 cpyrhtDivCd=Type3 확인. source_record=2868507. 공공누리 3유형 — 출처표시 조건 충족 시 상업 허용, 수정 금지."
busan-K-00590,http://tong.visitkorea.or.kr/cms/resource/30/2868630_image2_1.jpg,tong.visitkorea.or.kr,tourapi_cdn,,https://www.kogl.or.kr/info/licenseType3.do,2026-07-26,KTO / 한국관광공사 또는 원저작자 (미확인),kogl_3,verified,allowed,prohibited,true,,usable,item_verified,"KTO raw API의 cpyrhtDivCd=Type3 확인. source_record=2868655. 공공누리 3유형 — 출처표시 조건 충족 시 상업 허용, 수정 금지."
busan-K-00591,http://tong.visitkorea.or.kr/cms/resource/71/3553771_image2_1.jpg,tong.visitkorea.or.kr,tourapi_cdn,,https://www.kogl.or.kr/info/licenseType3.do,2026-07-26,KTO / 한국관광공사 또는 원저작자 (미확인),kogl_3,verified,allowed,prohibited,true,,usable,item_verified,"KTO raw API의 cpyrhtDivCd=Type3 확인. source_record=2868776. 공공누리 3유형 — 출처표시 조건 충족 시 상업 허용, 수정 금지."
busan-K-00592,http://tong.visitkorea.or.kr/cms/resource/40/2868740_image2_1.jpg,tong.visitkorea.or.kr,tourapi_cdn,,https://www.kogl.or.kr/info/licenseType3.do,2026-07-26,KTO / 한국관광공사 또는 원저작자 (미확인),kogl_3,verified,allowed,prohibited,true,,usable,item_verified,"KTO raw API의 cpyrhtDivCd=Type3 확인. source_record=2868824. 공공누리 3유형 — 출처표시 조건 충족 시 상업 허용, 수정 금지."
busan-K-00593,http://tong.visitkorea.or.kr/cms/resource/37/2868837_image2_1.jpg,tong.visitkorea.or.kr,tourapi_cdn,,https://www.kogl.or.kr/info/licenseType3.do,2026-07-26,KTO / 한국관광공사 또는 원저작자 (미확인),kogl_3,verified,allowed,prohibited,true,,usable,item_verified,"KTO raw API의 cpyrhtDivCd=Type3 확인. source_record=2868850. 공공누리 3유형 — 출처표시 조건 충족 시 상업 허용, 수정 금지."
busan-K-00594,http://tong.visitkorea.or.kr/cms/resource/03/2868903_image2_1.jpg,tong.visitkorea.or.kr,tourapi_cdn,,https://www.kogl.or.kr/info/licenseType3.do,2026-07-26,KTO / 한국관광공사 또는 원저작자 (미확인),kogl_3,verified,allowed,prohibited,true,,usable,item_verified,"KTO raw API의 cpyrhtDivCd=Type3 확인. source_record=2868912. 공공누리 3유형 — 출처표시 조건 충족 시 상업 허용, 수정 금지."
busan-K-00595,http://tong.visitkorea.or.kr/cms/resource/37/2868937_image2_1.jpg,tong.visitkorea.or.kr,tourapi_cdn,,https://www.kogl.or.kr/info/licenseType3.do,2026-07-26,KTO / 한국관광공사 또는 원저작자 (미확인),kogl_3,verified,allowed,prohibited,true,,usable,item_verified,"KTO raw API의 cpyrhtDivCd=Type3 확인. source_record=2868940. 공공누리 3유형 — 출처표시 조건 충족 시 상업 허용, 수정 금지."
busan-K-00597,http://tong.visitkorea.or.kr/cms/resource/15/2869115_image2_1.jpg,tong.visitkorea.or.kr,tourapi_cdn,,https://www.kogl.or.kr/info/licenseType3.do,2026-07-26,KTO / 한국관광공사 또는 원저작자 (미확인),kogl_3,verified,allowed,prohibited,true,,usable,item_verified,"KTO raw API의 cpyrhtDivCd=Type3 확인. source_record=2869129. 공공누리 3유형 — 출처표시 조건 충족 시 상업 허용, 수정 금지."
busan-K-00598,http://tong.visitkorea.or.kr/cms/resource/25/2869125_image2_1.JPG,tong.visitkorea.or.kr,tourapi_cdn,,https://www.kogl.or.kr/info/licenseType3.do,2026-07-26,KTO / 한국관광공사 또는 원저작자 (미확인),kogl_3,verified,allowed,prohibited,true,,usable,item_verified,"KTO raw API의 cpyrhtDivCd=Type3 확인. source_record=2869135. 공공누리 3유형 — 출처표시 조건 충족 시 상업 허용, 수정 금지."
busan-K-00599,http://tong.visitkorea.or.kr/cms/resource/32/2869132_image2_1.jpg,tong.visitkorea.or.kr,tourapi_cdn,,https://www.kogl.or.kr/info/licenseType3.do,2026-07-26,KTO / 한국관광공사 또는 원저작자 (미확인),kogl_3,verified,allowed,prohibited,true,,usable,item_verified,"KTO raw API의 cpyrhtDivCd=Type3 확인. source_record=2869158. 공공누리 3유형 — 출처표시 조건 충족 시 상업 허용, 수정 금지."
busan-K-00600,http://tong.visitkorea.or.kr/cms/resource/44/2869144_image2_1.jpg,tong.visitkorea.or.kr,tourapi_cdn,,https://www.kogl.or.kr/info/licenseType3.do,2026-07-26,KTO / 한국관광공사 또는 원저작자 (미확인),kogl_3,verified,allowed,prohibited,true,,usable,item_verified,"KTO raw API의 cpyrhtDivCd=Type3 확인. source_record=2869159. 공공누리 3유형 — 출처표시 조건 충족 시 상업 허용, 수정 금지."
busan-K-00602,http://tong.visitkorea.or.kr/cms/resource/78/2869178_image2_1.jpg,tong.visitkorea.or.kr,tourapi_cdn,,https://www.kogl.or.kr/info/licenseType3.do,2026-07-26,KTO / 한국관광공사 또는 원저작자 (미확인),kogl_3,verified,allowed,prohibited,true,,usable,item_verified,"KTO raw API의 cpyrhtDivCd=Type3 확인. source_record=2869186. 공공누리 3유형 — 출처표시 조건 충족 시 상업 허용, 수정 금지."
busan-K-00604,http://tong.visitkorea.or.kr/cms/resource/33/2869233_image2_1.JPG,tong.visitkorea.or.kr,tourapi_cdn,,https://www.kogl.or.kr/info/licenseType3.do,2026-07-26,KTO / 한국관광공사 또는 원저작자 (미확인),kogl_3,verified,allowed,prohibited,true,,usable,item_verified,"KTO raw API의 cpyrhtDivCd=Type3 확인. source_record=2869241. 공공누리 3유형 — 출처표시 조건 충족 시 상업 허용, 수정 금지."
busan-K-00605,http://tong.visitkorea.or.kr/cms/resource/06/2869206_image2_1.jpg,tong.visitkorea.or.kr,tourapi_cdn,,https://www.kogl.or.kr/info/licenseType3.do,2026-07-26,KTO / 한국관광공사 또는 원저작자 (미확인),kogl_3,verified,allowed,prohibited,true,,usable,item_verified,"KTO raw API의 cpyrhtDivCd=Type3 확인. source_record=2869249. 공공누리 3유형 — 출처표시 조건 충족 시 상업 허용, 수정 금지."
busan-K-00606,http://tong.visitkorea.or.kr/cms/resource/57/2869257_image2_1.JPG,tong.visitkorea.or.kr,tourapi_cdn,,https://www.kogl.or.kr/info/licenseType3.do,2026-07-26,KTO / 한국관광공사 또는 원저작자 (미확인),kogl_3,verified,allowed,prohibited,true,,usable,item_verified,"KTO raw API의 cpyrhtDivCd=Type3 확인. source_record=2869279. 공공누리 3유형 — 출처표시 조건 충족 시 상업 허용, 수정 금지."
busan-K-00608,http://tong.visitkorea.or.kr/cms/resource/29/2869329_image2_1.JPG,tong.visitkorea.or.kr,tourapi_cdn,,https://www.kogl.or.kr/info/licenseType3.do,2026-07-26,KTO / 한국관광공사 또는 원저작자 (미확인),kogl_3,verified,allowed,prohibited,true,,usable,item_verified,"KTO raw API의 cpyrhtDivCd=Type3 확인. source_record=2869343. 공공누리 3유형 — 출처표시 조건 충족 시 상업 허용, 수정 금지."
busan-K-00609,http://tong.visitkorea.or.kr/cms/resource/88/2869388_image2_1.jpg,tong.visitkorea.or.kr,tourapi_cdn,,https://www.kogl.or.kr/info/licenseType3.do,2026-07-26,KTO / 한국관광공사 또는 원저작자 (미확인),kogl_3,verified,allowed,prohibited,true,,usable,item_verified,"KTO raw API의 cpyrhtDivCd=Type3 확인. source_record=2869405. 공공누리 3유형 — 출처표시 조건 충족 시 상업 허용, 수정 금지."
busan-K-00610,http://tong.visitkorea.or.kr/cms/resource/30/2869430_image2_1.jpg,tong.visitkorea.or.kr,tourapi_cdn,,https://www.kogl.or.kr/info/licenseType3.do,2026-07-26,KTO / 한국관광공사 또는 원저작자 (미확인),kogl_3,verified,allowed,prohibited,true,,usable,item_verified,"KTO raw API의 cpyrhtDivCd=Type3 확인. source_record=2869439. 공공누리 3유형 — 출처표시 조건 충족 시 상업 허용, 수정 금지."
busan-K-00613,http://tong.visitkorea.or.kr/cms/resource/56/2869556_image2_1.JPG,tong.visitkorea.or.kr,tourapi_cdn,,https://www.kogl.or.kr/info/licenseType3.do,2026-07-26,KTO / 한국관광공사 또는 원저작자 (미확인),kogl_3,verified,allowed,prohibited,true,,usable,item_verified,"KTO raw API의 cpyrhtDivCd=Type3 확인. source_record=2869572. 공공누리 3유형 — 출처표시 조건 충족 시 상업 허용, 수정 금지."
busan-K-00616,http://tong.visitkorea.or.kr/cms/resource/70/2869870_image2_1.jpg,tong.visitkorea.or.kr,tourapi_cdn,,https://www.kogl.or.kr/info/licenseType3.do,2026-07-26,KTO / 한국관광공사 또는 원저작자 (미확인),kogl_3,verified,allowed,prohibited,true,,usable,item_verified,"KTO raw API의 cpyrhtDivCd=Type3 확인. source_record=2869875. 공공누리 3유형 — 출처표시 조건 충족 시 상업 허용, 수정 금지."
busan-K-00617,http://tong.visitkorea.or.kr/cms/resource/82/2869882_image2_1.jpg,tong.visitkorea.or.kr,tourapi_cdn,,https://www.kogl.or.kr/info/licenseType3.do,2026-07-26,KTO / 한국관광공사 또는 원저작자 (미확인),kogl_3,verified,allowed,prohibited,true,,usable,item_verified,"KTO raw API의 cpyrhtDivCd=Type3 확인. source_record=2869896. 공공누리 3유형 — 출처표시 조건 충족 시 상업 허용, 수정 금지."
busan-K-00619,http://tong.visitkorea.or.kr/cms/resource/73/2870273_image2_1.JPG,tong.visitkorea.or.kr,tourapi_cdn,,https://www.kogl.or.kr/info/licenseType3.do,2026-07-26,KTO / 한국관광공사 또는 원저작자 (미확인),kogl_3,verified,allowed,prohibited,true,,usable,item_verified,"KTO raw API의 cpyrhtDivCd=Type3 확인. source_record=2870277. 공공누리 3유형 — 출처표시 조건 충족 시 상업 허용, 수정 금지."
busan-K-00620,http://tong.visitkorea.or.kr/cms/resource/26/2870326_image2_1.JPG,tong.visitkorea.or.kr,tourapi_cdn,,https://www.kogl.or.kr/info/licenseType3.do,2026-07-26,KTO / 한국관광공사 또는 원저작자 (미확인),kogl_3,verified,allowed,prohibited,true,,usable,item_verified,"KTO raw API의 cpyrhtDivCd=Type3 확인. source_record=2870354. 공공누리 3유형 — 출처표시 조건 충족 시 상업 허용, 수정 금지."
busan-K-00622,http://tong.visitkorea.or.kr/cms/resource/58/2870658_image2_1.jpg,tong.visitkorea.or.kr,tourapi_cdn,,https://www.kogl.or.kr/info/licenseType3.do,2026-07-26,KTO / 한국관광공사 또는 원저작자 (미확인),kogl_3,verified,allowed,prohibited,true,,usable,item_verified,"KTO raw API의 cpyrhtDivCd=Type3 확인. source_record=2870666. 공공누리 3유형 — 출처표시 조건 충족 시 상업 허용, 수정 금지."
busan-K-00624,http://tong.visitkorea.or.kr/cms/resource/46/2870746_image2_1.jpg,tong.visitkorea.or.kr,tourapi_cdn,,https://www.kogl.or.kr/info/licenseType3.do,2026-07-26,KTO / 한국관광공사 또는 원저작자 (미확인),kogl_3,verified,allowed,prohibited,true,,usable,item_verified,"KTO raw API의 cpyrhtDivCd=Type3 확인. source_record=2870751. 공공누리 3유형 — 출처표시 조건 충족 시 상업 허용, 수정 금지."
busan-K-00625,http://tong.visitkorea.or.kr/cms/resource/67/2870767_image2_1.jpg,tong.visitkorea.or.kr,tourapi_cdn,,https://www.kogl.or.kr/info/licenseType3.do,2026-07-26,KTO / 한국관광공사 또는 원저작자 (미확인),kogl_3,verified,allowed,prohibited,true,,usable,item_verified,"KTO raw API의 cpyrhtDivCd=Type3 확인. source_record=2870780. 공공누리 3유형 — 출처표시 조건 충족 시 상업 허용, 수정 금지."
busan-K-00626,http://tong.visitkorea.or.kr/cms/resource/92/2870792_image2_1.jpg,tong.visitkorea.or.kr,tourapi_cdn,,https://www.kogl.or.kr/info/licenseType3.do,2026-07-26,KTO / 한국관광공사 또는 원저작자 (미확인),kogl_3,verified,allowed,prohibited,true,,usable,item_verified,"KTO raw API의 cpyrhtDivCd=Type3 확인. source_record=2870800. 공공누리 3유형 — 출처표시 조건 충족 시 상업 허용, 수정 금지."
busan-K-00627,http://tong.visitkorea.or.kr/cms/resource/19/2870819_image2_1.jpg,tong.visitkorea.or.kr,tourapi_cdn,,https://www.kogl.or.kr/info/licenseType3.do,2026-07-26,KTO / 한국관광공사 또는 원저작자 (미확인),kogl_3,verified,allowed,prohibited,true,,usable,item_verified,"KTO raw API의 cpyrhtDivCd=Type3 확인. source_record=2870841. 공공누리 3유형 — 출처표시 조건 충족 시 상업 허용, 수정 금지."
busan-K-00629,http://tong.visitkorea.or.kr/cms/resource/76/2870876_image2_1.jpg,tong.visitkorea.or.kr,tourapi_cdn,,https://www.kogl.or.kr/info/licenseType3.do,2026-07-26,KTO / 한국관광공사 또는 원저작자 (미확인),kogl_3,verified,allowed,prohibited,true,,usable,item_verified,"KTO raw API의 cpyrhtDivCd=Type3 확인. source_record=2870885. 공공누리 3유형 — 출처표시 조건 충족 시 상업 허용, 수정 금지."
busan-K-00630,http://tong.visitkorea.or.kr/cms/resource/73/3575773_image2_1.jpg,tong.visitkorea.or.kr,tourapi_cdn,,https://www.kogl.or.kr/info/licenseType1.do,2026-07-26,KTO / 한국관광공사 또는 원저작자 (미확인),kogl_1,verified,allowed,allowed,true,,usable,item_verified,KTO raw API의 cpyrhtDivCd=Type1 확인. source_record=2872199. 공공누리 1유형 — 출처표시 조건 충족 시 상업·수정 허용.
busan-K-00631,http://tong.visitkorea.or.kr/cms/resource/57/2872257_image2_1.JPG,tong.visitkorea.or.kr,tourapi_cdn,,https://www.kogl.or.kr/info/licenseType3.do,2026-07-26,KTO / 한국관광공사 또는 원저작자 (미확인),kogl_3,verified,allowed,prohibited,true,,usable,item_verified,"KTO raw API의 cpyrhtDivCd=Type3 확인. source_record=2872258. 공공누리 3유형 — 출처표시 조건 충족 시 상업 허용, 수정 금지."
busan-K-00632,http://tong.visitkorea.or.kr/cms/resource/67/2872267_image2_1.JPG,tong.visitkorea.or.kr,tourapi_cdn,,https://www.kogl.or.kr/info/licenseType3.do,2026-07-26,KTO / 한국관광공사 또는 원저작자 (미확인),kogl_3,verified,allowed,prohibited,true,,usable,item_verified,"KTO raw API의 cpyrhtDivCd=Type3 확인. source_record=2872271. 공공누리 3유형 — 출처표시 조건 충족 시 상업 허용, 수정 금지."
busan-K-00633,http://tong.visitkorea.or.kr/cms/resource/45/2872345_image2_1.JPG,tong.visitkorea.or.kr,tourapi_cdn,,https://www.kogl.or.kr/info/licenseType3.do,2026-07-26,KTO / 한국관광공사 또는 원저작자 (미확인),kogl_3,verified,allowed,prohibited,true,,usable,item_verified,"KTO raw API의 cpyrhtDivCd=Type3 확인. source_record=2872353. 공공누리 3유형 — 출처표시 조건 충족 시 상업 허용, 수정 금지."
busan-K-00634,http://tong.visitkorea.or.kr/cms/resource/86/2872386_image2_1.JPG,tong.visitkorea.or.kr,tourapi_cdn,,https://www.kogl.or.kr/info/licenseType3.do,2026-07-26,KTO / 한국관광공사 또는 원저작자 (미확인),kogl_3,verified,allowed,prohibited,true,,usable,item_verified,"KTO raw API의 cpyrhtDivCd=Type3 확인. source_record=2872395. 공공누리 3유형 — 출처표시 조건 충족 시 상업 허용, 수정 금지."
busan-K-00635,http://tong.visitkorea.or.kr/cms/resource/10/2872410_image2_1.JPG,tong.visitkorea.or.kr,tourapi_cdn,,https://www.kogl.or.kr/info/licenseType3.do,2026-07-26,KTO / 한국관광공사 또는 원저작자 (미확인),kogl_3,verified,allowed,prohibited,true,,usable,item_verified,"KTO raw API의 cpyrhtDivCd=Type3 확인. source_record=2872442. 공공누리 3유형 — 출처표시 조건 충족 시 상업 허용, 수정 금지."
busan-K-00636,http://tong.visitkorea.or.kr/cms/resource/72/2872472_image2_1.JPG,tong.visitkorea.or.kr,tourapi_cdn,,https://www.kogl.or.kr/info/licenseType3.do,2026-07-26,KTO / 한국관광공사 또는 원저작자 (미확인),kogl_3,verified,allowed,prohibited,true,,usable,item_verified,"KTO raw API의 cpyrhtDivCd=Type3 확인. source_record=2872474. 공공누리 3유형 — 출처표시 조건 충족 시 상업 허용, 수정 금지."
busan-K-00637,http://tong.visitkorea.or.kr/cms/resource/90/2872490_image2_1.JPG,tong.visitkorea.or.kr,tourapi_cdn,,https://www.kogl.or.kr/info/licenseType3.do,2026-07-26,KTO / 한국관광공사 또는 원저작자 (미확인),kogl_3,verified,allowed,prohibited,true,,usable,item_verified,"KTO raw API의 cpyrhtDivCd=Type3 확인. source_record=2872496. 공공누리 3유형 — 출처표시 조건 충족 시 상업 허용, 수정 금지."
busan-K-00638,http://tong.visitkorea.or.kr/cms/resource/10/2872510_image2_1.JPG,tong.visitkorea.or.kr,tourapi_cdn,,https://www.kogl.or.kr/info/licenseType3.do,2026-07-26,KTO / 한국관광공사 또는 원저작자 (미확인),kogl_3,verified,allowed,prohibited,true,,usable,item_verified,"KTO raw API의 cpyrhtDivCd=Type3 확인. source_record=2872517. 공공누리 3유형 — 출처표시 조건 충족 시 상업 허용, 수정 금지."
busan-K-00639,http://tong.visitkorea.or.kr/cms/resource/20/2872520_image2_1.JPG,tong.visitkorea.or.kr,tourapi_cdn,,https://www.kogl.or.kr/info/licenseType3.do,2026-07-26,KTO / 한국관광공사 또는 원저작자 (미확인),kogl_3,verified,allowed,prohibited,true,,usable,item_verified,"KTO raw API의 cpyrhtDivCd=Type3 확인. source_record=2872534. 공공누리 3유형 — 출처표시 조건 충족 시 상업 허용, 수정 금지."
busan-K-00640,http://tong.visitkorea.or.kr/cms/resource/45/2872545_image2_1.JPG,tong.visitkorea.or.kr,tourapi_cdn,,https://www.kogl.or.kr/info/licenseType3.do,2026-07-26,KTO / 한국관광공사 또는 원저작자 (미확인),kogl_3,verified,allowed,prohibited,true,,usable,item_verified,"KTO raw API의 cpyrhtDivCd=Type3 확인. source_record=2872553. 공공누리 3유형 — 출처표시 조건 충족 시 상업 허용, 수정 금지."
busan-K-00641,http://tong.visitkorea.or.kr/cms/resource/60/2872560_image2_1.JPG,tong.visitkorea.or.kr,tourapi_cdn,,https://www.kogl.or.kr/info/licenseType3.do,2026-07-26,KTO / 한국관광공사 또는 원저작자 (미확인),kogl_3,verified,allowed,prohibited,true,,usable,item_verified,"KTO raw API의 cpyrhtDivCd=Type3 확인. source_record=2872574. 공공누리 3유형 — 출처표시 조건 충족 시 상업 허용, 수정 금지."
busan-K-00642,http://tong.visitkorea.or.kr/cms/resource/73/2872573_image2_1.JPG,tong.visitkorea.or.kr,tourapi_cdn,,https://www.kogl.or.kr/info/licenseType3.do,2026-07-26,KTO / 한국관광공사 또는 원저작자 (미확인),kogl_3,verified,allowed,prohibited,true,,usable,item_verified,"KTO raw API의 cpyrhtDivCd=Type3 확인. source_record=2872583. 공공누리 3유형 — 출처표시 조건 충족 시 상업 허용, 수정 금지."
busan-K-00643,http://tong.visitkorea.or.kr/cms/resource/87/2872587_image2_1.JPG,tong.visitkorea.or.kr,tourapi_cdn,,https://www.kogl.or.kr/info/licenseType3.do,2026-07-26,KTO / 한국관광공사 또는 원저작자 (미확인),kogl_3,verified,allowed,prohibited,true,,usable,item_verified,"KTO raw API의 cpyrhtDivCd=Type3 확인. source_record=2872590. 공공누리 3유형 — 출처표시 조건 충족 시 상업 허용, 수정 금지."
busan-K-00644,http://tong.visitkorea.or.kr/cms/resource/95/2872595_image2_1.JPG,tong.visitkorea.or.kr,tourapi_cdn,,https://www.kogl.or.kr/info/licenseType3.do,2026-07-26,KTO / 한국관광공사 또는 원저작자 (미확인),kogl_3,verified,allowed,prohibited,true,,usable,item_verified,"KTO raw API의 cpyrhtDivCd=Type3 확인. source_record=2872610. 공공누리 3유형 — 출처표시 조건 충족 시 상업 허용, 수정 금지."
busan-K-00646,http://tong.visitkorea.or.kr/cms/resource/15/2872615_image2_1.JPG,tong.visitkorea.or.kr,tourapi_cdn,,https://www.kogl.or.kr/info/licenseType3.do,2026-07-26,KTO / 한국관광공사 또는 원저작자 (미확인),kogl_3,verified,allowed,prohibited,true,,usable,item_verified,"KTO raw API의 cpyrhtDivCd=Type3 확인. source_record=2872626. 공공누리 3유형 — 출처표시 조건 충족 시 상업 허용, 수정 금지."
busan-K-00647,http://tong.visitkorea.or.kr/cms/resource/23/2872623_image2_1.JPG,tong.visitkorea.or.kr,tourapi_cdn,,https://www.kogl.or.kr/info/licenseType3.do,2026-07-26,KTO / 한국관광공사 또는 원저작자 (미확인),kogl_3,verified,allowed,prohibited,true,,usable,item_verified,"KTO raw API의 cpyrhtDivCd=Type3 확인. source_record=2872634. 공공누리 3유형 — 출처표시 조건 충족 시 상업 허용, 수정 금지."
busan-K-00648,http://tong.visitkorea.or.kr/cms/resource/04/3531704_image2_1.png,tong.visitkorea.or.kr,tourapi_cdn,,https://www.kogl.or.kr/info/licenseType3.do,2026-07-26,KTO / 한국관광공사 또는 원저작자 (미확인),kogl_3,verified,allowed,prohibited,true,,usable,item_verified,"KTO raw API의 cpyrhtDivCd=Type3 확인. source_record=2873292. 공공누리 3유형 — 출처표시 조건 충족 시 상업 허용, 수정 금지."
busan-K-00650,http://tong.visitkorea.or.kr/cms/resource/87/2873487_image2_1.jpg,tong.visitkorea.or.kr,tourapi_cdn,,https://www.kogl.or.kr/info/licenseType3.do,2026-07-26,KTO / 한국관광공사 또는 원저작자 (미확인),kogl_3,verified,allowed,prohibited,true,,usable,item_verified,"KTO raw API의 cpyrhtDivCd=Type3 확인. source_record=2873498. 공공누리 3유형 — 출처표시 조건 충족 시 상업 허용, 수정 금지."
busan-K-00651,http://tong.visitkorea.or.kr/cms/resource/96/2875296_image2_1.JPG,tong.visitkorea.or.kr,tourapi_cdn,,https://www.kogl.or.kr/info/licenseType3.do,2026-07-26,KTO / 한국관광공사 또는 원저작자 (미확인),kogl_3,verified,allowed,prohibited,true,,usable,item_verified,"KTO raw API의 cpyrhtDivCd=Type3 확인. source_record=2875311. 공공누리 3유형 — 출처표시 조건 충족 시 상업 허용, 수정 금지."
busan-K-00652,http://tong.visitkorea.or.kr/cms/resource/38/2875338_image2_1.JPG,tong.visitkorea.or.kr,tourapi_cdn,,https://www.kogl.or.kr/info/licenseType3.do,2026-07-26,KTO / 한국관광공사 또는 원저작자 (미확인),kogl_3,verified,allowed,prohibited,true,,usable,item_verified,"KTO raw API의 cpyrhtDivCd=Type3 확인. source_record=2875345. 공공누리 3유형 — 출처표시 조건 충족 시 상업 허용, 수정 금지."
busan-K-00653,http://tong.visitkorea.or.kr/cms/resource/53/2875353_image2_1.JPG,tong.visitkorea.or.kr,tourapi_cdn,,https://www.kogl.or.kr/info/licenseType3.do,2026-07-26,KTO / 한국관광공사 또는 원저작자 (미확인),kogl_3,verified,allowed,prohibited,true,,usable,item_verified,"KTO raw API의 cpyrhtDivCd=Type3 확인. source_record=2875364. 공공누리 3유형 — 출처표시 조건 충족 시 상업 허용, 수정 금지."
busan-K-00654,http://tong.visitkorea.or.kr/cms/resource/15/2875715_image2_1.JPG,tong.visitkorea.or.kr,tourapi_cdn,,https://www.kogl.or.kr/info/licenseType3.do,2026-07-26,KTO / 한국관광공사 또는 원저작자 (미확인),kogl_3,verified,allowed,prohibited,true,,usable,item_verified,"KTO raw API의 cpyrhtDivCd=Type3 확인. source_record=2875727. 공공누리 3유형 — 출처표시 조건 충족 시 상업 허용, 수정 금지."
busan-K-00658,http://tong.visitkorea.or.kr/cms/resource/17/2875817_image2_1.JPG,tong.visitkorea.or.kr,tourapi_cdn,,https://www.kogl.or.kr/info/licenseType3.do,2026-07-26,KTO / 한국관광공사 또는 원저작자 (미확인),kogl_3,verified,allowed,prohibited,true,,usable,item_verified,"KTO raw API의 cpyrhtDivCd=Type3 확인. source_record=2875819. 공공누리 3유형 — 출처표시 조건 충족 시 상업 허용, 수정 금지."
busan-K-00659,http://tong.visitkorea.or.kr/cms/resource/24/2875824_image2_1.JPG,tong.visitkorea.or.kr,tourapi_cdn,,https://www.kogl.or.kr/info/licenseType3.do,2026-07-26,KTO / 한국관광공사 또는 원저작자 (미확인),kogl_3,verified,allowed,prohibited,true,,usable,item_verified,"KTO raw API의 cpyrhtDivCd=Type3 확인. source_record=2875837. 공공누리 3유형 — 출처표시 조건 충족 시 상업 허용, 수정 금지."
busan-K-00660,http://tong.visitkorea.or.kr/cms/resource/42/2875842_image2_1.JPG,tong.visitkorea.or.kr,tourapi_cdn,,https://www.kogl.or.kr/info/licenseType3.do,2026-07-26,KTO / 한국관광공사 또는 원저작자 (미확인),kogl_3,verified,allowed,prohibited,true,,usable,item_verified,"KTO raw API의 cpyrhtDivCd=Type3 확인. source_record=2875849. 공공누리 3유형 — 출처표시 조건 충족 시 상업 허용, 수정 금지."
busan-K-00661,http://tong.visitkorea.or.kr/cms/resource/50/2875850_image2_1.JPG,tong.visitkorea.or.kr,tourapi_cdn,,https://www.kogl.or.kr/info/licenseType3.do,2026-07-26,KTO / 한국관광공사 또는 원저작자 (미확인),kogl_3,verified,allowed,prohibited,true,,usable,item_verified,"KTO raw API의 cpyrhtDivCd=Type3 확인. source_record=2875862. 공공누리 3유형 — 출처표시 조건 충족 시 상업 허용, 수정 금지."
busan-K-00662,http://tong.visitkorea.or.kr/cms/resource/68/2875868_image2_1.JPG,tong.visitkorea.or.kr,tourapi_cdn,,https://www.kogl.or.kr/info/licenseType3.do,2026-07-26,KTO / 한국관광공사 또는 원저작자 (미확인),kogl_3,verified,allowed,prohibited,true,,usable,item_verified,"KTO raw API의 cpyrhtDivCd=Type3 확인. source_record=2875886. 공공누리 3유형 — 출처표시 조건 충족 시 상업 허용, 수정 금지."
busan-K-00663,http://tong.visitkorea.or.kr/cms/resource/40/2891740_image2_1.jpg,tong.visitkorea.or.kr,tourapi_cdn,,https://www.kogl.or.kr/info/licenseType3.do,2026-07-26,KTO / 한국관광공사 또는 원저작자 (미확인),kogl_3,verified,allowed,prohibited,true,,usable,item_verified,"KTO raw API의 cpyrhtDivCd=Type3 확인. source_record=2891745. 공공누리 3유형 — 출처표시 조건 충족 시 상업 허용, 수정 금지."
busan-K-00665,http://tong.visitkorea.or.kr/cms/resource/03/2891803_image2_1.jpg,tong.visitkorea.or.kr,tourapi_cdn,,https://www.kogl.or.kr/info/licenseType3.do,2026-07-26,KTO / 한국관광공사 또는 원저작자 (미확인),kogl_3,verified,allowed,prohibited,true,,usable,item_verified,"KTO raw API의 cpyrhtDivCd=Type3 확인. source_record=2891814. 공공누리 3유형 — 출처표시 조건 충족 시 상업 허용, 수정 금지."
busan-K-00666,http://tong.visitkorea.or.kr/cms/resource/20/2891820_image2_1.jpg,tong.visitkorea.or.kr,tourapi_cdn,,https://www.kogl.or.kr/info/licenseType3.do,2026-07-26,KTO / 한국관광공사 또는 원저작자 (미확인),kogl_3,verified,allowed,prohibited,true,,usable,item_verified,"KTO raw API의 cpyrhtDivCd=Type3 확인. source_record=2891826. 공공누리 3유형 — 출처표시 조건 충족 시 상업 허용, 수정 금지."
busan-K-00667,http://tong.visitkorea.or.kr/cms/resource/38/2891838_image2_1.jpg,tong.visitkorea.or.kr,tourapi_cdn,,https://www.kogl.or.kr/info/licenseType3.do,2026-07-26,KTO / 한국관광공사 또는 원저작자 (미확인),kogl_3,verified,allowed,prohibited,true,,usable,item_verified,"KTO raw API의 cpyrhtDivCd=Type3 확인. source_record=2891849. 공공누리 3유형 — 출처표시 조건 충족 시 상업 허용, 수정 금지."
busan-K-00668,http://tong.visitkorea.or.kr/cms/resource/57/2891857_image2_1.jpg,tong.visitkorea.or.kr,tourapi_cdn,,https://www.kogl.or.kr/info/licenseType3.do,2026-07-26,KTO / 한국관광공사 또는 원저작자 (미확인),kogl_3,verified,allowed,prohibited,true,,usable,item_verified,"KTO raw API의 cpyrhtDivCd=Type3 확인. source_record=2891868. 공공누리 3유형 — 출처표시 조건 충족 시 상업 허용, 수정 금지."
busan-K-00669,http://tong.visitkorea.or.kr/cms/resource/83/2891883_image2_1.jpg,tong.visitkorea.or.kr,tourapi_cdn,,https://www.kogl.or.kr/info/licenseType3.do,2026-07-26,KTO / 한국관광공사 또는 원저작자 (미확인),kogl_3,verified,allowed,prohibited,true,,usable,item_verified,"KTO raw API의 cpyrhtDivCd=Type3 확인. source_record=2891887. 공공누리 3유형 — 출처표시 조건 충족 시 상업 허용, 수정 금지."
busan-K-00670,http://tong.visitkorea.or.kr/cms/resource/62/2892562_image2_1.jpg,tong.visitkorea.or.kr,tourapi_cdn,,https://www.kogl.or.kr/info/licenseType3.do,2026-07-26,KTO / 한국관광공사 또는 원저작자 (미확인),kogl_3,verified,allowed,prohibited,true,,usable,item_verified,"KTO raw API의 cpyrhtDivCd=Type3 확인. source_record=2892757. 공공누리 3유형 — 출처표시 조건 충족 시 상업 허용, 수정 금지."
busan-K-00671,http://tong.visitkorea.or.kr/cms/resource/43/2903043_image2_1.JPG,tong.visitkorea.or.kr,tourapi_cdn,,https://www.kogl.or.kr/info/licenseType3.do,2026-07-26,KTO / 한국관광공사 또는 원저작자 (미확인),kogl_3,verified,allowed,prohibited,true,,usable,item_verified,"KTO raw API의 cpyrhtDivCd=Type3 확인. source_record=2903049. 공공누리 3유형 — 출처표시 조건 충족 시 상업 허용, 수정 금지."
busan-K-00672,http://tong.visitkorea.or.kr/cms/resource/98/2904898_image2_1.jpg,tong.visitkorea.or.kr,tourapi_cdn,,https://www.kogl.or.kr/info/licenseType3.do,2026-07-26,KTO / 한국관광공사 또는 원저작자 (미확인),kogl_3,verified,allowed,prohibited,true,,usable,item_verified,"KTO raw API의 cpyrhtDivCd=Type3 확인. source_record=2904908. 공공누리 3유형 — 출처표시 조건 충족 시 상업 허용, 수정 금지."
busan-K-00673,http://tong.visitkorea.or.kr/cms/resource/35/2905135_image2_1.jpg,tong.visitkorea.or.kr,tourapi_cdn,,https://www.kogl.or.kr/info/licenseType3.do,2026-07-26,KTO / 한국관광공사 또는 원저작자 (미확인),kogl_3,verified,allowed,prohibited,true,,usable,item_verified,"KTO raw API의 cpyrhtDivCd=Type3 확인. source_record=2905141. 공공누리 3유형 — 출처표시 조건 충족 시 상업 허용, 수정 금지."
busan-K-00674,http://tong.visitkorea.or.kr/cms/resource/82/2907082_image2_1.JPG,tong.visitkorea.or.kr,tourapi_cdn,,https://www.kogl.or.kr/info/licenseType3.do,2026-07-26,KTO / 한국관광공사 또는 원저작자 (미확인),kogl_3,verified,allowed,prohibited,true,,usable,item_verified,"KTO raw API의 cpyrhtDivCd=Type3 확인. source_record=2907087. 공공누리 3유형 — 출처표시 조건 충족 시 상업 허용, 수정 금지."
busan-K-00675,http://tong.visitkorea.or.kr/cms/resource/57/2928957_image2_1.jpg,tong.visitkorea.or.kr,tourapi_cdn,,https://www.kogl.or.kr/info/licenseType3.do,2026-07-26,KTO / 한국관광공사 또는 원저작자 (미확인),kogl_3,verified,allowed,prohibited,true,,usable,item_verified,"KTO raw API의 cpyrhtDivCd=Type3 확인. source_record=2925797. 공공누리 3유형 — 출처표시 조건 충족 시 상업 허용, 수정 금지."
busan-K-00676,http://tong.visitkorea.or.kr/cms/resource/22/2947122_image2_1.jpg,tong.visitkorea.or.kr,tourapi_cdn,,https://www.kogl.or.kr/info/licenseType1.do,2026-07-26,KTO / 한국관광공사 또는 원저작자 (미확인),kogl_1,verified,allowed,allowed,true,,usable,item_verified,KTO raw API의 cpyrhtDivCd=Type1 확인. source_record=2944033. 공공누리 1유형 — 출처표시 조건 충족 시 상업·수정 허용.
busan-K-00677,http://tong.visitkorea.or.kr/cms/resource/00/2947000_image2_1.jpg,tong.visitkorea.or.kr,tourapi_cdn,,https://www.kogl.or.kr/info/licenseType1.do,2026-07-26,KTO / 한국관광공사 또는 원저작자 (미확인),kogl_1,verified,allowed,allowed,true,,usable,item_verified,KTO raw API의 cpyrhtDivCd=Type1 확인. source_record=2944336. 공공누리 1유형 — 출처표시 조건 충족 시 상업·수정 허용.
busan-K-00678,,,,,,2026-07-25,,unknown,unverified,unknown,unknown,unknown,,no_image,unverified,이미지 URL 없음
busan-K-00679,http://tong.visitkorea.or.kr/cms/resource/43/2947043_image2_1.jpg,tong.visitkorea.or.kr,tourapi_cdn,,https://www.kogl.or.kr/info/licenseType1.do,2026-07-26,KTO / 한국관광공사 또는 원저작자 (미확인),kogl_1,verified,allowed,allowed,true,,usable,item_verified,KTO raw API의 cpyrhtDivCd=Type1 확인. source_record=2946508. 공공누리 1유형 — 출처표시 조건 충족 시 상업·수정 허용.
busan-K-00681,http://tong.visitkorea.or.kr/cms/resource/22/2952922_image2_1.jpg,tong.visitkorea.or.kr,tourapi_cdn,,https://www.kogl.or.kr/info/licenseType3.do,2026-07-26,KTO / 한국관광공사 또는 원저작자 (미확인),kogl_3,verified,allowed,prohibited,true,,usable,item_verified,"KTO raw API의 cpyrhtDivCd=Type3 확인. source_record=2952936. 공공누리 3유형 — 출처표시 조건 충족 시 상업 허용, 수정 금지."
busan-K-00682,http://tong.visitkorea.or.kr/cms/resource/05/2991005_image2_1.jpg,tong.visitkorea.or.kr,tourapi_cdn,,https://www.kogl.or.kr/info/licenseType3.do,2026-07-26,KTO / 한국관광공사 또는 원저작자 (미확인),kogl_3,verified,allowed,prohibited,true,,usable,item_verified,"KTO raw API의 cpyrhtDivCd=Type3 확인. source_record=2991028. 공공누리 3유형 — 출처표시 조건 충족 시 상업 허용, 수정 금지."
busan-K-00684,http://tong.visitkorea.or.kr/cms/resource/85/3589785_image2_1.jpg,tong.visitkorea.or.kr,tourapi_cdn,,https://www.kogl.or.kr/info/licenseType1.do,2026-07-26,KTO / 한국관광공사 또는 원저작자 (미확인),kogl_1,verified,allowed,allowed,true,,usable,item_verified,KTO raw API의 cpyrhtDivCd=Type1 확인. source_record=2994364. 공공누리 1유형 — 출처표시 조건 충족 시 상업·수정 허용.
busan-K-00685,,,,,,2026-07-25,,unknown,unverified,unknown,unknown,unknown,,no_image,unverified,이미지 URL 없음
busan-K-00686,http://tong.visitkorea.or.kr/cms/resource/08/3550808_image2_1.jpg,tong.visitkorea.or.kr,tourapi_cdn,,https://www.kogl.or.kr/info/licenseType3.do,2026-07-26,KTO / 한국관광공사 또는 원저작자 (미확인),kogl_3,verified,allowed,prohibited,true,,usable,item_verified,"KTO raw API의 cpyrhtDivCd=Type3 확인. source_record=3001170. 공공누리 3유형 — 출처표시 조건 충족 시 상업 허용, 수정 금지."
busan-K-00687,http://tong.visitkorea.or.kr/cms/resource/43/3537143_image2_1.jpg,tong.visitkorea.or.kr,tourapi_cdn,,https://www.kogl.or.kr/info/licenseType3.do,2026-07-26,KTO / 한국관광공사 또는 원저작자 (미확인),kogl_3,verified,allowed,prohibited,true,,usable,item_verified,"KTO raw API의 cpyrhtDivCd=Type3 확인. source_record=3006246. 공공누리 3유형 — 출처표시 조건 충족 시 상업 허용, 수정 금지."
busan-K-00688,http://tong.visitkorea.or.kr/cms/resource/19/3009019_image2_1.jpg,tong.visitkorea.or.kr,tourapi_cdn,,https://www.kogl.or.kr/info/licenseType3.do,2026-07-26,KTO / 한국관광공사 또는 원저작자 (미확인),kogl_3,verified,allowed,prohibited,true,,usable,item_verified,"KTO raw API의 cpyrhtDivCd=Type3 확인. source_record=3009050. 공공누리 3유형 — 출처표시 조건 충족 시 상업 허용, 수정 금지."
busan-K-00689,http://tong.visitkorea.or.kr/cms/resource/24/3016424_image2_1.jpg,tong.visitkorea.or.kr,tourapi_cdn,,https://www.kogl.or.kr/info/licenseType3.do,2026-07-26,KTO / 한국관광공사 또는 원저작자 (미확인),kogl_3,verified,allowed,prohibited,true,,usable,item_verified,"KTO raw API의 cpyrhtDivCd=Type3 확인. source_record=3016434. 공공누리 3유형 — 출처표시 조건 충족 시 상업 허용, 수정 금지."
busan-K-00690,http://tong.visitkorea.or.kr/cms/resource/47/3359047_image2_1.jpg,tong.visitkorea.or.kr,tourapi_cdn,,https://www.kogl.or.kr/info/licenseType3.do,2026-07-26,KTO / 한국관광공사 또는 원저작자 (미확인),kogl_3,verified,allowed,prohibited,true,,usable,item_verified,"KTO raw API의 cpyrhtDivCd=Type3 확인. source_record=3016659. 공공누리 3유형 — 출처표시 조건 충족 시 상업 허용, 수정 금지."
busan-K-00691,http://tong.visitkorea.or.kr/cms/resource/82/3017082_image2_1.JPG,tong.visitkorea.or.kr,tourapi_cdn,,https://www.kogl.or.kr/info/licenseType3.do,2026-07-26,KTO / 한국관광공사 또는 원저작자 (미확인),kogl_3,verified,allowed,prohibited,true,,usable,item_verified,"KTO raw API의 cpyrhtDivCd=Type3 확인. source_record=3017112. 공공누리 3유형 — 출처표시 조건 충족 시 상업 허용, 수정 금지."
busan-K-00693,http://tong.visitkorea.or.kr/cms/resource/53/3455153_image2_1.jpg,tong.visitkorea.or.kr,tourapi_cdn,,https://www.kogl.or.kr/info/licenseType1.do,2026-07-26,KTO / 한국관광공사 또는 원저작자 (미확인),kogl_1,verified,allowed,allowed,true,,usable,item_verified,KTO raw API의 cpyrhtDivCd=Type1 확인. source_record=3017435. 공공누리 1유형 — 출처표시 조건 충족 시 상업·수정 허용.
busan-K-00694,http://tong.visitkorea.or.kr/cms/resource/54/3549654_image2_1.png,tong.visitkorea.or.kr,tourapi_cdn,,https://www.kogl.or.kr/info/licenseType3.do,2026-07-26,KTO / 한국관광공사 또는 원저작자 (미확인),kogl_3,verified,allowed,prohibited,true,,usable,item_verified,"KTO raw API의 cpyrhtDivCd=Type3 확인. source_record=3018117. 공공누리 3유형 — 출처표시 조건 충족 시 상업 허용, 수정 금지."
busan-K-00695,http://tong.visitkorea.or.kr/cms/resource/48/3552448_image2_1.jpg,tong.visitkorea.or.kr,tourapi_cdn,,https://www.kogl.or.kr/info/licenseType3.do,2026-07-26,KTO / 한국관광공사 또는 원저작자 (미확인),kogl_3,verified,allowed,prohibited,true,,usable,item_verified,"KTO raw API의 cpyrhtDivCd=Type3 확인. source_record=3020552. 공공누리 3유형 — 출처표시 조건 충족 시 상업 허용, 수정 금지."
busan-K-00696,http://tong.visitkorea.or.kr/cms/resource/09/3023709_image2_1.JPG,tong.visitkorea.or.kr,tourapi_cdn,,https://www.kogl.or.kr/info/licenseType3.do,2026-07-26,KTO / 한국관광공사 또는 원저작자 (미확인),kogl_3,verified,allowed,prohibited,true,,usable,item_verified,"KTO raw API의 cpyrhtDivCd=Type3 확인. source_record=3023734. 공공누리 3유형 — 출처표시 조건 충족 시 상업 허용, 수정 금지."
busan-K-00697,http://tong.visitkorea.or.kr/cms/resource/14/3026914_image2_1.JPG,tong.visitkorea.or.kr,tourapi_cdn,,https://www.kogl.or.kr/info/licenseType3.do,2026-07-26,KTO / 한국관광공사 또는 원저작자 (미확인),kogl_3,verified,allowed,prohibited,true,,usable,item_verified,"KTO raw API의 cpyrhtDivCd=Type3 확인. source_record=3026941. 공공누리 3유형 — 출처표시 조건 충족 시 상업 허용, 수정 금지."
busan-K-00698,http://tong.visitkorea.or.kr/cms/resource/70/3026970_image2_1.JPG,tong.visitkorea.or.kr,tourapi_cdn,,https://www.kogl.or.kr/info/licenseType3.do,2026-07-26,KTO / 한국관광공사 또는 원저작자 (미확인),kogl_3,verified,allowed,prohibited,true,,usable,item_verified,"KTO raw API의 cpyrhtDivCd=Type3 확인. source_record=3027022. 공공누리 3유형 — 출처표시 조건 충족 시 상업 허용, 수정 금지."
busan-K-00699,http://tong.visitkorea.or.kr/cms/resource/77/3027077_image2_1.JPG,tong.visitkorea.or.kr,tourapi_cdn,,https://www.kogl.or.kr/info/licenseType3.do,2026-07-26,KTO / 한국관광공사 또는 원저작자 (미확인),kogl_3,verified,allowed,prohibited,true,,usable,item_verified,"KTO raw API의 cpyrhtDivCd=Type3 확인. source_record=3027098. 공공누리 3유형 — 출처표시 조건 충족 시 상업 허용, 수정 금지."
busan-K-00700,http://tong.visitkorea.or.kr/cms/resource/23/3027423_image2_1.JPG,tong.visitkorea.or.kr,tourapi_cdn,,https://www.kogl.or.kr/info/licenseType3.do,2026-07-26,KTO / 한국관광공사 또는 원저작자 (미확인),kogl_3,verified,allowed,prohibited,true,,usable,item_verified,"KTO raw API의 cpyrhtDivCd=Type3 확인. source_record=3027444. 공공누리 3유형 — 출처표시 조건 충족 시 상업 허용, 수정 금지."
busan-K-00701,http://tong.visitkorea.or.kr/cms/resource/53/3027653_image2_1.JPG,tong.visitkorea.or.kr,tourapi_cdn,,https://www.kogl.or.kr/info/licenseType3.do,2026-07-26,KTO / 한국관광공사 또는 원저작자 (미확인),kogl_3,verified,allowed,prohibited,true,,usable,item_verified,"KTO raw API의 cpyrhtDivCd=Type3 확인. source_record=3027700. 공공누리 3유형 — 출처표시 조건 충족 시 상업 허용, 수정 금지."
busan-K-00702,http://tong.visitkorea.or.kr/cms/resource/82/3028482_image2_1.JPG,tong.visitkorea.or.kr,tourapi_cdn,,https://www.kogl.or.kr/info/licenseType3.do,2026-07-26,KTO / 한국관광공사 또는 원저작자 (미확인),kogl_3,verified,allowed,prohibited,true,,usable,item_verified,"KTO raw API의 cpyrhtDivCd=Type3 확인. source_record=3028497. 공공누리 3유형 — 출처표시 조건 충족 시 상업 허용, 수정 금지."
busan-K-00703,http://tong.visitkorea.or.kr/cms/resource/73/3028573_image2_1.JPG,tong.visitkorea.or.kr,tourapi_cdn,,https://www.kogl.or.kr/info/licenseType3.do,2026-07-26,KTO / 한국관광공사 또는 원저작자 (미확인),kogl_3,verified,allowed,prohibited,true,,usable,item_verified,"KTO raw API의 cpyrhtDivCd=Type3 확인. source_record=3028593. 공공누리 3유형 — 출처표시 조건 충족 시 상업 허용, 수정 금지."
busan-K-00704,,,,,,2026-07-25,,unknown,unverified,unknown,unknown,unknown,,no_image,unverified,이미지 URL 없음
busan-K-00705,http://tong.visitkorea.or.kr/cms/resource/30/3054130_image2_1.jpg,tong.visitkorea.or.kr,tourapi_cdn,,https://www.kogl.or.kr/info/licenseType1.do,2026-07-26,KTO / 한국관광공사 또는 원저작자 (미확인),kogl_1,verified,allowed,allowed,true,,usable,item_verified,KTO raw API의 cpyrhtDivCd=Type1 확인. source_record=3044634. 공공누리 1유형 — 출처표시 조건 충족 시 상업·수정 허용.
busan-K-00706,http://tong.visitkorea.or.kr/cms/resource/18/3064818_image2_1.JPG,tong.visitkorea.or.kr,tourapi_cdn,,https://www.kogl.or.kr/info/licenseType3.do,2026-07-26,KTO / 한국관광공사 또는 원저작자 (미확인),kogl_3,verified,allowed,prohibited,true,,usable,item_verified,"KTO raw API의 cpyrhtDivCd=Type3 확인. source_record=3064821. 공공누리 3유형 — 출처표시 조건 충족 시 상업 허용, 수정 금지."
busan-K-00708,http://tong.visitkorea.or.kr/cms/resource/37/3065337_image2_1.JPG,tong.visitkorea.or.kr,tourapi_cdn,,https://www.kogl.or.kr/info/licenseType3.do,2026-07-26,KTO / 한국관광공사 또는 원저작자 (미확인),kogl_3,verified,allowed,prohibited,true,,usable,item_verified,"KTO raw API의 cpyrhtDivCd=Type3 확인. source_record=3065360. 공공누리 3유형 — 출처표시 조건 충족 시 상업 허용, 수정 금지."
busan-K-00709,http://tong.visitkorea.or.kr/cms/resource/44/3075344_image2_1.JPG,tong.visitkorea.or.kr,tourapi_cdn,,https://www.kogl.or.kr/info/licenseType3.do,2026-07-26,KTO / 한국관광공사 또는 원저작자 (미확인),kogl_3,verified,allowed,prohibited,true,,usable,item_verified,"KTO raw API의 cpyrhtDivCd=Type3 확인. source_record=3075356. 공공누리 3유형 — 출처표시 조건 충족 시 상업 허용, 수정 금지."
busan-K-00710,http://tong.visitkorea.or.kr/cms/resource/95/3080295_image2_1.JPG,tong.visitkorea.or.kr,tourapi_cdn,,https://www.kogl.or.kr/info/licenseType3.do,2026-07-26,KTO / 한국관광공사 또는 원저작자 (미확인),kogl_3,verified,allowed,prohibited,true,,usable,item_verified,"KTO raw API의 cpyrhtDivCd=Type3 확인. source_record=3080300. 공공누리 3유형 — 출처표시 조건 충족 시 상업 허용, 수정 금지."
busan-K-00711,http://tong.visitkorea.or.kr/cms/resource/06/3080306_image2_1.JPG,tong.visitkorea.or.kr,tourapi_cdn,,https://www.kogl.or.kr/info/licenseType3.do,2026-07-26,KTO / 한국관광공사 또는 원저작자 (미확인),kogl_3,verified,allowed,prohibited,true,,usable,item_verified,"KTO raw API의 cpyrhtDivCd=Type3 확인. source_record=3080310. 공공누리 3유형 — 출처표시 조건 충족 시 상업 허용, 수정 금지."
busan-K-00712,http://tong.visitkorea.or.kr/cms/resource/12/3080312_image2_1.JPG,tong.visitkorea.or.kr,tourapi_cdn,,https://www.kogl.or.kr/info/licenseType3.do,2026-07-26,KTO / 한국관광공사 또는 원저작자 (미확인),kogl_3,verified,allowed,prohibited,true,,usable,item_verified,"KTO raw API의 cpyrhtDivCd=Type3 확인. source_record=3080317. 공공누리 3유형 — 출처표시 조건 충족 시 상업 허용, 수정 금지."
busan-K-00713,http://tong.visitkorea.or.kr/cms/resource/70/3082370_image2_1.jpg,tong.visitkorea.or.kr,tourapi_cdn,,https://www.kogl.or.kr/info/licenseType3.do,2026-07-26,KTO / 한국관광공사 또는 원저작자 (미확인),kogl_3,verified,allowed,prohibited,true,,usable,item_verified,"KTO raw API의 cpyrhtDivCd=Type3 확인. source_record=3081825. 공공누리 3유형 — 출처표시 조건 충족 시 상업 허용, 수정 금지."
busan-K-00714,http://tong.visitkorea.or.kr/cms/resource/19/3084219_image2_1.jpg,tong.visitkorea.or.kr,tourapi_cdn,,https://www.kogl.or.kr/info/licenseType3.do,2026-07-26,KTO / 한국관광공사 또는 원저작자 (미확인),kogl_3,verified,allowed,prohibited,true,,usable,item_verified,"KTO raw API의 cpyrhtDivCd=Type3 확인. source_record=3083398. 공공누리 3유형 — 출처표시 조건 충족 시 상업 허용, 수정 금지."
busan-K-00715,http://tong.visitkorea.or.kr/cms/resource/07/3083407_image2_1.jpg,tong.visitkorea.or.kr,tourapi_cdn,,https://www.kogl.or.kr/info/licenseType3.do,2026-07-26,KTO / 한국관광공사 또는 원저작자 (미확인),kogl_3,verified,allowed,prohibited,true,,usable,item_verified,"KTO raw API의 cpyrhtDivCd=Type3 확인. source_record=3083414. 공공누리 3유형 — 출처표시 조건 충족 시 상업 허용, 수정 금지."
busan-K-00716,http://tong.visitkorea.or.kr/cms/resource/18/3083418_image2_1.jpg,tong.visitkorea.or.kr,tourapi_cdn,,https://www.kogl.or.kr/info/licenseType3.do,2026-07-26,KTO / 한국관광공사 또는 원저작자 (미확인),kogl_3,verified,allowed,prohibited,true,,usable,item_verified,"KTO raw API의 cpyrhtDivCd=Type3 확인. source_record=3083428. 공공누리 3유형 — 출처표시 조건 충족 시 상업 허용, 수정 금지."
busan-K-00718,http://tong.visitkorea.or.kr/cms/resource/21/3093621_image2_1.PNG,tong.visitkorea.or.kr,tourapi_cdn,,https://www.kogl.or.kr/info/licenseType3.do,2026-07-26,KTO / 한국관광공사 또는 원저작자 (미확인),kogl_3,verified,allowed,prohibited,true,,usable,item_verified,"KTO raw API의 cpyrhtDivCd=Type3 확인. source_record=3093625. 공공누리 3유형 — 출처표시 조건 충족 시 상업 허용, 수정 금지."
busan-K-00719,http://tong.visitkorea.or.kr/cms/resource/39/3335939_image2_1.png,tong.visitkorea.or.kr,tourapi_cdn,,https://www.kogl.or.kr/info/licenseType3.do,2026-07-26,KTO / 한국관광공사 또는 원저작자 (미확인),kogl_3,verified,allowed,prohibited,true,,usable,item_verified,"KTO raw API의 cpyrhtDivCd=Type3 확인. source_record=3335951. 공공누리 3유형 — 출처표시 조건 충족 시 상업 허용, 수정 금지."
busan-K-00720,,,,,,2026-07-25,,unknown,unverified,unknown,unknown,unknown,,no_image,unverified,이미지 URL 없음
busan-K-00721,http://tong.visitkorea.or.kr/cms/resource/25/3536625_image2_1.jpg,tong.visitkorea.or.kr,tourapi_cdn,,https://www.kogl.or.kr/info/licenseType3.do,2026-07-26,KTO / 한국관광공사 또는 원저작자 (미확인),kogl_3,verified,allowed,prohibited,true,,usable,item_verified,"KTO raw API의 cpyrhtDivCd=Type3 확인. source_record=3345610. 공공누리 3유형 — 출처표시 조건 충족 시 상업 허용, 수정 금지."
busan-K-00722,http://tong.visitkorea.or.kr/cms/resource/60/3532060_image2_1.JPG,tong.visitkorea.or.kr,tourapi_cdn,,https://www.kogl.or.kr/info/licenseType3.do,2026-07-26,KTO / 한국관광공사 또는 원저작자 (미확인),kogl_3,verified,allowed,prohibited,true,,usable,item_verified,"KTO raw API의 cpyrhtDivCd=Type3 확인. source_record=3351515. 공공누리 3유형 — 출처표시 조건 충족 시 상업 허용, 수정 금지."
busan-K-00723,http://tong.visitkorea.or.kr/cms/resource/89/3524089_image2_1.png,tong.visitkorea.or.kr,tourapi_cdn,,https://www.kogl.or.kr/info/licenseType3.do,2026-07-26,KTO / 한국관광공사 또는 원저작자 (미확인),kogl_3,verified,allowed,prohibited,true,,usable,item_verified,"KTO raw API의 cpyrhtDivCd=Type3 확인. source_record=3356047. 공공누리 3유형 — 출처표시 조건 충족 시 상업 허용, 수정 금지."
busan-K-00724,http://tong.visitkorea.or.kr/cms/resource/68/3533968_image2_1.jpg,tong.visitkorea.or.kr,tourapi_cdn,,https://www.kogl.or.kr/info/licenseType3.do,2026-07-26,KTO / 한국관광공사 또는 원저작자 (미확인),kogl_3,verified,allowed,prohibited,true,,usable,item_verified,"KTO raw API의 cpyrhtDivCd=Type3 확인. source_record=3370514. 공공누리 3유형 — 출처표시 조건 충족 시 상업 허용, 수정 금지."
busan-K-00725,http://tong.visitkorea.or.kr/cms/resource/21/3373621_image2_1.jpg,tong.visitkorea.or.kr,tourapi_cdn,,https://www.kogl.or.kr/info/licenseType3.do,2026-07-26,KTO / 한국관광공사 또는 원저작자 (미확인),kogl_3,verified,allowed,prohibited,true,,usable,item_verified,"KTO raw API의 cpyrhtDivCd=Type3 확인. source_record=3373600. 공공누리 3유형 — 출처표시 조건 충족 시 상업 허용, 수정 금지."
busan-K-00726,http://tong.visitkorea.or.kr/cms/resource/63/3412563_image2_1.jpg,tong.visitkorea.or.kr,tourapi_cdn,,https://www.kogl.or.kr/info/licenseType3.do,2026-07-26,KTO / 한국관광공사 또는 원저작자 (미확인),kogl_3,verified,allowed,prohibited,true,,usable,item_verified,"KTO raw API의 cpyrhtDivCd=Type3 확인. source_record=3412613. 공공누리 3유형 — 출처표시 조건 충족 시 상업 허용, 수정 금지."
busan-K-00727,http://tong.visitkorea.or.kr/cms/resource/91/3414191_image2_1.jpg,tong.visitkorea.or.kr,tourapi_cdn,,https://www.kogl.or.kr/info/licenseType3.do,2026-07-26,KTO / 한국관광공사 또는 원저작자 (미확인),kogl_3,verified,allowed,prohibited,true,,usable,item_verified,"KTO raw API의 cpyrhtDivCd=Type3 확인. source_record=3414171. 공공누리 3유형 — 출처표시 조건 충족 시 상업 허용, 수정 금지."
busan-K-00728,http://tong.visitkorea.or.kr/cms/resource/00/3415200_image2_1.jpg,tong.visitkorea.or.kr,tourapi_cdn,,https://www.kogl.or.kr/info/licenseType3.do,2026-07-26,KTO / 한국관광공사 또는 원저작자 (미확인),kogl_3,verified,allowed,prohibited,true,,usable,item_verified,"KTO raw API의 cpyrhtDivCd=Type3 확인. source_record=3415203. 공공누리 3유형 — 출처표시 조건 충족 시 상업 허용, 수정 금지."
busan-K-00729,http://tong.visitkorea.or.kr/cms/resource/96/3421696_image2_1.jpg,tong.visitkorea.or.kr,tourapi_cdn,,https://www.kogl.or.kr/info/licenseType1.do,2026-07-26,KTO / 한국관광공사 또는 원저작자 (미확인),kogl_1,verified,allowed,allowed,true,,usable,item_verified,KTO raw API의 cpyrhtDivCd=Type1 확인. source_record=3421909. 공공누리 1유형 — 출처표시 조건 충족 시 상업·수정 허용.
busan-K-00730,http://tong.visitkorea.or.kr/cms/resource/58/3579258_image2_1.jpg,tong.visitkorea.or.kr,tourapi_cdn,,https://www.kogl.or.kr/info/licenseType3.do,2026-07-26,KTO / 한국관광공사 또는 원저작자 (미확인),kogl_3,verified,allowed,prohibited,true,,usable,item_verified,"KTO raw API의 cpyrhtDivCd=Type3 확인. source_record=3422647. 공공누리 3유형 — 출처표시 조건 충족 시 상업 허용, 수정 금지."
busan-K-00731,http://tong.visitkorea.or.kr/cms/resource/72/3574272_image2_1.jpg,tong.visitkorea.or.kr,tourapi_cdn,,https://www.kogl.or.kr/info/licenseType3.do,2026-07-26,KTO / 한국관광공사 또는 원저작자 (미확인),kogl_3,verified,allowed,prohibited,true,,usable,item_verified,"KTO raw API의 cpyrhtDivCd=Type3 확인. source_record=3434800. 공공누리 3유형 — 출처표시 조건 충족 시 상업 허용, 수정 금지."
busan-K-00732,http://tong.visitkorea.or.kr/cms/resource/78/3569778_image2_1.jpg,tong.visitkorea.or.kr,tourapi_cdn,,https://www.kogl.or.kr/info/licenseType3.do,2026-07-26,KTO / 한국관광공사 또는 원저작자 (미확인),kogl_3,verified,allowed,prohibited,true,,usable,item_verified,"KTO raw API의 cpyrhtDivCd=Type3 확인. source_record=3437916. 공공누리 3유형 — 출처표시 조건 충족 시 상업 허용, 수정 금지."
busan-K-00733,http://tong.visitkorea.or.kr/cms/resource/07/3442507_image2_1.jpeg,tong.visitkorea.or.kr,tourapi_cdn,,https://www.kogl.or.kr/info/licenseType1.do,2026-07-26,KTO / 한국관광공사 또는 원저작자 (미확인),kogl_1,verified,allowed,allowed,true,,usable,item_verified,KTO raw API의 cpyrhtDivCd=Type1 확인. source_record=3442423. 공공누리 1유형 — 출처표시 조건 충족 시 상업·수정 허용.
busan-K-00734,http://tong.visitkorea.or.kr/cms/resource/54/3442954_image2_1.jpg,tong.visitkorea.or.kr,tourapi_cdn,,https://www.kogl.or.kr/info/licenseType1.do,2026-07-26,KTO / 한국관광공사 또는 원저작자 (미확인),kogl_1,verified,allowed,allowed,true,,usable,item_verified,KTO raw API의 cpyrhtDivCd=Type1 확인. source_record=3442923. 공공누리 1유형 — 출처표시 조건 충족 시 상업·수정 허용.
busan-K-00735,http://tong.visitkorea.or.kr/cms/resource/89/3443589_image2_1.jpeg,tong.visitkorea.or.kr,tourapi_cdn,,https://www.kogl.or.kr/info/licenseType1.do,2026-07-26,KTO / 한국관광공사 또는 원저작자 (미확인),kogl_1,verified,allowed,allowed,true,,usable,item_verified,KTO raw API의 cpyrhtDivCd=Type1 확인. source_record=3443614. 공공누리 1유형 — 출처표시 조건 충족 시 상업·수정 허용.
busan-K-00736,http://tong.visitkorea.or.kr/cms/resource/23/3444423_image2_1.JPG,tong.visitkorea.or.kr,tourapi_cdn,,https://www.kogl.or.kr/info/licenseType1.do,2026-07-26,KTO / 한국관광공사 또는 원저작자 (미확인),kogl_1,verified,allowed,allowed,true,,usable,item_verified,KTO raw API의 cpyrhtDivCd=Type1 확인. source_record=3444416. 공공누리 1유형 — 출처표시 조건 충족 시 상업·수정 허용.
busan-K-00737,http://tong.visitkorea.or.kr/cms/resource/71/3459571_image2_1.jpg,tong.visitkorea.or.kr,tourapi_cdn,,https://www.kogl.or.kr/info/licenseType1.do,2026-07-26,KTO / 한국관광공사 또는 원저작자 (미확인),kogl_1,verified,allowed,allowed,true,,usable,item_verified,KTO raw API의 cpyrhtDivCd=Type1 확인. source_record=3451794. 공공누리 1유형 — 출처표시 조건 충족 시 상업·수정 허용.
busan-K-00738,http://tong.visitkorea.or.kr/cms/resource/97/3451897_image2_1.jpg,tong.visitkorea.or.kr,tourapi_cdn,,https://www.kogl.or.kr/info/licenseType1.do,2026-07-26,KTO / 한국관광공사 또는 원저작자 (미확인),kogl_1,verified,allowed,allowed,true,,usable,item_verified,KTO raw API의 cpyrhtDivCd=Type1 확인. source_record=3452014. 공공누리 1유형 — 출처표시 조건 충족 시 상업·수정 허용.
busan-K-00739,http://tong.visitkorea.or.kr/cms/resource/06/3451506_image2_1.jpg,tong.visitkorea.or.kr,tourapi_cdn,https://www.visitbusan.net/kr/index.do?menuCd=DOM_000000201003001000&uc_seq=549&lang_cd=ko,https://www.kogl.or.kr/info/licenseType1.do,2026-07-26,KTO / 한국관광공사 또는 원저작자 (미확인),kogl_1,verified,allowed,allowed,true,,usable,item_verified,KTO raw API의 cpyrhtDivCd=Type1 확인. source_record=3452166. 공공누리 1유형 — 출처표시 조건 충족 시 상업·수정 허용.
busan-K-00740,http://tong.visitkorea.or.kr/cms/resource/99/3453999_image2_1.jpg,tong.visitkorea.or.kr,tourapi_cdn,,https://www.kogl.or.kr/info/licenseType1.do,2026-07-26,KTO / 한국관광공사 또는 원저작자 (미확인),kogl_1,verified,allowed,allowed,true,,usable,item_verified,KTO raw API의 cpyrhtDivCd=Type1 확인. source_record=3454074. 공공누리 1유형 — 출처표시 조건 충족 시 상업·수정 허용.
busan-K-00741,,,,,,2026-07-25,,unknown,unverified,unknown,unknown,unknown,,no_image,unverified,이미지 URL 없음
busan-K-00742,,,,,,2026-07-25,,unknown,unverified,unknown,unknown,unknown,,no_image,unverified,이미지 URL 없음
busan-K-00743,,,,,,2026-07-25,,unknown,unverified,unknown,unknown,unknown,,no_image,unverified,이미지 URL 없음
busan-K-00744,,,,,,2026-07-25,,unknown,unverified,unknown,unknown,unknown,,no_image,unverified,이미지 URL 없음
busan-K-00745,,,,,,2026-07-25,,unknown,unverified,unknown,unknown,unknown,,no_image,unverified,이미지 URL 없음
busan-K-00746,,,,,,2026-07-25,,unknown,unverified,unknown,unknown,unknown,,no_image,unverified,이미지 URL 없음
busan-K-00747,,,,,,2026-07-25,,unknown,unverified,unknown,unknown,unknown,,no_image,unverified,이미지 URL 없음
busan-K-00748,,,,,,2026-07-25,,unknown,unverified,unknown,unknown,unknown,,no_image,unverified,이미지 URL 없음
busan-K-00749,,,,,,2026-07-25,,unknown,unverified,unknown,unknown,unknown,,no_image,unverified,이미지 URL 없음
busan-K-00750,,,,,,2026-07-25,,unknown,unverified,unknown,unknown,unknown,,no_image,unverified,이미지 URL 없음
busan-K-00751,,,,,,2026-07-25,,unknown,unverified,unknown,unknown,unknown,,no_image,unverified,이미지 URL 없음
busan-K-00752,,,,,,2026-07-25,,unknown,unverified,unknown,unknown,unknown,,no_image,unverified,이미지 URL 없음
busan-K-00753,,,,,,2026-07-25,,unknown,unverified,unknown,unknown,unknown,,no_image,unverified,이미지 URL 없음
busan-K-00754,,,,,,2026-07-25,,unknown,unverified,unknown,unknown,unknown,,no_image,unverified,이미지 URL 없음
busan-K-00755,,,,,,2026-07-25,,unknown,unverified,unknown,unknown,unknown,,no_image,unverified,이미지 URL 없음
busan-K-00756,,,,,,2026-07-25,,unknown,unverified,unknown,unknown,unknown,,no_image,unverified,이미지 URL 없음
busan-K-00757,http://tong.visitkorea.or.kr/cms/resource/10/3515310_image2_1.jpg,tong.visitkorea.or.kr,tourapi_cdn,,https://www.kogl.or.kr/info/licenseType3.do,2026-07-26,KTO / 한국관광공사 또는 원저작자 (미확인),kogl_3,verified,allowed,prohibited,true,,usable,item_verified,"KTO raw API의 cpyrhtDivCd=Type3 확인. source_record=3515311. 공공누리 3유형 — 출처표시 조건 충족 시 상업 허용, 수정 금지."
busan-K-00758,http://tong.visitkorea.or.kr/cms/resource/23/3524123_image2_1.jpg,tong.visitkorea.or.kr,tourapi_cdn,,https://www.kogl.or.kr/info/licenseType3.do,2026-07-26,KTO / 한국관광공사 또는 원저작자 (미확인),kogl_3,verified,allowed,prohibited,true,,usable,item_verified,"KTO raw API의 cpyrhtDivCd=Type3 확인. source_record=3524130. 공공누리 3유형 — 출처표시 조건 충족 시 상업 허용, 수정 금지."
busan-K-00759,http://tong.visitkorea.or.kr/cms/resource/62/3528962_image2_1.png,tong.visitkorea.or.kr,tourapi_cdn,,https://www.kogl.or.kr/info/licenseType3.do,2026-07-26,KTO / 한국관광공사 또는 원저작자 (미확인),kogl_3,verified,allowed,prohibited,true,,usable,item_verified,"KTO raw API의 cpyrhtDivCd=Type3 확인. source_record=3528964. 공공누리 3유형 — 출처표시 조건 충족 시 상업 허용, 수정 금지."
busan-K-00760,,,,,,2026-07-25,,unknown,unverified,unknown,unknown,unknown,,no_image,unverified,이미지 URL 없음
busan-K-00761,,,,,,2026-07-25,,unknown,unverified,unknown,unknown,unknown,,no_image,unverified,이미지 URL 없음
busan-K-00762,,,,,,2026-07-25,,unknown,unverified,unknown,unknown,unknown,,no_image,unverified,이미지 URL 없음
busan-K-00763,,,,,,2026-07-25,,unknown,unverified,unknown,unknown,unknown,,no_image,unverified,이미지 URL 없음
busan-K-00764,,,,,,2026-07-25,,unknown,unverified,unknown,unknown,unknown,,no_image,unverified,이미지 URL 없음
busan-K-00765,,,,,,2026-07-25,,unknown,unverified,unknown,unknown,unknown,,no_image,unverified,이미지 URL 없음
busan-K-00766,http://tong.visitkorea.or.kr/cms/resource/55/3532955_image2_1.jpg,tong.visitkorea.or.kr,tourapi_cdn,,https://www.kogl.or.kr/info/licenseType3.do,2026-07-26,KTO / 한국관광공사 또는 원저작자 (미확인),kogl_3,verified,allowed,prohibited,true,,usable,item_verified,"KTO raw API의 cpyrhtDivCd=Type3 확인. source_record=3532971. 공공누리 3유형 — 출처표시 조건 충족 시 상업 허용, 수정 금지."
busan-K-00767,,,,,,2026-07-25,,unknown,unverified,unknown,unknown,unknown,,no_image,unverified,이미지 URL 없음
busan-K-00768,,,,,,2026-07-25,,unknown,unverified,unknown,unknown,unknown,,no_image,unverified,이미지 URL 없음
busan-K-00769,,,,,,2026-07-25,,unknown,unverified,unknown,unknown,unknown,,no_image,unverified,이미지 URL 없음
busan-K-00770,,,,,,2026-07-25,,unknown,unverified,unknown,unknown,unknown,,no_image,unverified,이미지 URL 없음
busan-K-00771,,,,,,2026-07-25,,unknown,unverified,unknown,unknown,unknown,,no_image,unverified,이미지 URL 없음
busan-K-00772,,,,,,2026-07-25,,unknown,unverified,unknown,unknown,unknown,,no_image,unverified,이미지 URL 없음
busan-K-00773,http://tong.visitkorea.or.kr/cms/resource/52/3555352_image2_1.png,tong.visitkorea.or.kr,tourapi_cdn,,https://www.kogl.or.kr/info/licenseType3.do,2026-07-26,KTO / 한국관광공사 또는 원저작자 (미확인),kogl_3,verified,allowed,prohibited,true,,usable,item_verified,"KTO raw API의 cpyrhtDivCd=Type3 확인. source_record=3555363. 공공누리 3유형 — 출처표시 조건 충족 시 상업 허용, 수정 금지."
busan-K-00774,http://tong.visitkorea.or.kr/cms/resource/63/3559563_image2_1.jpg,tong.visitkorea.or.kr,tourapi_cdn,,https://www.kogl.or.kr/info/licenseType3.do,2026-07-26,KTO / 한국관광공사 또는 원저작자 (미확인),kogl_3,verified,allowed,prohibited,true,,usable,item_verified,"KTO raw API의 cpyrhtDivCd=Type3 확인. source_record=3559571. 공공누리 3유형 — 출처표시 조건 충족 시 상업 허용, 수정 금지."
busan-K-00775,http://tong.visitkorea.or.kr/cms/resource/05/3576405_image2_1.JPG,tong.visitkorea.or.kr,tourapi_cdn,,https://www.kogl.or.kr/info/licenseType3.do,2026-07-26,KTO / 한국관광공사 또는 원저작자 (미확인),kogl_3,verified,allowed,prohibited,true,,usable,item_verified,"KTO raw API의 cpyrhtDivCd=Type3 확인. source_record=3576410. 공공누리 3유형 — 출처표시 조건 충족 시 상업 허용, 수정 금지."
busan-VB-2678,https://www.visitbusan.net/uploadImgs/files/cntnts/20260311171309981,www.visitbusan.net,editorial_tourism,https://www.visitbusan.net/kr/index.do?menuCd=DOM_000000201001001000&uc_seq=2678&lang_cd=ko,,2026-07-25,"VisitBusan / 부산광역시 (도메인 추정, 미확인)",unknown,unverified,unknown,unknown,unknown,,review_required,domain_inferred,VB 도메인 기반 분류. 기존 image_license=all_rights_reserved_visitbusan. 공식 이용약관 미확인 — 상업 사용 개별 허가 필요.
busan-VB-2612,https://www.visitbusan.net/uploadImgs/files/cntnts/20251121173217035,www.visitbusan.net,editorial_tourism,https://www.visitbusan.net/kr/index.do?menuCd=DOM_000000201001001000&uc_seq=2612&lang_cd=ko,,2026-07-25,"VisitBusan / 부산광역시 (도메인 추정, 미확인)",unknown,unverified,unknown,unknown,unknown,,review_required,domain_inferred,VB 도메인 기반 분류. 기존 image_license=all_rights_reserved_visitbusan. 공식 이용약관 미확인 — 상업 사용 개별 허가 필요.
busan-VB-2598,https://www.visitbusan.net/uploadImgs/files/cntnts/20251029154155656,www.visitbusan.net,editorial_tourism,https://www.visitbusan.net/kr/index.do?menuCd=DOM_000000201001001000&uc_seq=2598&lang_cd=ko,,2026-07-25,"VisitBusan / 부산광역시 (도메인 추정, 미확인)",unknown,unverified,unknown,unknown,unknown,,review_required,domain_inferred,VB 도메인 기반 분류. 기존 image_license=all_rights_reserved_visitbusan. 공식 이용약관 미확인 — 상업 사용 개별 허가 필요.
busan-VB-2594,https://www.visitbusan.net/uploadImgs/files/cntnts/20251024154312500,www.visitbusan.net,editorial_tourism,https://www.visitbusan.net/kr/index.do?menuCd=DOM_000000201001001000&uc_seq=2594&lang_cd=ko,,2026-07-25,"VisitBusan / 부산광역시 (도메인 추정, 미확인)",unknown,unverified,unknown,unknown,unknown,,review_required,domain_inferred,VB 도메인 기반 분류. 기존 image_license=all_rights_reserved_visitbusan. 공식 이용약관 미확인 — 상업 사용 개별 허가 필요.
busan-VB-2588,https://www.visitbusan.net/uploadImgs/files/cntnts/20251020171326961,www.visitbusan.net,editorial_tourism,https://www.visitbusan.net/kr/index.do?menuCd=DOM_000000201001001000&uc_seq=2588&lang_cd=ko,,2026-07-25,"VisitBusan / 부산광역시 (도메인 추정, 미확인)",unknown,unverified,unknown,unknown,unknown,,review_required,domain_inferred,VB 도메인 기반 분류. 기존 image_license=all_rights_reserved_visitbusan. 공식 이용약관 미확인 — 상업 사용 개별 허가 필요.
busan-VB-2587,https://www.visitbusan.net/uploadImgs/files/cntnts/20251020162135473,www.visitbusan.net,editorial_tourism,https://www.visitbusan.net/kr/index.do?menuCd=DOM_000000201001001000&uc_seq=2587&lang_cd=ko,,2026-07-25,"VisitBusan / 부산광역시 (도메인 추정, 미확인)",unknown,unverified,unknown,unknown,unknown,,review_required,domain_inferred,VB 도메인 기반 분류. 기존 image_license=all_rights_reserved_visitbusan. 공식 이용약관 미확인 — 상업 사용 개별 허가 필요.
busan-VB-2551,https://www.visitbusan.net/uploadImgs/files/cntnts/20250826175032196,www.visitbusan.net,editorial_tourism,https://www.visitbusan.net/kr/index.do?menuCd=DOM_000000201001001000&uc_seq=2551&lang_cd=ko,,2026-07-25,"VisitBusan / 부산광역시 (도메인 추정, 미확인)",unknown,unverified,unknown,unknown,unknown,,review_required,domain_inferred,VB 도메인 기반 분류. 기존 image_license=all_rights_reserved_visitbusan. 공식 이용약관 미확인 — 상업 사용 개별 허가 필요.
busan-VB-2408,https://www.visitbusan.net/uploadImgs/files/cntnts/20250620121122146,www.visitbusan.net,editorial_tourism,https://www.visitbusan.net/kr/index.do?menuCd=DOM_000000201001001000&uc_seq=2408&lang_cd=ko,,2026-07-25,"VisitBusan / 부산광역시 (도메인 추정, 미확인)",unknown,unverified,unknown,unknown,unknown,,review_required,domain_inferred,VB 도메인 기반 분류. 기존 image_license=all_rights_reserved_visitbusan. 공식 이용약관 미확인 — 상업 사용 개별 허가 필요.
busan-VB-2314,https://www.visitbusan.net/uploadImgs/files/cntnts/20250317141712864,www.visitbusan.net,editorial_tourism,https://www.visitbusan.net/kr/index.do?menuCd=DOM_000000201001001000&uc_seq=2314&lang_cd=ko,,2026-07-25,"VisitBusan / 부산광역시 (도메인 추정, 미확인)",unknown,unverified,unknown,unknown,unknown,,review_required,domain_inferred,VB 도메인 기반 분류. 기존 image_license=all_rights_reserved_visitbusan. 공식 이용약관 미확인 — 상업 사용 개별 허가 필요.
busan-VB-2299,https://www.visitbusan.net/uploadImgs/files/cntnts/20250306115823313,www.visitbusan.net,editorial_tourism,https://www.visitbusan.net/kr/index.do?menuCd=DOM_000000201001001000&uc_seq=2299&lang_cd=ko,,2026-07-25,"VisitBusan / 부산광역시 (도메인 추정, 미확인)",unknown,unverified,unknown,unknown,unknown,,review_required,domain_inferred,VB 도메인 기반 분류. 기존 image_license=all_rights_reserved_visitbusan. 공식 이용약관 미확인 — 상업 사용 개별 허가 필요.
busan-VB-2288,https://www.visitbusan.net/uploadImgs/files/cntnts/20250214183306081,www.visitbusan.net,editorial_tourism,https://www.visitbusan.net/kr/index.do?menuCd=DOM_000000201001001000&uc_seq=2288&lang_cd=ko,,2026-07-25,"VisitBusan / 부산광역시 (도메인 추정, 미확인)",unknown,unverified,unknown,unknown,unknown,,review_required,domain_inferred,VB 도메인 기반 분류. 기존 image_license=all_rights_reserved_visitbusan. 공식 이용약관 미확인 — 상업 사용 개별 허가 필요.
busan-VB-2284,https://www.visitbusan.net/uploadImgs/files/cntnts/20250212112901695,www.visitbusan.net,editorial_tourism,https://www.visitbusan.net/kr/index.do?menuCd=DOM_000000201001001000&uc_seq=2284&lang_cd=ko,,2026-07-25,"VisitBusan / 부산광역시 (도메인 추정, 미확인)",unknown,unverified,unknown,unknown,unknown,,review_required,domain_inferred,VB 도메인 기반 분류. 기존 image_license=all_rights_reserved_visitbusan. 공식 이용약관 미확인 — 상업 사용 개별 허가 필요.
busan-VB-2275,https://www.visitbusan.net/uploadImgs/files/cntnts/20250207155656641,www.visitbusan.net,editorial_tourism,https://www.visitbusan.net/kr/index.do?menuCd=DOM_000000201001001000&uc_seq=2275&lang_cd=ko,,2026-07-25,"VisitBusan / 부산광역시 (도메인 추정, 미확인)",unknown,unverified,unknown,unknown,unknown,,review_required,domain_inferred,VB 도메인 기반 분류. 기존 image_license=all_rights_reserved_visitbusan. 공식 이용약관 미확인 — 상업 사용 개별 허가 필요.
busan-VB-2274,https://www.visitbusan.net/uploadImgs/files/cntnts/20250207152914813,www.visitbusan.net,editorial_tourism,https://www.visitbusan.net/kr/index.do?menuCd=DOM_000000201001001000&uc_seq=2274&lang_cd=ko,,2026-07-25,"VisitBusan / 부산광역시 (도메인 추정, 미확인)",unknown,unverified,unknown,unknown,unknown,,review_required,domain_inferred,VB 도메인 기반 분류. 기존 image_license=all_rights_reserved_visitbusan. 공식 이용약관 미확인 — 상업 사용 개별 허가 필요.
busan-VB-2229,https://www.visitbusan.net/uploadImgs/files/cntnts/20250102170659652,www.visitbusan.net,editorial_tourism,https://www.visitbusan.net/kr/index.do?menuCd=DOM_000000201001001000&uc_seq=2229&lang_cd=ko,,2026-07-25,"VisitBusan / 부산광역시 (도메인 추정, 미확인)",unknown,unverified,unknown,unknown,unknown,,review_required,domain_inferred,VB 도메인 기반 분류. 기존 image_license=all_rights_reserved_visitbusan. 공식 이용약관 미확인 — 상업 사용 개별 허가 필요.
busan-VB-2220,https://www.visitbusan.net/uploadImgs/files/cntnts/20241224115942076,www.visitbusan.net,editorial_tourism,https://www.visitbusan.net/kr/index.do?menuCd=DOM_000000201001001000&uc_seq=2220&lang_cd=ko,,2026-07-25,"VisitBusan / 부산광역시 (도메인 추정, 미확인)",unknown,unverified,unknown,unknown,unknown,,review_required,domain_inferred,VB 도메인 기반 분류. 기존 image_license=all_rights_reserved_visitbusan. 공식 이용약관 미확인 — 상업 사용 개별 허가 필요.
busan-VB-2210,https://www.visitbusan.net/uploadImgs/files/cntnts/20241206181644634,www.visitbusan.net,editorial_tourism,https://www.visitbusan.net/kr/index.do?menuCd=DOM_000000201001001000&uc_seq=2210&lang_cd=ko,,2026-07-25,"VisitBusan / 부산광역시 (도메인 추정, 미확인)",unknown,unverified,unknown,unknown,unknown,,review_required,domain_inferred,VB 도메인 기반 분류. 기존 image_license=all_rights_reserved_visitbusan. 공식 이용약관 미확인 — 상업 사용 개별 허가 필요.
busan-VB-2206,https://www.visitbusan.net/uploadImgs/files/cntnts/20241206151830093,www.visitbusan.net,editorial_tourism,https://www.visitbusan.net/kr/index.do?menuCd=DOM_000000201001001000&uc_seq=2206&lang_cd=ko,,2026-07-25,"VisitBusan / 부산광역시 (도메인 추정, 미확인)",unknown,unverified,unknown,unknown,unknown,,review_required,domain_inferred,VB 도메인 기반 분류. 기존 image_license=all_rights_reserved_visitbusan. 공식 이용약관 미확인 — 상업 사용 개별 허가 필요.
busan-VB-2204,https://www.visitbusan.net/uploadImgs/files/cntnts/20241206140233984,www.visitbusan.net,editorial_tourism,https://www.visitbusan.net/kr/index.do?menuCd=DOM_000000201001001000&uc_seq=2204&lang_cd=ko,,2026-07-25,"VisitBusan / 부산광역시 (도메인 추정, 미확인)",unknown,unverified,unknown,unknown,unknown,,review_required,domain_inferred,VB 도메인 기반 분류. 기존 image_license=all_rights_reserved_visitbusan. 공식 이용약관 미확인 — 상업 사용 개별 허가 필요.
busan-VB-2202,https://www.visitbusan.net/uploadImgs/files/cntnts/20241202150020813,www.visitbusan.net,editorial_tourism,https://www.visitbusan.net/kr/index.do?menuCd=DOM_000000201001001000&uc_seq=2202&lang_cd=ko,,2026-07-25,"VisitBusan / 부산광역시 (도메인 추정, 미확인)",unknown,unverified,unknown,unknown,unknown,,review_required,domain_inferred,VB 도메인 기반 분류. 기존 image_license=all_rights_reserved_visitbusan. 공식 이용약관 미확인 — 상업 사용 개별 허가 필요.
busan-VB-2200,https://www.visitbusan.net/uploadImgs/files/cntnts/20241202143950023,www.visitbusan.net,editorial_tourism,https://www.visitbusan.net/kr/index.do?menuCd=DOM_000000201001001000&uc_seq=2200&lang_cd=ko,,2026-07-25,"VisitBusan / 부산광역시 (도메인 추정, 미확인)",unknown,unverified,unknown,unknown,unknown,,review_required,domain_inferred,VB 도메인 기반 분류. 기존 image_license=all_rights_reserved_visitbusan. 공식 이용약관 미확인 — 상업 사용 개별 허가 필요.
busan-VB-2191,https://www.visitbusan.net/uploadImgs/files/cntnts/20241126144851008,www.visitbusan.net,editorial_tourism,https://www.visitbusan.net/kr/index.do?menuCd=DOM_000000201001001000&uc_seq=2191&lang_cd=ko,,2026-07-25,"VisitBusan / 부산광역시 (도메인 추정, 미확인)",unknown,unverified,unknown,unknown,unknown,,review_required,domain_inferred,VB 도메인 기반 분류. 기존 image_license=all_rights_reserved_visitbusan. 공식 이용약관 미확인 — 상업 사용 개별 허가 필요.
busan-VB-2189,https://www.visitbusan.net/uploadImgs/files/cntnts/20241113145816999,www.visitbusan.net,editorial_tourism,https://www.visitbusan.net/kr/index.do?menuCd=DOM_000000201001001000&uc_seq=2189&lang_cd=ko,,2026-07-25,"VisitBusan / 부산광역시 (도메인 추정, 미확인)",unknown,unverified,unknown,unknown,unknown,,review_required,domain_inferred,VB 도메인 기반 분류. 기존 image_license=all_rights_reserved_visitbusan. 공식 이용약관 미확인 — 상업 사용 개별 허가 필요.
busan-VB-2188,https://www.visitbusan.net/uploadImgs/files/cntnts/20241112150316938,www.visitbusan.net,editorial_tourism,https://www.visitbusan.net/kr/index.do?menuCd=DOM_000000201001001000&uc_seq=2188&lang_cd=ko,,2026-07-25,"VisitBusan / 부산광역시 (도메인 추정, 미확인)",unknown,unverified,unknown,unknown,unknown,,review_required,domain_inferred,VB 도메인 기반 분류. 기존 image_license=all_rights_reserved_visitbusan. 공식 이용약관 미확인 — 상업 사용 개별 허가 필요.
busan-VB-2187,https://www.visitbusan.net/uploadImgs/files/cntnts/20241112141808956,www.visitbusan.net,editorial_tourism,https://www.visitbusan.net/kr/index.do?menuCd=DOM_000000201001001000&uc_seq=2187&lang_cd=ko,,2026-07-25,"VisitBusan / 부산광역시 (도메인 추정, 미확인)",unknown,unverified,unknown,unknown,unknown,,review_required,domain_inferred,VB 도메인 기반 분류. 기존 image_license=all_rights_reserved_visitbusan. 공식 이용약관 미확인 — 상업 사용 개별 허가 필요.
busan-VB-2186,https://www.visitbusan.net/uploadImgs/files/cntnts/20241112125514341,www.visitbusan.net,editorial_tourism,https://www.visitbusan.net/kr/index.do?menuCd=DOM_000000201001001000&uc_seq=2186&lang_cd=ko,,2026-07-25,"VisitBusan / 부산광역시 (도메인 추정, 미확인)",unknown,unverified,unknown,unknown,unknown,,review_required,domain_inferred,VB 도메인 기반 분류. 기존 image_license=all_rights_reserved_visitbusan. 공식 이용약관 미확인 — 상업 사용 개별 허가 필요.
busan-VB-2173,https://www.visitbusan.net/uploadImgs/files/cntnts/20241107142452622,www.visitbusan.net,editorial_tourism,https://www.visitbusan.net/kr/index.do?menuCd=DOM_000000201001001000&uc_seq=2173&lang_cd=ko,,2026-07-25,"VisitBusan / 부산광역시 (도메인 추정, 미확인)",unknown,unverified,unknown,unknown,unknown,,review_required,domain_inferred,VB 도메인 기반 분류. 기존 image_license=all_rights_reserved_visitbusan. 공식 이용약관 미확인 — 상업 사용 개별 허가 필요.
busan-VB-2172,https://www.visitbusan.net/uploadImgs/files/cntnts/20241107133504063,www.visitbusan.net,editorial_tourism,https://www.visitbusan.net/kr/index.do?menuCd=DOM_000000201001001000&uc_seq=2172&lang_cd=ko,,2026-07-25,"VisitBusan / 부산광역시 (도메인 추정, 미확인)",unknown,unverified,unknown,unknown,unknown,,review_required,domain_inferred,VB 도메인 기반 분류. 기존 image_license=all_rights_reserved_visitbusan. 공식 이용약관 미확인 — 상업 사용 개별 허가 필요.
busan-VB-2166,https://www.visitbusan.net/uploadImgs/files/cntnts/20241108142157400,www.visitbusan.net,editorial_tourism,https://www.visitbusan.net/kr/index.do?menuCd=DOM_000000201001001000&uc_seq=2166&lang_cd=ko,,2026-07-25,"VisitBusan / 부산광역시 (도메인 추정, 미확인)",unknown,unverified,unknown,unknown,unknown,,review_required,domain_inferred,VB 도메인 기반 분류. 기존 image_license=all_rights_reserved_visitbusan. 공식 이용약관 미확인 — 상업 사용 개별 허가 필요.
busan-VB-2157,https://www.visitbusan.net/uploadImgs/files/cntnts/20241031180127634,www.visitbusan.net,editorial_tourism,https://www.visitbusan.net/kr/index.do?menuCd=DOM_000000201001001000&uc_seq=2157&lang_cd=ko,,2026-07-25,"VisitBusan / 부산광역시 (도메인 추정, 미확인)",unknown,unverified,unknown,unknown,unknown,,review_required,domain_inferred,VB 도메인 기반 분류. 기존 image_license=all_rights_reserved_visitbusan. 공식 이용약관 미확인 — 상업 사용 개별 허가 필요.
busan-VB-2155,https://www.visitbusan.net/uploadImgs/files/cntnts/20241031151344958,www.visitbusan.net,editorial_tourism,https://www.visitbusan.net/kr/index.do?menuCd=DOM_000000201001001000&uc_seq=2155&lang_cd=ko,,2026-07-25,"VisitBusan / 부산광역시 (도메인 추정, 미확인)",unknown,unverified,unknown,unknown,unknown,,review_required,domain_inferred,VB 도메인 기반 분류. 기존 image_license=all_rights_reserved_visitbusan. 공식 이용약관 미확인 — 상업 사용 개별 허가 필요.
busan-VB-2153,https://www.visitbusan.net/uploadImgs/files/cntnts/20241029182913498,www.visitbusan.net,editorial_tourism,https://www.visitbusan.net/kr/index.do?menuCd=DOM_000000201001001000&uc_seq=2153&lang_cd=ko,,2026-07-25,"VisitBusan / 부산광역시 (도메인 추정, 미확인)",unknown,unverified,unknown,unknown,unknown,,review_required,domain_inferred,VB 도메인 기반 분류. 기존 image_license=all_rights_reserved_visitbusan. 공식 이용약관 미확인 — 상업 사용 개별 허가 필요.
busan-VB-2145,https://www.visitbusan.net/uploadImgs/files/cntnts/20241025105526827,www.visitbusan.net,editorial_tourism,https://www.visitbusan.net/kr/index.do?menuCd=DOM_000000201001001000&uc_seq=2145&lang_cd=ko,,2026-07-25,"VisitBusan / 부산광역시 (도메인 추정, 미확인)",unknown,unverified,unknown,unknown,unknown,,review_required,domain_inferred,VB 도메인 기반 분류. 기존 image_license=all_rights_reserved_visitbusan. 공식 이용약관 미확인 — 상업 사용 개별 허가 필요.
busan-VB-2140,https://www.visitbusan.net/uploadImgs/files/cntnts/20241024113331184,www.visitbusan.net,editorial_tourism,https://www.visitbusan.net/kr/index.do?menuCd=DOM_000000201001001000&uc_seq=2140&lang_cd=ko,,2026-07-25,"VisitBusan / 부산광역시 (도메인 추정, 미확인)",unknown,unverified,unknown,unknown,unknown,,review_required,domain_inferred,VB 도메인 기반 분류. 기존 image_license=all_rights_reserved_visitbusan. 공식 이용약관 미확인 — 상업 사용 개별 허가 필요.
busan-VB-2139,https://www.visitbusan.net/uploadImgs/files/cntnts/20241024131843096,www.visitbusan.net,editorial_tourism,https://www.visitbusan.net/kr/index.do?menuCd=DOM_000000201001001000&uc_seq=2139&lang_cd=ko,,2026-07-25,"VisitBusan / 부산광역시 (도메인 추정, 미확인)",unknown,unverified,unknown,unknown,unknown,,review_required,domain_inferred,VB 도메인 기반 분류. 기존 image_license=all_rights_reserved_visitbusan. 공식 이용약관 미확인 — 상업 사용 개별 허가 필요.
busan-VB-2138,https://www.visitbusan.net/uploadImgs/files/cntnts/20241024114149701,www.visitbusan.net,editorial_tourism,https://www.visitbusan.net/kr/index.do?menuCd=DOM_000000201001001000&uc_seq=2138&lang_cd=ko,,2026-07-25,"VisitBusan / 부산광역시 (도메인 추정, 미확인)",unknown,unverified,unknown,unknown,unknown,,review_required,domain_inferred,VB 도메인 기반 분류. 기존 image_license=all_rights_reserved_visitbusan. 공식 이용약관 미확인 — 상업 사용 개별 허가 필요.
busan-VB-2133,https://www.visitbusan.net/uploadImgs/files/cntnts/20241017115549245,www.visitbusan.net,editorial_tourism,https://www.visitbusan.net/kr/index.do?menuCd=DOM_000000201001001000&uc_seq=2133&lang_cd=ko,,2026-07-25,"VisitBusan / 부산광역시 (도메인 추정, 미확인)",unknown,unverified,unknown,unknown,unknown,,review_required,domain_inferred,VB 도메인 기반 분류. 기존 image_license=all_rights_reserved_visitbusan. 공식 이용약관 미확인 — 상업 사용 개별 허가 필요.
busan-VB-2121,https://www.visitbusan.net/uploadImgs/files/cntnts/20241002101127462,www.visitbusan.net,editorial_tourism,https://www.visitbusan.net/kr/index.do?menuCd=DOM_000000201001001000&uc_seq=2121&lang_cd=ko,,2026-07-25,"VisitBusan / 부산광역시 (도메인 추정, 미확인)",unknown,unverified,unknown,unknown,unknown,,review_required,domain_inferred,VB 도메인 기반 분류. 기존 image_license=all_rights_reserved_visitbusan. 공식 이용약관 미확인 — 상업 사용 개별 허가 필요.
busan-VB-2119,https://www.visitbusan.net/uploadImgs/files/cntnts/20240926181328093,www.visitbusan.net,editorial_tourism,https://www.visitbusan.net/kr/index.do?menuCd=DOM_000000201001001000&uc_seq=2119&lang_cd=ko,,2026-07-25,"VisitBusan / 부산광역시 (도메인 추정, 미확인)",unknown,unverified,unknown,unknown,unknown,,review_required,domain_inferred,VB 도메인 기반 분류. 기존 image_license=all_rights_reserved_visitbusan. 공식 이용약관 미확인 — 상업 사용 개별 허가 필요.
busan-VB-2106,https://www.visitbusan.net/uploadImgs/files/cntnts/20240923150247468,www.visitbusan.net,editorial_tourism,https://www.visitbusan.net/kr/index.do?menuCd=DOM_000000201001001000&uc_seq=2106&lang_cd=ko,,2026-07-25,"VisitBusan / 부산광역시 (도메인 추정, 미확인)",unknown,unverified,unknown,unknown,unknown,,review_required,domain_inferred,VB 도메인 기반 분류. 기존 image_license=all_rights_reserved_visitbusan. 공식 이용약관 미확인 — 상업 사용 개별 허가 필요.
busan-VB-2105,https://www.visitbusan.net/uploadImgs/files/cntnts/20240923144618796,www.visitbusan.net,editorial_tourism,https://www.visitbusan.net/kr/index.do?menuCd=DOM_000000201001001000&uc_seq=2105&lang_cd=ko,,2026-07-25,"VisitBusan / 부산광역시 (도메인 추정, 미확인)",unknown,unverified,unknown,unknown,unknown,,review_required,domain_inferred,VB 도메인 기반 분류. 기존 image_license=all_rights_reserved_visitbusan. 공식 이용약관 미확인 — 상업 사용 개별 허가 필요.
busan-VB-2104,https://www.visitbusan.net/uploadImgs/files/cntnts/20240923142217173,www.visitbusan.net,editorial_tourism,https://www.visitbusan.net/kr/index.do?menuCd=DOM_000000201001001000&uc_seq=2104&lang_cd=ko,,2026-07-25,"VisitBusan / 부산광역시 (도메인 추정, 미확인)",unknown,unverified,unknown,unknown,unknown,,review_required,domain_inferred,VB 도메인 기반 분류. 기존 image_license=all_rights_reserved_visitbusan. 공식 이용약관 미확인 — 상업 사용 개별 허가 필요.
busan-VB-2102,https://www.visitbusan.net/uploadImgs/files/cntnts/20240923115623200,www.visitbusan.net,editorial_tourism,https://www.visitbusan.net/kr/index.do?menuCd=DOM_000000201001001000&uc_seq=2102&lang_cd=ko,,2026-07-25,"VisitBusan / 부산광역시 (도메인 추정, 미확인)",unknown,unverified,unknown,unknown,unknown,,review_required,domain_inferred,VB 도메인 기반 분류. 기존 image_license=all_rights_reserved_visitbusan. 공식 이용약관 미확인 — 상업 사용 개별 허가 필요.
busan-VB-2095,https://www.visitbusan.net/uploadImgs/files/cntnts/20240920110953518,www.visitbusan.net,editorial_tourism,https://www.visitbusan.net/kr/index.do?menuCd=DOM_000000201001001000&uc_seq=2095&lang_cd=ko,,2026-07-25,"VisitBusan / 부산광역시 (도메인 추정, 미확인)",unknown,unverified,unknown,unknown,unknown,,review_required,domain_inferred,VB 도메인 기반 분류. 기존 image_license=all_rights_reserved_visitbusan. 공식 이용약관 미확인 — 상업 사용 개별 허가 필요.
busan-VB-2086,https://www.visitbusan.net/uploadImgs/files/cntnts/20240913175719812,www.visitbusan.net,editorial_tourism,https://www.visitbusan.net/kr/index.do?menuCd=DOM_000000201001001000&uc_seq=2086&lang_cd=ko,,2026-07-25,"VisitBusan / 부산광역시 (도메인 추정, 미확인)",unknown,unverified,unknown,unknown,unknown,,review_required,domain_inferred,VB 도메인 기반 분류. 기존 image_license=all_rights_reserved_visitbusan. 공식 이용약관 미확인 — 상업 사용 개별 허가 필요.
busan-VB-2085,https://www.visitbusan.net/uploadImgs/files/cntnts/20240911180908467,www.visitbusan.net,editorial_tourism,https://www.visitbusan.net/kr/index.do?menuCd=DOM_000000201001001000&uc_seq=2085&lang_cd=ko,,2026-07-25,"VisitBusan / 부산광역시 (도메인 추정, 미확인)",unknown,unverified,unknown,unknown,unknown,,review_required,domain_inferred,VB 도메인 기반 분류. 기존 image_license=all_rights_reserved_visitbusan. 공식 이용약관 미확인 — 상업 사용 개별 허가 필요.
busan-VB-2082,https://www.visitbusan.net/uploadImgs/files/cntnts/20240911173034092,www.visitbusan.net,editorial_tourism,https://www.visitbusan.net/kr/index.do?menuCd=DOM_000000201001001000&uc_seq=2082&lang_cd=ko,,2026-07-25,"VisitBusan / 부산광역시 (도메인 추정, 미확인)",unknown,unverified,unknown,unknown,unknown,,review_required,domain_inferred,VB 도메인 기반 분류. 기존 image_license=all_rights_reserved_visitbusan. 공식 이용약관 미확인 — 상업 사용 개별 허가 필요.
busan-VB-2081,https://www.visitbusan.net/uploadImgs/files/cntnts/20240911140423764,www.visitbusan.net,editorial_tourism,https://www.visitbusan.net/kr/index.do?menuCd=DOM_000000201001001000&uc_seq=2081&lang_cd=ko,,2026-07-25,"VisitBusan / 부산광역시 (도메인 추정, 미확인)",unknown,unverified,unknown,unknown,unknown,,review_required,domain_inferred,VB 도메인 기반 분류. 기존 image_license=all_rights_reserved_visitbusan. 공식 이용약관 미확인 — 상업 사용 개별 허가 필요.
busan-VB-2079,https://www.visitbusan.net/uploadImgs/files/cntnts/20240910171845448,www.visitbusan.net,editorial_tourism,https://www.visitbusan.net/kr/index.do?menuCd=DOM_000000201001001000&uc_seq=2079&lang_cd=ko,,2026-07-25,"VisitBusan / 부산광역시 (도메인 추정, 미확인)",unknown,unverified,unknown,unknown,unknown,,review_required,domain_inferred,VB 도메인 기반 분류. 기존 image_license=all_rights_reserved_visitbusan. 공식 이용약관 미확인 — 상업 사용 개별 허가 필요.
busan-VB-2078,https://www.visitbusan.net/uploadImgs/files/cntnts/20240911101725976,www.visitbusan.net,editorial_tourism,https://www.visitbusan.net/kr/index.do?menuCd=DOM_000000201001001000&uc_seq=2078&lang_cd=ko,,2026-07-25,"VisitBusan / 부산광역시 (도메인 추정, 미확인)",unknown,unverified,unknown,unknown,unknown,,review_required,domain_inferred,VB 도메인 기반 분류. 기존 image_license=all_rights_reserved_visitbusan. 공식 이용약관 미확인 — 상업 사용 개별 허가 필요.
busan-VB-2077,https://www.visitbusan.net/uploadImgs/files/cntnts/20240904145348246,www.visitbusan.net,editorial_tourism,https://www.visitbusan.net/kr/index.do?menuCd=DOM_000000201001001000&uc_seq=2077&lang_cd=ko,,2026-07-25,"VisitBusan / 부산광역시 (도메인 추정, 미확인)",unknown,unverified,unknown,unknown,unknown,,review_required,domain_inferred,VB 도메인 기반 분류. 기존 image_license=all_rights_reserved_visitbusan. 공식 이용약관 미확인 — 상업 사용 개별 허가 필요.
busan-VB-2067,https://www.visitbusan.net/uploadImgs/files/cntnts/20240826154634475,www.visitbusan.net,editorial_tourism,https://www.visitbusan.net/kr/index.do?menuCd=DOM_000000201001001000&uc_seq=2067&lang_cd=ko,,2026-07-25,"VisitBusan / 부산광역시 (도메인 추정, 미확인)",unknown,unverified,unknown,unknown,unknown,,review_required,domain_inferred,VB 도메인 기반 분류. 기존 image_license=all_rights_reserved_visitbusan. 공식 이용약관 미확인 — 상업 사용 개별 허가 필요.
busan-VB-2065,https://www.visitbusan.net/uploadImgs/files/cntnts/20240821134135301,www.visitbusan.net,editorial_tourism,https://www.visitbusan.net/kr/index.do?menuCd=DOM_000000201001001000&uc_seq=2065&lang_cd=ko,,2026-07-25,"VisitBusan / 부산광역시 (도메인 추정, 미확인)",unknown,unverified,unknown,unknown,unknown,,review_required,domain_inferred,VB 도메인 기반 분류. 기존 image_license=all_rights_reserved_visitbusan. 공식 이용약관 미확인 — 상업 사용 개별 허가 필요.
busan-VB-2034,https://www.visitbusan.net/uploadImgs/files/cntnts/20240809171648007_oen,www.visitbusan.net,editorial_tourism,https://www.visitbusan.net/kr/index.do?menuCd=DOM_000000201001001000&uc_seq=2034&lang_cd=ko,,2026-07-25,"VisitBusan / 부산광역시 (도메인 추정, 미확인)",unknown,unverified,unknown,unknown,unknown,,review_required,domain_inferred,VB 도메인 기반 분류. 기존 image_license=all_rights_reserved_visitbusan. 공식 이용약관 미확인 — 상업 사용 개별 허가 필요.
busan-VB-2024,https://www.visitbusan.net/uploadImgs/files/cntnts/20240809163409782_oen,www.visitbusan.net,editorial_tourism,https://www.visitbusan.net/kr/index.do?menuCd=DOM_000000201001001000&uc_seq=2024&lang_cd=ko,,2026-07-25,"VisitBusan / 부산광역시 (도메인 추정, 미확인)",unknown,unverified,unknown,unknown,unknown,,review_required,domain_inferred,VB 도메인 기반 분류. 기존 image_license=all_rights_reserved_visitbusan. 공식 이용약관 미확인 — 상업 사용 개별 허가 필요.
busan-VB-2019,https://www.visitbusan.net/uploadImgs/files/cntnts/20240809163724512_oen,www.visitbusan.net,editorial_tourism,https://www.visitbusan.net/kr/index.do?menuCd=DOM_000000201001001000&uc_seq=2019&lang_cd=ko,,2026-07-25,"VisitBusan / 부산광역시 (도메인 추정, 미확인)",unknown,unverified,unknown,unknown,unknown,,review_required,domain_inferred,VB 도메인 기반 분류. 기존 image_license=all_rights_reserved_visitbusan. 공식 이용약관 미확인 — 상업 사용 개별 허가 필요.
busan-VB-2013,https://www.visitbusan.net/uploadImgs/files/cntnts/20240809162015670_oen,www.visitbusan.net,editorial_tourism,https://www.visitbusan.net/kr/index.do?menuCd=DOM_000000201001001000&uc_seq=2013&lang_cd=ko,,2026-07-25,"VisitBusan / 부산광역시 (도메인 추정, 미확인)",unknown,unverified,unknown,unknown,unknown,,review_required,domain_inferred,VB 도메인 기반 분류. 기존 image_license=all_rights_reserved_visitbusan. 공식 이용약관 미확인 — 상업 사용 개별 허가 필요.
busan-VB-1900,https://www.visitbusan.net/uploadImgs/files/cntnts/20240703180817497_oen,www.visitbusan.net,editorial_tourism,https://www.visitbusan.net/kr/index.do?menuCd=DOM_000000201001001000&uc_seq=1900&lang_cd=ko,,2026-07-25,"VisitBusan / 부산광역시 (도메인 추정, 미확인)",unknown,unverified,unknown,unknown,unknown,,review_required,domain_inferred,VB 도메인 기반 분류. 기존 image_license=all_rights_reserved_visitbusan. 공식 이용약관 미확인 — 상업 사용 개별 허가 필요.
busan-VB-1890,https://www.visitbusan.net/uploadImgs/files/cntnts/20240626113937766,www.visitbusan.net,editorial_tourism,https://www.visitbusan.net/kr/index.do?menuCd=DOM_000000201001001000&uc_seq=1890&lang_cd=ko,,2026-07-25,"VisitBusan / 부산광역시 (도메인 추정, 미확인)",unknown,unverified,unknown,unknown,unknown,,review_required,domain_inferred,VB 도메인 기반 분류. 기존 image_license=all_rights_reserved_visitbusan. 공식 이용약관 미확인 — 상업 사용 개별 허가 필요.
busan-VB-1881,https://www.visitbusan.net/uploadImgs/files/cntnts/20240605163754301,www.visitbusan.net,editorial_tourism,https://www.visitbusan.net/kr/index.do?menuCd=DOM_000000201001001000&uc_seq=1881&lang_cd=ko,,2026-07-25,"VisitBusan / 부산광역시 (도메인 추정, 미확인)",unknown,unverified,unknown,unknown,unknown,,review_required,domain_inferred,VB 도메인 기반 분류. 기존 image_license=all_rights_reserved_visitbusan. 공식 이용약관 미확인 — 상업 사용 개별 허가 필요.
busan-VB-1868,https://www.visitbusan.net/uploadImgs/files/cntnts/20240527143901347,www.visitbusan.net,editorial_tourism,https://www.visitbusan.net/kr/index.do?menuCd=DOM_000000201001001000&uc_seq=1868&lang_cd=ko,,2026-07-25,"VisitBusan / 부산광역시 (도메인 추정, 미확인)",unknown,unverified,unknown,unknown,unknown,,review_required,domain_inferred,VB 도메인 기반 분류. 기존 image_license=all_rights_reserved_visitbusan. 공식 이용약관 미확인 — 상업 사용 개별 허가 필요.
busan-VB-1867,https://www.visitbusan.net/uploadImgs/files/cntnts/20240528135430979,www.visitbusan.net,editorial_tourism,https://www.visitbusan.net/kr/index.do?menuCd=DOM_000000201001001000&uc_seq=1867&lang_cd=ko,,2026-07-25,"VisitBusan / 부산광역시 (도메인 추정, 미확인)",unknown,unverified,unknown,unknown,unknown,,review_required,domain_inferred,VB 도메인 기반 분류. 기존 image_license=all_rights_reserved_visitbusan. 공식 이용약관 미확인 — 상업 사용 개별 허가 필요.
busan-VB-1866,https://www.visitbusan.net/uploadImgs/files/cntnts/20240528140620645,www.visitbusan.net,editorial_tourism,https://www.visitbusan.net/kr/index.do?menuCd=DOM_000000201001001000&uc_seq=1866&lang_cd=ko,,2026-07-25,"VisitBusan / 부산광역시 (도메인 추정, 미확인)",unknown,unverified,unknown,unknown,unknown,,review_required,domain_inferred,VB 도메인 기반 분류. 기존 image_license=all_rights_reserved_visitbusan. 공식 이용약관 미확인 — 상업 사용 개별 허가 필요.
busan-VB-1862,https://www.visitbusan.net/uploadImgs/files/cntnts/20240528134839123,www.visitbusan.net,editorial_tourism,https://www.visitbusan.net/kr/index.do?menuCd=DOM_000000201001001000&uc_seq=1862&lang_cd=ko,,2026-07-25,"VisitBusan / 부산광역시 (도메인 추정, 미확인)",unknown,unverified,unknown,unknown,unknown,,review_required,domain_inferred,VB 도메인 기반 분류. 기존 image_license=all_rights_reserved_visitbusan. 공식 이용약관 미확인 — 상업 사용 개별 허가 필요.
busan-VB-1857,https://www.visitbusan.net/uploadImgs/files/cntnts/20240503180255101,www.visitbusan.net,editorial_tourism,https://www.visitbusan.net/kr/index.do?menuCd=DOM_000000201001001000&uc_seq=1857&lang_cd=ko,,2026-07-25,"VisitBusan / 부산광역시 (도메인 추정, 미확인)",unknown,unverified,unknown,unknown,unknown,,review_required,domain_inferred,VB 도메인 기반 분류. 기존 image_license=all_rights_reserved_visitbusan. 공식 이용약관 미확인 — 상업 사용 개별 허가 필요.
busan-VB-1772,https://www.visitbusan.net/uploadImgs/files/cntnts/20240103105345242,www.visitbusan.net,editorial_tourism,https://www.visitbusan.net/kr/index.do?menuCd=DOM_000000201001001000&uc_seq=1772&lang_cd=ko,,2026-07-25,"VisitBusan / 부산광역시 (도메인 추정, 미확인)",unknown,unverified,unknown,unknown,unknown,,review_required,domain_inferred,VB 도메인 기반 분류. 기존 image_license=all_rights_reserved_visitbusan. 공식 이용약관 미확인 — 상업 사용 개별 허가 필요.
busan-VB-1449,https://www.visitbusan.net/uploadImgs/files/cntnts/20230531220739285,www.visitbusan.net,editorial_tourism,https://www.visitbusan.net/kr/index.do?menuCd=DOM_000000201001001000&uc_seq=1449&lang_cd=ko,,2026-07-25,"VisitBusan / 부산광역시 (도메인 추정, 미확인)",unknown,unverified,unknown,unknown,unknown,,review_required,domain_inferred,VB 도메인 기반 분류. 기존 image_license=all_rights_reserved_visitbusan. 공식 이용약관 미확인 — 상업 사용 개별 허가 필요.
busan-VB-1444,https://www.visitbusan.net/uploadImgs/files/cntnts/20230602095512309,www.visitbusan.net,editorial_tourism,https://www.visitbusan.net/kr/index.do?menuCd=DOM_000000201001001000&uc_seq=1444&lang_cd=ko,,2026-07-25,"VisitBusan / 부산광역시 (도메인 추정, 미확인)",unknown,unverified,unknown,unknown,unknown,,review_required,domain_inferred,VB 도메인 기반 분류. 기존 image_license=all_rights_reserved_visitbusan. 공식 이용약관 미확인 — 상업 사용 개별 허가 필요.
busan-VB-1440,https://www.visitbusan.net/uploadImgs/files/cntnts/20230525134753245,www.visitbusan.net,editorial_tourism,https://www.visitbusan.net/kr/index.do?menuCd=DOM_000000201001001000&uc_seq=1440&lang_cd=ko,,2026-07-25,"VisitBusan / 부산광역시 (도메인 추정, 미확인)",unknown,unverified,unknown,unknown,unknown,,review_required,domain_inferred,VB 도메인 기반 분류. 기존 image_license=all_rights_reserved_visitbusan. 공식 이용약관 미확인 — 상업 사용 개별 허가 필요.
busan-VB-1434,https://www.visitbusan.net/uploadImgs/files/cntnts/20230519190619574,www.visitbusan.net,editorial_tourism,https://www.visitbusan.net/kr/index.do?menuCd=DOM_000000201001001000&uc_seq=1434&lang_cd=ko,,2026-07-25,"VisitBusan / 부산광역시 (도메인 추정, 미확인)",unknown,unverified,unknown,unknown,unknown,,review_required,domain_inferred,VB 도메인 기반 분류. 기존 image_license=all_rights_reserved_visitbusan. 공식 이용약관 미확인 — 상업 사용 개별 허가 필요.
busan-VB-1422,https://www.visitbusan.net/uploadImgs/files/cntnts/20230508183214812,www.visitbusan.net,editorial_tourism,https://www.visitbusan.net/kr/index.do?menuCd=DOM_000000201001001000&uc_seq=1422&lang_cd=ko,,2026-07-25,"VisitBusan / 부산광역시 (도메인 추정, 미확인)",unknown,unverified,unknown,unknown,unknown,,review_required,domain_inferred,VB 도메인 기반 분류. 기존 image_license=all_rights_reserved_visitbusan. 공식 이용약관 미확인 — 상업 사용 개별 허가 필요.
busan-VB-1185,https://www.visitbusan.net/uploadImgs/files/cntnts/20211123183743098,www.visitbusan.net,editorial_tourism,https://www.visitbusan.net/kr/index.do?menuCd=DOM_000000201001001000&uc_seq=1185&lang_cd=ko,,2026-07-25,"VisitBusan / 부산광역시 (도메인 추정, 미확인)",unknown,unverified,unknown,unknown,unknown,,review_required,domain_inferred,VB 도메인 기반 분류. 기존 image_license=all_rights_reserved_visitbusan. 공식 이용약관 미확인 — 상업 사용 개별 허가 필요.
busan-VB-1179,https://www.visitbusan.net/uploadImgs/files/cntnts/20211116151308755,www.visitbusan.net,editorial_tourism,https://www.visitbusan.net/kr/index.do?menuCd=DOM_000000201001001000&uc_seq=1179&lang_cd=ko,,2026-07-25,"VisitBusan / 부산광역시 (도메인 추정, 미확인)",unknown,unverified,unknown,unknown,unknown,,review_required,domain_inferred,VB 도메인 기반 분류. 기존 image_license=all_rights_reserved_visitbusan. 공식 이용약관 미확인 — 상업 사용 개별 허가 필요.
busan-VB-1142,https://www.visitbusan.net/uploadImgs/files/cntnts/20230202161355598,www.visitbusan.net,editorial_tourism,https://www.visitbusan.net/kr/index.do?menuCd=DOM_000000201001001000&uc_seq=1142&lang_cd=ko,,2026-07-25,"VisitBusan / 부산광역시 (도메인 추정, 미확인)",unknown,unverified,unknown,unknown,unknown,,review_required,domain_inferred,VB 도메인 기반 분류. 기존 image_license=all_rights_reserved_visitbusan. 공식 이용약관 미확인 — 상업 사용 개별 허가 필요.
busan-VB-1031,https://www.visitbusan.net/uploadImgs/files/cntnts/20201216170753435,www.visitbusan.net,editorial_tourism,https://www.visitbusan.net/kr/index.do?menuCd=DOM_000000201001001000&uc_seq=1031&lang_cd=ko,,2026-07-25,"VisitBusan / 부산광역시 (도메인 추정, 미확인)",unknown,unverified,unknown,unknown,unknown,,review_required,domain_inferred,VB 도메인 기반 분류. 기존 image_license=all_rights_reserved_visitbusan. 공식 이용약관 미확인 — 상업 사용 개별 허가 필요.
busan-VB-876,https://www.visitbusan.net/uploadImgs/files/cntnts/20200818133843206,www.visitbusan.net,editorial_tourism,https://www.visitbusan.net/kr/index.do?menuCd=DOM_000000201001001000&uc_seq=876&lang_cd=ko,,2026-07-25,"VisitBusan / 부산광역시 (도메인 추정, 미확인)",unknown,unverified,unknown,unknown,unknown,,review_required,domain_inferred,VB 도메인 기반 분류. 기존 image_license=all_rights_reserved_visitbusan. 공식 이용약관 미확인 — 상업 사용 개별 허가 필요.
busan-VB-859,https://www.visitbusan.net/uploadImgs/files/cntnts/20200812172315522,www.visitbusan.net,editorial_tourism,https://www.visitbusan.net/kr/index.do?menuCd=DOM_000000201001001000&uc_seq=859&lang_cd=ko,,2026-07-25,"VisitBusan / 부산광역시 (도메인 추정, 미확인)",unknown,unverified,unknown,unknown,unknown,,review_required,domain_inferred,VB 도메인 기반 분류. 기존 image_license=all_rights_reserved_visitbusan. 공식 이용약관 미확인 — 상업 사용 개별 허가 필요.
busan-VB-838,https://www.visitbusan.net/uploadImgs/files/cntnts/20200722140028489,www.visitbusan.net,editorial_tourism,https://www.visitbusan.net/kr/index.do?menuCd=DOM_000000201001001000&uc_seq=838&lang_cd=ko,,2026-07-25,"VisitBusan / 부산광역시 (도메인 추정, 미확인)",unknown,unverified,unknown,unknown,unknown,,review_required,domain_inferred,VB 도메인 기반 분류. 기존 image_license=all_rights_reserved_visitbusan. 공식 이용약관 미확인 — 상업 사용 개별 허가 필요.
busan-VB-833,https://www.visitbusan.net/uploadImgs/files/cntnts/20200717114921294,www.visitbusan.net,editorial_tourism,https://www.visitbusan.net/kr/index.do?menuCd=DOM_000000201001001000&uc_seq=833&lang_cd=ko,,2026-07-25,"VisitBusan / 부산광역시 (도메인 추정, 미확인)",unknown,unverified,unknown,unknown,unknown,,review_required,domain_inferred,VB 도메인 기반 분류. 기존 image_license=all_rights_reserved_visitbusan. 공식 이용약관 미확인 — 상업 사용 개별 허가 필요.
busan-VB-813,https://www.visitbusan.net/uploadImgs/files/cntnts/20200706134923010,www.visitbusan.net,editorial_tourism,https://www.visitbusan.net/kr/index.do?menuCd=DOM_000000201001001000&uc_seq=813&lang_cd=ko,,2026-07-25,"VisitBusan / 부산광역시 (도메인 추정, 미확인)",unknown,unverified,unknown,unknown,unknown,,review_required,domain_inferred,VB 도메인 기반 분류. 기존 image_license=all_rights_reserved_visitbusan. 공식 이용약관 미확인 — 상업 사용 개별 허가 필요.
busan-VB-804,https://www.visitbusan.net/uploadImgs/files/cntnts/20200706141824447,www.visitbusan.net,editorial_tourism,https://www.visitbusan.net/kr/index.do?menuCd=DOM_000000201001001000&uc_seq=804&lang_cd=ko,,2026-07-25,"VisitBusan / 부산광역시 (도메인 추정, 미확인)",unknown,unverified,unknown,unknown,unknown,,review_required,domain_inferred,VB 도메인 기반 분류. 기존 image_license=all_rights_reserved_visitbusan. 공식 이용약관 미확인 — 상업 사용 개별 허가 필요.
busan-VB-757,https://www.visitbusan.net/uploadImgs/files/cntnts/20200514115750295,www.visitbusan.net,editorial_tourism,https://www.visitbusan.net/kr/index.do?menuCd=DOM_000000201001001000&uc_seq=757&lang_cd=ko,,2026-07-25,"VisitBusan / 부산광역시 (도메인 추정, 미확인)",unknown,unverified,unknown,unknown,unknown,,review_required,domain_inferred,VB 도메인 기반 분류. 기존 image_license=all_rights_reserved_visitbusan. 공식 이용약관 미확인 — 상업 사용 개별 허가 필요.
busan-VB-373,https://www.visitbusan.net/uploadImgs/files/cntnts/20191229153530528,www.visitbusan.net,editorial_tourism,https://www.visitbusan.net/kr/index.do?menuCd=DOM_000000201001001000&uc_seq=373&lang_cd=ko,,2026-07-25,"VisitBusan / 부산광역시 (도메인 추정, 미확인)",unknown,unverified,unknown,unknown,unknown,,review_required,domain_inferred,VB 도메인 기반 분류. 기존 image_license=all_rights_reserved_visitbusan. 공식 이용약관 미확인 — 상업 사용 개별 허가 필요.
busan-VB-377,https://www.visitbusan.net/uploadImgs/files/cntnts/20191229160529389,www.visitbusan.net,editorial_tourism,https://www.visitbusan.net/kr/index.do?menuCd=DOM_000000201001001000&uc_seq=377&lang_cd=ko,,2026-07-25,"VisitBusan / 부산광역시 (도메인 추정, 미확인)",unknown,unverified,unknown,unknown,unknown,,review_required,domain_inferred,VB 도메인 기반 분류. 기존 image_license=all_rights_reserved_visitbusan. 공식 이용약관 미확인 — 상업 사용 개별 허가 필요.
busan-VB-365,https://www.visitbusan.net/uploadImgs/files/cntnts/20191229142305006,www.visitbusan.net,editorial_tourism,https://www.visitbusan.net/kr/index.do?menuCd=DOM_000000201001001000&uc_seq=365&lang_cd=ko,,2026-07-25,"VisitBusan / 부산광역시 (도메인 추정, 미확인)",unknown,unverified,unknown,unknown,unknown,,review_required,domain_inferred,VB 도메인 기반 분류. 기존 image_license=all_rights_reserved_visitbusan. 공식 이용약관 미확인 — 상업 사용 개별 허가 필요.
busan-VB-364,https://www.visitbusan.net/uploadImgs/files/cntnts/20191229141716592,www.visitbusan.net,editorial_tourism,https://www.visitbusan.net/kr/index.do?menuCd=DOM_000000201001001000&uc_seq=364&lang_cd=ko,,2026-07-25,"VisitBusan / 부산광역시 (도메인 추정, 미확인)",unknown,unverified,unknown,unknown,unknown,,review_required,domain_inferred,VB 도메인 기반 분류. 기존 image_license=all_rights_reserved_visitbusan. 공식 이용약관 미확인 — 상업 사용 개별 허가 필요.
busan-VB-255,https://www.visitbusan.net/uploadImgs/files/cntnts/20191222164810529,www.visitbusan.net,editorial_tourism,https://www.visitbusan.net/kr/index.do?menuCd=DOM_000000201001001000&uc_seq=255&lang_cd=ko,,2026-07-25,"VisitBusan / 부산광역시 (도메인 추정, 미확인)",unknown,unverified,unknown,unknown,unknown,,review_required,domain_inferred,VB 도메인 기반 분류. 기존 image_license=all_rights_reserved_visitbusan. 공식 이용약관 미확인 — 상업 사용 개별 허가 필요.
busan-VB-366,https://www.visitbusan.net/uploadImgs/files/cntnts/20191229143230630,www.visitbusan.net,editorial_tourism,https://www.visitbusan.net/kr/index.do?menuCd=DOM_000000201001001000&uc_seq=366&lang_cd=ko,,2026-07-25,"VisitBusan / 부산광역시 (도메인 추정, 미확인)",unknown,unverified,unknown,unknown,unknown,,review_required,domain_inferred,VB 도메인 기반 분류. 기존 image_license=all_rights_reserved_visitbusan. 공식 이용약관 미확인 — 상업 사용 개별 허가 필요.
busan-VB-258,https://www.visitbusan.net/uploadImgs/files/cntnts/20191222180829962,www.visitbusan.net,editorial_tourism,https://www.visitbusan.net/kr/index.do?menuCd=DOM_000000201001001000&uc_seq=258&lang_cd=ko,,2026-07-25,"VisitBusan / 부산광역시 (도메인 추정, 미확인)",unknown,unverified,unknown,unknown,unknown,,review_required,domain_inferred,VB 도메인 기반 분류. 기존 image_license=all_rights_reserved_visitbusan. 공식 이용약관 미확인 — 상업 사용 개별 허가 필요.
busan-VB-257,https://www.visitbusan.net/uploadImgs/files/cntnts/20191222175627506,www.visitbusan.net,editorial_tourism,https://www.visitbusan.net/kr/index.do?menuCd=DOM_000000201001001000&uc_seq=257&lang_cd=ko,,2026-07-25,"VisitBusan / 부산광역시 (도메인 추정, 미확인)",unknown,unverified,unknown,unknown,unknown,,review_required,domain_inferred,VB 도메인 기반 분류. 기존 image_license=all_rights_reserved_visitbusan. 공식 이용약관 미확인 — 상업 사용 개별 허가 필요.
busan-VB-287,https://www.visitbusan.net/uploadImgs/files/cntnts/20191225180243523,www.visitbusan.net,editorial_tourism,https://www.visitbusan.net/kr/index.do?menuCd=DOM_000000201001001000&uc_seq=287&lang_cd=ko,,2026-07-25,"VisitBusan / 부산광역시 (도메인 추정, 미확인)",unknown,unverified,unknown,unknown,unknown,,review_required,domain_inferred,VB 도메인 기반 분류. 기존 image_license=all_rights_reserved_visitbusan. 공식 이용약관 미확인 — 상업 사용 개별 허가 필요.
busan-VB-286,https://www.visitbusan.net/uploadImgs/files/cntnts/20191225175459392,www.visitbusan.net,editorial_tourism,https://www.visitbusan.net/kr/index.do?menuCd=DOM_000000201001001000&uc_seq=286&lang_cd=ko,,2026-07-25,"VisitBusan / 부산광역시 (도메인 추정, 미확인)",unknown,unverified,unknown,unknown,unknown,,review_required,domain_inferred,VB 도메인 기반 분류. 기존 image_license=all_rights_reserved_visitbusan. 공식 이용약관 미확인 — 상업 사용 개별 허가 필요.
busan-VB-280,https://www.visitbusan.net/uploadImgs/files/cntnts/20230630185239164,www.visitbusan.net,editorial_tourism,https://www.visitbusan.net/kr/index.do?menuCd=DOM_000000201001001000&uc_seq=280&lang_cd=ko,,2026-07-25,"VisitBusan / 부산광역시 (도메인 추정, 미확인)",unknown,unverified,unknown,unknown,unknown,,review_required,domain_inferred,VB 도메인 기반 분류. 기존 image_license=all_rights_reserved_visitbusan. 공식 이용약관 미확인 — 상업 사용 개별 허가 필요.
busan-VB-278,https://www.visitbusan.net/uploadImgs/files/cntnts/20191225164921130,www.visitbusan.net,editorial_tourism,https://www.visitbusan.net/kr/index.do?menuCd=DOM_000000201001001000&uc_seq=278&lang_cd=ko,,2026-07-25,"VisitBusan / 부산광역시 (도메인 추정, 미확인)",unknown,unverified,unknown,unknown,unknown,,review_required,domain_inferred,VB 도메인 기반 분류. 기존 image_license=all_rights_reserved_visitbusan. 공식 이용약관 미확인 — 상업 사용 개별 허가 필요.
busan-VB-326,https://www.visitbusan.net/uploadImgs/files/cntnts/20191227112720050,www.visitbusan.net,editorial_tourism,https://www.visitbusan.net/kr/index.do?menuCd=DOM_000000201001001000&uc_seq=326&lang_cd=ko,,2026-07-25,"VisitBusan / 부산광역시 (도메인 추정, 미확인)",unknown,unverified,unknown,unknown,unknown,,review_required,domain_inferred,VB 도메인 기반 분류. 기존 image_license=all_rights_reserved_visitbusan. 공식 이용약관 미확인 — 상업 사용 개별 허가 필요.
busan-VB-354,https://www.visitbusan.net/uploadImgs/files/cntnts/20191227194942971,www.visitbusan.net,editorial_tourism,https://www.visitbusan.net/kr/index.do?menuCd=DOM_000000201001001000&uc_seq=354&lang_cd=ko,,2026-07-25,"VisitBusan / 부산광역시 (도메인 추정, 미확인)",unknown,unverified,unknown,unknown,unknown,,review_required,domain_inferred,VB 도메인 기반 분류. 기존 image_license=all_rights_reserved_visitbusan. 공식 이용약관 미확인 — 상업 사용 개별 허가 필요.
busan-VB-368,https://www.visitbusan.net/uploadImgs/files/cntnts/20191229145728609,www.visitbusan.net,editorial_tourism,https://www.visitbusan.net/kr/index.do?menuCd=DOM_000000201001001000&uc_seq=368&lang_cd=ko,,2026-07-25,"VisitBusan / 부산광역시 (도메인 추정, 미확인)",unknown,unverified,unknown,unknown,unknown,,review_required,domain_inferred,VB 도메인 기반 분류. 기존 image_license=all_rights_reserved_visitbusan. 공식 이용약관 미확인 — 상업 사용 개별 허가 필요.
busan-VB-261,https://www.visitbusan.net/uploadImgs/files/cntnts/20191222190823385,www.visitbusan.net,editorial_tourism,https://www.visitbusan.net/kr/index.do?menuCd=DOM_000000201001001000&uc_seq=261&lang_cd=ko,,2026-07-25,"VisitBusan / 부산광역시 (도메인 추정, 미확인)",unknown,unverified,unknown,unknown,unknown,,review_required,domain_inferred,VB 도메인 기반 분류. 기존 image_license=all_rights_reserved_visitbusan. 공식 이용약관 미확인 — 상업 사용 개별 허가 필요.
busan-VB-259,https://www.visitbusan.net/uploadImgs/files/cntnts/20191222181829937,www.visitbusan.net,editorial_tourism,https://www.visitbusan.net/kr/index.do?menuCd=DOM_000000201001001000&uc_seq=259&lang_cd=ko,,2026-07-25,"VisitBusan / 부산광역시 (도메인 추정, 미확인)",unknown,unverified,unknown,unknown,unknown,,review_required,domain_inferred,VB 도메인 기반 분류. 기존 image_license=all_rights_reserved_visitbusan. 공식 이용약관 미확인 — 상업 사용 개별 허가 필요.
busan-VB-348,https://www.visitbusan.net/uploadImgs/files/cntnts/20191227190325222,www.visitbusan.net,editorial_tourism,https://www.visitbusan.net/kr/index.do?menuCd=DOM_000000201001001000&uc_seq=348&lang_cd=ko,,2026-07-25,"VisitBusan / 부산광역시 (도메인 추정, 미확인)",unknown,unverified,unknown,unknown,unknown,,review_required,domain_inferred,VB 도메인 기반 분류. 기존 image_license=all_rights_reserved_visitbusan. 공식 이용약관 미확인 — 상업 사용 개별 허가 필요.
busan-VB-371,https://www.visitbusan.net/uploadImgs/files/cntnts/20191229151710512,www.visitbusan.net,editorial_tourism,https://www.visitbusan.net/kr/index.do?menuCd=DOM_000000201001001000&uc_seq=371&lang_cd=ko,,2026-07-25,"VisitBusan / 부산광역시 (도메인 추정, 미확인)",unknown,unverified,unknown,unknown,unknown,,review_required,domain_inferred,VB 도메인 기반 분류. 기존 image_license=all_rights_reserved_visitbusan. 공식 이용약관 미확인 — 상업 사용 개별 허가 필요.
busan-VB-369,https://www.visitbusan.net/uploadImgs/files/cntnts/20191229150331682,www.visitbusan.net,editorial_tourism,https://www.visitbusan.net/kr/index.do?menuCd=DOM_000000201001001000&uc_seq=369&lang_cd=ko,,2026-07-25,"VisitBusan / 부산광역시 (도메인 추정, 미확인)",unknown,unverified,unknown,unknown,unknown,,review_required,domain_inferred,VB 도메인 기반 분류. 기존 image_license=all_rights_reserved_visitbusan. 공식 이용약관 미확인 — 상업 사용 개별 허가 필요.
busan-VB-272,https://www.visitbusan.net/uploadImgs/files/cntnts/20191225154726785,www.visitbusan.net,editorial_tourism,https://www.visitbusan.net/kr/index.do?menuCd=DOM_000000201001001000&uc_seq=272&lang_cd=ko,,2026-07-25,"VisitBusan / 부산광역시 (도메인 추정, 미확인)",unknown,unverified,unknown,unknown,unknown,,review_required,domain_inferred,VB 도메인 기반 분류. 기존 image_license=all_rights_reserved_visitbusan. 공식 이용약관 미확인 — 상업 사용 개별 허가 필요.
busan-VB-325,https://www.visitbusan.net/uploadImgs/files/cntnts/20230602100722403,www.visitbusan.net,editorial_tourism,https://www.visitbusan.net/kr/index.do?menuCd=DOM_000000201001001000&uc_seq=325&lang_cd=ko,,2026-07-25,"VisitBusan / 부산광역시 (도메인 추정, 미확인)",unknown,unverified,unknown,unknown,unknown,,review_required,domain_inferred,VB 도메인 기반 분류. 기존 image_license=all_rights_reserved_visitbusan. 공식 이용약관 미확인 — 상업 사용 개별 허가 필요.
busan-VB-402,https://www.visitbusan.net/uploadImgs/files/cntnts/20191230190101989,www.visitbusan.net,editorial_tourism,https://www.visitbusan.net/kr/index.do?menuCd=DOM_000000201001001000&uc_seq=402&lang_cd=ko,,2026-07-25,"VisitBusan / 부산광역시 (도메인 추정, 미확인)",unknown,unverified,unknown,unknown,unknown,,review_required,domain_inferred,VB 도메인 기반 분류. 기존 image_license=all_rights_reserved_visitbusan. 공식 이용약관 미확인 — 상업 사용 개별 허가 필요.
busan-VB-333,https://www.visitbusan.net/uploadImgs/files/cntnts/20191227160751479,www.visitbusan.net,editorial_tourism,https://www.visitbusan.net/kr/index.do?menuCd=DOM_000000201001001000&uc_seq=333&lang_cd=ko,,2026-07-25,"VisitBusan / 부산광역시 (도메인 추정, 미확인)",unknown,unverified,unknown,unknown,unknown,,review_required,domain_inferred,VB 도메인 기반 분류. 기존 image_license=all_rights_reserved_visitbusan. 공식 이용약관 미확인 — 상업 사용 개별 허가 필요.
busan-VB-285,https://www.visitbusan.net/uploadImgs/files/cntnts/20191225174730014,www.visitbusan.net,editorial_tourism,https://www.visitbusan.net/kr/index.do?menuCd=DOM_000000201001001000&uc_seq=285&lang_cd=ko,,2026-07-25,"VisitBusan / 부산광역시 (도메인 추정, 미확인)",unknown,unverified,unknown,unknown,unknown,,review_required,domain_inferred,VB 도메인 기반 분류. 기존 image_license=all_rights_reserved_visitbusan. 공식 이용약관 미확인 — 상업 사용 개별 허가 필요.
busan-VB-335,https://www.visitbusan.net/uploadImgs/files/cntnts/20191227163229549,www.visitbusan.net,editorial_tourism,https://www.visitbusan.net/kr/index.do?menuCd=DOM_000000201001001000&uc_seq=335&lang_cd=ko,,2026-07-25,"VisitBusan / 부산광역시 (도메인 추정, 미확인)",unknown,unverified,unknown,unknown,unknown,,review_required,domain_inferred,VB 도메인 기반 분류. 기존 image_license=all_rights_reserved_visitbusan. 공식 이용약관 미확인 — 상업 사용 개별 허가 필요.
busan-VB-396,https://www.visitbusan.net/uploadImgs/files/cntnts/20191230180640227,www.visitbusan.net,editorial_tourism,https://www.visitbusan.net/kr/index.do?menuCd=DOM_000000201001001000&uc_seq=396&lang_cd=ko,,2026-07-25,"VisitBusan / 부산광역시 (도메인 추정, 미확인)",unknown,unverified,unknown,unknown,unknown,,review_required,domain_inferred,VB 도메인 기반 분류. 기존 image_license=all_rights_reserved_visitbusan. 공식 이용약관 미확인 — 상업 사용 개별 허가 필요.
busan-VB-264,https://www.visitbusan.net/uploadImgs/files/cntnts/20191224171115847,www.visitbusan.net,editorial_tourism,https://www.visitbusan.net/kr/index.do?menuCd=DOM_000000201001001000&uc_seq=264&lang_cd=ko,,2026-07-25,"VisitBusan / 부산광역시 (도메인 추정, 미확인)",unknown,unverified,unknown,unknown,unknown,,review_required,domain_inferred,VB 도메인 기반 분류. 기존 image_license=all_rights_reserved_visitbusan. 공식 이용약관 미확인 — 상업 사용 개별 허가 필요.
busan-VB-334,https://www.visitbusan.net/uploadImgs/files/cntnts/20191227161822663,www.visitbusan.net,editorial_tourism,https://www.visitbusan.net/kr/index.do?menuCd=DOM_000000201001001000&uc_seq=334&lang_cd=ko,,2026-07-25,"VisitBusan / 부산광역시 (도메인 추정, 미확인)",unknown,unverified,unknown,unknown,unknown,,review_required,domain_inferred,VB 도메인 기반 분류. 기존 image_license=all_rights_reserved_visitbusan. 공식 이용약관 미확인 — 상업 사용 개별 허가 필요.
busan-VB-444,https://www.visitbusan.net/uploadImgs/files/cntnts/20191231180337567,www.visitbusan.net,editorial_tourism,https://www.visitbusan.net/kr/index.do?menuCd=DOM_000000201001001000&uc_seq=444&lang_cd=ko,,2026-07-25,"VisitBusan / 부산광역시 (도메인 추정, 미확인)",unknown,unverified,unknown,unknown,unknown,,review_required,domain_inferred,VB 도메인 기반 분류. 기존 image_license=all_rights_reserved_visitbusan. 공식 이용약관 미확인 — 상업 사용 개별 허가 필요.
busan-VB-273,https://www.visitbusan.net/uploadImgs/files/cntnts/20250929174908393,www.visitbusan.net,editorial_tourism,https://www.visitbusan.net/kr/index.do?menuCd=DOM_000000201001001000&uc_seq=273&lang_cd=ko,,2026-07-25,"VisitBusan / 부산광역시 (도메인 추정, 미확인)",unknown,unverified,unknown,unknown,unknown,,review_required,domain_inferred,VB 도메인 기반 분류. 기존 image_license=all_rights_reserved_visitbusan. 공식 이용약관 미확인 — 상업 사용 개별 허가 필요.
busan-VB-274,https://www.visitbusan.net/uploadImgs/files/cntnts/20191225160959194,www.visitbusan.net,editorial_tourism,https://www.visitbusan.net/kr/index.do?menuCd=DOM_000000201001001000&uc_seq=274&lang_cd=ko,,2026-07-25,"VisitBusan / 부산광역시 (도메인 추정, 미확인)",unknown,unverified,unknown,unknown,unknown,,review_required,domain_inferred,VB 도메인 기반 분류. 기존 image_license=all_rights_reserved_visitbusan. 공식 이용약관 미확인 — 상업 사용 개별 허가 필요.
busan-VB-340,https://www.visitbusan.net/uploadImgs/files/cntnts/20230901132543063,www.visitbusan.net,editorial_tourism,https://www.visitbusan.net/kr/index.do?menuCd=DOM_000000201001001000&uc_seq=340&lang_cd=ko,,2026-07-25,"VisitBusan / 부산광역시 (도메인 추정, 미확인)",unknown,unverified,unknown,unknown,unknown,,review_required,domain_inferred,VB 도메인 기반 분류. 기존 image_license=all_rights_reserved_visitbusan. 공식 이용약관 미확인 — 상업 사용 개별 허가 필요.
busan-VB-256,https://www.visitbusan.net/uploadImgs/files/cntnts/20191222171209005,www.visitbusan.net,editorial_tourism,https://www.visitbusan.net/kr/index.do?menuCd=DOM_000000201001001000&uc_seq=256&lang_cd=ko,,2026-07-25,"VisitBusan / 부산광역시 (도메인 추정, 미확인)",unknown,unverified,unknown,unknown,unknown,,review_required,domain_inferred,VB 도메인 기반 분류. 기존 image_license=all_rights_reserved_visitbusan. 공식 이용약관 미확인 — 상업 사용 개별 허가 필요.
busan-VB-409,https://www.visitbusan.net/uploadImgs/files/cntnts/20191230194923757,www.visitbusan.net,editorial_tourism,https://www.visitbusan.net/kr/index.do?menuCd=DOM_000000201001001000&uc_seq=409&lang_cd=ko,,2026-07-25,"VisitBusan / 부산광역시 (도메인 추정, 미확인)",unknown,unverified,unknown,unknown,unknown,,review_required,domain_inferred,VB 도메인 기반 분류. 기존 image_license=all_rights_reserved_visitbusan. 공식 이용약관 미확인 — 상업 사용 개별 허가 필요.
busan-VB-419,https://www.visitbusan.net/uploadImgs/files/cntnts/20191230205640434,www.visitbusan.net,editorial_tourism,https://www.visitbusan.net/kr/index.do?menuCd=DOM_000000201001001000&uc_seq=419&lang_cd=ko,,2026-07-25,"VisitBusan / 부산광역시 (도메인 추정, 미확인)",unknown,unverified,unknown,unknown,unknown,,review_required,domain_inferred,VB 도메인 기반 분류. 기존 image_license=all_rights_reserved_visitbusan. 공식 이용약관 미확인 — 상업 사용 개별 허가 필요.
busan-VB-362,https://www.visitbusan.net/uploadImgs/files/cntnts/20191227204420832,www.visitbusan.net,editorial_tourism,https://www.visitbusan.net/kr/index.do?menuCd=DOM_000000201001001000&uc_seq=362&lang_cd=ko,,2026-07-25,"VisitBusan / 부산광역시 (도메인 추정, 미확인)",unknown,unverified,unknown,unknown,unknown,,review_required,domain_inferred,VB 도메인 기반 분류. 기존 image_license=all_rights_reserved_visitbusan. 공식 이용약관 미확인 — 상업 사용 개별 허가 필요.
busan-VB-372,https://www.visitbusan.net/uploadImgs/files/cntnts/20191229152254942,www.visitbusan.net,editorial_tourism,https://www.visitbusan.net/kr/index.do?menuCd=DOM_000000201001001000&uc_seq=372&lang_cd=ko,,2026-07-25,"VisitBusan / 부산광역시 (도메인 추정, 미확인)",unknown,unverified,unknown,unknown,unknown,,review_required,domain_inferred,VB 도메인 기반 분류. 기존 image_license=all_rights_reserved_visitbusan. 공식 이용약관 미확인 — 상업 사용 개별 허가 필요.
busan-VB-426,https://www.visitbusan.net/uploadImgs/files/cntnts/20191231092729834,www.visitbusan.net,editorial_tourism,https://www.visitbusan.net/kr/index.do?menuCd=DOM_000000201001001000&uc_seq=426&lang_cd=ko,,2026-07-25,"VisitBusan / 부산광역시 (도메인 추정, 미확인)",unknown,unverified,unknown,unknown,unknown,,review_required,domain_inferred,VB 도메인 기반 분류. 기존 image_license=all_rights_reserved_visitbusan. 공식 이용약관 미확인 — 상업 사용 개별 허가 필요.
busan-VB-277,https://www.visitbusan.net/uploadImgs/files/cntnts/20191225164342360,www.visitbusan.net,editorial_tourism,https://www.visitbusan.net/kr/index.do?menuCd=DOM_000000201001001000&uc_seq=277&lang_cd=ko,,2026-07-25,"VisitBusan / 부산광역시 (도메인 추정, 미확인)",unknown,unverified,unknown,unknown,unknown,,review_required,domain_inferred,VB 도메인 기반 분류. 기존 image_license=all_rights_reserved_visitbusan. 공식 이용약관 미확인 — 상업 사용 개별 허가 필요.
busan-VB-276,https://www.visitbusan.net/uploadImgs/files/cntnts/20191225163741459,www.visitbusan.net,editorial_tourism,https://www.visitbusan.net/kr/index.do?menuCd=DOM_000000201001001000&uc_seq=276&lang_cd=ko,,2026-07-25,"VisitBusan / 부산광역시 (도메인 추정, 미확인)",unknown,unverified,unknown,unknown,unknown,,review_required,domain_inferred,VB 도메인 기반 분류. 기존 image_license=all_rights_reserved_visitbusan. 공식 이용약관 미확인 — 상업 사용 개별 허가 필요.
busan-VB-289,https://www.visitbusan.net/uploadImgs/files/cntnts/20191226100545553,www.visitbusan.net,editorial_tourism,https://www.visitbusan.net/kr/index.do?menuCd=DOM_000000201001001000&uc_seq=289&lang_cd=ko,,2026-07-25,"VisitBusan / 부산광역시 (도메인 추정, 미확인)",unknown,unverified,unknown,unknown,unknown,,review_required,domain_inferred,VB 도메인 기반 분류. 기존 image_license=all_rights_reserved_visitbusan. 공식 이용약관 미확인 — 상업 사용 개별 허가 필요.
busan-VB-421,https://www.visitbusan.net/uploadImgs/files/cntnts/20191230210358362,www.visitbusan.net,editorial_tourism,https://www.visitbusan.net/kr/index.do?menuCd=DOM_000000201001001000&uc_seq=421&lang_cd=ko,,2026-07-25,"VisitBusan / 부산광역시 (도메인 추정, 미확인)",unknown,unverified,unknown,unknown,unknown,,review_required,domain_inferred,VB 도메인 기반 분류. 기존 image_license=all_rights_reserved_visitbusan. 공식 이용약관 미확인 — 상업 사용 개별 허가 필요.
busan-VB-420,https://www.visitbusan.net/uploadImgs/files/cntnts/20191230210019945,www.visitbusan.net,editorial_tourism,https://www.visitbusan.net/kr/index.do?menuCd=DOM_000000201001001000&uc_seq=420&lang_cd=ko,,2026-07-25,"VisitBusan / 부산광역시 (도메인 추정, 미확인)",unknown,unverified,unknown,unknown,unknown,,review_required,domain_inferred,VB 도메인 기반 분류. 기존 image_license=all_rights_reserved_visitbusan. 공식 이용약관 미확인 — 상업 사용 개별 허가 필요.
busan-VB-415,https://www.visitbusan.net/uploadImgs/files/cntnts/20191230203235198,www.visitbusan.net,editorial_tourism,https://www.visitbusan.net/kr/index.do?menuCd=DOM_000000201001001000&uc_seq=415&lang_cd=ko,,2026-07-25,"VisitBusan / 부산광역시 (도메인 추정, 미확인)",unknown,unverified,unknown,unknown,unknown,,review_required,domain_inferred,VB 도메인 기반 분류. 기존 image_license=all_rights_reserved_visitbusan. 공식 이용약관 미확인 — 상업 사용 개별 허가 필요.
busan-VB-433,https://www.visitbusan.net/uploadImgs/files/cntnts/20191231102223413,www.visitbusan.net,editorial_tourism,https://www.visitbusan.net/kr/index.do?menuCd=DOM_000000201001001000&uc_seq=433&lang_cd=ko,,2026-07-25,"VisitBusan / 부산광역시 (도메인 추정, 미확인)",unknown,unverified,unknown,unknown,unknown,,review_required,domain_inferred,VB 도메인 기반 분류. 기존 image_license=all_rights_reserved_visitbusan. 공식 이용약관 미확인 — 상업 사용 개별 허가 필요.
busan-VB-430,https://www.visitbusan.net/uploadImgs/files/cntnts/20191231100856743,www.visitbusan.net,editorial_tourism,https://www.visitbusan.net/kr/index.do?menuCd=DOM_000000201001001000&uc_seq=430&lang_cd=ko,,2026-07-25,"VisitBusan / 부산광역시 (도메인 추정, 미확인)",unknown,unverified,unknown,unknown,unknown,,review_required,domain_inferred,VB 도메인 기반 분류. 기존 image_license=all_rights_reserved_visitbusan. 공식 이용약관 미확인 — 상업 사용 개별 허가 필요.
busan-VB-344,https://www.visitbusan.net/uploadImgs/files/cntnts/20191227180139517,www.visitbusan.net,editorial_tourism,https://www.visitbusan.net/kr/index.do?menuCd=DOM_000000201001001000&uc_seq=344&lang_cd=ko,,2026-07-25,"VisitBusan / 부산광역시 (도메인 추정, 미확인)",unknown,unverified,unknown,unknown,unknown,,review_required,domain_inferred,VB 도메인 기반 분류. 기존 image_license=all_rights_reserved_visitbusan. 공식 이용약관 미확인 — 상업 사용 개별 허가 필요.
busan-VB-463,https://www.visitbusan.net/uploadImgs/files/cntnts/20251201114557109,www.visitbusan.net,editorial_tourism,https://www.visitbusan.net/kr/index.do?menuCd=DOM_000000201001001000&uc_seq=463&lang_cd=ko,,2026-07-25,"VisitBusan / 부산광역시 (도메인 추정, 미확인)",unknown,unverified,unknown,unknown,unknown,,review_required,domain_inferred,VB 도메인 기반 분류. 기존 image_license=all_rights_reserved_visitbusan. 공식 이용약관 미확인 — 상업 사용 개별 허가 필요.
busan-VB-445,https://www.visitbusan.net/uploadImgs/files/cntnts/20191231181104098,www.visitbusan.net,editorial_tourism,https://www.visitbusan.net/kr/index.do?menuCd=DOM_000000201001001000&uc_seq=445&lang_cd=ko,,2026-07-25,"VisitBusan / 부산광역시 (도메인 추정, 미확인)",unknown,unverified,unknown,unknown,unknown,,review_required,domain_inferred,VB 도메인 기반 분류. 기존 image_license=all_rights_reserved_visitbusan. 공식 이용약관 미확인 — 상업 사용 개별 허가 필요.
busan-VB-279,https://www.visitbusan.net/uploadImgs/files/cntnts/20191225165635368,www.visitbusan.net,editorial_tourism,https://www.visitbusan.net/kr/index.do?menuCd=DOM_000000201001001000&uc_seq=279&lang_cd=ko,,2026-07-25,"VisitBusan / 부산광역시 (도메인 추정, 미확인)",unknown,unverified,unknown,unknown,unknown,,review_required,domain_inferred,VB 도메인 기반 분류. 기존 image_license=all_rights_reserved_visitbusan. 공식 이용약관 미확인 — 상업 사용 개별 허가 필요.
busan-VB-288,https://www.visitbusan.net/uploadImgs/files/cntnts/20191226093554532,www.visitbusan.net,editorial_tourism,https://www.visitbusan.net/kr/index.do?menuCd=DOM_000000201001001000&uc_seq=288&lang_cd=ko,,2026-07-25,"VisitBusan / 부산광역시 (도메인 추정, 미확인)",unknown,unverified,unknown,unknown,unknown,,review_required,domain_inferred,VB 도메인 기반 분류. 기존 image_license=all_rights_reserved_visitbusan. 공식 이용약관 미확인 — 상업 사용 개별 허가 필요.
busan-VB-260,https://www.visitbusan.net/uploadImgs/files/cntnts/20191222185645736,www.visitbusan.net,editorial_tourism,https://www.visitbusan.net/kr/index.do?menuCd=DOM_000000201001001000&uc_seq=260&lang_cd=ko,,2026-07-25,"VisitBusan / 부산광역시 (도메인 추정, 미확인)",unknown,unverified,unknown,unknown,unknown,,review_required,domain_inferred,VB 도메인 기반 분류. 기존 image_license=all_rights_reserved_visitbusan. 공식 이용약관 미확인 — 상업 사용 개별 허가 필요.
busan-VB-275,https://www.visitbusan.net/uploadImgs/files/cntnts/20191225162953256,www.visitbusan.net,editorial_tourism,https://www.visitbusan.net/kr/index.do?menuCd=DOM_000000201001001000&uc_seq=275&lang_cd=ko,,2026-07-25,"VisitBusan / 부산광역시 (도메인 추정, 미확인)",unknown,unverified,unknown,unknown,unknown,,review_required,domain_inferred,VB 도메인 기반 분류. 기존 image_license=all_rights_reserved_visitbusan. 공식 이용약관 미확인 — 상업 사용 개별 허가 필요.
busan-VB-262,https://www.visitbusan.net/uploadImgs/files/cntnts/20191224093809621,www.visitbusan.net,editorial_tourism,https://www.visitbusan.net/kr/index.do?menuCd=DOM_000000201001001000&uc_seq=262&lang_cd=ko,,2026-07-25,"VisitBusan / 부산광역시 (도메인 추정, 미확인)",unknown,unverified,unknown,unknown,unknown,,review_required,domain_inferred,VB 도메인 기반 분류. 기존 image_license=all_rights_reserved_visitbusan. 공식 이용약관 미확인 — 상업 사용 개별 허가 필요.
busan-VB-432,https://www.visitbusan.net/uploadImgs/files/cntnts/20191231101745599,www.visitbusan.net,editorial_tourism,https://www.visitbusan.net/kr/index.do?menuCd=DOM_000000201001001000&uc_seq=432&lang_cd=ko,,2026-07-25,"VisitBusan / 부산광역시 (도메인 추정, 미확인)",unknown,unverified,unknown,unknown,unknown,,review_required,domain_inferred,VB 도메인 기반 분류. 기존 image_license=all_rights_reserved_visitbusan. 공식 이용약관 미확인 — 상업 사용 개별 허가 필요.
busan-VB-359,https://www.visitbusan.net/uploadImgs/files/cntnts/20191227202829011,www.visitbusan.net,editorial_tourism,https://www.visitbusan.net/kr/index.do?menuCd=DOM_000000201001001000&uc_seq=359&lang_cd=ko,,2026-07-25,"VisitBusan / 부산광역시 (도메인 추정, 미확인)",unknown,unverified,unknown,unknown,unknown,,review_required,domain_inferred,VB 도메인 기반 분류. 기존 image_license=all_rights_reserved_visitbusan. 공식 이용약관 미확인 — 상업 사용 개별 허가 필요.
busan-VB-425,https://www.visitbusan.net/uploadImgs/files/cntnts/20191231091948765,www.visitbusan.net,editorial_tourism,https://www.visitbusan.net/kr/index.do?menuCd=DOM_000000201001001000&uc_seq=425&lang_cd=ko,,2026-07-25,"VisitBusan / 부산광역시 (도메인 추정, 미확인)",unknown,unverified,unknown,unknown,unknown,,review_required,domain_inferred,VB 도메인 기반 분류. 기존 image_license=all_rights_reserved_visitbusan. 공식 이용약관 미확인 — 상업 사용 개별 허가 필요.
busan-VB-358,https://www.visitbusan.net/uploadImgs/files/cntnts/20191227202219554,www.visitbusan.net,editorial_tourism,https://www.visitbusan.net/kr/index.do?menuCd=DOM_000000201001001000&uc_seq=358&lang_cd=ko,,2026-07-25,"VisitBusan / 부산광역시 (도메인 추정, 미확인)",unknown,unverified,unknown,unknown,unknown,,review_required,domain_inferred,VB 도메인 기반 분류. 기존 image_license=all_rights_reserved_visitbusan. 공식 이용약관 미확인 — 상업 사용 개별 허가 필요.
busan-VB-281,https://www.visitbusan.net/uploadImgs/files/cntnts/20191225170855698,www.visitbusan.net,editorial_tourism,https://www.visitbusan.net/kr/index.do?menuCd=DOM_000000201001001000&uc_seq=281&lang_cd=ko,,2026-07-25,"VisitBusan / 부산광역시 (도메인 추정, 미확인)",unknown,unverified,unknown,unknown,unknown,,review_required,domain_inferred,VB 도메인 기반 분류. 기존 image_license=all_rights_reserved_visitbusan. 공식 이용약관 미확인 — 상업 사용 개별 허가 필요.
busan-VB-343,https://www.visitbusan.net/uploadImgs/files/cntnts/20191227175243198,www.visitbusan.net,editorial_tourism,https://www.visitbusan.net/kr/index.do?menuCd=DOM_000000201001001000&uc_seq=343&lang_cd=ko,,2026-07-25,"VisitBusan / 부산광역시 (도메인 추정, 미확인)",unknown,unverified,unknown,unknown,unknown,,review_required,domain_inferred,VB 도메인 기반 분류. 기존 image_license=all_rights_reserved_visitbusan. 공식 이용약관 미확인 — 상업 사용 개별 허가 필요.
busan-VB-361,https://www.visitbusan.net/uploadImgs/files/cntnts/20191227203859552,www.visitbusan.net,editorial_tourism,https://www.visitbusan.net/kr/index.do?menuCd=DOM_000000201001001000&uc_seq=361&lang_cd=ko,,2026-07-25,"VisitBusan / 부산광역시 (도메인 추정, 미확인)",unknown,unverified,unknown,unknown,unknown,,review_required,domain_inferred,VB 도메인 기반 분류. 기존 image_license=all_rights_reserved_visitbusan. 공식 이용약관 미확인 — 상업 사용 개별 허가 필요.
busan-VB-347,https://www.visitbusan.net/uploadImgs/files/cntnts/20191227184611977,www.visitbusan.net,editorial_tourism,https://www.visitbusan.net/kr/index.do?menuCd=DOM_000000201001001000&uc_seq=347&lang_cd=ko,,2026-07-25,"VisitBusan / 부산광역시 (도메인 추정, 미확인)",unknown,unverified,unknown,unknown,unknown,,review_required,domain_inferred,VB 도메인 기반 분류. 기존 image_license=all_rights_reserved_visitbusan. 공식 이용약관 미확인 — 상업 사용 개별 허가 필요.
busan-VB-290,https://www.visitbusan.net/uploadImgs/files/cntnts/20191226101451768,www.visitbusan.net,editorial_tourism,https://www.visitbusan.net/kr/index.do?menuCd=DOM_000000201001001000&uc_seq=290&lang_cd=ko,,2026-07-25,"VisitBusan / 부산광역시 (도메인 추정, 미확인)",unknown,unverified,unknown,unknown,unknown,,review_required,domain_inferred,VB 도메인 기반 분류. 기존 image_license=all_rights_reserved_visitbusan. 공식 이용약관 미확인 — 상업 사용 개별 허가 필요.
busan-VB-458,https://www.visitbusan.net/uploadImgs/files/cntnts/20191231193124555,www.visitbusan.net,editorial_tourism,https://www.visitbusan.net/kr/index.do?menuCd=DOM_000000201001001000&uc_seq=458&lang_cd=ko,,2026-07-25,"VisitBusan / 부산광역시 (도메인 추정, 미확인)",unknown,unverified,unknown,unknown,unknown,,review_required,domain_inferred,VB 도메인 기반 분류. 기존 image_license=all_rights_reserved_visitbusan. 공식 이용약관 미확인 — 상업 사용 개별 허가 필요.
busan-VB-459,https://www.visitbusan.net/uploadImgs/files/cntnts/20191231193736138,www.visitbusan.net,editorial_tourism,https://www.visitbusan.net/kr/index.do?menuCd=DOM_000000201001001000&uc_seq=459&lang_cd=ko,,2026-07-25,"VisitBusan / 부산광역시 (도메인 추정, 미확인)",unknown,unverified,unknown,unknown,unknown,,review_required,domain_inferred,VB 도메인 기반 분류. 기존 image_license=all_rights_reserved_visitbusan. 공식 이용약관 미확인 — 상업 사용 개별 허가 필요.
busan-VB-397,https://www.visitbusan.net/uploadImgs/files/cntnts/20191230181126685,www.visitbusan.net,editorial_tourism,https://www.visitbusan.net/kr/index.do?menuCd=DOM_000000201001001000&uc_seq=397&lang_cd=ko,,2026-07-25,"VisitBusan / 부산광역시 (도메인 추정, 미확인)",unknown,unverified,unknown,unknown,unknown,,review_required,domain_inferred,VB 도메인 기반 분류. 기존 image_license=all_rights_reserved_visitbusan. 공식 이용약관 미확인 — 상업 사용 개별 허가 필요.
busan-VB-527,https://www.visitbusan.net/uploadImgs/files/cntnts/20200110144727057,www.visitbusan.net,editorial_tourism,https://www.visitbusan.net/kr/index.do?menuCd=DOM_000000201001001000&uc_seq=527&lang_cd=ko,,2026-07-25,"VisitBusan / 부산광역시 (도메인 추정, 미확인)",unknown,unverified,unknown,unknown,unknown,,review_required,domain_inferred,VB 도메인 기반 분류. 기존 image_license=all_rights_reserved_visitbusan. 공식 이용약관 미확인 — 상업 사용 개별 허가 필요.
busan-VB-313,https://www.visitbusan.net/uploadImgs/files/cntnts/20191226182356876,www.visitbusan.net,editorial_tourism,https://www.visitbusan.net/kr/index.do?menuCd=DOM_000000201001001000&uc_seq=313&lang_cd=ko,,2026-07-25,"VisitBusan / 부산광역시 (도메인 추정, 미확인)",unknown,unverified,unknown,unknown,unknown,,review_required,domain_inferred,VB 도메인 기반 분류. 기존 image_license=all_rights_reserved_visitbusan. 공식 이용약관 미확인 — 상업 사용 개별 허가 필요.
busan-VB-298,https://www.visitbusan.net/uploadImgs/files/cntnts/20191226113720642,www.visitbusan.net,editorial_tourism,https://www.visitbusan.net/kr/index.do?menuCd=DOM_000000201001001000&uc_seq=298&lang_cd=ko,,2026-07-25,"VisitBusan / 부산광역시 (도메인 추정, 미확인)",unknown,unverified,unknown,unknown,unknown,,review_required,domain_inferred,VB 도메인 기반 분류. 기존 image_license=all_rights_reserved_visitbusan. 공식 이용약관 미확인 — 상업 사용 개별 허가 필요.
busan-VB-456,https://www.visitbusan.net/uploadImgs/files/cntnts/20191231192024538,www.visitbusan.net,editorial_tourism,https://www.visitbusan.net/kr/index.do?menuCd=DOM_000000201001001000&uc_seq=456&lang_cd=ko,,2026-07-25,"VisitBusan / 부산광역시 (도메인 추정, 미확인)",unknown,unverified,unknown,unknown,unknown,,review_required,domain_inferred,VB 도메인 기반 분류. 기존 image_license=all_rights_reserved_visitbusan. 공식 이용약관 미확인 — 상업 사용 개별 허가 필요.
busan-VB-296,https://www.visitbusan.net/uploadImgs/files/cntnts/20191226110347271,www.visitbusan.net,editorial_tourism,https://www.visitbusan.net/kr/index.do?menuCd=DOM_000000201001001000&uc_seq=296&lang_cd=ko,,2026-07-25,"VisitBusan / 부산광역시 (도메인 추정, 미확인)",unknown,unverified,unknown,unknown,unknown,,review_required,domain_inferred,VB 도메인 기반 분류. 기존 image_license=all_rights_reserved_visitbusan. 공식 이용약관 미확인 — 상업 사용 개별 허가 필요.
busan-VB-439,https://www.visitbusan.net/uploadImgs/files/cntnts/20191231111302355,www.visitbusan.net,editorial_tourism,https://www.visitbusan.net/kr/index.do?menuCd=DOM_000000201001001000&uc_seq=439&lang_cd=ko,,2026-07-25,"VisitBusan / 부산광역시 (도메인 추정, 미확인)",unknown,unverified,unknown,unknown,unknown,,review_required,domain_inferred,VB 도메인 기반 분류. 기존 image_license=all_rights_reserved_visitbusan. 공식 이용약관 미확인 — 상업 사용 개별 허가 필요.
busan-VB-302,https://www.visitbusan.net/uploadImgs/files/cntnts/20191226132812226,www.visitbusan.net,editorial_tourism,https://www.visitbusan.net/kr/index.do?menuCd=DOM_000000201001001000&uc_seq=302&lang_cd=ko,,2026-07-25,"VisitBusan / 부산광역시 (도메인 추정, 미확인)",unknown,unverified,unknown,unknown,unknown,,review_required,domain_inferred,VB 도메인 기반 분류. 기존 image_license=all_rights_reserved_visitbusan. 공식 이용약관 미확인 — 상업 사용 개별 허가 필요.
busan-VB-314,https://www.visitbusan.net/uploadImgs/files/cntnts/20191226183133502,www.visitbusan.net,editorial_tourism,https://www.visitbusan.net/kr/index.do?menuCd=DOM_000000201001001000&uc_seq=314&lang_cd=ko,,2026-07-25,"VisitBusan / 부산광역시 (도메인 추정, 미확인)",unknown,unverified,unknown,unknown,unknown,,review_required,domain_inferred,VB 도메인 기반 분류. 기존 image_license=all_rights_reserved_visitbusan. 공식 이용약관 미확인 — 상업 사용 개별 허가 필요.
busan-VB-315,https://www.visitbusan.net/uploadImgs/files/cntnts/20191226184130120,www.visitbusan.net,editorial_tourism,https://www.visitbusan.net/kr/index.do?menuCd=DOM_000000201001001000&uc_seq=315&lang_cd=ko,,2026-07-25,"VisitBusan / 부산광역시 (도메인 추정, 미확인)",unknown,unverified,unknown,unknown,unknown,,review_required,domain_inferred,VB 도메인 기반 분류. 기존 image_license=all_rights_reserved_visitbusan. 공식 이용약관 미확인 — 상업 사용 개별 허가 필요.
busan-VB-508,https://www.visitbusan.net/uploadImgs/files/cntnts/20200102141456051,www.visitbusan.net,editorial_tourism,https://www.visitbusan.net/kr/index.do?menuCd=DOM_000000201001001000&uc_seq=508&lang_cd=ko,,2026-07-25,"VisitBusan / 부산광역시 (도메인 추정, 미확인)",unknown,unverified,unknown,unknown,unknown,,review_required,domain_inferred,VB 도메인 기반 분류. 기존 image_license=all_rights_reserved_visitbusan. 공식 이용약관 미확인 — 상업 사용 개별 허가 필요.
busan-VB-511,https://www.visitbusan.net/uploadImgs/files/cntnts/20200102142920888,www.visitbusan.net,editorial_tourism,https://www.visitbusan.net/kr/index.do?menuCd=DOM_000000201001001000&uc_seq=511&lang_cd=ko,,2026-07-25,"VisitBusan / 부산광역시 (도메인 추정, 미확인)",unknown,unverified,unknown,unknown,unknown,,review_required,domain_inferred,VB 도메인 기반 분류. 기존 image_license=all_rights_reserved_visitbusan. 공식 이용약관 미확인 — 상업 사용 개별 허가 필요.
busan-VB-291,https://www.visitbusan.net/uploadImgs/files/cntnts/20191226102157667,www.visitbusan.net,editorial_tourism,https://www.visitbusan.net/kr/index.do?menuCd=DOM_000000201001001000&uc_seq=291&lang_cd=ko,,2026-07-25,"VisitBusan / 부산광역시 (도메인 추정, 미확인)",unknown,unverified,unknown,unknown,unknown,,review_required,domain_inferred,VB 도메인 기반 분류. 기존 image_license=all_rights_reserved_visitbusan. 공식 이용약관 미확인 — 상업 사용 개별 허가 필요.
busan-VB-301,https://www.visitbusan.net/uploadImgs/files/cntnts/20191226132135171,www.visitbusan.net,editorial_tourism,https://www.visitbusan.net/kr/index.do?menuCd=DOM_000000201001001000&uc_seq=301&lang_cd=ko,,2026-07-25,"VisitBusan / 부산광역시 (도메인 추정, 미확인)",unknown,unverified,unknown,unknown,unknown,,review_required,domain_inferred,VB 도메인 기반 분류. 기존 image_license=all_rights_reserved_visitbusan. 공식 이용약관 미확인 — 상업 사용 개별 허가 필요.
busan-VB-295,https://www.visitbusan.net/uploadImgs/files/cntnts/20191226105751809,www.visitbusan.net,editorial_tourism,https://www.visitbusan.net/kr/index.do?menuCd=DOM_000000201001001000&uc_seq=295&lang_cd=ko,,2026-07-25,"VisitBusan / 부산광역시 (도메인 추정, 미확인)",unknown,unverified,unknown,unknown,unknown,,review_required,domain_inferred,VB 도메인 기반 분류. 기존 image_license=all_rights_reserved_visitbusan. 공식 이용약관 미확인 — 상업 사용 개별 허가 필요.
busan-VB-297,https://www.visitbusan.net/uploadImgs/files/cntnts/20191226110901484,www.visitbusan.net,editorial_tourism,https://www.visitbusan.net/kr/index.do?menuCd=DOM_000000201001001000&uc_seq=297&lang_cd=ko,,2026-07-25,"VisitBusan / 부산광역시 (도메인 추정, 미확인)",unknown,unverified,unknown,unknown,unknown,,review_required,domain_inferred,VB 도메인 기반 분류. 기존 image_license=all_rights_reserved_visitbusan. 공식 이용약관 미확인 — 상업 사용 개별 허가 필요.
busan-VB-418,https://www.visitbusan.net/uploadImgs/files/cntnts/20191230205059771,www.visitbusan.net,editorial_tourism,https://www.visitbusan.net/kr/index.do?menuCd=DOM_000000201001001000&uc_seq=418&lang_cd=ko,,2026-07-25,"VisitBusan / 부산광역시 (도메인 추정, 미확인)",unknown,unverified,unknown,unknown,unknown,,review_required,domain_inferred,VB 도메인 기반 분류. 기존 image_license=all_rights_reserved_visitbusan. 공식 이용약관 미확인 — 상업 사용 개별 허가 필요.
busan-VB-299,https://www.visitbusan.net/uploadImgs/files/cntnts/20191226115628787,www.visitbusan.net,editorial_tourism,https://www.visitbusan.net/kr/index.do?menuCd=DOM_000000201001001000&uc_seq=299&lang_cd=ko,,2026-07-25,"VisitBusan / 부산광역시 (도메인 추정, 미확인)",unknown,unverified,unknown,unknown,unknown,,review_required,domain_inferred,VB 도메인 기반 분류. 기존 image_license=all_rights_reserved_visitbusan. 공식 이용약관 미확인 — 상업 사용 개별 허가 필요.
busan-VB-501,https://www.visitbusan.net/uploadImgs/files/cntnts/20200102125306322,www.visitbusan.net,editorial_tourism,https://www.visitbusan.net/kr/index.do?menuCd=DOM_000000201001001000&uc_seq=501&lang_cd=ko,,2026-07-25,"VisitBusan / 부산광역시 (도메인 추정, 미확인)",unknown,unverified,unknown,unknown,unknown,,review_required,domain_inferred,VB 도메인 기반 분류. 기존 image_license=all_rights_reserved_visitbusan. 공식 이용약관 미확인 — 상업 사용 개별 허가 필요.
busan-VB-268,https://www.visitbusan.net/uploadImgs/files/cntnts/20191225150936833,www.visitbusan.net,editorial_tourism,https://www.visitbusan.net/kr/index.do?menuCd=DOM_000000201001001000&uc_seq=268&lang_cd=ko,,2026-07-25,"VisitBusan / 부산광역시 (도메인 추정, 미확인)",unknown,unverified,unknown,unknown,unknown,,review_required,domain_inferred,VB 도메인 기반 분류. 기존 image_license=all_rights_reserved_visitbusan. 공식 이용약관 미확인 — 상업 사용 개별 허가 필요.
busan-VB-457,https://www.visitbusan.net/uploadImgs/files/cntnts/20191231192531286,www.visitbusan.net,editorial_tourism,https://www.visitbusan.net/kr/index.do?menuCd=DOM_000000201001001000&uc_seq=457&lang_cd=ko,,2026-07-25,"VisitBusan / 부산광역시 (도메인 추정, 미확인)",unknown,unverified,unknown,unknown,unknown,,review_required,domain_inferred,VB 도메인 기반 분류. 기존 image_license=all_rights_reserved_visitbusan. 공식 이용약관 미확인 — 상업 사용 개별 허가 필요.
busan-VB-483,https://www.visitbusan.net/uploadImgs/files/cntnts/20200101164518953,www.visitbusan.net,editorial_tourism,https://www.visitbusan.net/kr/index.do?menuCd=DOM_000000201001001000&uc_seq=483&lang_cd=ko,,2026-07-25,"VisitBusan / 부산광역시 (도메인 추정, 미확인)",unknown,unverified,unknown,unknown,unknown,,review_required,domain_inferred,VB 도메인 기반 분류. 기존 image_license=all_rights_reserved_visitbusan. 공식 이용약관 미확인 — 상업 사용 개별 허가 필요.
busan-VB-450,https://www.visitbusan.net/uploadImgs/files/cntnts/20191231184354051,www.visitbusan.net,editorial_tourism,https://www.visitbusan.net/kr/index.do?menuCd=DOM_000000201001001000&uc_seq=450&lang_cd=ko,,2026-07-25,"VisitBusan / 부산광역시 (도메인 추정, 미확인)",unknown,unverified,unknown,unknown,unknown,,review_required,domain_inferred,VB 도메인 기반 분류. 기존 image_license=all_rights_reserved_visitbusan. 공식 이용약관 미확인 — 상업 사용 개별 허가 필요.
busan-VB-1808,https://www.visitbusan.net/uploadImgs/files/cntnts/20240416142348310,www.visitbusan.net,editorial_tourism,https://www.visitbusan.net/kr/index.do?menuCd=DOM_000000201002001000&uc_seq=1808&lang_cd=ko,,2026-07-25,"VisitBusan / 부산광역시 (도메인 추정, 미확인)",unknown,unverified,unknown,unknown,unknown,,review_required,domain_inferred,VB 도메인 기반 분류. 기존 image_license=all_rights_reserved_visitbusan. 공식 이용약관 미확인 — 상업 사용 개별 허가 필요.
busan-VB-1508,https://www.visitbusan.net/uploadImgs/files/cntnts/20230605160757154,www.visitbusan.net,editorial_tourism,https://www.visitbusan.net/kr/index.do?menuCd=DOM_000000201002001000&uc_seq=1508&lang_cd=ko,,2026-07-25,"VisitBusan / 부산광역시 (도메인 추정, 미확인)",unknown,unverified,unknown,unknown,unknown,,review_required,domain_inferred,VB 도메인 기반 분류. 기존 image_license=all_rights_reserved_visitbusan. 공식 이용약관 미확인 — 상업 사용 개별 허가 필요.
busan-VB-1489,https://www.visitbusan.net/uploadImgs/files/cntnts/20240419105032027,www.visitbusan.net,editorial_tourism,https://www.visitbusan.net/kr/index.do?menuCd=DOM_000000201002001000&uc_seq=1489&lang_cd=ko,,2026-07-25,"VisitBusan / 부산광역시 (도메인 추정, 미확인)",unknown,unverified,unknown,unknown,unknown,,review_required,domain_inferred,VB 도메인 기반 분류. 기존 image_license=all_rights_reserved_visitbusan. 공식 이용약관 미확인 — 상업 사용 개별 허가 필요.
busan-VB-1262,https://www.visitbusan.net/uploadImgs/files/cntnts/20240416173708292,www.visitbusan.net,editorial_tourism,https://www.visitbusan.net/kr/index.do?menuCd=DOM_000000201002001000&uc_seq=1262&lang_cd=ko,,2026-07-25,"VisitBusan / 부산광역시 (도메인 추정, 미확인)",unknown,unverified,unknown,unknown,unknown,,review_required,domain_inferred,VB 도메인 기반 분류. 기존 image_license=all_rights_reserved_visitbusan. 공식 이용약관 미확인 — 상업 사용 개별 허가 필요.
busan-VB-1248,https://www.visitbusan.net/uploadImgs/files/cntnts/20220511141322616,www.visitbusan.net,editorial_tourism,https://www.visitbusan.net/kr/index.do?menuCd=DOM_000000201002001000&uc_seq=1248&lang_cd=ko,,2026-07-25,"VisitBusan / 부산광역시 (도메인 추정, 미확인)",unknown,unverified,unknown,unknown,unknown,,review_required,domain_inferred,VB 도메인 기반 분류. 기존 image_license=all_rights_reserved_visitbusan. 공식 이용약관 미확인 — 상업 사용 개별 허가 필요.
busan-VB-1137,https://www.visitbusan.net/uploadImgs/files/cntnts/20240419110909568,www.visitbusan.net,editorial_tourism,https://www.visitbusan.net/kr/index.do?menuCd=DOM_000000201002001000&uc_seq=1137&lang_cd=ko,,2026-07-25,"VisitBusan / 부산광역시 (도메인 추정, 미확인)",unknown,unverified,unknown,unknown,unknown,,review_required,domain_inferred,VB 도메인 기반 분류. 기존 image_license=all_rights_reserved_visitbusan. 공식 이용약관 미확인 — 상업 사용 개별 허가 필요.
busan-VB-1133,https://www.visitbusan.net/uploadImgs/files/cntnts/20240418141930357,www.visitbusan.net,editorial_tourism,https://www.visitbusan.net/kr/index.do?menuCd=DOM_000000201002001000&uc_seq=1133&lang_cd=ko,,2026-07-25,"VisitBusan / 부산광역시 (도메인 추정, 미확인)",unknown,unverified,unknown,unknown,unknown,,review_required,domain_inferred,VB 도메인 기반 분류. 기존 image_license=all_rights_reserved_visitbusan. 공식 이용약관 미확인 — 상업 사용 개별 허가 필요.
busan-VB-960,https://www.visitbusan.net/uploadImgs/files/cntnts/20200819132345743,www.visitbusan.net,editorial_tourism,https://www.visitbusan.net/kr/index.do?menuCd=DOM_000000201002001000&uc_seq=960&lang_cd=ko,,2026-07-25,"VisitBusan / 부산광역시 (도메인 추정, 미확인)",unknown,unverified,unknown,unknown,unknown,,review_required,domain_inferred,VB 도메인 기반 분류. 기존 image_license=all_rights_reserved_visitbusan. 공식 이용약관 미확인 — 상업 사용 개별 허가 필요.
busan-VB-218,https://www.visitbusan.net/uploadImgs/files/cntnts/20240416153630841,www.visitbusan.net,editorial_tourism,https://www.visitbusan.net/kr/index.do?menuCd=DOM_000000201002001000&uc_seq=218&lang_cd=ko,,2026-07-25,"VisitBusan / 부산광역시 (도메인 추정, 미확인)",unknown,unverified,unknown,unknown,unknown,,review_required,domain_inferred,VB 도메인 기반 분류. 기존 image_license=all_rights_reserved_visitbusan. 공식 이용약관 미확인 — 상업 사용 개별 허가 필요.
busan-VB-2670,https://www.visitbusan.net/uploadImgs/files/cntnts/20260202190204222,www.visitbusan.net,editorial_tourism,https://www.visitbusan.net/kr/index.do?menuCd=DOM_000000201003001000&uc_seq=2670&lang_cd=ko,,2026-07-25,"VisitBusan / 부산광역시 (도메인 추정, 미확인)",unknown,unverified,unknown,unknown,unknown,,review_required,domain_inferred,VB 도메인 기반 분류. 기존 image_license=all_rights_reserved_visitbusan. 공식 이용약관 미확인 — 상업 사용 개별 허가 필요.
busan-VB-2662,https://www.visitbusan.net/uploadImgs/files/cntnts/20260106123023905,www.visitbusan.net,editorial_tourism,https://www.visitbusan.net/kr/index.do?menuCd=DOM_000000201003001000&uc_seq=2662&lang_cd=ko,,2026-07-25,"VisitBusan / 부산광역시 (도메인 추정, 미확인)",unknown,unverified,unknown,unknown,unknown,,review_required,domain_inferred,VB 도메인 기반 분류. 기존 image_license=all_rights_reserved_visitbusan. 공식 이용약관 미확인 — 상업 사용 개별 허가 필요.
busan-VB-2589,https://www.visitbusan.net/uploadImgs/files/cntnts/20251020180018486,www.visitbusan.net,editorial_tourism,https://www.visitbusan.net/kr/index.do?menuCd=DOM_000000201003001000&uc_seq=2589&lang_cd=ko,,2026-07-25,"VisitBusan / 부산광역시 (도메인 추정, 미확인)",unknown,unverified,unknown,unknown,unknown,,review_required,domain_inferred,VB 도메인 기반 분류. 기존 image_license=all_rights_reserved_visitbusan. 공식 이용약관 미확인 — 상업 사용 개별 허가 필요.
busan-VB-2581,https://www.visitbusan.net/uploadImgs/files/cntnts/20250929183544348,www.visitbusan.net,editorial_tourism,https://www.visitbusan.net/kr/index.do?menuCd=DOM_000000201003001000&uc_seq=2581&lang_cd=ko,,2026-07-25,"VisitBusan / 부산광역시 (도메인 추정, 미확인)",unknown,unverified,unknown,unknown,unknown,,review_required,domain_inferred,VB 도메인 기반 분류. 기존 image_license=all_rights_reserved_visitbusan. 공식 이용약관 미확인 — 상업 사용 개별 허가 필요.
busan-VB-2580,https://www.visitbusan.net/uploadImgs/files/cntnts/20250929170130368,www.visitbusan.net,editorial_tourism,https://www.visitbusan.net/kr/index.do?menuCd=DOM_000000201003001000&uc_seq=2580&lang_cd=ko,,2026-07-25,"VisitBusan / 부산광역시 (도메인 추정, 미확인)",unknown,unverified,unknown,unknown,unknown,,review_required,domain_inferred,VB 도메인 기반 분류. 기존 image_license=all_rights_reserved_visitbusan. 공식 이용약관 미확인 — 상업 사용 개별 허가 필요.
busan-VB-2579,https://www.visitbusan.net/uploadImgs/files/cntnts/20250929152448617,www.visitbusan.net,editorial_tourism,https://www.visitbusan.net/kr/index.do?menuCd=DOM_000000201003001000&uc_seq=2579&lang_cd=ko,,2026-07-25,"VisitBusan / 부산광역시 (도메인 추정, 미확인)",unknown,unverified,unknown,unknown,unknown,,review_required,domain_inferred,VB 도메인 기반 분류. 기존 image_license=all_rights_reserved_visitbusan. 공식 이용약관 미확인 — 상업 사용 개별 허가 필요.
busan-VB-2555,https://www.visitbusan.net/uploadImgs/files/cntnts/20250903122354098,www.visitbusan.net,editorial_tourism,https://www.visitbusan.net/kr/index.do?menuCd=DOM_000000201003001000&uc_seq=2555&lang_cd=ko,,2026-07-25,"VisitBusan / 부산광역시 (도메인 추정, 미확인)",unknown,unverified,unknown,unknown,unknown,,review_required,domain_inferred,VB 도메인 기반 분류. 기존 image_license=all_rights_reserved_visitbusan. 공식 이용약관 미확인 — 상업 사용 개별 허가 필요.
busan-VB-2541,https://www.visitbusan.net/uploadImgs/files/cntnts/20250814180238089,www.visitbusan.net,editorial_tourism,https://www.visitbusan.net/kr/index.do?menuCd=DOM_000000201003001000&uc_seq=2541&lang_cd=ko,,2026-07-25,"VisitBusan / 부산광역시 (도메인 추정, 미확인)",unknown,unverified,unknown,unknown,unknown,,review_required,domain_inferred,VB 도메인 기반 분류. 기존 image_license=all_rights_reserved_visitbusan. 공식 이용약관 미확인 — 상업 사용 개별 허가 필요.
busan-VB-2539,https://www.visitbusan.net/uploadImgs/files/cntnts/20250808153850223,www.visitbusan.net,editorial_tourism,https://www.visitbusan.net/kr/index.do?menuCd=DOM_000000201003001000&uc_seq=2539&lang_cd=ko,,2026-07-25,"VisitBusan / 부산광역시 (도메인 추정, 미확인)",unknown,unverified,unknown,unknown,unknown,,review_required,domain_inferred,VB 도메인 기반 분류. 기존 image_license=all_rights_reserved_visitbusan. 공식 이용약관 미확인 — 상업 사용 개별 허가 필요.
busan-VB-2537,https://www.visitbusan.net/uploadImgs/files/cntnts/20250808151250876,www.visitbusan.net,editorial_tourism,https://www.visitbusan.net/kr/index.do?menuCd=DOM_000000201003001000&uc_seq=2537&lang_cd=ko,,2026-07-25,"VisitBusan / 부산광역시 (도메인 추정, 미확인)",unknown,unverified,unknown,unknown,unknown,,review_required,domain_inferred,VB 도메인 기반 분류. 기존 image_license=all_rights_reserved_visitbusan. 공식 이용약관 미확인 — 상업 사용 개별 허가 필요.
busan-VB-2417,https://www.visitbusan.net/uploadImgs/files/cntnts/20250718181629841,www.visitbusan.net,editorial_tourism,https://www.visitbusan.net/kr/index.do?menuCd=DOM_000000201003001000&uc_seq=2417&lang_cd=ko,,2026-07-25,"VisitBusan / 부산광역시 (도메인 추정, 미확인)",unknown,unverified,unknown,unknown,unknown,,review_required,domain_inferred,VB 도메인 기반 분류. 기존 image_license=all_rights_reserved_visitbusan. 공식 이용약관 미확인 — 상업 사용 개별 허가 필요.
busan-VB-2398,https://www.visitbusan.net/uploadImgs/files/cntnts/20250616202404573,www.visitbusan.net,editorial_tourism,https://www.visitbusan.net/kr/index.do?menuCd=DOM_000000201003001000&uc_seq=2398&lang_cd=ko,,2026-07-25,"VisitBusan / 부산광역시 (도메인 추정, 미확인)",unknown,unverified,unknown,unknown,unknown,,review_required,domain_inferred,VB 도메인 기반 분류. 기존 image_license=all_rights_reserved_visitbusan. 공식 이용약관 미확인 — 상업 사용 개별 허가 필요.
busan-VB-2252,https://www.visitbusan.net/uploadImgs/files/cntnts/20250117102719733,www.visitbusan.net,editorial_tourism,https://www.visitbusan.net/kr/index.do?menuCd=DOM_000000201003001000&uc_seq=2252&lang_cd=ko,,2026-07-25,"VisitBusan / 부산광역시 (도메인 추정, 미확인)",unknown,unverified,unknown,unknown,unknown,,review_required,domain_inferred,VB 도메인 기반 분류. 기존 image_license=all_rights_reserved_visitbusan. 공식 이용약관 미확인 — 상업 사용 개별 허가 필요.
busan-VB-2241,https://www.visitbusan.net/uploadImgs/files/cntnts/20250114135947738,www.visitbusan.net,editorial_tourism,https://www.visitbusan.net/kr/index.do?menuCd=DOM_000000201003001000&uc_seq=2241&lang_cd=ko,,2026-07-25,"VisitBusan / 부산광역시 (도메인 추정, 미확인)",unknown,unverified,unknown,unknown,unknown,,review_required,domain_inferred,VB 도메인 기반 분류. 기존 image_license=all_rights_reserved_visitbusan. 공식 이용약관 미확인 — 상업 사용 개별 허가 필요.
busan-VB-2165,https://www.visitbusan.net/uploadImgs/files/cntnts/20241107114741461,www.visitbusan.net,editorial_tourism,https://www.visitbusan.net/kr/index.do?menuCd=DOM_000000201003001000&uc_seq=2165&lang_cd=ko,,2026-07-25,"VisitBusan / 부산광역시 (도메인 추정, 미확인)",unknown,unverified,unknown,unknown,unknown,,review_required,domain_inferred,VB 도메인 기반 분류. 기존 image_license=all_rights_reserved_visitbusan. 공식 이용약관 미확인 — 상업 사용 개별 허가 필요.
busan-VB-1964,https://www.visitbusan.net/uploadImgs/files/cntnts/20240805142935400,www.visitbusan.net,editorial_tourism,https://www.visitbusan.net/kr/index.do?menuCd=DOM_000000201003001000&uc_seq=1964&lang_cd=ko,,2026-07-25,"VisitBusan / 부산광역시 (도메인 추정, 미확인)",unknown,unverified,unknown,unknown,unknown,,review_required,domain_inferred,VB 도메인 기반 분류. 기존 image_license=all_rights_reserved_visitbusan. 공식 이용약관 미확인 — 상업 사용 개별 허가 필요.
busan-VB-1667,https://www.visitbusan.net/uploadImgs/files/cntnts/20230630182744054,www.visitbusan.net,editorial_tourism,https://www.visitbusan.net/kr/index.do?menuCd=DOM_000000201003001000&uc_seq=1667&lang_cd=ko,,2026-07-25,"VisitBusan / 부산광역시 (도메인 추정, 미확인)",unknown,unverified,unknown,unknown,unknown,,review_required,domain_inferred,VB 도메인 기반 분류. 기존 image_license=all_rights_reserved_visitbusan. 공식 이용약관 미확인 — 상업 사용 개별 허가 필요.
busan-VB-1666,https://www.visitbusan.net/uploadImgs/files/cntnts/20230630173529014,www.visitbusan.net,editorial_tourism,https://www.visitbusan.net/kr/index.do?menuCd=DOM_000000201003001000&uc_seq=1666&lang_cd=ko,,2026-07-25,"VisitBusan / 부산광역시 (도메인 추정, 미확인)",unknown,unverified,unknown,unknown,unknown,,review_required,domain_inferred,VB 도메인 기반 분류. 기존 image_license=all_rights_reserved_visitbusan. 공식 이용약관 미확인 — 상업 사용 개별 허가 필요.
busan-VB-1323,https://www.visitbusan.net/uploadImgs/files/cntnts/20230613163604135,www.visitbusan.net,editorial_tourism,https://www.visitbusan.net/kr/index.do?menuCd=DOM_000000201003001000&uc_seq=1323&lang_cd=ko,,2026-07-25,"VisitBusan / 부산광역시 (도메인 추정, 미확인)",unknown,unverified,unknown,unknown,unknown,,review_required,domain_inferred,VB 도메인 기반 분류. 기존 image_license=all_rights_reserved_visitbusan. 공식 이용약관 미확인 — 상업 사용 개별 허가 필요.
busan-VB-819,https://www.visitbusan.net/uploadImgs/files/cntnts/20200709174128221,www.visitbusan.net,editorial_tourism,https://www.visitbusan.net/kr/index.do?menuCd=DOM_000000201003001000&uc_seq=819&lang_cd=ko,,2026-07-25,"VisitBusan / 부산광역시 (도메인 추정, 미확인)",unknown,unverified,unknown,unknown,unknown,,review_required,domain_inferred,VB 도메인 기반 분류. 기존 image_license=all_rights_reserved_visitbusan. 공식 이용약관 미확인 — 상업 사용 개별 허가 필요.
busan-VB-552,https://www.visitbusan.net/uploadImgs/files/cntnts/20200213181053895,www.visitbusan.net,editorial_tourism,https://www.visitbusan.net/kr/index.do?menuCd=DOM_000000201003001000&uc_seq=552&lang_cd=ko,,2026-07-25,"VisitBusan / 부산광역시 (도메인 추정, 미확인)",unknown,unverified,unknown,unknown,unknown,,review_required,domain_inferred,VB 도메인 기반 분류. 기존 image_license=all_rights_reserved_visitbusan. 공식 이용약관 미확인 — 상업 사용 개별 허가 필요.
busan-VB-548,https://www.visitbusan.net/uploadImgs/files/cntnts/20200205165858664,www.visitbusan.net,editorial_tourism,https://www.visitbusan.net/kr/index.do?menuCd=DOM_000000201003001000&uc_seq=548&lang_cd=ko,,2026-07-25,"VisitBusan / 부산광역시 (도메인 추정, 미확인)",unknown,unverified,unknown,unknown,unknown,,review_required,domain_inferred,VB 도메인 기반 분류. 기존 image_license=all_rights_reserved_visitbusan. 공식 이용약관 미확인 — 상업 사용 개별 허가 필요.
busan-VB-546,https://www.visitbusan.net/uploadImgs/files/cntnts/20200207110846432,www.visitbusan.net,editorial_tourism,https://www.visitbusan.net/kr/index.do?menuCd=DOM_000000201003001000&uc_seq=546&lang_cd=ko,,2026-07-25,"VisitBusan / 부산광역시 (도메인 추정, 미확인)",unknown,unverified,unknown,unknown,unknown,,review_required,domain_inferred,VB 도메인 기반 분류. 기존 image_license=all_rights_reserved_visitbusan. 공식 이용약관 미확인 — 상업 사용 개별 허가 필요.
busan-VB-545,https://www.visitbusan.net/uploadImgs/files/cntnts/20230703144706665,www.visitbusan.net,editorial_tourism,https://www.visitbusan.net/kr/index.do?menuCd=DOM_000000201003001000&uc_seq=545&lang_cd=ko,,2026-07-25,"VisitBusan / 부산광역시 (도메인 추정, 미확인)",unknown,unverified,unknown,unknown,unknown,,review_required,domain_inferred,VB 도메인 기반 분류. 기존 image_license=all_rights_reserved_visitbusan. 공식 이용약관 미확인 — 상업 사용 개별 허가 필요.
busan-VB-541,https://www.visitbusan.net/uploadImgs/files/cntnts/20200214134014426,www.visitbusan.net,editorial_tourism,https://www.visitbusan.net/kr/index.do?menuCd=DOM_000000201003001000&uc_seq=541&lang_cd=ko,,2026-07-25,"VisitBusan / 부산광역시 (도메인 추정, 미확인)",unknown,unverified,unknown,unknown,unknown,,review_required,domain_inferred,VB 도메인 기반 분류. 기존 image_license=all_rights_reserved_visitbusan. 공식 이용약관 미확인 — 상업 사용 개별 허가 필요.
busan-VB-506,https://www.visitbusan.net/uploadImgs/files/cntnts/20200102140051300,www.visitbusan.net,editorial_tourism,https://www.visitbusan.net/kr/index.do?menuCd=DOM_000000201003001000&uc_seq=506&lang_cd=ko,,2026-07-25,"VisitBusan / 부산광역시 (도메인 추정, 미확인)",unknown,unverified,unknown,unknown,unknown,,review_required,domain_inferred,VB 도메인 기반 분류. 기존 image_license=all_rights_reserved_visitbusan. 공식 이용약관 미확인 — 상업 사용 개별 허가 필요.
busan-VB-413,https://www.visitbusan.net/uploadImgs/files/cntnts/20191230201722863,www.visitbusan.net,editorial_tourism,https://www.visitbusan.net/kr/index.do?menuCd=DOM_000000201003001000&uc_seq=413&lang_cd=ko,,2026-07-25,"VisitBusan / 부산광역시 (도메인 추정, 미확인)",unknown,unverified,unknown,unknown,unknown,,review_required,domain_inferred,VB 도메인 기반 분류. 기존 image_license=all_rights_reserved_visitbusan. 공식 이용약관 미확인 — 상업 사용 개별 허가 필요.
busan-VB-540,https://www.visitbusan.net/uploadImgs/files/cntnts/20200207150233726,www.visitbusan.net,editorial_tourism,https://www.visitbusan.net/kr/index.do?menuCd=DOM_000000201003001000&uc_seq=540&lang_cd=ko,,2026-07-25,"VisitBusan / 부산광역시 (도메인 추정, 미확인)",unknown,unverified,unknown,unknown,unknown,,review_required,domain_inferred,VB 도메인 기반 분류. 기존 image_license=all_rights_reserved_visitbusan. 공식 이용약관 미확인 — 상업 사용 개별 허가 필요.
busan-VB-539,https://www.visitbusan.net/uploadImgs/files/cntnts/20200204175104893,www.visitbusan.net,editorial_tourism,https://www.visitbusan.net/kr/index.do?menuCd=DOM_000000201003001000&uc_seq=539&lang_cd=ko,,2026-07-25,"VisitBusan / 부산광역시 (도메인 추정, 미확인)",unknown,unverified,unknown,unknown,unknown,,review_required,domain_inferred,VB 도메인 기반 분류. 기존 image_license=all_rights_reserved_visitbusan. 공식 이용약관 미확인 — 상업 사용 개별 허가 필요.
busan-VB-537,https://www.visitbusan.net/uploadImgs/files/cntnts/20240416151650754,www.visitbusan.net,editorial_tourism,https://www.visitbusan.net/kr/index.do?menuCd=DOM_000000201003001000&uc_seq=537&lang_cd=ko,,2026-07-25,"VisitBusan / 부산광역시 (도메인 추정, 미확인)",unknown,unverified,unknown,unknown,unknown,,review_required,domain_inferred,VB 도메인 기반 분류. 기존 image_license=all_rights_reserved_visitbusan. 공식 이용약관 미확인 — 상업 사용 개별 허가 필요.
busan-VB-422,https://www.visitbusan.net/uploadImgs/files/cntnts/20191230210800496,www.visitbusan.net,editorial_tourism,https://www.visitbusan.net/kr/index.do?menuCd=DOM_000000201003001000&uc_seq=422&lang_cd=ko,,2026-07-25,"VisitBusan / 부산광역시 (도메인 추정, 미확인)",unknown,unverified,unknown,unknown,unknown,,review_required,domain_inferred,VB 도메인 기반 분류. 기존 image_license=all_rights_reserved_visitbusan. 공식 이용약관 미확인 — 상업 사용 개별 허가 필요.
busan-VB-328,https://www.visitbusan.net/uploadImgs/files/cntnts/20191227114043326,www.visitbusan.net,editorial_tourism,https://www.visitbusan.net/kr/index.do?menuCd=DOM_000000201003001000&uc_seq=328&lang_cd=ko,,2026-07-25,"VisitBusan / 부산광역시 (도메인 추정, 미확인)",unknown,unverified,unknown,unknown,unknown,,review_required,domain_inferred,VB 도메인 기반 분류. 기존 image_license=all_rights_reserved_visitbusan. 공식 이용약관 미확인 — 상업 사용 개별 허가 필요.
busan-VB-294,https://www.visitbusan.net/uploadImgs/files/cntnts/20191226105015522,www.visitbusan.net,editorial_tourism,https://www.visitbusan.net/kr/index.do?menuCd=DOM_000000201003001000&uc_seq=294&lang_cd=ko,,2026-07-25,"VisitBusan / 부산광역시 (도메인 추정, 미확인)",unknown,unverified,unknown,unknown,unknown,,review_required,domain_inferred,VB 도메인 기반 분류. 기존 image_license=all_rights_reserved_visitbusan. 공식 이용약관 미확인 — 상업 사용 개별 허가 필요.
busan-VB-293,https://www.visitbusan.net/uploadImgs/files/cntnts/20191226104226159,www.visitbusan.net,editorial_tourism,https://www.visitbusan.net/kr/index.do?menuCd=DOM_000000201003001000&uc_seq=293&lang_cd=ko,,2026-07-25,"VisitBusan / 부산광역시 (도메인 추정, 미확인)",unknown,unverified,unknown,unknown,unknown,,review_required,domain_inferred,VB 도메인 기반 분류. 기존 image_license=all_rights_reserved_visitbusan. 공식 이용약관 미확인 — 상업 사용 개별 허가 필요.
busan-VB-292,https://www.visitbusan.net/uploadImgs/files/cntnts/20191226103342213,www.visitbusan.net,editorial_tourism,https://www.visitbusan.net/kr/index.do?menuCd=DOM_000000201003001000&uc_seq=292&lang_cd=ko,,2026-07-25,"VisitBusan / 부산광역시 (도메인 추정, 미확인)",unknown,unverified,unknown,unknown,unknown,,review_required,domain_inferred,VB 도메인 기반 분류. 기존 image_license=all_rights_reserved_visitbusan. 공식 이용약관 미확인 — 상업 사용 개별 허가 필요.
busan-VB-547,https://www.visitbusan.net/uploadImgs/files/cntnts/20200207111009687,www.visitbusan.net,editorial_tourism,https://www.visitbusan.net/kr/index.do?menuCd=DOM_000000201003001000&uc_seq=547&lang_cd=ko,,2026-07-25,"VisitBusan / 부산광역시 (도메인 추정, 미확인)",unknown,unverified,unknown,unknown,unknown,,review_required,domain_inferred,VB 도메인 기반 분류. 기존 image_license=all_rights_reserved_visitbusan. 공식 이용약관 미확인 — 상업 사용 개별 허가 필요.
busan-VB-555,https://www.visitbusan.net/uploadImgs/files/cntnts/20200214112440464,www.visitbusan.net,editorial_tourism,https://www.visitbusan.net/kr/index.do?menuCd=DOM_000000201003001000&uc_seq=555&lang_cd=ko,,2026-07-25,"VisitBusan / 부산광역시 (도메인 추정, 미확인)",unknown,unverified,unknown,unknown,unknown,,review_required,domain_inferred,VB 도메인 기반 분류. 기존 image_license=all_rights_reserved_visitbusan. 공식 이용약관 미확인 — 상업 사용 개별 허가 필요.
busan-VB-554,https://www.visitbusan.net/uploadImgs/files/cntnts/20200214105929005,www.visitbusan.net,editorial_tourism,https://www.visitbusan.net/kr/index.do?menuCd=DOM_000000201003001000&uc_seq=554&lang_cd=ko,,2026-07-25,"VisitBusan / 부산광역시 (도메인 추정, 미확인)",unknown,unverified,unknown,unknown,unknown,,review_required,domain_inferred,VB 도메인 기반 분류. 기존 image_license=all_rights_reserved_visitbusan. 공식 이용약관 미확인 — 상업 사용 개별 허가 필요.
busan-VB-2763,https://www.visitbusan.net/uploadImgs/files/cntnts/20260623162720635,www.visitbusan.net,editorial_tourism,https://www.visitbusan.net/kr/index.do?menuCd=DOM_000000202008001000&uc_seq=2763&lang_cd=ko,,2026-07-25,"VisitBusan / 부산광역시 (도메인 추정, 미확인)",unknown,unverified,unknown,unknown,unknown,,review_required,domain_inferred,VB 도메인 기반 분류. 기존 image_license=all_rights_reserved_visitbusan. 공식 이용약관 미확인 — 상업 사용 개별 허가 필요.
busan-VB-2755,https://www.visitbusan.net/uploadImgs/files/cntnts/20260612173153701,www.visitbusan.net,editorial_tourism,https://www.visitbusan.net/kr/index.do?menuCd=DOM_000000202008001000&uc_seq=2755&lang_cd=ko,,2026-07-25,"VisitBusan / 부산광역시 (도메인 추정, 미확인)",unknown,unverified,unknown,unknown,unknown,,review_required,domain_inferred,VB 도메인 기반 분류. 기존 image_license=all_rights_reserved_visitbusan. 공식 이용약관 미확인 — 상업 사용 개별 허가 필요.
busan-VB-2704,https://www.visitbusan.net/uploadImgs/files/cntnts/20260421164020088,www.visitbusan.net,editorial_tourism,https://www.visitbusan.net/kr/index.do?menuCd=DOM_000000202008001000&uc_seq=2704&lang_cd=ko,,2026-07-25,"VisitBusan / 부산광역시 (도메인 추정, 미확인)",unknown,unverified,unknown,unknown,unknown,,review_required,domain_inferred,VB 도메인 기반 분류. 기존 image_license=all_rights_reserved_visitbusan. 공식 이용약관 미확인 — 상업 사용 개별 허가 필요.
busan-VB-2703,https://www.visitbusan.net/uploadImgs/files/cntnts/20260420170933345,www.visitbusan.net,editorial_tourism,https://www.visitbusan.net/kr/index.do?menuCd=DOM_000000202008001000&uc_seq=2703&lang_cd=ko,,2026-07-25,"VisitBusan / 부산광역시 (도메인 추정, 미확인)",unknown,unverified,unknown,unknown,unknown,,review_required,domain_inferred,VB 도메인 기반 분류. 기존 image_license=all_rights_reserved_visitbusan. 공식 이용약관 미확인 — 상업 사용 개별 허가 필요.
busan-VB-2586,https://www.visitbusan.net/uploadImgs/files/cntnts/20251016125923325,www.visitbusan.net,editorial_tourism,https://www.visitbusan.net/kr/index.do?menuCd=DOM_000000202008001000&uc_seq=2586&lang_cd=ko,,2026-07-25,"VisitBusan / 부산광역시 (도메인 추정, 미확인)",unknown,unverified,unknown,unknown,unknown,,review_required,domain_inferred,VB 도메인 기반 분류. 기존 image_license=all_rights_reserved_visitbusan. 공식 이용약관 미확인 — 상업 사용 개별 허가 필요.
busan-VB-2557,https://www.visitbusan.net/uploadImgs/files/cntnts/20250918113704394,www.visitbusan.net,editorial_tourism,https://www.visitbusan.net/kr/index.do?menuCd=DOM_000000202008001000&uc_seq=2557&lang_cd=ko,,2026-07-25,"VisitBusan / 부산광역시 (도메인 추정, 미확인)",unknown,unverified,unknown,unknown,unknown,,review_required,domain_inferred,VB 도메인 기반 분류. 기존 image_license=all_rights_reserved_visitbusan. 공식 이용약관 미확인 — 상업 사용 개별 허가 필요.
busan-VB-2401,https://www.visitbusan.net/uploadImgs/files/cntnts/20250618140541037,www.visitbusan.net,editorial_tourism,https://www.visitbusan.net/kr/index.do?menuCd=DOM_000000202008001000&uc_seq=2401&lang_cd=ko,,2026-07-25,"VisitBusan / 부산광역시 (도메인 추정, 미확인)",unknown,unverified,unknown,unknown,unknown,,review_required,domain_inferred,VB 도메인 기반 분류. 기존 image_license=all_rights_reserved_visitbusan. 공식 이용약관 미확인 — 상업 사용 개별 허가 필요.
busan-VB-2397,https://www.visitbusan.net/uploadImgs/files/cntnts/20250613140232407,www.visitbusan.net,editorial_tourism,https://www.visitbusan.net/kr/index.do?menuCd=DOM_000000202008001000&uc_seq=2397&lang_cd=ko,,2026-07-25,"VisitBusan / 부산광역시 (도메인 추정, 미확인)",unknown,unverified,unknown,unknown,unknown,,review_required,domain_inferred,VB 도메인 기반 분류. 기존 image_license=all_rights_reserved_visitbusan. 공식 이용약관 미확인 — 상업 사용 개별 허가 필요.
busan-VB-2309,https://www.visitbusan.net/uploadImgs/files/cntnts/20250317111802531,www.visitbusan.net,editorial_tourism,https://www.visitbusan.net/kr/index.do?menuCd=DOM_000000202008001000&uc_seq=2309&lang_cd=ko,,2026-07-25,"VisitBusan / 부산광역시 (도메인 추정, 미확인)",unknown,unverified,unknown,unknown,unknown,,review_required,domain_inferred,VB 도메인 기반 분류. 기존 image_license=all_rights_reserved_visitbusan. 공식 이용약관 미확인 — 상업 사용 개별 허가 필요.
busan-VB-2308,https://www.visitbusan.net/uploadImgs/files/cntnts/20250310154007771,www.visitbusan.net,editorial_tourism,https://www.visitbusan.net/kr/index.do?menuCd=DOM_000000202008001000&uc_seq=2308&lang_cd=ko,,2026-07-25,"VisitBusan / 부산광역시 (도메인 추정, 미확인)",unknown,unverified,unknown,unknown,unknown,,review_required,domain_inferred,VB 도메인 기반 분류. 기존 image_license=all_rights_reserved_visitbusan. 공식 이용약관 미확인 — 상업 사용 개별 허가 필요.
busan-VB-2307,https://www.visitbusan.net/uploadImgs/files/cntnts/20250306144807516,www.visitbusan.net,editorial_tourism,https://www.visitbusan.net/kr/index.do?menuCd=DOM_000000202008001000&uc_seq=2307&lang_cd=ko,,2026-07-25,"VisitBusan / 부산광역시 (도메인 추정, 미확인)",unknown,unverified,unknown,unknown,unknown,,review_required,domain_inferred,VB 도메인 기반 분류. 기존 image_license=all_rights_reserved_visitbusan. 공식 이용약관 미확인 — 상업 사용 개별 허가 필요.
busan-VB-2306,https://www.visitbusan.net/uploadImgs/files/cntnts/20250306143925873,www.visitbusan.net,editorial_tourism,https://www.visitbusan.net/kr/index.do?menuCd=DOM_000000202008001000&uc_seq=2306&lang_cd=ko,,2026-07-25,"VisitBusan / 부산광역시 (도메인 추정, 미확인)",unknown,unverified,unknown,unknown,unknown,,review_required,domain_inferred,VB 도메인 기반 분류. 기존 image_license=all_rights_reserved_visitbusan. 공식 이용약관 미확인 — 상업 사용 개별 허가 필요.
busan-VB-2304,https://www.visitbusan.net/uploadImgs/files/cntnts/20250306141559591,www.visitbusan.net,editorial_tourism,https://www.visitbusan.net/kr/index.do?menuCd=DOM_000000202008001000&uc_seq=2304&lang_cd=ko,,2026-07-25,"VisitBusan / 부산광역시 (도메인 추정, 미확인)",unknown,unverified,unknown,unknown,unknown,,review_required,domain_inferred,VB 도메인 기반 분류. 기존 image_license=all_rights_reserved_visitbusan. 공식 이용약관 미확인 — 상업 사용 개별 허가 필요.
busan-VB-2302,https://www.visitbusan.net/uploadImgs/files/cntnts/20250306134128145,www.visitbusan.net,editorial_tourism,https://www.visitbusan.net/kr/index.do?menuCd=DOM_000000202008001000&uc_seq=2302&lang_cd=ko,,2026-07-25,"VisitBusan / 부산광역시 (도메인 추정, 미확인)",unknown,unverified,unknown,unknown,unknown,,review_required,domain_inferred,VB 도메인 기반 분류. 기존 image_license=all_rights_reserved_visitbusan. 공식 이용약관 미확인 — 상업 사용 개별 허가 필요.
busan-VB-2301,https://www.visitbusan.net/uploadImgs/files/cntnts/20250306133034109,www.visitbusan.net,editorial_tourism,https://www.visitbusan.net/kr/index.do?menuCd=DOM_000000202008001000&uc_seq=2301&lang_cd=ko,,2026-07-25,"VisitBusan / 부산광역시 (도메인 추정, 미확인)",unknown,unverified,unknown,unknown,unknown,,review_required,domain_inferred,VB 도메인 기반 분류. 기존 image_license=all_rights_reserved_visitbusan. 공식 이용약관 미확인 — 상업 사용 개별 허가 필요.
busan-VB-2300,https://www.visitbusan.net/uploadImgs/files/cntnts/20250306131206462,www.visitbusan.net,editorial_tourism,https://www.visitbusan.net/kr/index.do?menuCd=DOM_000000202008001000&uc_seq=2300&lang_cd=ko,,2026-07-25,"VisitBusan / 부산광역시 (도메인 추정, 미확인)",unknown,unverified,unknown,unknown,unknown,,review_required,domain_inferred,VB 도메인 기반 분류. 기존 image_license=all_rights_reserved_visitbusan. 공식 이용약관 미확인 — 상업 사용 개별 허가 필요.
busan-VB-2298,https://www.visitbusan.net/uploadImgs/files/cntnts/20250306114841117,www.visitbusan.net,editorial_tourism,https://www.visitbusan.net/kr/index.do?menuCd=DOM_000000202008001000&uc_seq=2298&lang_cd=ko,,2026-07-25,"VisitBusan / 부산광역시 (도메인 추정, 미확인)",unknown,unverified,unknown,unknown,unknown,,review_required,domain_inferred,VB 도메인 기반 분류. 기존 image_license=all_rights_reserved_visitbusan. 공식 이용약관 미확인 — 상업 사용 개별 허가 필요.
busan-VB-2297,https://www.visitbusan.net/uploadImgs/files/cntnts/20250306113644043,www.visitbusan.net,editorial_tourism,https://www.visitbusan.net/kr/index.do?menuCd=DOM_000000202008001000&uc_seq=2297&lang_cd=ko,,2026-07-25,"VisitBusan / 부산광역시 (도메인 추정, 미확인)",unknown,unverified,unknown,unknown,unknown,,review_required,domain_inferred,VB 도메인 기반 분류. 기존 image_license=all_rights_reserved_visitbusan. 공식 이용약관 미확인 — 상업 사용 개별 허가 필요.
busan-VB-2294,https://www.visitbusan.net/uploadImgs/files/cntnts/20250228102301359,www.visitbusan.net,editorial_tourism,https://www.visitbusan.net/kr/index.do?menuCd=DOM_000000202008001000&uc_seq=2294&lang_cd=ko,,2026-07-25,"VisitBusan / 부산광역시 (도메인 추정, 미확인)",unknown,unverified,unknown,unknown,unknown,,review_required,domain_inferred,VB 도메인 기반 분류. 기존 image_license=all_rights_reserved_visitbusan. 공식 이용약관 미확인 — 상업 사용 개별 허가 필요.
busan-VB-2293,https://www.visitbusan.net/uploadImgs/files/cntnts/20250228155206632,www.visitbusan.net,editorial_tourism,https://www.visitbusan.net/kr/index.do?menuCd=DOM_000000202008001000&uc_seq=2293&lang_cd=ko,,2026-07-25,"VisitBusan / 부산광역시 (도메인 추정, 미확인)",unknown,unverified,unknown,unknown,unknown,,review_required,domain_inferred,VB 도메인 기반 분류. 기존 image_license=all_rights_reserved_visitbusan. 공식 이용약관 미확인 — 상업 사용 개별 허가 필요.
busan-VB-2277,https://www.visitbusan.net/uploadImgs/files/cntnts/20250210174721955,www.visitbusan.net,editorial_tourism,https://www.visitbusan.net/kr/index.do?menuCd=DOM_000000202008001000&uc_seq=2277&lang_cd=ko,,2026-07-25,"VisitBusan / 부산광역시 (도메인 추정, 미확인)",unknown,unverified,unknown,unknown,unknown,,review_required,domain_inferred,VB 도메인 기반 분류. 기존 image_license=all_rights_reserved_visitbusan. 공식 이용약관 미확인 — 상업 사용 개별 허가 필요.
busan-VB-2273,https://www.visitbusan.net/uploadImgs/files/cntnts/20250207140135001,www.visitbusan.net,editorial_tourism,https://www.visitbusan.net/kr/index.do?menuCd=DOM_000000202008001000&uc_seq=2273&lang_cd=ko,,2026-07-25,"VisitBusan / 부산광역시 (도메인 추정, 미확인)",unknown,unverified,unknown,unknown,unknown,,review_required,domain_inferred,VB 도메인 기반 분류. 기존 image_license=all_rights_reserved_visitbusan. 공식 이용약관 미확인 — 상업 사용 개별 허가 필요.
busan-VB-2270,https://www.visitbusan.net/uploadImgs/files/cntnts/20250210184020306,www.visitbusan.net,editorial_tourism,https://www.visitbusan.net/kr/index.do?menuCd=DOM_000000202008001000&uc_seq=2270&lang_cd=ko,,2026-07-25,"VisitBusan / 부산광역시 (도메인 추정, 미확인)",unknown,unverified,unknown,unknown,unknown,,review_required,domain_inferred,VB 도메인 기반 분류. 기존 image_license=all_rights_reserved_visitbusan. 공식 이용약관 미확인 — 상업 사용 개별 허가 필요.
busan-VB-2259,https://www.visitbusan.net/uploadImgs/files/cntnts/20250120134438551,www.visitbusan.net,editorial_tourism,https://www.visitbusan.net/kr/index.do?menuCd=DOM_000000202008001000&uc_seq=2259&lang_cd=ko,,2026-07-25,"VisitBusan / 부산광역시 (도메인 추정, 미확인)",unknown,unverified,unknown,unknown,unknown,,review_required,domain_inferred,VB 도메인 기반 분류. 기존 image_license=all_rights_reserved_visitbusan. 공식 이용약관 미확인 — 상업 사용 개별 허가 필요.
busan-VB-2249,https://www.visitbusan.net/uploadImgs/files/cntnts/20250115175704114,www.visitbusan.net,editorial_tourism,https://www.visitbusan.net/kr/index.do?menuCd=DOM_000000202008001000&uc_seq=2249&lang_cd=ko,,2026-07-25,"VisitBusan / 부산광역시 (도메인 추정, 미확인)",unknown,unverified,unknown,unknown,unknown,,review_required,domain_inferred,VB 도메인 기반 분류. 기존 image_license=all_rights_reserved_visitbusan. 공식 이용약관 미확인 — 상업 사용 개별 허가 필요.
busan-VB-2244,https://www.visitbusan.net/uploadImgs/files/cntnts/20250114175925376,www.visitbusan.net,editorial_tourism,https://www.visitbusan.net/kr/index.do?menuCd=DOM_000000202008001000&uc_seq=2244&lang_cd=ko,,2026-07-25,"VisitBusan / 부산광역시 (도메인 추정, 미확인)",unknown,unverified,unknown,unknown,unknown,,review_required,domain_inferred,VB 도메인 기반 분류. 기존 image_license=all_rights_reserved_visitbusan. 공식 이용약관 미확인 — 상업 사용 개별 허가 필요.
busan-VB-2243,https://www.visitbusan.net/uploadImgs/files/cntnts/20250114175054655,www.visitbusan.net,editorial_tourism,https://www.visitbusan.net/kr/index.do?menuCd=DOM_000000202008001000&uc_seq=2243&lang_cd=ko,,2026-07-25,"VisitBusan / 부산광역시 (도메인 추정, 미확인)",unknown,unverified,unknown,unknown,unknown,,review_required,domain_inferred,VB 도메인 기반 분류. 기존 image_license=all_rights_reserved_visitbusan. 공식 이용약관 미확인 — 상업 사용 개별 허가 필요.
busan-VB-2209,https://www.visitbusan.net/uploadImgs/files/cntnts/20241206180824811,www.visitbusan.net,editorial_tourism,https://www.visitbusan.net/kr/index.do?menuCd=DOM_000000202008001000&uc_seq=2209&lang_cd=ko,,2026-07-25,"VisitBusan / 부산광역시 (도메인 추정, 미확인)",unknown,unverified,unknown,unknown,unknown,,review_required,domain_inferred,VB 도메인 기반 분류. 기존 image_license=all_rights_reserved_visitbusan. 공식 이용약관 미확인 — 상업 사용 개별 허가 필요.
busan-VB-2181,https://www.visitbusan.net/uploadImgs/files/cntnts/20241111175758396,www.visitbusan.net,editorial_tourism,https://www.visitbusan.net/kr/index.do?menuCd=DOM_000000202008001000&uc_seq=2181&lang_cd=ko,,2026-07-25,"VisitBusan / 부산광역시 (도메인 추정, 미확인)",unknown,unverified,unknown,unknown,unknown,,review_required,domain_inferred,VB 도메인 기반 분류. 기존 image_license=all_rights_reserved_visitbusan. 공식 이용약관 미확인 — 상업 사용 개별 허가 필요.
busan-VB-2159,https://www.visitbusan.net/uploadImgs/files/cntnts/20241104120013962,www.visitbusan.net,editorial_tourism,https://www.visitbusan.net/kr/index.do?menuCd=DOM_000000202008001000&uc_seq=2159&lang_cd=ko,,2026-07-25,"VisitBusan / 부산광역시 (도메인 추정, 미확인)",unknown,unverified,unknown,unknown,unknown,,review_required,domain_inferred,VB 도메인 기반 분류. 기존 image_license=all_rights_reserved_visitbusan. 공식 이용약관 미확인 — 상업 사용 개별 허가 필요.
busan-VB-2142,https://www.visitbusan.net/uploadImgs/files/cntnts/20241024140519757,www.visitbusan.net,editorial_tourism,https://www.visitbusan.net/kr/index.do?menuCd=DOM_000000202008001000&uc_seq=2142&lang_cd=ko,,2026-07-25,"VisitBusan / 부산광역시 (도메인 추정, 미확인)",unknown,unverified,unknown,unknown,unknown,,review_required,domain_inferred,VB 도메인 기반 분류. 기존 image_license=all_rights_reserved_visitbusan. 공식 이용약관 미확인 — 상업 사용 개별 허가 필요.
busan-VB-2135,https://www.visitbusan.net/uploadImgs/files/cntnts/20241016172928383,www.visitbusan.net,editorial_tourism,https://www.visitbusan.net/kr/index.do?menuCd=DOM_000000202008001000&uc_seq=2135&lang_cd=ko,,2026-07-25,"VisitBusan / 부산광역시 (도메인 추정, 미확인)",unknown,unverified,unknown,unknown,unknown,,review_required,domain_inferred,VB 도메인 기반 분류. 기존 image_license=all_rights_reserved_visitbusan. 공식 이용약관 미확인 — 상업 사용 개별 허가 필요.
busan-VB-2134,https://www.visitbusan.net/uploadImgs/files/cntnts/20241017115850389,www.visitbusan.net,editorial_tourism,https://www.visitbusan.net/kr/index.do?menuCd=DOM_000000202008001000&uc_seq=2134&lang_cd=ko,,2026-07-25,"VisitBusan / 부산광역시 (도메인 추정, 미확인)",unknown,unverified,unknown,unknown,unknown,,review_required,domain_inferred,VB 도메인 기반 분류. 기존 image_license=all_rights_reserved_visitbusan. 공식 이용약관 미확인 — 상업 사용 개별 허가 필요.
busan-VB-2132,https://www.visitbusan.net/uploadImgs/files/cntnts/20241017115729408,www.visitbusan.net,editorial_tourism,https://www.visitbusan.net/kr/index.do?menuCd=DOM_000000202008001000&uc_seq=2132&lang_cd=ko,,2026-07-25,"VisitBusan / 부산광역시 (도메인 추정, 미확인)",unknown,unverified,unknown,unknown,unknown,,review_required,domain_inferred,VB 도메인 기반 분류. 기존 image_license=all_rights_reserved_visitbusan. 공식 이용약관 미확인 — 상업 사용 개별 허가 필요.
busan-VB-2109,https://www.visitbusan.net/uploadImgs/files/cntnts/20240926133248318,www.visitbusan.net,editorial_tourism,https://www.visitbusan.net/kr/index.do?menuCd=DOM_000000202008001000&uc_seq=2109&lang_cd=ko,,2026-07-25,"VisitBusan / 부산광역시 (도메인 추정, 미확인)",unknown,unverified,unknown,unknown,unknown,,review_required,domain_inferred,VB 도메인 기반 분류. 기존 image_license=all_rights_reserved_visitbusan. 공식 이용약관 미확인 — 상업 사용 개별 허가 필요.
busan-VB-2103,https://www.visitbusan.net/uploadImgs/files/cntnts/20240923140840157,www.visitbusan.net,editorial_tourism,https://www.visitbusan.net/kr/index.do?menuCd=DOM_000000202008001000&uc_seq=2103&lang_cd=ko,,2026-07-25,"VisitBusan / 부산광역시 (도메인 추정, 미확인)",unknown,unverified,unknown,unknown,unknown,,review_required,domain_inferred,VB 도메인 기반 분류. 기존 image_license=all_rights_reserved_visitbusan. 공식 이용약관 미확인 — 상업 사용 개별 허가 필요.
busan-VB-2097,https://www.visitbusan.net/uploadImgs/files/cntnts/20240920113847678,www.visitbusan.net,editorial_tourism,https://www.visitbusan.net/kr/index.do?menuCd=DOM_000000202008001000&uc_seq=2097&lang_cd=ko,,2026-07-25,"VisitBusan / 부산광역시 (도메인 추정, 미확인)",unknown,unverified,unknown,unknown,unknown,,review_required,domain_inferred,VB 도메인 기반 분류. 기존 image_license=all_rights_reserved_visitbusan. 공식 이용약관 미확인 — 상업 사용 개별 허가 필요.
busan-VB-2091,https://www.visitbusan.net/uploadImgs/files/cntnts/20240912162609179,www.visitbusan.net,editorial_tourism,https://www.visitbusan.net/kr/index.do?menuCd=DOM_000000202008001000&uc_seq=2091&lang_cd=ko,,2026-07-25,"VisitBusan / 부산광역시 (도메인 추정, 미확인)",unknown,unverified,unknown,unknown,unknown,,review_required,domain_inferred,VB 도메인 기반 분류. 기존 image_license=all_rights_reserved_visitbusan. 공식 이용약관 미확인 — 상업 사용 개별 허가 필요.
busan-VB-2080,https://www.visitbusan.net/uploadImgs/files/cntnts/20240910181815427,www.visitbusan.net,editorial_tourism,https://www.visitbusan.net/kr/index.do?menuCd=DOM_000000202008001000&uc_seq=2080&lang_cd=ko,,2026-07-25,"VisitBusan / 부산광역시 (도메인 추정, 미확인)",unknown,unverified,unknown,unknown,unknown,,review_required,domain_inferred,VB 도메인 기반 분류. 기존 image_license=all_rights_reserved_visitbusan. 공식 이용약관 미확인 — 상업 사용 개별 허가 필요.
busan-VB-2066,https://www.visitbusan.net/uploadImgs/files/cntnts/20240822153539931,www.visitbusan.net,editorial_tourism,https://www.visitbusan.net/kr/index.do?menuCd=DOM_000000202008001000&uc_seq=2066&lang_cd=ko,,2026-07-25,"VisitBusan / 부산광역시 (도메인 추정, 미확인)",unknown,unverified,unknown,unknown,unknown,,review_required,domain_inferred,VB 도메인 기반 분류. 기존 image_license=all_rights_reserved_visitbusan. 공식 이용약관 미확인 — 상업 사용 개별 허가 필요.
busan-VB-1965,https://www.visitbusan.net/uploadImgs/files/cntnts/20240805144354930,www.visitbusan.net,editorial_tourism,https://www.visitbusan.net/kr/index.do?menuCd=DOM_000000202008001000&uc_seq=1965&lang_cd=ko,,2026-07-25,"VisitBusan / 부산광역시 (도메인 추정, 미확인)",unknown,unverified,unknown,unknown,unknown,,review_required,domain_inferred,VB 도메인 기반 분류. 기존 image_license=all_rights_reserved_visitbusan. 공식 이용약관 미확인 — 상업 사용 개별 허가 필요.
busan-VB-1963,https://www.visitbusan.net/uploadImgs/files/cntnts/20240805145854969,www.visitbusan.net,editorial_tourism,https://www.visitbusan.net/kr/index.do?menuCd=DOM_000000202008001000&uc_seq=1963&lang_cd=ko,,2026-07-25,"VisitBusan / 부산광역시 (도메인 추정, 미확인)",unknown,unverified,unknown,unknown,unknown,,review_required,domain_inferred,VB 도메인 기반 분류. 기존 image_license=all_rights_reserved_visitbusan. 공식 이용약관 미확인 — 상업 사용 개별 허가 필요.
busan-VB-1955,https://www.visitbusan.net/uploadImgs/files/cntnts/20240725103101802,www.visitbusan.net,editorial_tourism,https://www.visitbusan.net/kr/index.do?menuCd=DOM_000000202008001000&uc_seq=1955&lang_cd=ko,,2026-07-25,"VisitBusan / 부산광역시 (도메인 추정, 미확인)",unknown,unverified,unknown,unknown,unknown,,review_required,domain_inferred,VB 도메인 기반 분류. 기존 image_license=all_rights_reserved_visitbusan. 공식 이용약관 미확인 — 상업 사용 개별 허가 필요.
busan-VB-1908,https://www.visitbusan.net/uploadImgs/files/cntnts/20240712140651629,www.visitbusan.net,editorial_tourism,https://www.visitbusan.net/kr/index.do?menuCd=DOM_000000202008001000&uc_seq=1908&lang_cd=ko,,2026-07-25,"VisitBusan / 부산광역시 (도메인 추정, 미확인)",unknown,unverified,unknown,unknown,unknown,,review_required,domain_inferred,VB 도메인 기반 분류. 기존 image_license=all_rights_reserved_visitbusan. 공식 이용약관 미확인 — 상업 사용 개별 허가 필요.
busan-VB-1906,https://www.visitbusan.net/uploadImgs/files/cntnts/20240718113143752,www.visitbusan.net,editorial_tourism,https://www.visitbusan.net/kr/index.do?menuCd=DOM_000000202008001000&uc_seq=1906&lang_cd=ko,,2026-07-25,"VisitBusan / 부산광역시 (도메인 추정, 미확인)",unknown,unverified,unknown,unknown,unknown,,review_required,domain_inferred,VB 도메인 기반 분류. 기존 image_license=all_rights_reserved_visitbusan. 공식 이용약관 미확인 — 상업 사용 개별 허가 필요.
busan-VB-1869,https://www.visitbusan.net/uploadImgs/files/cntnts/20240523122821289,www.visitbusan.net,editorial_tourism,https://www.visitbusan.net/kr/index.do?menuCd=DOM_000000202008001000&uc_seq=1869&lang_cd=ko,,2026-07-25,"VisitBusan / 부산광역시 (도메인 추정, 미확인)",unknown,unverified,unknown,unknown,unknown,,review_required,domain_inferred,VB 도메인 기반 분류. 기존 image_license=all_rights_reserved_visitbusan. 공식 이용약관 미확인 — 상업 사용 개별 허가 필요.
busan-VB-1860,https://www.visitbusan.net/uploadImgs/files/cntnts/20240509112935155,www.visitbusan.net,editorial_tourism,https://www.visitbusan.net/kr/index.do?menuCd=DOM_000000202008001000&uc_seq=1860&lang_cd=ko,,2026-07-25,"VisitBusan / 부산광역시 (도메인 추정, 미확인)",unknown,unverified,unknown,unknown,unknown,,review_required,domain_inferred,VB 도메인 기반 분류. 기존 image_license=all_rights_reserved_visitbusan. 공식 이용약관 미확인 — 상업 사용 개별 허가 필요.
busan-VB-1855,https://www.visitbusan.net/uploadImgs/files/cntnts/20240426162016150,www.visitbusan.net,editorial_tourism,https://www.visitbusan.net/kr/index.do?menuCd=DOM_000000202008001000&uc_seq=1855&lang_cd=ko,,2026-07-25,"VisitBusan / 부산광역시 (도메인 추정, 미확인)",unknown,unverified,unknown,unknown,unknown,,review_required,domain_inferred,VB 도메인 기반 분류. 기존 image_license=all_rights_reserved_visitbusan. 공식 이용약관 미확인 — 상업 사용 개별 허가 필요.
busan-VB-1854,https://www.visitbusan.net/uploadImgs/files/cntnts/20240426152203003,www.visitbusan.net,editorial_tourism,https://www.visitbusan.net/kr/index.do?menuCd=DOM_000000202008001000&uc_seq=1854&lang_cd=ko,,2026-07-25,"VisitBusan / 부산광역시 (도메인 추정, 미확인)",unknown,unverified,unknown,unknown,unknown,,review_required,domain_inferred,VB 도메인 기반 분류. 기존 image_license=all_rights_reserved_visitbusan. 공식 이용약관 미확인 — 상업 사용 개별 허가 필요.
busan-VB-1853,https://www.visitbusan.net/uploadImgs/files/cntnts/20240426150248689,www.visitbusan.net,editorial_tourism,https://www.visitbusan.net/kr/index.do?menuCd=DOM_000000202008001000&uc_seq=1853&lang_cd=ko,,2026-07-25,"VisitBusan / 부산광역시 (도메인 추정, 미확인)",unknown,unverified,unknown,unknown,unknown,,review_required,domain_inferred,VB 도메인 기반 분류. 기존 image_license=all_rights_reserved_visitbusan. 공식 이용약관 미확인 — 상업 사용 개별 허가 필요.
busan-VB-1852,https://www.visitbusan.net/uploadImgs/files/cntnts/20240426143708267,www.visitbusan.net,editorial_tourism,https://www.visitbusan.net/kr/index.do?menuCd=DOM_000000202008001000&uc_seq=1852&lang_cd=ko,,2026-07-25,"VisitBusan / 부산광역시 (도메인 추정, 미확인)",unknown,unverified,unknown,unknown,unknown,,review_required,domain_inferred,VB 도메인 기반 분류. 기존 image_license=all_rights_reserved_visitbusan. 공식 이용약관 미확인 — 상업 사용 개별 허가 필요.
busan-VB-1799,https://www.visitbusan.net/uploadImgs/files/cntnts/20240401190118004,www.visitbusan.net,editorial_tourism,https://www.visitbusan.net/kr/index.do?menuCd=DOM_000000202008001000&uc_seq=1799&lang_cd=ko,,2026-07-25,"VisitBusan / 부산광역시 (도메인 추정, 미확인)",unknown,unverified,unknown,unknown,unknown,,review_required,domain_inferred,VB 도메인 기반 분류. 기존 image_license=all_rights_reserved_visitbusan. 공식 이용약관 미확인 — 상업 사용 개별 허가 필요.
busan-VB-1769,https://www.visitbusan.net/uploadImgs/files/cntnts/20240126145805570,www.visitbusan.net,editorial_tourism,https://www.visitbusan.net/kr/index.do?menuCd=DOM_000000202008001000&uc_seq=1769&lang_cd=ko,,2026-07-25,"VisitBusan / 부산광역시 (도메인 추정, 미확인)",unknown,unverified,unknown,unknown,unknown,,review_required,domain_inferred,VB 도메인 기반 분류. 기존 image_license=all_rights_reserved_visitbusan. 공식 이용약관 미확인 — 상업 사용 개별 허가 필요.
busan-VB-1754,https://www.visitbusan.net/uploadImgs/files/cntnts/20231122102746866,www.visitbusan.net,editorial_tourism,https://www.visitbusan.net/kr/index.do?menuCd=DOM_000000202008001000&uc_seq=1754&lang_cd=ko,,2026-07-25,"VisitBusan / 부산광역시 (도메인 추정, 미확인)",unknown,unverified,unknown,unknown,unknown,,review_required,domain_inferred,VB 도메인 기반 분류. 기존 image_license=all_rights_reserved_visitbusan. 공식 이용약관 미확인 — 상업 사용 개별 허가 필요.
busan-VB-1753,https://www.visitbusan.net/uploadImgs/files/cntnts/20231122100844072,www.visitbusan.net,editorial_tourism,https://www.visitbusan.net/kr/index.do?menuCd=DOM_000000202008001000&uc_seq=1753&lang_cd=ko,,2026-07-25,"VisitBusan / 부산광역시 (도메인 추정, 미확인)",unknown,unverified,unknown,unknown,unknown,,review_required,domain_inferred,VB 도메인 기반 분류. 기존 image_license=all_rights_reserved_visitbusan. 공식 이용약관 미확인 — 상업 사용 개별 허가 필요.
busan-VB-1748,https://www.visitbusan.net/uploadImgs/files/cntnts/20231109125150172,www.visitbusan.net,editorial_tourism,https://www.visitbusan.net/kr/index.do?menuCd=DOM_000000202008001000&uc_seq=1748&lang_cd=ko,,2026-07-25,"VisitBusan / 부산광역시 (도메인 추정, 미확인)",unknown,unverified,unknown,unknown,unknown,,review_required,domain_inferred,VB 도메인 기반 분류. 기존 image_license=all_rights_reserved_visitbusan. 공식 이용약관 미확인 — 상업 사용 개별 허가 필요.
busan-VB-1747,https://www.visitbusan.net/uploadImgs/files/cntnts/20231108170648764,www.visitbusan.net,editorial_tourism,https://www.visitbusan.net/kr/index.do?menuCd=DOM_000000202008001000&uc_seq=1747&lang_cd=ko,,2026-07-25,"VisitBusan / 부산광역시 (도메인 추정, 미확인)",unknown,unverified,unknown,unknown,unknown,,review_required,domain_inferred,VB 도메인 기반 분류. 기존 image_license=all_rights_reserved_visitbusan. 공식 이용약관 미확인 — 상업 사용 개별 허가 필요.
busan-VB-1743,https://www.visitbusan.net/uploadImgs/files/cntnts/20231103152837809,www.visitbusan.net,editorial_tourism,https://www.visitbusan.net/kr/index.do?menuCd=DOM_000000202008001000&uc_seq=1743&lang_cd=ko,,2026-07-25,"VisitBusan / 부산광역시 (도메인 추정, 미확인)",unknown,unverified,unknown,unknown,unknown,,review_required,domain_inferred,VB 도메인 기반 분류. 기존 image_license=all_rights_reserved_visitbusan. 공식 이용약관 미확인 — 상업 사용 개별 허가 필요.
busan-VB-1742,https://www.visitbusan.net/uploadImgs/files/cntnts/20231102150518289,www.visitbusan.net,editorial_tourism,https://www.visitbusan.net/kr/index.do?menuCd=DOM_000000202008001000&uc_seq=1742&lang_cd=ko,,2026-07-25,"VisitBusan / 부산광역시 (도메인 추정, 미확인)",unknown,unverified,unknown,unknown,unknown,,review_required,domain_inferred,VB 도메인 기반 분류. 기존 image_license=all_rights_reserved_visitbusan. 공식 이용약관 미확인 — 상업 사용 개별 허가 필요.
busan-VB-1739,https://www.visitbusan.net/uploadImgs/files/cntnts/20231102145311420,www.visitbusan.net,editorial_tourism,https://www.visitbusan.net/kr/index.do?menuCd=DOM_000000202008001000&uc_seq=1739&lang_cd=ko,,2026-07-25,"VisitBusan / 부산광역시 (도메인 추정, 미확인)",unknown,unverified,unknown,unknown,unknown,,review_required,domain_inferred,VB 도메인 기반 분류. 기존 image_license=all_rights_reserved_visitbusan. 공식 이용약관 미확인 — 상업 사용 개별 허가 필요.
busan-VB-1737,https://www.visitbusan.net/uploadImgs/files/cntnts/20231101135638906,www.visitbusan.net,editorial_tourism,https://www.visitbusan.net/kr/index.do?menuCd=DOM_000000202008001000&uc_seq=1737&lang_cd=ko,,2026-07-25,"VisitBusan / 부산광역시 (도메인 추정, 미확인)",unknown,unverified,unknown,unknown,unknown,,review_required,domain_inferred,VB 도메인 기반 분류. 기존 image_license=all_rights_reserved_visitbusan. 공식 이용약관 미확인 — 상업 사용 개별 허가 필요.
busan-VB-1733,https://www.visitbusan.net/uploadImgs/files/cntnts/20231102143906919,www.visitbusan.net,editorial_tourism,https://www.visitbusan.net/kr/index.do?menuCd=DOM_000000202008001000&uc_seq=1733&lang_cd=ko,,2026-07-25,"VisitBusan / 부산광역시 (도메인 추정, 미확인)",unknown,unverified,unknown,unknown,unknown,,review_required,domain_inferred,VB 도메인 기반 분류. 기존 image_license=all_rights_reserved_visitbusan. 공식 이용약관 미확인 — 상업 사용 개별 허가 필요.
busan-VB-1729,https://www.visitbusan.net/uploadImgs/files/cntnts/20240116112643283,www.visitbusan.net,editorial_tourism,https://www.visitbusan.net/kr/index.do?menuCd=DOM_000000202008001000&uc_seq=1729&lang_cd=ko,,2026-07-25,"VisitBusan / 부산광역시 (도메인 추정, 미확인)",unknown,unverified,unknown,unknown,unknown,,review_required,domain_inferred,VB 도메인 기반 분류. 기존 image_license=all_rights_reserved_visitbusan. 공식 이용약관 미확인 — 상업 사용 개별 허가 필요.
busan-VB-1721,https://www.visitbusan.net/uploadImgs/files/cntnts/20240115181405769,www.visitbusan.net,editorial_tourism,https://www.visitbusan.net/kr/index.do?menuCd=DOM_000000202008001000&uc_seq=1721&lang_cd=ko,,2026-07-25,"VisitBusan / 부산광역시 (도메인 추정, 미확인)",unknown,unverified,unknown,unknown,unknown,,review_required,domain_inferred,VB 도메인 기반 분류. 기존 image_license=all_rights_reserved_visitbusan. 공식 이용약관 미확인 — 상업 사용 개별 허가 필요.
busan-VB-1710,https://www.visitbusan.net/uploadImgs/files/cntnts/20230918105645593,www.visitbusan.net,editorial_tourism,https://www.visitbusan.net/kr/index.do?menuCd=DOM_000000202008001000&uc_seq=1710&lang_cd=ko,,2026-07-25,"VisitBusan / 부산광역시 (도메인 추정, 미확인)",unknown,unverified,unknown,unknown,unknown,,review_required,domain_inferred,VB 도메인 기반 분류. 기존 image_license=all_rights_reserved_visitbusan. 공식 이용약관 미확인 — 상업 사용 개별 허가 필요.
busan-VB-1695,https://www.visitbusan.net/uploadImgs/files/cntnts/20230818110625569,www.visitbusan.net,editorial_tourism,https://www.visitbusan.net/kr/index.do?menuCd=DOM_000000202008001000&uc_seq=1695&lang_cd=ko,,2026-07-25,"VisitBusan / 부산광역시 (도메인 추정, 미확인)",unknown,unverified,unknown,unknown,unknown,,review_required,domain_inferred,VB 도메인 기반 분류. 기존 image_license=all_rights_reserved_visitbusan. 공식 이용약관 미확인 — 상업 사용 개별 허가 필요.
busan-VB-1680,https://www.visitbusan.net/uploadImgs/files/cntnts/20230803111638709,www.visitbusan.net,editorial_tourism,https://www.visitbusan.net/kr/index.do?menuCd=DOM_000000202008001000&uc_seq=1680&lang_cd=ko,,2026-07-25,"VisitBusan / 부산광역시 (도메인 추정, 미확인)",unknown,unverified,unknown,unknown,unknown,,review_required,domain_inferred,VB 도메인 기반 분류. 기존 image_license=all_rights_reserved_visitbusan. 공식 이용약관 미확인 — 상업 사용 개별 허가 필요.
busan-VB-1624,https://www.visitbusan.net/uploadImgs/files/cntnts/20230613161356984,www.visitbusan.net,editorial_tourism,https://www.visitbusan.net/kr/index.do?menuCd=DOM_000000202008001000&uc_seq=1624&lang_cd=ko,,2026-07-25,"VisitBusan / 부산광역시 (도메인 추정, 미확인)",unknown,unverified,unknown,unknown,unknown,,review_required,domain_inferred,VB 도메인 기반 분류. 기존 image_license=all_rights_reserved_visitbusan. 공식 이용약관 미확인 — 상업 사용 개별 허가 필요.
busan-VB-1364,https://www.visitbusan.net/uploadImgs/files/cntnts/20230202161545695,www.visitbusan.net,editorial_tourism,https://www.visitbusan.net/kr/index.do?menuCd=DOM_000000202008001000&uc_seq=1364&lang_cd=ko,,2026-07-25,"VisitBusan / 부산광역시 (도메인 추정, 미확인)",unknown,unverified,unknown,unknown,unknown,,review_required,domain_inferred,VB 도메인 기반 분류. 기존 image_license=all_rights_reserved_visitbusan. 공식 이용약관 미확인 — 상업 사용 개별 허가 필요.
busan-VB-1316,https://www.visitbusan.net/uploadImgs/files/cntnts/20230919092725268,www.visitbusan.net,editorial_tourism,https://www.visitbusan.net/kr/index.do?menuCd=DOM_000000202008001000&uc_seq=1316&lang_cd=ko,,2026-07-25,"VisitBusan / 부산광역시 (도메인 추정, 미확인)",unknown,unverified,unknown,unknown,unknown,,review_required,domain_inferred,VB 도메인 기반 분류. 기존 image_license=all_rights_reserved_visitbusan. 공식 이용약관 미확인 — 상업 사용 개별 허가 필요.
busan-VB-1315,https://www.visitbusan.net/uploadImgs/files/cntnts/20220901105625348,www.visitbusan.net,editorial_tourism,https://www.visitbusan.net/kr/index.do?menuCd=DOM_000000202008001000&uc_seq=1315&lang_cd=ko,,2026-07-25,"VisitBusan / 부산광역시 (도메인 추정, 미확인)",unknown,unverified,unknown,unknown,unknown,,review_required,domain_inferred,VB 도메인 기반 분류. 기존 image_license=all_rights_reserved_visitbusan. 공식 이용약관 미확인 — 상업 사용 개별 허가 필요.
busan-VB-1157,https://www.visitbusan.net/uploadImgs/files/cntnts/20211029150212666,www.visitbusan.net,editorial_tourism,https://www.visitbusan.net/kr/index.do?menuCd=DOM_000000202008001000&uc_seq=1157&lang_cd=ko,,2026-07-25,"VisitBusan / 부산광역시 (도메인 추정, 미확인)",unknown,unverified,unknown,unknown,unknown,,review_required,domain_inferred,VB 도메인 기반 분류. 기존 image_license=all_rights_reserved_visitbusan. 공식 이용약관 미확인 — 상업 사용 개별 허가 필요.
busan-VB-1093,https://www.visitbusan.net/uploadImgs/files/cntnts/20210906193401204,www.visitbusan.net,editorial_tourism,https://www.visitbusan.net/kr/index.do?menuCd=DOM_000000202008001000&uc_seq=1093&lang_cd=ko,,2026-07-25,"VisitBusan / 부산광역시 (도메인 추정, 미확인)",unknown,unverified,unknown,unknown,unknown,,review_required,domain_inferred,VB 도메인 기반 분류. 기존 image_license=all_rights_reserved_visitbusan. 공식 이용약관 미확인 — 상업 사용 개별 허가 필요.
busan-VB-1066,https://www.visitbusan.net/uploadImgs/files/cntnts/20210415141932215,www.visitbusan.net,editorial_tourism,https://www.visitbusan.net/kr/index.do?menuCd=DOM_000000202008001000&uc_seq=1066&lang_cd=ko,,2026-07-25,"VisitBusan / 부산광역시 (도메인 추정, 미확인)",unknown,unverified,unknown,unknown,unknown,,review_required,domain_inferred,VB 도메인 기반 분류. 기존 image_license=all_rights_reserved_visitbusan. 공식 이용약관 미확인 — 상업 사용 개별 허가 필요.
busan-VB-1063,https://www.visitbusan.net/uploadImgs/files/cntnts/20210415094749661,www.visitbusan.net,editorial_tourism,https://www.visitbusan.net/kr/index.do?menuCd=DOM_000000202008001000&uc_seq=1063&lang_cd=ko,,2026-07-25,"VisitBusan / 부산광역시 (도메인 추정, 미확인)",unknown,unverified,unknown,unknown,unknown,,review_required,domain_inferred,VB 도메인 기반 분류. 기존 image_license=all_rights_reserved_visitbusan. 공식 이용약관 미확인 — 상업 사용 개별 허가 필요.
busan-VB-1057,https://www.visitbusan.net/uploadImgs/files/cntnts/20210224093512296,www.visitbusan.net,editorial_tourism,https://www.visitbusan.net/kr/index.do?menuCd=DOM_000000202008001000&uc_seq=1057&lang_cd=ko,,2026-07-25,"VisitBusan / 부산광역시 (도메인 추정, 미확인)",unknown,unverified,unknown,unknown,unknown,,review_required,domain_inferred,VB 도메인 기반 분류. 기존 image_license=all_rights_reserved_visitbusan. 공식 이용약관 미확인 — 상업 사용 개별 허가 필요.
busan-VB-1034,https://www.visitbusan.net/uploadImgs/files/cntnts/20210119092002319,www.visitbusan.net,editorial_tourism,https://www.visitbusan.net/kr/index.do?menuCd=DOM_000000202008001000&uc_seq=1034&lang_cd=ko,,2026-07-25,"VisitBusan / 부산광역시 (도메인 추정, 미확인)",unknown,unverified,unknown,unknown,unknown,,review_required,domain_inferred,VB 도메인 기반 분류. 기존 image_license=all_rights_reserved_visitbusan. 공식 이용약관 미확인 — 상업 사용 개별 허가 필요.
busan-VB-996,https://www.visitbusan.net/uploadImgs/files/cntnts/20200914115047550,www.visitbusan.net,editorial_tourism,https://www.visitbusan.net/kr/index.do?menuCd=DOM_000000202008001000&uc_seq=996&lang_cd=ko,,2026-07-25,"VisitBusan / 부산광역시 (도메인 추정, 미확인)",unknown,unverified,unknown,unknown,unknown,,review_required,domain_inferred,VB 도메인 기반 분류. 기존 image_license=all_rights_reserved_visitbusan. 공식 이용약관 미확인 — 상업 사용 개별 허가 필요.
busan-VB-986,https://www.visitbusan.net/uploadImgs/files/cntnts/20200831115036280,www.visitbusan.net,editorial_tourism,https://www.visitbusan.net/kr/index.do?menuCd=DOM_000000202008001000&uc_seq=986&lang_cd=ko,,2026-07-25,"VisitBusan / 부산광역시 (도메인 추정, 미확인)",unknown,unverified,unknown,unknown,unknown,,review_required,domain_inferred,VB 도메인 기반 분류. 기존 image_license=all_rights_reserved_visitbusan. 공식 이용약관 미확인 — 상업 사용 개별 허가 필요.
busan-VB-839,https://www.visitbusan.net/uploadImgs/files/cntnts/20240716142750561,www.visitbusan.net,editorial_tourism,https://www.visitbusan.net/kr/index.do?menuCd=DOM_000000202008001000&uc_seq=839&lang_cd=ko,,2026-07-25,"VisitBusan / 부산광역시 (도메인 추정, 미확인)",unknown,unverified,unknown,unknown,unknown,,review_required,domain_inferred,VB 도메인 기반 분류. 기존 image_license=all_rights_reserved_visitbusan. 공식 이용약관 미확인 — 상업 사용 개별 허가 필요.
busan-VB-44,https://www.visitbusan.net/uploadImgs/files/cntnts/20230602101327668,www.visitbusan.net,editorial_tourism,https://www.visitbusan.net/kr/index.do?menuCd=DOM_000000202008001000&uc_seq=44&lang_cd=ko,,2026-07-25,"VisitBusan / 부산광역시 (도메인 추정, 미확인)",unknown,unverified,unknown,unknown,unknown,,review_required,domain_inferred,VB 도메인 기반 분류. 기존 image_license=all_rights_reserved_visitbusan. 공식 이용약관 미확인 — 상업 사용 개별 허가 필요.
busan-VB-339,https://www.visitbusan.net/uploadImgs/files/cntnts/20191227171546642,www.visitbusan.net,editorial_tourism,https://www.visitbusan.net/kr/index.do?menuCd=DOM_000000202008001000&uc_seq=339&lang_cd=ko,,2026-07-25,"VisitBusan / 부산광역시 (도메인 추정, 미확인)",unknown,unverified,unknown,unknown,unknown,,review_required,domain_inferred,VB 도메인 기반 분류. 기존 image_license=all_rights_reserved_visitbusan. 공식 이용약관 미확인 — 상업 사용 개별 허가 필요.
busan-VB-43,https://www.visitbusan.net/uploadImgs/files/cntnts/20191225152141281,www.visitbusan.net,editorial_tourism,https://www.visitbusan.net/kr/index.do?menuCd=DOM_000000202008001000&uc_seq=43&lang_cd=ko,,2026-07-25,"VisitBusan / 부산광역시 (도메인 추정, 미확인)",unknown,unverified,unknown,unknown,unknown,,review_required,domain_inferred,VB 도메인 기반 분류. 기존 image_license=all_rights_reserved_visitbusan. 공식 이용약관 미확인 — 상업 사용 개별 허가 필요.
busan-VB-448,https://www.visitbusan.net/uploadImgs/files/cntnts/20191231183025713,www.visitbusan.net,editorial_tourism,https://www.visitbusan.net/kr/index.do?menuCd=DOM_000000202008001000&uc_seq=448&lang_cd=ko,,2026-07-25,"VisitBusan / 부산광역시 (도메인 추정, 미확인)",unknown,unverified,unknown,unknown,unknown,,review_required,domain_inferred,VB 도메인 기반 분류. 기존 image_license=all_rights_reserved_visitbusan. 공식 이용약관 미확인 — 상업 사용 개별 허가 필요.
busan-VB-446,https://www.visitbusan.net/uploadImgs/files/cntnts/20191231181815748,www.visitbusan.net,editorial_tourism,https://www.visitbusan.net/kr/index.do?menuCd=DOM_000000202008001000&uc_seq=446&lang_cd=ko,,2026-07-25,"VisitBusan / 부산광역시 (도메인 추정, 미확인)",unknown,unverified,unknown,unknown,unknown,,review_required,domain_inferred,VB 도메인 기반 분류. 기존 image_license=all_rights_reserved_visitbusan. 공식 이용약관 미확인 — 상업 사용 개별 허가 필요.
busan-VB-518,https://www.visitbusan.net/uploadImgs/files/cntnts/20200102221926917,www.visitbusan.net,editorial_tourism,https://www.visitbusan.net/kr/index.do?menuCd=DOM_000000202008001000&uc_seq=518&lang_cd=ko,,2026-07-25,"VisitBusan / 부산광역시 (도메인 추정, 미확인)",unknown,unverified,unknown,unknown,unknown,,review_required,domain_inferred,VB 도메인 기반 분류. 기존 image_license=all_rights_reserved_visitbusan. 공식 이용약관 미확인 — 상업 사용 개별 허가 필요.
busan-VB-336,https://www.visitbusan.net/uploadImgs/files/cntnts/20191227164117189,www.visitbusan.net,editorial_tourism,https://www.visitbusan.net/kr/index.do?menuCd=DOM_000000202008001000&uc_seq=336&lang_cd=ko,,2026-07-25,"VisitBusan / 부산광역시 (도메인 추정, 미확인)",unknown,unverified,unknown,unknown,unknown,,review_required,domain_inferred,VB 도메인 기반 분류. 기존 image_license=all_rights_reserved_visitbusan. 공식 이용약관 미확인 — 상업 사용 개별 허가 필요.
busan-VB-139,https://www.visitbusan.net/uploadImgs/files/cntnts/20191218132613831,www.visitbusan.net,editorial_tourism,https://www.visitbusan.net/kr/index.do?menuCd=DOM_000000202008001000&uc_seq=139&lang_cd=ko,,2026-07-25,"VisitBusan / 부산광역시 (도메인 추정, 미확인)",unknown,unverified,unknown,unknown,unknown,,review_required,domain_inferred,VB 도메인 기반 분류. 기존 image_license=all_rights_reserved_visitbusan. 공식 이용약관 미확인 — 상업 사용 개별 허가 필요.
busan-VB-429,https://www.visitbusan.net/uploadImgs/files/cntnts/20191231100658927,www.visitbusan.net,editorial_tourism,https://www.visitbusan.net/kr/index.do?menuCd=DOM_000000202008001000&uc_seq=429&lang_cd=ko,,2026-07-25,"VisitBusan / 부산광역시 (도메인 추정, 미확인)",unknown,unverified,unknown,unknown,unknown,,review_required,domain_inferred,VB 도메인 기반 분류. 기존 image_license=all_rights_reserved_visitbusan. 공식 이용약관 미확인 — 상업 사용 개별 허가 필요.
busan-VB-140,https://www.visitbusan.net/uploadImgs/files/cntnts/20191218141129672,www.visitbusan.net,editorial_tourism,https://www.visitbusan.net/kr/index.do?menuCd=DOM_000000202008001000&uc_seq=140&lang_cd=ko,,2026-07-25,"VisitBusan / 부산광역시 (도메인 추정, 미확인)",unknown,unverified,unknown,unknown,unknown,,review_required,domain_inferred,VB 도메인 기반 분류. 기존 image_license=all_rights_reserved_visitbusan. 공식 이용약관 미확인 — 상업 사용 개별 허가 필요.
busan-VB-482,https://www.visitbusan.net/uploadImgs/files/cntnts/20200101163824503,www.visitbusan.net,editorial_tourism,https://www.visitbusan.net/kr/index.do?menuCd=DOM_000000202008001000&uc_seq=482&lang_cd=ko,,2026-07-25,"VisitBusan / 부산광역시 (도메인 추정, 미확인)",unknown,unverified,unknown,unknown,unknown,,review_required,domain_inferred,VB 도메인 기반 분류. 기존 image_license=all_rights_reserved_visitbusan. 공식 이용약관 미확인 — 상업 사용 개별 허가 필요.
busan-VB-530,https://www.visitbusan.net/uploadImgs/files/cntnts/20200110155525744,www.visitbusan.net,editorial_tourism,https://www.visitbusan.net/kr/index.do?menuCd=DOM_000000202008001000&uc_seq=530&lang_cd=ko,,2026-07-25,"VisitBusan / 부산광역시 (도메인 추정, 미확인)",unknown,unverified,unknown,unknown,unknown,,review_required,domain_inferred,VB 도메인 기반 분류. 기존 image_license=all_rights_reserved_visitbusan. 공식 이용약관 미확인 — 상업 사용 개별 허가 필요.
busan-VB-436,https://www.visitbusan.net/uploadImgs/files/cntnts/20191231105906594,www.visitbusan.net,editorial_tourism,https://www.visitbusan.net/kr/index.do?menuCd=DOM_000000202008001000&uc_seq=436&lang_cd=ko,,2026-07-25,"VisitBusan / 부산광역시 (도메인 추정, 미확인)",unknown,unverified,unknown,unknown,unknown,,review_required,domain_inferred,VB 도메인 기반 분류. 기존 image_license=all_rights_reserved_visitbusan. 공식 이용약관 미확인 — 상업 사용 개별 허가 필요.